corpus,kendall_tau_b,left_encoder,metric_name,right_encoder,seed,spearman_rho,stratum_id
ag_news,0.8666666666666666,bge_small_en_v1_5,fbd,minilm_l6_v2,17,0.942857142857143,1a93abcfb15e5819215cc065bb8b4b6d14dbbbe6b56ba36fcfbab3830e56ee0c
ag_news,0.9999999999999999,bge_small_en_v1_5,fbd,mpnet_base_v2,17,1.0,1a93abcfb15e5819215cc065bb8b4b6d14dbbbe6b56ba36fcfbab3830e56ee0c
ag_news,0.8666666666666666,minilm_l6_v2,fbd,mpnet_base_v2,17,0.942857142857143,1a93abcfb15e5819215cc065bb8b4b6d14dbbbe6b56ba36fcfbab3830e56ee0c
ag_news,0.4666666666666666,bge_small_en_v1_5,mauve_reference,minilm_l6_v2,17,0.6,1a93abcfb15e5819215cc065bb8b4b6d14dbbbe6b56ba36fcfbab3830e56ee0c
ag_news,0.3333333333333333,bge_small_en_v1_5,mauve_reference,mpnet_base_v2,17,0.3714285714285715,1a93abcfb15e5819215cc065bb8b4b6d14dbbbe6b56ba36fcfbab3830e56ee0c
ag_news,0.8666666666666666,minilm_l6_v2,mauve_reference,mpnet_base_v2,17,0.942857142857143,1a93abcfb15e5819215cc065bb8b4b6d14dbbbe6b56ba36fcfbab3830e56ee0c
ag_news,0.8666666666666666,bge_small_en_v1_5,fbd,minilm_l6_v2,17,0.942857142857143,4fd543cfc271d4eb1c99354744e03d1caf13cdef2c34d3e6a4be94f2a4d8b97b
ag_news,0.8666666666666666,bge_small_en_v1_5,fbd,mpnet_base_v2,17,0.942857142857143,4fd543cfc271d4eb1c99354744e03d1caf13cdef2c34d3e6a4be94f2a4d8b97b
ag_news,0.9999999999999999,minilm_l6_v2,fbd,mpnet_base_v2,17,1.0,4fd543cfc271d4eb1c99354744e03d1caf13cdef2c34d3e6a4be94f2a4d8b97b
ag_news,0.6,bge_small_en_v1_5,mauve_reference,minilm_l6_v2,17,0.8285714285714287,4fd543cfc271d4eb1c99354744e03d1caf13cdef2c34d3e6a4be94f2a4d8b97b
ag_news,0.6,bge_small_en_v1_5,mauve_reference,mpnet_base_v2,17,0.8285714285714287,4fd543cfc271d4eb1c99354744e03d1caf13cdef2c34d3e6a4be94f2a4d8b97b
ag_news,0.9999999999999999,minilm_l6_v2,mauve_reference,mpnet_base_v2,17,1.0,4fd543cfc271d4eb1c99354744e03d1caf13cdef2c34d3e6a4be94f2a4d8b97b
ag_news,0.6,bge_small_en_v1_5,fbd,minilm_l6_v2,17,0.7714285714285715,702d7de6699fac5ce0472aeeaca81469795c7bbded6f4120e32e5cd2d98a9171
ag_news,0.7333333333333333,bge_small_en_v1_5,fbd,mpnet_base_v2,17,0.8857142857142858,702d7de6699fac5ce0472aeeaca81469795c7bbded6f4120e32e5cd2d98a9171
ag_news,0.8666666666666666,minilm_l6_v2,fbd,mpnet_base_v2,17,0.942857142857143,702d7de6699fac5ce0472aeeaca81469795c7bbded6f4120e32e5cd2d98a9171
ag_news,0.8666666666666666,bge_small_en_v1_5,mauve_reference,minilm_l6_v2,17,0.942857142857143,702d7de6699fac5ce0472aeeaca81469795c7bbded6f4120e32e5cd2d98a9171
ag_news,0.6900655593423543,bge_small_en_v1_5,mauve_reference,mpnet_base_v2,17,0.8406680016960503,702d7de6699fac5ce0472aeeaca81469795c7bbded6f4120e32e5cd2d98a9171
ag_news,0.5520524474738833,minilm_l6_v2,mauve_reference,mpnet_base_v2,17,0.753702346348183,702d7de6699fac5ce0472aeeaca81469795c7bbded6f4120e32e5cd2d98a9171
ag_news,0.9999999999999999,bge_small_en_v1_5,fbd,minilm_l6_v2,17,1.0,d04997a9723aea53b201ff8475aea3cc49fbd933c3464a3503c9263225099a4e
ag_news,0.9999999999999999,bge_small_en_v1_5,fbd,mpnet_base_v2,17,1.0,d04997a9723aea53b201ff8475aea3cc49fbd933c3464a3503c9263225099a4e
ag_news,0.9999999999999999,minilm_l6_v2,fbd,mpnet_base_v2,17,1.0,d04997a9723aea53b201ff8475aea3cc49fbd933c3464a3503c9263225099a4e
ag_news,0.7333333333333333,bge_small_en_v1_5,mauve_reference,minilm_l6_v2,17,0.8857142857142858,d04997a9723aea53b201ff8475aea3cc49fbd933c3464a3503c9263225099a4e
ag_news,0.7333333333333333,bge_small_en_v1_5,mauve_reference,mpnet_base_v2,17,0.8857142857142858,d04997a9723aea53b201ff8475aea3cc49fbd933c3464a3503c9263225099a4e
ag_news,0.9999999999999999,minilm_l6_v2,mauve_reference,mpnet_base_v2,17,1.0,d04997a9723aea53b201ff8475aea3cc49fbd933c3464a3503c9263225099a4e
ag_news,0.7333333333333333,bge_small_en_v1_5,fbd,minilm_l6_v2,17,0.8857142857142858,e0538e72ede9d38beb3f33902fe7541cfda5365fc320ef9c0f4c92318c8fe1cc
ag_news,0.7333333333333333,bge_small_en_v1_5,fbd,mpnet_base_v2,17,0.8857142857142858,e0538e72ede9d38beb3f33902fe7541cfda5365fc320ef9c0f4c92318c8fe1cc
ag_news,0.9999999999999999,minilm_l6_v2,fbd,mpnet_base_v2,17,1.0,e0538e72ede9d38beb3f33902fe7541cfda5365fc320ef9c0f4c92318c8fe1cc
ag_news,0.4666666666666666,bge_small_en_v1_5,mauve_reference,minilm_l6_v2,17,0.6,e0538e72ede9d38beb3f33902fe7541cfda5365fc320ef9c0f4c92318c8fe1cc
ag_news,0.8666666666666666,bge_small_en_v1_5,mauve_reference,mpnet_base_v2,17,0.942857142857143,e0538e72ede9d38beb3f33902fe7541cfda5365fc320ef9c0f4c92318c8fe1cc
ag_news,0.6,minilm_l6_v2,mauve_reference,mpnet_base_v2,17,0.7714285714285715,e0538e72ede9d38beb3f33902fe7541cfda5365fc320ef9c0f4c92318c8fe1cc
ag_news,0.3333333333333333,bge_small_en_v1_5,fbd,minilm_l6_v2,17,0.48571428571428577,f160d75cd4cb8ad8a3d670cab7e2bf971054a941d5c4148cfbd2399811f5daca
ag_news,0.6,bge_small_en_v1_5,fbd,mpnet_base_v2,17,0.7142857142857143,f160d75cd4cb8ad8a3d670cab7e2bf971054a941d5c4148cfbd2399811f5daca
ag_news,0.7333333333333333,minilm_l6_v2,fbd,mpnet_base_v2,17,0.8857142857142858,f160d75cd4cb8ad8a3d670cab7e2bf971054a941d5c4148cfbd2399811f5daca
ag_news,0.13801311186847084,bge_small_en_v1_5,mauve_reference,minilm_l6_v2,17,0.11595420713048968,f160d75cd4cb8ad8a3d670cab7e2bf971054a941d5c4148cfbd2399811f5daca
ag_news,0.41403933560541256,bge_small_en_v1_5,mauve_reference,mpnet_base_v2,17,0.43482827673933633,f160d75cd4cb8ad8a3d670cab7e2bf971054a941d5c4148cfbd2399811f5daca
ag_news,0.7333333333333333,minilm_l6_v2,mauve_reference,mpnet_base_v2,17,0.8857142857142858,f160d75cd4cb8ad8a3d670cab7e2bf971054a941d5c4148cfbd2399811f5daca
amazon_reviews,0.6,bge_small_en_v1_5,fbd,minilm_l6_v2,17,0.7714285714285715,1a93abcfb15e5819215cc065bb8b4b6d14dbbbe6b56ba36fcfbab3830e56ee0c
amazon_reviews,0.7333333333333333,bge_small_en_v1_5,fbd,mpnet_base_v2,17,0.8285714285714287,1a93abcfb15e5819215cc065bb8b4b6d14dbbbe6b56ba36fcfbab3830e56ee0c
amazon_reviews,0.8666666666666666,minilm_l6_v2,fbd,mpnet_base_v2,17,0.942857142857143,1a93abcfb15e5819215cc065bb8b4b6d14dbbbe6b56ba36fcfbab3830e56ee0c
amazon_reviews,0.8666666666666666,bge_small_en_v1_5,mauve_reference,minilm_l6_v2,17,0.942857142857143,1a93abcfb15e5819215cc065bb8b4b6d14dbbbe6b56ba36fcfbab3830e56ee0c
amazon_reviews,0.4666666666666666,bge_small_en_v1_5,mauve_reference,mpnet_base_v2,17,0.6571428571428573,1a93abcfb15e5819215cc065bb8b4b6d14dbbbe6b56ba36fcfbab3830e56ee0c
amazon_reviews,0.6,minilm_l6_v2,mauve_reference,mpnet_base_v2,17,0.7142857142857143,1a93abcfb15e5819215cc065bb8b4b6d14dbbbe6b56ba36fcfbab3830e56ee0c
amazon_reviews,0.9999999999999999,bge_small_en_v1_5,fbd,minilm_l6_v2,17,1.0,4fd543cfc271d4eb1c99354744e03d1caf13cdef2c34d3e6a4be94f2a4d8b97b
amazon_reviews,0.9999999999999999,bge_small_en_v1_5,fbd,mpnet_base_v2,17,1.0,4fd543cfc271d4eb1c99354744e03d1caf13cdef2c34d3e6a4be94f2a4d8b97b
amazon_reviews,0.9999999999999999,minilm_l6_v2,fbd,mpnet_base_v2,17,1.0,4fd543cfc271d4eb1c99354744e03d1caf13cdef2c34d3e6a4be94f2a4d8b97b
amazon_reviews,0.4666666666666666,bge_small_en_v1_5,mauve_reference,minilm_l6_v2,17,0.4285714285714286,4fd543cfc271d4eb1c99354744e03d1caf13cdef2c34d3e6a4be94f2a4d8b97b
amazon_reviews,0.4666666666666666,bge_small_en_v1_5,mauve_reference,mpnet_base_v2,17,0.6,4fd543cfc271d4eb1c99354744e03d1caf13cdef2c34d3e6a4be94f2a4d8b97b
amazon_reviews,0.7333333333333333,minilm_l6_v2,mauve_reference,mpnet_base_v2,17,0.8857142857142858,4fd543cfc271d4eb1c99354744e03d1caf13cdef2c34d3e6a4be94f2a4d8b97b
amazon_reviews,0.8666666666666666,bge_small_en_v1_5,fbd,minilm_l6_v2,17,0.942857142857143,702d7de6699fac5ce0472aeeaca81469795c7bbded6f4120e32e5cd2d98a9171
amazon_reviews,0.8666666666666666,bge_small_en_v1_5,fbd,mpnet_base_v2,17,0.942857142857143,702d7de6699fac5ce0472aeeaca81469795c7bbded6f4120e32e5cd2d98a9171
amazon_reviews,0.9999999999999999,minilm_l6_v2,fbd,mpnet_base_v2,17,1.0,702d7de6699fac5ce0472aeeaca81469795c7bbded6f4120e32e5cd2d98a9171
amazon_reviews,0.8486684247915056,bge_small_en_v1_5,mauve_reference,minilm_l6_v2,17,0.8932596002688613,702d7de6699fac5ce0472aeeaca81469795c7bbded6f4120e32e5cd2d98a9171
amazon_reviews,0.5,bge_small_en_v1_5,mauve_reference,mpnet_base_v2,17,0.6029411764705883,702d7de6699fac5ce0472aeeaca81469795c7bbded6f4120e32e5cd2d98a9171
amazon_reviews,0.46291004988627577,minilm_l6_v2,mauve_reference,mpnet_base_v2,17,0.5852390484520126,702d7de6699fac5ce0472aeeaca81469795c7bbded6f4120e32e5cd2d98a9171
amazon_reviews,0.8666666666666666,bge_small_en_v1_5,fbd,minilm_l6_v2,17,0.942857142857143,d04997a9723aea53b201ff8475aea3cc49fbd933c3464a3503c9263225099a4e
amazon_reviews,0.8666666666666666,bge_small_en_v1_5,fbd,mpnet_base_v2,17,0.942857142857143,d04997a9723aea53b201ff8475aea3cc49fbd933c3464a3503c9263225099a4e
amazon_reviews,0.9999999999999999,minilm_l6_v2,fbd,mpnet_base_v2,17,1.0,d04997a9723aea53b201ff8475aea3cc49fbd933c3464a3503c9263225099a4e
amazon_reviews,0.4666666666666666,bge_small_en_v1_5,mauve_reference,minilm_l6_v2,17,0.5428571428571429,d04997a9723aea53b201ff8475aea3cc49fbd933c3464a3503c9263225099a4e
amazon_reviews,0.6,bge_small_en_v1_5,mauve_reference,mpnet_base_v2,17,0.6571428571428573,d04997a9723aea53b201ff8475aea3cc49fbd933c3464a3503c9263225099a4e
amazon_reviews,0.8666666666666666,minilm_l6_v2,mauve_reference,mpnet_base_v2,17,0.942857142857143,d04997a9723aea53b201ff8475aea3cc49fbd933c3464a3503c9263225099a4e
amazon_reviews,0.7333333333333333,bge_small_en_v1_5,fbd,minilm_l6_v2,17,0.8857142857142858,e0538e72ede9d38beb3f33902fe7541cfda5365fc320ef9c0f4c92318c8fe1cc
amazon_reviews,0.8666666666666666,bge_small_en_v1_5,fbd,mpnet_base_v2,17,0.942857142857143,e0538e72ede9d38beb3f33902fe7541cfda5365fc320ef9c0f4c92318c8fe1cc
amazon_reviews,0.8666666666666666,minilm_l6_v2,fbd,mpnet_base_v2,17,0.942857142857143,e0538e72ede9d38beb3f33902fe7541cfda5365fc320ef9c0f4c92318c8fe1cc
amazon_reviews,0.6,bge_small_en_v1_5,mauve_reference,minilm_l6_v2,17,0.6571428571428573,e0538e72ede9d38beb3f33902fe7541cfda5365fc320ef9c0f4c92318c8fe1cc
amazon_reviews,0.6,bge_small_en_v1_5,mauve_reference,mpnet_base_v2,17,0.6571428571428573,e0538e72ede9d38beb3f33902fe7541cfda5365fc320ef9c0f4c92318c8fe1cc
amazon_reviews,0.9999999999999999,minilm_l6_v2,mauve_reference,mpnet_base_v2,17,1.0,e0538e72ede9d38beb3f33902fe7541cfda5365fc320ef9c0f4c92318c8fe1cc
amazon_reviews,0.8666666666666666,bge_small_en_v1_5,fbd,minilm_l6_v2,17,0.942857142857143,f160d75cd4cb8ad8a3d670cab7e2bf971054a941d5c4148cfbd2399811f5daca
amazon_reviews,0.8666666666666666,bge_small_en_v1_5,fbd,mpnet_base_v2,17,0.942857142857143,f160d75cd4cb8ad8a3d670cab7e2bf971054a941d5c4148cfbd2399811f5daca
amazon_reviews,0.9999999999999999,minilm_l6_v2,fbd,mpnet_base_v2,17,1.0,f160d75cd4cb8ad8a3d670cab7e2bf971054a941d5c4148cfbd2399811f5daca
amazon_reviews,0.6900655593423543,bge_small_en_v1_5,mauve_reference,minilm_l6_v2,17,0.8116794499134279,f160d75cd4cb8ad8a3d670cab7e2bf971054a941d5c4148cfbd2399811f5daca
amazon_reviews,0.9999999999999999,bge_small_en_v1_5,mauve_reference,mpnet_base_v2,17,1.0,f160d75cd4cb8ad8a3d670cab7e2bf971054a941d5c4148cfbd2399811f5daca
amazon_reviews,0.6900655593423541,minilm_l6_v2,mauve_reference,mpnet_base_v2,17,0.8116794499134278,f160d75cd4cb8ad8a3d670cab7e2bf971054a941d5c4148cfbd2399811f5daca
dbpedia,0.8666666666666666,bge_small_en_v1_5,fbd,minilm_l6_v2,17,0.942857142857143,1a93abcfb15e5819215cc065bb8b4b6d14dbbbe6b56ba36fcfbab3830e56ee0c
dbpedia,0.7333333333333333,bge_small_en_v1_5,fbd,mpnet_base_v2,17,0.8857142857142858,1a93abcfb15e5819215cc065bb8b4b6d14dbbbe6b56ba36fcfbab3830e56ee0c
dbpedia,0.8666666666666666,minilm_l6_v2,fbd,mpnet_base_v2,17,0.942857142857143,1a93abcfb15e5819215cc065bb8b4b6d14dbbbe6b56ba36fcfbab3830e56ee0c
dbpedia,0.4666666666666666,bge_small_en_v1_5,mauve_reference,minilm_l6_v2,17,0.6571428571428573,1a93abcfb15e5819215cc065bb8b4b6d14dbbbe6b56ba36fcfbab3830e56ee0c
dbpedia,0.4666666666666666,bge_small_en_v1_5,mauve_reference,mpnet_base_v2,17,0.6,1a93abcfb15e5819215cc065bb8b4b6d14dbbbe6b56ba36fcfbab3830e56ee0c
dbpedia,0.4666666666666666,minilm_l6_v2,mauve_reference,mpnet_base_v2,17,0.6,1a93abcfb15e5819215cc065bb8b4b6d14dbbbe6b56ba36fcfbab3830e56ee0c
dbpedia,0.9999999999999999,bge_small_en_v1_5,fbd,minilm_l6_v2,17,1.0,4fd543cfc271d4eb1c99354744e03d1caf13cdef2c34d3e6a4be94f2a4d8b97b
dbpedia,0.9999999999999999,bge_small_en_v1_5,fbd,mpnet_base_v2,17,1.0,4fd543cfc271d4eb1c99354744e03d1caf13cdef2c34d3e6a4be94f2a4d8b97b
dbpedia,0.9999999999999999,minilm_l6_v2,fbd,mpnet_base_v2,17,1.0,4fd543cfc271d4eb1c99354744e03d1caf13cdef2c34d3e6a4be94f2a4d8b97b
dbpedia,0.4666666666666666,bge_small_en_v1_5,mauve_reference,minilm_l6_v2,17,0.6,4fd543cfc271d4eb1c99354744e03d1caf13cdef2c34d3e6a4be94f2a4d8b97b
dbpedia,0.4666666666666666,bge_small_en_v1_5,mauve_reference,mpnet_base_v2,17,0.6,4fd543cfc271d4eb1c99354744e03d1caf13cdef2c34d3e6a4be94f2a4d8b97b
dbpedia,0.9999999999999999,minilm_l6_v2,mauve_reference,mpnet_base_v2,17,1.0,4fd543cfc271d4eb1c99354744e03d1caf13cdef2c34d3e6a4be94f2a4d8b97b
dbpedia,0.7333333333333333,bge_small_en_v1_5,fbd,minilm_l6_v2,17,0.8285714285714287,702d7de6699fac5ce0472aeeaca81469795c7bbded6f4120e32e5cd2d98a9171
dbpedia,0.8666666666666666,bge_small_en_v1_5,fbd,mpnet_base_v2,17,0.942857142857143,702d7de6699fac5ce0472aeeaca81469795c7bbded6f4120e32e5cd2d98a9171
dbpedia,0.6,minilm_l6_v2,fbd,mpnet_base_v2,17,0.7714285714285715,702d7de6699fac5ce0472aeeaca81469795c7bbded6f4120e32e5cd2d98a9171
dbpedia,-0.8006407690254358,bge_small_en_v1_5,mauve_reference,minilm_l6_v2,17,-0.8754275592730113,702d7de6699fac5ce0472aeeaca81469795c7bbded6f4120e32e5cd2d98a9171
dbpedia,-0.44474958999666075,bge_small_en_v1_5,mauve_reference,mpnet_base_v2,17,-0.5373732906238788,702d7de6699fac5ce0472aeeaca81469795c7bbded6f4120e32e5cd2d98a9171
dbpedia,0.23145502494313788,minilm_l6_v2,mauve_reference,mpnet_base_v2,17,0.27721849663516385,702d7de6699fac5ce0472aeeaca81469795c7bbded6f4120e32e5cd2d98a9171
dbpedia,0.8666666666666666,bge_small_en_v1_5,fbd,minilm_l6_v2,17,0.942857142857143,d04997a9723aea53b201ff8475aea3cc49fbd933c3464a3503c9263225099a4e
dbpedia,0.8666666666666666,bge_small_en_v1_5,fbd,mpnet_base_v2,17,0.942857142857143,d04997a9723aea53b201ff8475aea3cc49fbd933c3464a3503c9263225099a4e
dbpedia,0.7333333333333333,minilm_l6_v2,fbd,mpnet_base_v2,17,0.8285714285714287,d04997a9723aea53b201ff8475aea3cc49fbd933c3464a3503c9263225099a4e
dbpedia,0.6,bge_small_en_v1_5,mauve_reference,minilm_l6_v2,17,0.7714285714285715,d04997a9723aea53b201ff8475aea3cc49fbd933c3464a3503c9263225099a4e
dbpedia,0.7333333333333333,bge_small_en_v1_5,mauve_reference,mpnet_base_v2,17,0.8285714285714287,d04997a9723aea53b201ff8475aea3cc49fbd933c3464a3503c9263225099a4e
dbpedia,0.6,minilm_l6_v2,mauve_reference,mpnet_base_v2,17,0.7714285714285715,d04997a9723aea53b201ff8475aea3cc49fbd933c3464a3503c9263225099a4e
dbpedia,0.8666666666666666,bge_small_en_v1_5,fbd,minilm_l6_v2,17,0.942857142857143,e0538e72ede9d38beb3f33902fe7541cfda5365fc320ef9c0f4c92318c8fe1cc
dbpedia,0.7333333333333333,bge_small_en_v1_5,fbd,mpnet_base_v2,17,0.8857142857142858,e0538e72ede9d38beb3f33902fe7541cfda5365fc320ef9c0f4c92318c8fe1cc
dbpedia,0.8666666666666666,minilm_l6_v2,fbd,mpnet_base_v2,17,0.942857142857143,e0538e72ede9d38beb3f33902fe7541cfda5365fc320ef9c0f4c92318c8fe1cc
dbpedia,0.9660917830792959,bge_small_en_v1_5,mauve_reference,minilm_l6_v2,17,0.9856107606091624,e0538e72ede9d38beb3f33902fe7541cfda5365fc320ef9c0f4c92318c8fe1cc
dbpedia,0.6900655593423541,bge_small_en_v1_5,mauve_reference,mpnet_base_v2,17,0.8116794499134278,e0538e72ede9d38beb3f33902fe7541cfda5365fc320ef9c0f4c92318c8fe1cc
dbpedia,0.7333333333333333,minilm_l6_v2,mauve_reference,mpnet_base_v2,17,0.8285714285714287,e0538e72ede9d38beb3f33902fe7541cfda5365fc320ef9c0f4c92318c8fe1cc
dbpedia,0.8666666666666666,bge_small_en_v1_5,fbd,minilm_l6_v2,17,0.942857142857143,f160d75cd4cb8ad8a3d670cab7e2bf971054a941d5c4148cfbd2399811f5daca
dbpedia,0.7333333333333333,bge_small_en_v1_5,fbd,mpnet_base_v2,17,0.8285714285714287,f160d75cd4cb8ad8a3d670cab7e2bf971054a941d5c4148cfbd2399811f5daca
dbpedia,0.6,minilm_l6_v2,fbd,mpnet_base_v2,17,0.7714285714285715,f160d75cd4cb8ad8a3d670cab7e2bf971054a941d5c4148cfbd2399811f5daca
dbpedia,0.7142857142857143,bge_small_en_v1_5,mauve_reference,minilm_l6_v2,17,0.823529411764706,f160d75cd4cb8ad8a3d670cab7e2bf971054a941d5c4148cfbd2399811f5daca
dbpedia,0.6900655593423541,bge_small_en_v1_5,mauve_reference,mpnet_base_v2,17,0.8116794499134278,f160d75cd4cb8ad8a3d670cab7e2bf971054a941d5c4148cfbd2399811f5daca
dbpedia,0.9660917830792959,minilm_l6_v2,mauve_reference,mpnet_base_v2,17,0.9856107606091624,f160d75cd4cb8ad8a3d670cab7e2bf971054a941d5c4148cfbd2399811f5daca
imdb_reviews,0.8666666666666666,bge_small_en_v1_5,fbd,minilm_l6_v2,17,0.942857142857143,1a93abcfb15e5819215cc065bb8b4b6d14dbbbe6b56ba36fcfbab3830e56ee0c
imdb_reviews,0.8666666666666666,bge_small_en_v1_5,fbd,mpnet_base_v2,17,0.942857142857143,1a93abcfb15e5819215cc065bb8b4b6d14dbbbe6b56ba36fcfbab3830e56ee0c
imdb_reviews,0.9999999999999999,minilm_l6_v2,fbd,mpnet_base_v2,17,1.0,1a93abcfb15e5819215cc065bb8b4b6d14dbbbe6b56ba36fcfbab3830e56ee0c
imdb_reviews,0.3333333333333333,bge_small_en_v1_5,mauve_reference,minilm_l6_v2,17,0.48571428571428577,1a93abcfb15e5819215cc065bb8b4b6d14dbbbe6b56ba36fcfbab3830e56ee0c
imdb_reviews,0.4666666666666666,bge_small_en_v1_5,mauve_reference,mpnet_base_v2,17,0.6,1a93abcfb15e5819215cc065bb8b4b6d14dbbbe6b56ba36fcfbab3830e56ee0c
imdb_reviews,0.6,minilm_l6_v2,mauve_reference,mpnet_base_v2,17,0.7714285714285715,1a93abcfb15e5819215cc065bb8b4b6d14dbbbe6b56ba36fcfbab3830e56ee0c
imdb_reviews,0.3333333333333333,bge_small_en_v1_5,fbd,minilm_l6_v2,17,0.48571428571428577,4fd543cfc271d4eb1c99354744e03d1caf13cdef2c34d3e6a4be94f2a4d8b97b
imdb_reviews,0.3333333333333333,bge_small_en_v1_5,fbd,mpnet_base_v2,17,0.48571428571428577,4fd543cfc271d4eb1c99354744e03d1caf13cdef2c34d3e6a4be94f2a4d8b97b
imdb_reviews,0.9999999999999999,minilm_l6_v2,fbd,mpnet_base_v2,17,1.0,4fd543cfc271d4eb1c99354744e03d1caf13cdef2c34d3e6a4be94f2a4d8b97b
imdb_reviews,0.41403933560541256,bge_small_en_v1_5,mauve_reference,minilm_l6_v2,17,0.43482827673933633,4fd543cfc271d4eb1c99354744e03d1caf13cdef2c34d3e6a4be94f2a4d8b97b
imdb_reviews,0.2760262237369417,bge_small_en_v1_5,mauve_reference,mpnet_base_v2,17,0.34786262139146906,4fd543cfc271d4eb1c99354744e03d1caf13cdef2c34d3e6a4be94f2a4d8b97b
imdb_reviews,0.8666666666666666,minilm_l6_v2,mauve_reference,mpnet_base_v2,17,0.942857142857143,4fd543cfc271d4eb1c99354744e03d1caf13cdef2c34d3e6a4be94f2a4d8b97b
imdb_reviews,0.6,bge_small_en_v1_5,fbd,minilm_l6_v2,17,0.7714285714285715,702d7de6699fac5ce0472aeeaca81469795c7bbded6f4120e32e5cd2d98a9171
imdb_reviews,0.7333333333333333,bge_small_en_v1_5,fbd,mpnet_base_v2,17,0.8285714285714287,702d7de6699fac5ce0472aeeaca81469795c7bbded6f4120e32e5cd2d98a9171
imdb_reviews,0.8666666666666666,minilm_l6_v2,fbd,mpnet_base_v2,17,0.942857142857143,702d7de6699fac5ce0472aeeaca81469795c7bbded6f4120e32e5cd2d98a9171
imdb_reviews,0.3846153846153847,bge_small_en_v1_5,mauve_reference,minilm_l6_v2,17,0.43939393939393934,702d7de6699fac5ce0472aeeaca81469795c7bbded6f4120e32e5cd2d98a9171
imdb_reviews,0.4003203845127179,bge_small_en_v1_5,mauve_reference,mpnet_base_v2,17,0.46897904961054176,702d7de6699fac5ce0472aeeaca81469795c7bbded6f4120e32e5cd2d98a9171
imdb_reviews,0.8807048459279793,minilm_l6_v2,mauve_reference,mpnet_base_v2,17,0.9066928292470475,702d7de6699fac5ce0472aeeaca81469795c7bbded6f4120e32e5cd2d98a9171
imdb_reviews,0.3333333333333333,bge_small_en_v1_5,fbd,minilm_l6_v2,17,0.48571428571428577,d04997a9723aea53b201ff8475aea3cc49fbd933c3464a3503c9263225099a4e
imdb_reviews,0.3333333333333333,bge_small_en_v1_5,fbd,mpnet_base_v2,17,0.48571428571428577,d04997a9723aea53b201ff8475aea3cc49fbd933c3464a3503c9263225099a4e
imdb_reviews,0.9999999999999999,minilm_l6_v2,fbd,mpnet_base_v2,17,1.0,d04997a9723aea53b201ff8475aea3cc49fbd933c3464a3503c9263225099a4e
imdb_reviews,0.3333333333333333,bge_small_en_v1_5,mauve_reference,minilm_l6_v2,17,0.48571428571428577,d04997a9723aea53b201ff8475aea3cc49fbd933c3464a3503c9263225099a4e
imdb_reviews,0.3333333333333333,bge_small_en_v1_5,mauve_reference,mpnet_base_v2,17,0.3714285714285715,d04997a9723aea53b201ff8475aea3cc49fbd933c3464a3503c9263225099a4e
imdb_reviews,0.4666666666666666,minilm_l6_v2,mauve_reference,mpnet_base_v2,17,0.5428571428571429,d04997a9723aea53b201ff8475aea3cc49fbd933c3464a3503c9263225099a4e
imdb_reviews,0.2,bge_small_en_v1_5,fbd,minilm_l6_v2,17,0.3142857142857143,e0538e72ede9d38beb3f33902fe7541cfda5365fc320ef9c0f4c92318c8fe1cc
imdb_reviews,0.3333333333333333,bge_small_en_v1_5,fbd,mpnet_base_v2,17,0.3714285714285715,e0538e72ede9d38beb3f33902fe7541cfda5365fc320ef9c0f4c92318c8fe1cc
imdb_reviews,0.8666666666666666,minilm_l6_v2,fbd,mpnet_base_v2,17,0.942857142857143,e0538e72ede9d38beb3f33902fe7541cfda5365fc320ef9c0f4c92318c8fe1cc
imdb_reviews,-0.21483446221182986,bge_small_en_v1_5,mauve_reference,minilm_l6_v2,17,-0.17654696590094993,e0538e72ede9d38beb3f33902fe7541cfda5365fc320ef9c0f4c92318c8fe1cc
imdb_reviews,-0.21483446221182986,bge_small_en_v1_5,mauve_reference,mpnet_base_v2,17,-0.35309393180189985,e0538e72ede9d38beb3f33902fe7541cfda5365fc320ef9c0f4c92318c8fe1cc
imdb_reviews,0.7333333333333333,minilm_l6_v2,mauve_reference,mpnet_base_v2,17,0.8857142857142858,e0538e72ede9d38beb3f33902fe7541cfda5365fc320ef9c0f4c92318c8fe1cc
imdb_reviews,0.6,bge_small_en_v1_5,fbd,minilm_l6_v2,17,0.6571428571428573,f160d75cd4cb8ad8a3d670cab7e2bf971054a941d5c4148cfbd2399811f5daca
imdb_reviews,0.6,bge_small_en_v1_5,fbd,mpnet_base_v2,17,0.6571428571428573,f160d75cd4cb8ad8a3d670cab7e2bf971054a941d5c4148cfbd2399811f5daca
imdb_reviews,0.9999999999999999,minilm_l6_v2,fbd,mpnet_base_v2,17,1.0,f160d75cd4cb8ad8a3d670cab7e2bf971054a941d5c4148cfbd2399811f5daca
imdb_reviews,0.2760262237369417,bge_small_en_v1_5,mauve_reference,minilm_l6_v2,17,0.4058397249567139,f160d75cd4cb8ad8a3d670cab7e2bf971054a941d5c4148cfbd2399811f5daca
imdb_reviews,-0.13801311186847084,bge_small_en_v1_5,mauve_reference,mpnet_base_v2,17,-0.14494275891311212,f160d75cd4cb8ad8a3d670cab7e2bf971054a941d5c4148cfbd2399811f5daca
imdb_reviews,0.6,minilm_l6_v2,mauve_reference,mpnet_base_v2,17,0.6571428571428573,f160d75cd4cb8ad8a3d670cab7e2bf971054a941d5c4148cfbd2399811f5daca
yahoo_answers,0.9999999999999999,bge_small_en_v1_5,fbd,minilm_l6_v2,17,1.0,1a93abcfb15e5819215cc065bb8b4b6d14dbbbe6b56ba36fcfbab3830e56ee0c
yahoo_answers,0.9999999999999999,bge_small_en_v1_5,fbd,mpnet_base_v2,17,1.0,1a93abcfb15e5819215cc065bb8b4b6d14dbbbe6b56ba36fcfbab3830e56ee0c
yahoo_answers,0.9999999999999999,minilm_l6_v2,fbd,mpnet_base_v2,17,1.0,1a93abcfb15e5819215cc065bb8b4b6d14dbbbe6b56ba36fcfbab3830e56ee0c
yahoo_answers,0.4666666666666666,bge_small_en_v1_5,mauve_reference,minilm_l6_v2,17,0.7142857142857143,1a93abcfb15e5819215cc065bb8b4b6d14dbbbe6b56ba36fcfbab3830e56ee0c
yahoo_answers,0.7333333333333333,bge_small_en_v1_5,mauve_reference,mpnet_base_v2,17,0.8285714285714287,1a93abcfb15e5819215cc065bb8b4b6d14dbbbe6b56ba36fcfbab3830e56ee0c
yahoo_answers,0.7333333333333333,minilm_l6_v2,mauve_reference,mpnet_base_v2,17,0.8857142857142858,1a93abcfb15e5819215cc065bb8b4b6d14dbbbe6b56ba36fcfbab3830e56ee0c
yahoo_answers,0.8666666666666666,bge_small_en_v1_5,fbd,minilm_l6_v2,17,0.942857142857143,4fd543cfc271d4eb1c99354744e03d1caf13cdef2c34d3e6a4be94f2a4d8b97b
yahoo_answers,0.9999999999999999,bge_small_en_v1_5,fbd,mpnet_base_v2,17,1.0,4fd543cfc271d4eb1c99354744e03d1caf13cdef2c34d3e6a4be94f2a4d8b97b
yahoo_answers,0.8666666666666666,minilm_l6_v2,fbd,mpnet_base_v2,17,0.942857142857143,4fd543cfc271d4eb1c99354744e03d1caf13cdef2c34d3e6a4be94f2a4d8b97b
yahoo_answers,0.8666666666666666,bge_small_en_v1_5,mauve_reference,minilm_l6_v2,17,0.942857142857143,4fd543cfc271d4eb1c99354744e03d1caf13cdef2c34d3e6a4be94f2a4d8b97b
yahoo_answers,0.7333333333333333,bge_small_en_v1_5,mauve_reference,mpnet_base_v2,17,0.8857142857142858,4fd543cfc271d4eb1c99354744e03d1caf13cdef2c34d3e6a4be94f2a4d8b97b
yahoo_answers,0.8666666666666666,minilm_l6_v2,mauve_reference,mpnet_base_v2,17,0.942857142857143,4fd543cfc271d4eb1c99354744e03d1caf13cdef2c34d3e6a4be94f2a4d8b97b
yahoo_answers,0.4666666666666666,bge_small_en_v1_5,fbd,minilm_l6_v2,17,0.6,702d7de6699fac5ce0472aeeaca81469795c7bbded6f4120e32e5cd2d98a9171
yahoo_answers,0.4666666666666666,bge_small_en_v1_5,fbd,mpnet_base_v2,17,0.6,702d7de6699fac5ce0472aeeaca81469795c7bbded6f4120e32e5cd2d98a9171
yahoo_answers,0.7333333333333333,minilm_l6_v2,fbd,mpnet_base_v2,17,0.8285714285714287,702d7de6699fac5ce0472aeeaca81469795c7bbded6f4120e32e5cd2d98a9171
yahoo_answers,0.13801311186847084,bge_small_en_v1_5,mauve_reference,minilm_l6_v2,17,0.4058397249567139,702d7de6699fac5ce0472aeeaca81469795c7bbded6f4120e32e5cd2d98a9171
yahoo_answers,-0.07142857142857144,bge_small_en_v1_5,mauve_reference,mpnet_base_v2,17,-0.05882352941176471,702d7de6699fac5ce0472aeeaca81469795c7bbded6f4120e32e5cd2d98a9171
yahoo_answers,0.5520524474738833,minilm_l6_v2,mauve_reference,mpnet_base_v2,17,0.6667366910003157,702d7de6699fac5ce0472aeeaca81469795c7bbded6f4120e32e5cd2d98a9171
yahoo_answers,0.9999999999999999,bge_small_en_v1_5,fbd,minilm_l6_v2,17,1.0,d04997a9723aea53b201ff8475aea3cc49fbd933c3464a3503c9263225099a4e
yahoo_answers,0.8666666666666666,bge_small_en_v1_5,fbd,mpnet_base_v2,17,0.942857142857143,d04997a9723aea53b201ff8475aea3cc49fbd933c3464a3503c9263225099a4e
yahoo_answers,0.8666666666666666,minilm_l6_v2,fbd,mpnet_base_v2,17,0.942857142857143,d04997a9723aea53b201ff8475aea3cc49fbd933c3464a3503c9263225099a4e
yahoo_answers,0.8666666666666666,bge_small_en_v1_5,mauve_reference,minilm_l6_v2,17,0.942857142857143,d04997a9723aea53b201ff8475aea3cc49fbd933c3464a3503c9263225099a4e
yahoo_answers,0.7333333333333333,bge_small_en_v1_5,mauve_reference,mpnet_base_v2,17,0.8285714285714287,d04997a9723aea53b201ff8475aea3cc49fbd933c3464a3503c9263225099a4e
yahoo_answers,0.8666666666666666,minilm_l6_v2,mauve_reference,mpnet_base_v2,17,0.942857142857143,d04997a9723aea53b201ff8475aea3cc49fbd933c3464a3503c9263225099a4e
yahoo_answers,0.8666666666666666,bge_small_en_v1_5,fbd,minilm_l6_v2,17,0.942857142857143,e0538e72ede9d38beb3f33902fe7541cfda5365fc320ef9c0f4c92318c8fe1cc
yahoo_answers,0.7333333333333333,bge_small_en_v1_5,fbd,mpnet_base_v2,17,0.8857142857142858,e0538e72ede9d38beb3f33902fe7541cfda5365fc320ef9c0f4c92318c8fe1cc
yahoo_answers,0.8666666666666666,minilm_l6_v2,fbd,mpnet_base_v2,17,0.942857142857143,e0538e72ede9d38beb3f33902fe7541cfda5365fc320ef9c0f4c92318c8fe1cc
yahoo_answers,0.9660917830792959,bge_small_en_v1_5,mauve_reference,minilm_l6_v2,17,0.9856107606091623,e0538e72ede9d38beb3f33902fe7541cfda5365fc320ef9c0f4c92318c8fe1cc
yahoo_answers,0.7333333333333333,bge_small_en_v1_5,mauve_reference,mpnet_base_v2,17,0.8857142857142858,e0538e72ede9d38beb3f33902fe7541cfda5365fc320ef9c0f4c92318c8fe1cc
yahoo_answers,0.6900655593423541,minilm_l6_v2,mauve_reference,mpnet_base_v2,17,0.8406680016960504,e0538e72ede9d38beb3f33902fe7541cfda5365fc320ef9c0f4c92318c8fe1cc
yahoo_answers,0.9999999999999999,bge_small_en_v1_5,fbd,minilm_l6_v2,17,1.0,f160d75cd4cb8ad8a3d670cab7e2bf971054a941d5c4148cfbd2399811f5daca
yahoo_answers,0.8666666666666666,bge_small_en_v1_5,fbd,mpnet_base_v2,17,0.942857142857143,f160d75cd4cb8ad8a3d670cab7e2bf971054a941d5c4148cfbd2399811f5daca
yahoo_answers,0.8666666666666666,minilm_l6_v2,fbd,mpnet_base_v2,17,0.942857142857143,f160d75cd4cb8ad8a3d670cab7e2bf971054a941d5c4148cfbd2399811f5daca
yahoo_answers,0.5520524474738833,bge_small_en_v1_5,mauve_reference,minilm_l6_v2,17,0.6957252427829382,f160d75cd4cb8ad8a3d670cab7e2bf971054a941d5c4148cfbd2399811f5daca
yahoo_answers,0.4666666666666666,bge_small_en_v1_5,mauve_reference,mpnet_base_v2,17,0.6,f160d75cd4cb8ad8a3d670cab7e2bf971054a941d5c4148cfbd2399811f5daca
yahoo_answers,0.9660917830792959,minilm_l6_v2,mauve_reference,mpnet_base_v2,17,0.9856107606091624,f160d75cd4cb8ad8a3d670cab7e2bf971054a941d5c4148cfbd2399811f5daca
ag_news,0.9999999999999999,bge_small_en_v1_5,fbd,minilm_l6_v2,29,1.0,1a93abcfb15e5819215cc065bb8b4b6d14dbbbe6b56ba36fcfbab3830e56ee0c
ag_news,0.8666666666666666,bge_small_en_v1_5,fbd,mpnet_base_v2,29,0.942857142857143,1a93abcfb15e5819215cc065bb8b4b6d14dbbbe6b56ba36fcfbab3830e56ee0c
ag_news,0.8666666666666666,minilm_l6_v2,fbd,mpnet_base_v2,29,0.942857142857143,1a93abcfb15e5819215cc065bb8b4b6d14dbbbe6b56ba36fcfbab3830e56ee0c
ag_news,0.3333333333333333,bge_small_en_v1_5,mauve_reference,minilm_l6_v2,29,0.48571428571428577,1a93abcfb15e5819215cc065bb8b4b6d14dbbbe6b56ba36fcfbab3830e56ee0c
ag_news,0.3333333333333333,bge_small_en_v1_5,mauve_reference,mpnet_base_v2,29,0.3714285714285715,1a93abcfb15e5819215cc065bb8b4b6d14dbbbe6b56ba36fcfbab3830e56ee0c
ag_news,0.7333333333333333,minilm_l6_v2,mauve_reference,mpnet_base_v2,29,0.8857142857142858,1a93abcfb15e5819215cc065bb8b4b6d14dbbbe6b56ba36fcfbab3830e56ee0c
ag_news,0.8666666666666666,bge_small_en_v1_5,fbd,minilm_l6_v2,29,0.942857142857143,4fd543cfc271d4eb1c99354744e03d1caf13cdef2c34d3e6a4be94f2a4d8b97b
ag_news,0.8666666666666666,bge_small_en_v1_5,fbd,mpnet_base_v2,29,0.942857142857143,4fd543cfc271d4eb1c99354744e03d1caf13cdef2c34d3e6a4be94f2a4d8b97b
ag_news,0.9999999999999999,minilm_l6_v2,fbd,mpnet_base_v2,29,1.0,4fd543cfc271d4eb1c99354744e03d1caf13cdef2c34d3e6a4be94f2a4d8b97b
ag_news,0.7333333333333333,bge_small_en_v1_5,mauve_reference,minilm_l6_v2,29,0.8857142857142858,4fd543cfc271d4eb1c99354744e03d1caf13cdef2c34d3e6a4be94f2a4d8b97b
ag_news,0.4666666666666666,bge_small_en_v1_5,mauve_reference,mpnet_base_v2,29,0.7142857142857143,4fd543cfc271d4eb1c99354744e03d1caf13cdef2c34d3e6a4be94f2a4d8b97b
ag_news,0.7333333333333333,minilm_l6_v2,mauve_reference,mpnet_base_v2,29,0.8285714285714287,4fd543cfc271d4eb1c99354744e03d1caf13cdef2c34d3e6a4be94f2a4d8b97b
ag_news,0.9999999999999999,bge_small_en_v1_5,fbd,minilm_l6_v2,29,1.0,702d7de6699fac5ce0472aeeaca81469795c7bbded6f4120e32e5cd2d98a9171
ag_news,0.8666666666666666,bge_small_en_v1_5,fbd,mpnet_base_v2,29,0.942857142857143,702d7de6699fac5ce0472aeeaca81469795c7bbded6f4120e32e5cd2d98a9171
ag_news,0.8666666666666666,minilm_l6_v2,fbd,mpnet_base_v2,29,0.942857142857143,702d7de6699fac5ce0472aeeaca81469795c7bbded6f4120e32e5cd2d98a9171
ag_news,0.5520524474738834,bge_small_en_v1_5,mauve_reference,minilm_l6_v2,29,0.6957252427829381,702d7de6699fac5ce0472aeeaca81469795c7bbded6f4120e32e5cd2d98a9171
ag_news,0.5520524474738834,bge_small_en_v1_5,mauve_reference,mpnet_base_v2,29,0.6957252427829381,702d7de6699fac5ce0472aeeaca81469795c7bbded6f4120e32e5cd2d98a9171
ag_news,0.7333333333333333,minilm_l6_v2,mauve_reference,mpnet_base_v2,29,0.8857142857142858,702d7de6699fac5ce0472aeeaca81469795c7bbded6f4120e32e5cd2d98a9171
ag_news,0.7333333333333333,bge_small_en_v1_5,fbd,minilm_l6_v2,29,0.8285714285714287,d04997a9723aea53b201ff8475aea3cc49fbd933c3464a3503c9263225099a4e
ag_news,0.8666666666666666,bge_small_en_v1_5,fbd,mpnet_base_v2,29,0.942857142857143,d04997a9723aea53b201ff8475aea3cc49fbd933c3464a3503c9263225099a4e
ag_news,0.8666666666666666,minilm_l6_v2,fbd,mpnet_base_v2,29,0.942857142857143,d04997a9723aea53b201ff8475aea3cc49fbd933c3464a3503c9263225099a4e
ag_news,0.7333333333333333,bge_small_en_v1_5,mauve_reference,minilm_l6_v2,29,0.8285714285714287,d04997a9723aea53b201ff8475aea3cc49fbd933c3464a3503c9263225099a4e
ag_news,0.6,bge_small_en_v1_5,mauve_reference,mpnet_base_v2,29,0.7714285714285715,d04997a9723aea53b201ff8475aea3cc49fbd933c3464a3503c9263225099a4e
ag_news,0.8666666666666666,minilm_l6_v2,mauve_reference,mpnet_base_v2,29,0.942857142857143,d04997a9723aea53b201ff8475aea3cc49fbd933c3464a3503c9263225099a4e
ag_news,0.8666666666666666,bge_small_en_v1_5,fbd,minilm_l6_v2,29,0.942857142857143,e0538e72ede9d38beb3f33902fe7541cfda5365fc320ef9c0f4c92318c8fe1cc
ag_news,0.8666666666666666,bge_small_en_v1_5,fbd,mpnet_base_v2,29,0.942857142857143,e0538e72ede9d38beb3f33902fe7541cfda5365fc320ef9c0f4c92318c8fe1cc
ag_news,0.9999999999999999,minilm_l6_v2,fbd,mpnet_base_v2,29,1.0,e0538e72ede9d38beb3f33902fe7541cfda5365fc320ef9c0f4c92318c8fe1cc
ag_news,0.8666666666666666,bge_small_en_v1_5,mauve_reference,minilm_l6_v2,29,0.942857142857143,e0538e72ede9d38beb3f33902fe7541cfda5365fc320ef9c0f4c92318c8fe1cc
ag_news,0.7333333333333333,bge_small_en_v1_5,mauve_reference,mpnet_base_v2,29,0.8857142857142858,e0538e72ede9d38beb3f33902fe7541cfda5365fc320ef9c0f4c92318c8fe1cc
ag_news,0.8666666666666666,minilm_l6_v2,mauve_reference,mpnet_base_v2,29,0.942857142857143,e0538e72ede9d38beb3f33902fe7541cfda5365fc320ef9c0f4c92318c8fe1cc
ag_news,0.4666666666666666,bge_small_en_v1_5,fbd,minilm_l6_v2,29,0.7142857142857143,f160d75cd4cb8ad8a3d670cab7e2bf971054a941d5c4148cfbd2399811f5daca
ag_news,0.4666666666666666,bge_small_en_v1_5,fbd,mpnet_base_v2,29,0.7142857142857143,f160d75cd4cb8ad8a3d670cab7e2bf971054a941d5c4148cfbd2399811f5daca
ag_news,0.9999999999999999,minilm_l6_v2,fbd,mpnet_base_v2,29,1.0,f160d75cd4cb8ad8a3d670cab7e2bf971054a941d5c4148cfbd2399811f5daca
ag_news,0.8666666666666666,bge_small_en_v1_5,mauve_reference,minilm_l6_v2,29,0.942857142857143,f160d75cd4cb8ad8a3d670cab7e2bf971054a941d5c4148cfbd2399811f5daca
ag_news,0.8280786712108251,bge_small_en_v1_5,mauve_reference,mpnet_base_v2,29,0.8986451052612952,f160d75cd4cb8ad8a3d670cab7e2bf971054a941d5c4148cfbd2399811f5daca
ag_news,0.9660917830792959,minilm_l6_v2,mauve_reference,mpnet_base_v2,29,0.9856107606091623,f160d75cd4cb8ad8a3d670cab7e2bf971054a941d5c4148cfbd2399811f5daca
amazon_reviews,0.6,bge_small_en_v1_5,fbd,minilm_l6_v2,29,0.7142857142857143,1a93abcfb15e5819215cc065bb8b4b6d14dbbbe6b56ba36fcfbab3830e56ee0c
amazon_reviews,0.4666666666666666,bge_small_en_v1_5,fbd,mpnet_base_v2,29,0.6,1a93abcfb15e5819215cc065bb8b4b6d14dbbbe6b56ba36fcfbab3830e56ee0c
amazon_reviews,0.6,minilm_l6_v2,fbd,mpnet_base_v2,29,0.7714285714285715,1a93abcfb15e5819215cc065bb8b4b6d14dbbbe6b56ba36fcfbab3830e56ee0c
amazon_reviews,0.6,bge_small_en_v1_5,mauve_reference,minilm_l6_v2,29,0.7714285714285715,1a93abcfb15e5819215cc065bb8b4b6d14dbbbe6b56ba36fcfbab3830e56ee0c
amazon_reviews,0.7333333333333333,bge_small_en_v1_5,mauve_reference,mpnet_base_v2,29,0.8285714285714287,1a93abcfb15e5819215cc065bb8b4b6d14dbbbe6b56ba36fcfbab3830e56ee0c
amazon_reviews,0.3333333333333333,minilm_l6_v2,mauve_reference,mpnet_base_v2,29,0.6,1a93abcfb15e5819215cc065bb8b4b6d14dbbbe6b56ba36fcfbab3830e56ee0c
amazon_reviews,0.7333333333333333,bge_small_en_v1_5,fbd,minilm_l6_v2,29,0.8285714285714287,4fd543cfc271d4eb1c99354744e03d1caf13cdef2c34d3e6a4be94f2a4d8b97b
amazon_reviews,0.7333333333333333,bge_small_en_v1_5,fbd,mpnet_base_v2,29,0.8285714285714287,4fd543cfc271d4eb1c99354744e03d1caf13cdef2c34d3e6a4be94f2a4d8b97b
amazon_reviews,0.9999999999999999,minilm_l6_v2,fbd,mpnet_base_v2,29,1.0,4fd543cfc271d4eb1c99354744e03d1caf13cdef2c34d3e6a4be94f2a4d8b97b
amazon_reviews,0.7333333333333333,bge_small_en_v1_5,mauve_reference,minilm_l6_v2,29,0.8857142857142858,4fd543cfc271d4eb1c99354744e03d1caf13cdef2c34d3e6a4be94f2a4d8b97b
amazon_reviews,0.7333333333333333,bge_small_en_v1_5,mauve_reference,mpnet_base_v2,29,0.8285714285714287,4fd543cfc271d4eb1c99354744e03d1caf13cdef2c34d3e6a4be94f2a4d8b97b
amazon_reviews,0.7333333333333333,minilm_l6_v2,mauve_reference,mpnet_base_v2,29,0.8857142857142858,4fd543cfc271d4eb1c99354744e03d1caf13cdef2c34d3e6a4be94f2a4d8b97b
amazon_reviews,0.8666666666666666,bge_small_en_v1_5,fbd,minilm_l6_v2,29,0.942857142857143,702d7de6699fac5ce0472aeeaca81469795c7bbded6f4120e32e5cd2d98a9171
amazon_reviews,0.8666666666666666,bge_small_en_v1_5,fbd,mpnet_base_v2,29,0.942857142857143,702d7de6699fac5ce0472aeeaca81469795c7bbded6f4120e32e5cd2d98a9171
amazon_reviews,0.9999999999999999,minilm_l6_v2,fbd,mpnet_base_v2,29,1.0,702d7de6699fac5ce0472aeeaca81469795c7bbded6f4120e32e5cd2d98a9171
amazon_reviews,0.35714285714285715,bge_small_en_v1_5,mauve_reference,minilm_l6_v2,29,0.45588235294117646,702d7de6699fac5ce0472aeeaca81469795c7bbded6f4120e32e5cd2d98a9171
amazon_reviews,0.0,bge_small_en_v1_5,mauve_reference,mpnet_base_v2,29,0.05797710356524484,702d7de6699fac5ce0472aeeaca81469795c7bbded6f4120e32e5cd2d98a9171
amazon_reviews,0.5520524474738834,minilm_l6_v2,mauve_reference,mpnet_base_v2,29,0.6377481392176932,702d7de6699fac5ce0472aeeaca81469795c7bbded6f4120e32e5cd2d98a9171
amazon_reviews,0.9999999999999999,bge_small_en_v1_5,fbd,minilm_l6_v2,29,1.0,d04997a9723aea53b201ff8475aea3cc49fbd933c3464a3503c9263225099a4e
amazon_reviews,0.9999999999999999,bge_small_en_v1_5,fbd,mpnet_base_v2,29,1.0,d04997a9723aea53b201ff8475aea3cc49fbd933c3464a3503c9263225099a4e
amazon_reviews,0.9999999999999999,minilm_l6_v2,fbd,mpnet_base_v2,29,1.0,d04997a9723aea53b201ff8475aea3cc49fbd933c3464a3503c9263225099a4e
amazon_reviews,0.6,bge_small_en_v1_5,mauve_reference,minilm_l6_v2,29,0.7714285714285715,d04997a9723aea53b201ff8475aea3cc49fbd933c3464a3503c9263225099a4e
amazon_reviews,0.4666666666666666,bge_small_en_v1_5,mauve_reference,mpnet_base_v2,29,0.6571428571428573,d04997a9723aea53b201ff8475aea3cc49fbd933c3464a3503c9263225099a4e
amazon_reviews,0.8666666666666666,minilm_l6_v2,mauve_reference,mpnet_base_v2,29,0.942857142857143,d04997a9723aea53b201ff8475aea3cc49fbd933c3464a3503c9263225099a4e
amazon_reviews,0.7333333333333333,bge_small_en_v1_5,fbd,minilm_l6_v2,29,0.8857142857142858,e0538e72ede9d38beb3f33902fe7541cfda5365fc320ef9c0f4c92318c8fe1cc
amazon_reviews,0.8666666666666666,bge_small_en_v1_5,fbd,mpnet_base_v2,29,0.942857142857143,e0538e72ede9d38beb3f33902fe7541cfda5365fc320ef9c0f4c92318c8fe1cc
amazon_reviews,0.8666666666666666,minilm_l6_v2,fbd,mpnet_base_v2,29,0.942857142857143,e0538e72ede9d38beb3f33902fe7541cfda5365fc320ef9c0f4c92318c8fe1cc
amazon_reviews,0.4666666666666666,bge_small_en_v1_5,mauve_reference,minilm_l6_v2,29,0.5428571428571429,e0538e72ede9d38beb3f33902fe7541cfda5365fc320ef9c0f4c92318c8fe1cc
amazon_reviews,0.8666666666666666,bge_small_en_v1_5,mauve_reference,mpnet_base_v2,29,0.942857142857143,e0538e72ede9d38beb3f33902fe7541cfda5365fc320ef9c0f4c92318c8fe1cc
amazon_reviews,0.3333333333333333,minilm_l6_v2,mauve_reference,mpnet_base_v2,29,0.48571428571428577,e0538e72ede9d38beb3f33902fe7541cfda5365fc320ef9c0f4c92318c8fe1cc
amazon_reviews,0.7333333333333333,bge_small_en_v1_5,fbd,minilm_l6_v2,29,0.8857142857142858,f160d75cd4cb8ad8a3d670cab7e2bf971054a941d5c4148cfbd2399811f5daca
amazon_reviews,0.7333333333333333,bge_small_en_v1_5,fbd,mpnet_base_v2,29,0.8857142857142858,f160d75cd4cb8ad8a3d670cab7e2bf971054a941d5c4148cfbd2399811f5daca
amazon_reviews,0.9999999999999999,minilm_l6_v2,fbd,mpnet_base_v2,29,1.0,f160d75cd4cb8ad8a3d670cab7e2bf971054a941d5c4148cfbd2399811f5daca
amazon_reviews,0.6900655593423541,bge_small_en_v1_5,mauve_reference,minilm_l6_v2,29,0.8406680016960504,f160d75cd4cb8ad8a3d670cab7e2bf971054a941d5c4148cfbd2399811f5daca
amazon_reviews,0.41403933560541256,bge_small_en_v1_5,mauve_reference,mpnet_base_v2,29,0.4928053803045812,f160d75cd4cb8ad8a3d670cab7e2bf971054a941d5c4148cfbd2399811f5daca
amazon_reviews,0.4666666666666666,minilm_l6_v2,mauve_reference,mpnet_base_v2,29,0.6,f160d75cd4cb8ad8a3d670cab7e2bf971054a941d5c4148cfbd2399811f5daca
dbpedia,0.4666666666666666,bge_small_en_v1_5,fbd,minilm_l6_v2,29,0.7142857142857143,1a93abcfb15e5819215cc065bb8b4b6d14dbbbe6b56ba36fcfbab3830e56ee0c
dbpedia,0.7333333333333333,bge_small_en_v1_5,fbd,mpnet_base_v2,29,0.8285714285714287,1a93abcfb15e5819215cc065bb8b4b6d14dbbbe6b56ba36fcfbab3830e56ee0c
dbpedia,0.7333333333333333,minilm_l6_v2,fbd,mpnet_base_v2,29,0.8857142857142858,1a93abcfb15e5819215cc065bb8b4b6d14dbbbe6b56ba36fcfbab3830e56ee0c
dbpedia,0.6,bge_small_en_v1_5,mauve_reference,minilm_l6_v2,29,0.7142857142857143,1a93abcfb15e5819215cc065bb8b4b6d14dbbbe6b56ba36fcfbab3830e56ee0c
dbpedia,0.6,bge_small_en_v1_5,mauve_reference,mpnet_base_v2,29,0.6571428571428573,1a93abcfb15e5819215cc065bb8b4b6d14dbbbe6b56ba36fcfbab3830e56ee0c
dbpedia,0.4666666666666666,minilm_l6_v2,mauve_reference,mpnet_base_v2,29,0.6,1a93abcfb15e5819215cc065bb8b4b6d14dbbbe6b56ba36fcfbab3830e56ee0c
dbpedia,0.7333333333333333,bge_small_en_v1_5,fbd,minilm_l6_v2,29,0.8285714285714287,4fd543cfc271d4eb1c99354744e03d1caf13cdef2c34d3e6a4be94f2a4d8b97b
dbpedia,0.9999999999999999,bge_small_en_v1_5,fbd,mpnet_base_v2,29,1.0,4fd543cfc271d4eb1c99354744e03d1caf13cdef2c34d3e6a4be94f2a4d8b97b
dbpedia,0.7333333333333333,minilm_l6_v2,fbd,mpnet_base_v2,29,0.8285714285714287,4fd543cfc271d4eb1c99354744e03d1caf13cdef2c34d3e6a4be94f2a4d8b97b
dbpedia,0.6,bge_small_en_v1_5,mauve_reference,minilm_l6_v2,29,0.7142857142857143,4fd543cfc271d4eb1c99354744e03d1caf13cdef2c34d3e6a4be94f2a4d8b97b
dbpedia,0.4666666666666666,bge_small_en_v1_5,mauve_reference,mpnet_base_v2,29,0.6,4fd543cfc271d4eb1c99354744e03d1caf13cdef2c34d3e6a4be94f2a4d8b97b
dbpedia,0.6,minilm_l6_v2,mauve_reference,mpnet_base_v2,29,0.7714285714285715,4fd543cfc271d4eb1c99354744e03d1caf13cdef2c34d3e6a4be94f2a4d8b97b
dbpedia,0.2,bge_small_en_v1_5,fbd,minilm_l6_v2,29,0.2571428571428572,702d7de6699fac5ce0472aeeaca81469795c7bbded6f4120e32e5cd2d98a9171
dbpedia,0.2,bge_small_en_v1_5,fbd,mpnet_base_v2,29,0.2571428571428572,702d7de6699fac5ce0472aeeaca81469795c7bbded6f4120e32e5cd2d98a9171
dbpedia,0.7333333333333333,minilm_l6_v2,fbd,mpnet_base_v2,29,0.8857142857142858,702d7de6699fac5ce0472aeeaca81469795c7bbded6f4120e32e5cd2d98a9171
dbpedia,0.5520524474738833,bge_small_en_v1_5,mauve_reference,minilm_l6_v2,29,0.6957252427829382,702d7de6699fac5ce0472aeeaca81469795c7bbded6f4120e32e5cd2d98a9171
dbpedia,0.5520524474738833,bge_small_en_v1_5,mauve_reference,mpnet_base_v2,29,0.6377481392176932,702d7de6699fac5ce0472aeeaca81469795c7bbded6f4120e32e5cd2d98a9171
dbpedia,0.6428571428571429,minilm_l6_v2,mauve_reference,mpnet_base_v2,29,0.7941176470588236,702d7de6699fac5ce0472aeeaca81469795c7bbded6f4120e32e5cd2d98a9171
dbpedia,0.6,bge_small_en_v1_5,fbd,minilm_l6_v2,29,0.7714285714285715,d04997a9723aea53b201ff8475aea3cc49fbd933c3464a3503c9263225099a4e
dbpedia,0.4666666666666666,bge_small_en_v1_5,fbd,mpnet_base_v2,29,0.7142857142857143,d04997a9723aea53b201ff8475aea3cc49fbd933c3464a3503c9263225099a4e
dbpedia,0.8666666666666666,minilm_l6_v2,fbd,mpnet_base_v2,29,0.942857142857143,d04997a9723aea53b201ff8475aea3cc49fbd933c3464a3503c9263225099a4e
dbpedia,0.6,bge_small_en_v1_5,mauve_reference,minilm_l6_v2,29,0.6571428571428573,d04997a9723aea53b201ff8475aea3cc49fbd933c3464a3503c9263225099a4e
dbpedia,0.6,bge_small_en_v1_5,mauve_reference,mpnet_base_v2,29,0.6571428571428573,d04997a9723aea53b201ff8475aea3cc49fbd933c3464a3503c9263225099a4e
dbpedia,0.9999999999999999,minilm_l6_v2,mauve_reference,mpnet_base_v2,29,1.0,d04997a9723aea53b201ff8475aea3cc49fbd933c3464a3503c9263225099a4e
dbpedia,0.7333333333333333,bge_small_en_v1_5,fbd,minilm_l6_v2,29,0.8285714285714287,e0538e72ede9d38beb3f33902fe7541cfda5365fc320ef9c0f4c92318c8fe1cc
dbpedia,0.4666666666666666,bge_small_en_v1_5,fbd,mpnet_base_v2,29,0.5428571428571429,e0538e72ede9d38beb3f33902fe7541cfda5365fc320ef9c0f4c92318c8fe1cc
dbpedia,0.7333333333333333,minilm_l6_v2,fbd,mpnet_base_v2,29,0.8857142857142858,e0538e72ede9d38beb3f33902fe7541cfda5365fc320ef9c0f4c92318c8fe1cc
dbpedia,0.9999999999999999,bge_small_en_v1_5,mauve_reference,minilm_l6_v2,29,1.0,e0538e72ede9d38beb3f33902fe7541cfda5365fc320ef9c0f4c92318c8fe1cc
dbpedia,0.9999999999999999,bge_small_en_v1_5,mauve_reference,mpnet_base_v2,29,1.0,e0538e72ede9d38beb3f33902fe7541cfda5365fc320ef9c0f4c92318c8fe1cc
dbpedia,0.9999999999999999,minilm_l6_v2,mauve_reference,mpnet_base_v2,29,1.0,e0538e72ede9d38beb3f33902fe7541cfda5365fc320ef9c0f4c92318c8fe1cc
dbpedia,0.6,bge_small_en_v1_5,fbd,minilm_l6_v2,29,0.7714285714285715,f160d75cd4cb8ad8a3d670cab7e2bf971054a941d5c4148cfbd2399811f5daca
dbpedia,0.6,bge_small_en_v1_5,fbd,mpnet_base_v2,29,0.7714285714285715,f160d75cd4cb8ad8a3d670cab7e2bf971054a941d5c4148cfbd2399811f5daca
dbpedia,0.7333333333333333,minilm_l6_v2,fbd,mpnet_base_v2,29,0.8857142857142858,f160d75cd4cb8ad8a3d670cab7e2bf971054a941d5c4148cfbd2399811f5daca
dbpedia,0.41403933560541256,bge_small_en_v1_5,mauve_reference,minilm_l6_v2,29,0.6377481392176932,f160d75cd4cb8ad8a3d670cab7e2bf971054a941d5c4148cfbd2399811f5daca
dbpedia,0.7333333333333333,bge_small_en_v1_5,mauve_reference,mpnet_base_v2,29,0.8857142857142858,f160d75cd4cb8ad8a3d670cab7e2bf971054a941d5c4148cfbd2399811f5daca
dbpedia,0.41403933560541256,minilm_l6_v2,mauve_reference,mpnet_base_v2,29,0.550782483869826,f160d75cd4cb8ad8a3d670cab7e2bf971054a941d5c4148cfbd2399811f5daca
imdb_reviews,0.8666666666666666,bge_small_en_v1_5,fbd,minilm_l6_v2,29,0.942857142857143,1a93abcfb15e5819215cc065bb8b4b6d14dbbbe6b56ba36fcfbab3830e56ee0c
imdb_reviews,0.8666666666666666,bge_small_en_v1_5,fbd,mpnet_base_v2,29,0.942857142857143,1a93abcfb15e5819215cc065bb8b4b6d14dbbbe6b56ba36fcfbab3830e56ee0c
imdb_reviews,0.9999999999999999,minilm_l6_v2,fbd,mpnet_base_v2,29,1.0,1a93abcfb15e5819215cc065bb8b4b6d14dbbbe6b56ba36fcfbab3830e56ee0c
imdb_reviews,-0.13801311186847084,bge_small_en_v1_5,mauve_reference,minilm_l6_v2,29,-0.05797710356524484,1a93abcfb15e5819215cc065bb8b4b6d14dbbbe6b56ba36fcfbab3830e56ee0c
imdb_reviews,0.5520524474738834,bge_small_en_v1_5,mauve_reference,mpnet_base_v2,29,0.6957252427829381,1a93abcfb15e5819215cc065bb8b4b6d14dbbbe6b56ba36fcfbab3830e56ee0c
imdb_reviews,0.3333333333333333,minilm_l6_v2,mauve_reference,mpnet_base_v2,29,0.3714285714285715,1a93abcfb15e5819215cc065bb8b4b6d14dbbbe6b56ba36fcfbab3830e56ee0c
imdb_reviews,0.6,bge_small_en_v1_5,fbd,minilm_l6_v2,29,0.6571428571428573,4fd543cfc271d4eb1c99354744e03d1caf13cdef2c34d3e6a4be94f2a4d8b97b
imdb_reviews,0.6,bge_small_en_v1_5,fbd,mpnet_base_v2,29,0.6571428571428573,4fd543cfc271d4eb1c99354744e03d1caf13cdef2c34d3e6a4be94f2a4d8b97b
imdb_reviews,0.9999999999999999,minilm_l6_v2,fbd,mpnet_base_v2,29,1.0,4fd543cfc271d4eb1c99354744e03d1caf13cdef2c34d3e6a4be94f2a4d8b97b
imdb_reviews,0.7333333333333333,bge_small_en_v1_5,mauve_reference,minilm_l6_v2,29,0.8857142857142858,4fd543cfc271d4eb1c99354744e03d1caf13cdef2c34d3e6a4be94f2a4d8b97b
imdb_reviews,0.8666666666666666,bge_small_en_v1_5,mauve_reference,mpnet_base_v2,29,0.942857142857143,4fd543cfc271d4eb1c99354744e03d1caf13cdef2c34d3e6a4be94f2a4d8b97b
imdb_reviews,0.8666666666666666,minilm_l6_v2,mauve_reference,mpnet_base_v2,29,0.942857142857143,4fd543cfc271d4eb1c99354744e03d1caf13cdef2c34d3e6a4be94f2a4d8b97b
imdb_reviews,0.6,bge_small_en_v1_5,fbd,minilm_l6_v2,29,0.7714285714285715,702d7de6699fac5ce0472aeeaca81469795c7bbded6f4120e32e5cd2d98a9171
imdb_reviews,0.7333333333333333,bge_small_en_v1_5,fbd,mpnet_base_v2,29,0.8285714285714287,702d7de6699fac5ce0472aeeaca81469795c7bbded6f4120e32e5cd2d98a9171
imdb_reviews,0.8666666666666666,minilm_l6_v2,fbd,mpnet_base_v2,29,0.942857142857143,702d7de6699fac5ce0472aeeaca81469795c7bbded6f4120e32e5cd2d98a9171
imdb_reviews,0.21483446221182986,bge_small_en_v1_5,mauve_reference,minilm_l6_v2,29,0.26482044885142486,702d7de6699fac5ce0472aeeaca81469795c7bbded6f4120e32e5cd2d98a9171
imdb_reviews,-0.07412493166611012,bge_small_en_v1_5,mauve_reference,mpnet_base_v2,29,-0.029854071701326607,702d7de6699fac5ce0472aeeaca81469795c7bbded6f4120e32e5cd2d98a9171
imdb_reviews,0.41403933560541256,minilm_l6_v2,mauve_reference,mpnet_base_v2,29,0.6087595874350709,702d7de6699fac5ce0472aeeaca81469795c7bbded6f4120e32e5cd2d98a9171
imdb_reviews,0.6,bge_small_en_v1_5,fbd,minilm_l6_v2,29,0.7142857142857143,d04997a9723aea53b201ff8475aea3cc49fbd933c3464a3503c9263225099a4e
imdb_reviews,0.4666666666666666,bge_small_en_v1_5,fbd,mpnet_base_v2,29,0.5428571428571429,d04997a9723aea53b201ff8475aea3cc49fbd933c3464a3503c9263225099a4e
imdb_reviews,0.8666666666666666,minilm_l6_v2,fbd,mpnet_base_v2,29,0.942857142857143,d04997a9723aea53b201ff8475aea3cc49fbd933c3464a3503c9263225099a4e
imdb_reviews,0.3333333333333333,bge_small_en_v1_5,mauve_reference,minilm_l6_v2,29,0.48571428571428577,d04997a9723aea53b201ff8475aea3cc49fbd933c3464a3503c9263225099a4e
imdb_reviews,0.06666666666666665,bge_small_en_v1_5,mauve_reference,mpnet_base_v2,29,0.08571428571428573,d04997a9723aea53b201ff8475aea3cc49fbd933c3464a3503c9263225099a4e
imdb_reviews,0.4666666666666666,minilm_l6_v2,mauve_reference,mpnet_base_v2,29,0.7142857142857143,d04997a9723aea53b201ff8475aea3cc49fbd933c3464a3503c9263225099a4e
imdb_reviews,0.3333333333333333,bge_small_en_v1_5,fbd,minilm_l6_v2,29,0.48571428571428577,e0538e72ede9d38beb3f33902fe7541cfda5365fc320ef9c0f4c92318c8fe1cc
imdb_reviews,0.3333333333333333,bge_small_en_v1_5,fbd,mpnet_base_v2,29,0.48571428571428577,e0538e72ede9d38beb3f33902fe7541cfda5365fc320ef9c0f4c92318c8fe1cc
imdb_reviews,0.9999999999999999,minilm_l6_v2,fbd,mpnet_base_v2,29,1.0,e0538e72ede9d38beb3f33902fe7541cfda5365fc320ef9c0f4c92318c8fe1cc
imdb_reviews,0.06666666666666665,bge_small_en_v1_5,mauve_reference,minilm_l6_v2,29,0.08571428571428573,e0538e72ede9d38beb3f33902fe7541cfda5365fc320ef9c0f4c92318c8fe1cc
imdb_reviews,0.2,bge_small_en_v1_5,mauve_reference,mpnet_base_v2,29,0.2571428571428572,e0538e72ede9d38beb3f33902fe7541cfda5365fc320ef9c0f4c92318c8fe1cc
imdb_reviews,0.3333333333333333,minilm_l6_v2,mauve_reference,mpnet_base_v2,29,0.5428571428571429,e0538e72ede9d38beb3f33902fe7541cfda5365fc320ef9c0f4c92318c8fe1cc
imdb_reviews,0.6,bge_small_en_v1_5,fbd,minilm_l6_v2,29,0.7714285714285715,f160d75cd4cb8ad8a3d670cab7e2bf971054a941d5c4148cfbd2399811f5daca
imdb_reviews,0.4666666666666666,bge_small_en_v1_5,fbd,mpnet_base_v2,29,0.7142857142857143,f160d75cd4cb8ad8a3d670cab7e2bf971054a941d5c4148cfbd2399811f5daca
imdb_reviews,0.8666666666666666,minilm_l6_v2,fbd,mpnet_base_v2,29,0.942857142857143,f160d75cd4cb8ad8a3d670cab7e2bf971054a941d5c4148cfbd2399811f5daca
imdb_reviews,0.06666666666666665,bge_small_en_v1_5,mauve_reference,minilm_l6_v2,29,0.028571428571428574,f160d75cd4cb8ad8a3d670cab7e2bf971054a941d5c4148cfbd2399811f5daca
imdb_reviews,0.13801311186847082,bge_small_en_v1_5,mauve_reference,mpnet_base_v2,29,0.20291986247835697,f160d75cd4cb8ad8a3d670cab7e2bf971054a941d5c4148cfbd2399811f5daca
imdb_reviews,0.5520524474738833,minilm_l6_v2,mauve_reference,mpnet_base_v2,29,0.6957252427829382,f160d75cd4cb8ad8a3d670cab7e2bf971054a941d5c4148cfbd2399811f5daca
yahoo_answers,0.9999999999999999,bge_small_en_v1_5,fbd,minilm_l6_v2,29,1.0,1a93abcfb15e5819215cc065bb8b4b6d14dbbbe6b56ba36fcfbab3830e56ee0c
yahoo_answers,0.7333333333333333,bge_small_en_v1_5,fbd,mpnet_base_v2,29,0.8285714285714287,1a93abcfb15e5819215cc065bb8b4b6d14dbbbe6b56ba36fcfbab3830e56ee0c
yahoo_answers,0.7333333333333333,minilm_l6_v2,fbd,mpnet_base_v2,29,0.8285714285714287,1a93abcfb15e5819215cc065bb8b4b6d14dbbbe6b56ba36fcfbab3830e56ee0c
yahoo_answers,0.7333333333333333,bge_small_en_v1_5,mauve_reference,minilm_l6_v2,29,0.8857142857142858,1a93abcfb15e5819215cc065bb8b4b6d14dbbbe6b56ba36fcfbab3830e56ee0c
yahoo_answers,0.7333333333333333,bge_small_en_v1_5,mauve_reference,mpnet_base_v2,29,0.8857142857142858,1a93abcfb15e5819215cc065bb8b4b6d14dbbbe6b56ba36fcfbab3830e56ee0c
yahoo_answers,0.9999999999999999,minilm_l6_v2,mauve_reference,mpnet_base_v2,29,1.0,1a93abcfb15e5819215cc065bb8b4b6d14dbbbe6b56ba36fcfbab3830e56ee0c
yahoo_answers,0.9999999999999999,bge_small_en_v1_5,fbd,minilm_l6_v2,29,1.0,4fd543cfc271d4eb1c99354744e03d1caf13cdef2c34d3e6a4be94f2a4d8b97b
yahoo_answers,0.9999999999999999,bge_small_en_v1_5,fbd,mpnet_base_v2,29,1.0,4fd543cfc271d4eb1c99354744e03d1caf13cdef2c34d3e6a4be94f2a4d8b97b
yahoo_answers,0.9999999999999999,minilm_l6_v2,fbd,mpnet_base_v2,29,1.0,4fd543cfc271d4eb1c99354744e03d1caf13cdef2c34d3e6a4be94f2a4d8b97b
yahoo_answers,0.8666666666666666,bge_small_en_v1_5,mauve_reference,minilm_l6_v2,29,0.942857142857143,4fd543cfc271d4eb1c99354744e03d1caf13cdef2c34d3e6a4be94f2a4d8b97b
yahoo_answers,0.6,bge_small_en_v1_5,mauve_reference,mpnet_base_v2,29,0.8285714285714287,4fd543cfc271d4eb1c99354744e03d1caf13cdef2c34d3e6a4be94f2a4d8b97b
yahoo_answers,0.7333333333333333,minilm_l6_v2,mauve_reference,mpnet_base_v2,29,0.8857142857142858,4fd543cfc271d4eb1c99354744e03d1caf13cdef2c34d3e6a4be94f2a4d8b97b
yahoo_answers,0.8666666666666666,bge_small_en_v1_5,fbd,minilm_l6_v2,29,0.942857142857143,702d7de6699fac5ce0472aeeaca81469795c7bbded6f4120e32e5cd2d98a9171
yahoo_answers,0.4666666666666666,bge_small_en_v1_5,fbd,mpnet_base_v2,29,0.6,702d7de6699fac5ce0472aeeaca81469795c7bbded6f4120e32e5cd2d98a9171
yahoo_answers,0.6,minilm_l6_v2,fbd,mpnet_base_v2,29,0.7142857142857143,702d7de6699fac5ce0472aeeaca81469795c7bbded6f4120e32e5cd2d98a9171
yahoo_answers,0.35714285714285715,bge_small_en_v1_5,mauve_reference,minilm_l6_v2,29,0.42647058823529416,702d7de6699fac5ce0472aeeaca81469795c7bbded6f4120e32e5cd2d98a9171
yahoo_answers,0.16116459280507606,bge_small_en_v1_5,mauve_reference,mpnet_base_v2,29,0.23483410915693106,702d7de6699fac5ce0472aeeaca81469795c7bbded6f4120e32e5cd2d98a9171
yahoo_answers,0.8864052604279185,minilm_l6_v2,mauve_reference,mpnet_base_v2,29,0.9393364366277243,702d7de6699fac5ce0472aeeaca81469795c7bbded6f4120e32e5cd2d98a9171
yahoo_answers,0.8666666666666666,bge_small_en_v1_5,fbd,minilm_l6_v2,29,0.942857142857143,d04997a9723aea53b201ff8475aea3cc49fbd933c3464a3503c9263225099a4e
yahoo_answers,0.8666666666666666,bge_small_en_v1_5,fbd,mpnet_base_v2,29,0.942857142857143,d04997a9723aea53b201ff8475aea3cc49fbd933c3464a3503c9263225099a4e
yahoo_answers,0.9999999999999999,minilm_l6_v2,fbd,mpnet_base_v2,29,1.0,d04997a9723aea53b201ff8475aea3cc49fbd933c3464a3503c9263225099a4e
yahoo_answers,0.9999999999999999,bge_small_en_v1_5,mauve_reference,minilm_l6_v2,29,1.0,d04997a9723aea53b201ff8475aea3cc49fbd933c3464a3503c9263225099a4e
yahoo_answers,0.7333333333333333,bge_small_en_v1_5,mauve_reference,mpnet_base_v2,29,0.8285714285714287,d04997a9723aea53b201ff8475aea3cc49fbd933c3464a3503c9263225099a4e
yahoo_answers,0.7333333333333333,minilm_l6_v2,mauve_reference,mpnet_base_v2,29,0.8285714285714287,d04997a9723aea53b201ff8475aea3cc49fbd933c3464a3503c9263225099a4e
yahoo_answers,0.9999999999999999,bge_small_en_v1_5,fbd,minilm_l6_v2,29,1.0,e0538e72ede9d38beb3f33902fe7541cfda5365fc320ef9c0f4c92318c8fe1cc
yahoo_answers,0.8666666666666666,bge_small_en_v1_5,fbd,mpnet_base_v2,29,0.942857142857143,e0538e72ede9d38beb3f33902fe7541cfda5365fc320ef9c0f4c92318c8fe1cc
yahoo_answers,0.8666666666666666,minilm_l6_v2,fbd,mpnet_base_v2,29,0.942857142857143,e0538e72ede9d38beb3f33902fe7541cfda5365fc320ef9c0f4c92318c8fe1cc
yahoo_answers,0.8666666666666666,bge_small_en_v1_5,mauve_reference,minilm_l6_v2,29,0.942857142857143,e0538e72ede9d38beb3f33902fe7541cfda5365fc320ef9c0f4c92318c8fe1cc
yahoo_answers,0.4666666666666666,bge_small_en_v1_5,mauve_reference,mpnet_base_v2,29,0.7142857142857143,e0538e72ede9d38beb3f33902fe7541cfda5365fc320ef9c0f4c92318c8fe1cc
yahoo_answers,0.6,minilm_l6_v2,mauve_reference,mpnet_base_v2,29,0.7714285714285715,e0538e72ede9d38beb3f33902fe7541cfda5365fc320ef9c0f4c92318c8fe1cc
yahoo_answers,0.8666666666666666,bge_small_en_v1_5,fbd,minilm_l6_v2,29,0.942857142857143,f160d75cd4cb8ad8a3d670cab7e2bf971054a941d5c4148cfbd2399811f5daca
yahoo_answers,0.8666666666666666,bge_small_en_v1_5,fbd,mpnet_base_v2,29,0.942857142857143,f160d75cd4cb8ad8a3d670cab7e2bf971054a941d5c4148cfbd2399811f5daca
yahoo_answers,0.7333333333333333,minilm_l6_v2,fbd,mpnet_base_v2,29,0.8285714285714287,f160d75cd4cb8ad8a3d670cab7e2bf971054a941d5c4148cfbd2399811f5daca
yahoo_answers,0.4666666666666666,bge_small_en_v1_5,mauve_reference,minilm_l6_v2,29,0.7142857142857143,f160d75cd4cb8ad8a3d670cab7e2bf971054a941d5c4148cfbd2399811f5daca
yahoo_answers,0.4666666666666666,bge_small_en_v1_5,mauve_reference,mpnet_base_v2,29,0.6,f160d75cd4cb8ad8a3d670cab7e2bf971054a941d5c4148cfbd2399811f5daca
yahoo_answers,0.7333333333333333,minilm_l6_v2,mauve_reference,mpnet_base_v2,29,0.8857142857142858,f160d75cd4cb8ad8a3d670cab7e2bf971054a941d5c4148cfbd2399811f5daca
ag_news,0.8666666666666666,bge_small_en_v1_5,fbd,minilm_l6_v2,43,0.942857142857143,1a93abcfb15e5819215cc065bb8b4b6d14dbbbe6b56ba36fcfbab3830e56ee0c
ag_news,0.8666666666666666,bge_small_en_v1_5,fbd,mpnet_base_v2,43,0.942857142857143,1a93abcfb15e5819215cc065bb8b4b6d14dbbbe6b56ba36fcfbab3830e56ee0c
ag_news,0.9999999999999999,minilm_l6_v2,fbd,mpnet_base_v2,43,1.0,1a93abcfb15e5819215cc065bb8b4b6d14dbbbe6b56ba36fcfbab3830e56ee0c
ag_news,0.7333333333333333,bge_small_en_v1_5,mauve_reference,minilm_l6_v2,43,0.8857142857142858,1a93abcfb15e5819215cc065bb8b4b6d14dbbbe6b56ba36fcfbab3830e56ee0c
ag_news,0.7333333333333333,bge_small_en_v1_5,mauve_reference,mpnet_base_v2,43,0.8857142857142858,1a93abcfb15e5819215cc065bb8b4b6d14dbbbe6b56ba36fcfbab3830e56ee0c
ag_news,0.7333333333333333,minilm_l6_v2,mauve_reference,mpnet_base_v2,43,0.8857142857142858,1a93abcfb15e5819215cc065bb8b4b6d14dbbbe6b56ba36fcfbab3830e56ee0c
ag_news,0.7333333333333333,bge_small_en_v1_5,fbd,minilm_l6_v2,43,0.8857142857142858,4fd543cfc271d4eb1c99354744e03d1caf13cdef2c34d3e6a4be94f2a4d8b97b
ag_news,0.8666666666666666,bge_small_en_v1_5,fbd,mpnet_base_v2,43,0.942857142857143,4fd543cfc271d4eb1c99354744e03d1caf13cdef2c34d3e6a4be94f2a4d8b97b
ag_news,0.8666666666666666,minilm_l6_v2,fbd,mpnet_base_v2,43,0.942857142857143,4fd543cfc271d4eb1c99354744e03d1caf13cdef2c34d3e6a4be94f2a4d8b97b
ag_news,0.9999999999999999,bge_small_en_v1_5,mauve_reference,minilm_l6_v2,43,1.0,4fd543cfc271d4eb1c99354744e03d1caf13cdef2c34d3e6a4be94f2a4d8b97b
ag_news,0.7333333333333333,bge_small_en_v1_5,mauve_reference,mpnet_base_v2,43,0.8857142857142858,4fd543cfc271d4eb1c99354744e03d1caf13cdef2c34d3e6a4be94f2a4d8b97b
ag_news,0.7333333333333333,minilm_l6_v2,mauve_reference,mpnet_base_v2,43,0.8857142857142858,4fd543cfc271d4eb1c99354744e03d1caf13cdef2c34d3e6a4be94f2a4d8b97b
ag_news,0.8666666666666666,bge_small_en_v1_5,fbd,minilm_l6_v2,43,0.942857142857143,702d7de6699fac5ce0472aeeaca81469795c7bbded6f4120e32e5cd2d98a9171
ag_news,0.7333333333333333,bge_small_en_v1_5,fbd,mpnet_base_v2,43,0.8857142857142858,702d7de6699fac5ce0472aeeaca81469795c7bbded6f4120e32e5cd2d98a9171
ag_news,0.8666666666666666,minilm_l6_v2,fbd,mpnet_base_v2,43,0.942857142857143,702d7de6699fac5ce0472aeeaca81469795c7bbded6f4120e32e5cd2d98a9171
ag_news,0.2,bge_small_en_v1_5,mauve_reference,minilm_l6_v2,43,0.3142857142857143,702d7de6699fac5ce0472aeeaca81469795c7bbded6f4120e32e5cd2d98a9171
ag_news,0.2,bge_small_en_v1_5,mauve_reference,mpnet_base_v2,43,0.3142857142857143,702d7de6699fac5ce0472aeeaca81469795c7bbded6f4120e32e5cd2d98a9171
ag_news,0.9999999999999999,minilm_l6_v2,mauve_reference,mpnet_base_v2,43,1.0,702d7de6699fac5ce0472aeeaca81469795c7bbded6f4120e32e5cd2d98a9171
ag_news,0.9999999999999999,bge_small_en_v1_5,fbd,minilm_l6_v2,43,1.0,d04997a9723aea53b201ff8475aea3cc49fbd933c3464a3503c9263225099a4e
ag_news,0.9999999999999999,bge_small_en_v1_5,fbd,mpnet_base_v2,43,1.0,d04997a9723aea53b201ff8475aea3cc49fbd933c3464a3503c9263225099a4e
ag_news,0.9999999999999999,minilm_l6_v2,fbd,mpnet_base_v2,43,1.0,d04997a9723aea53b201ff8475aea3cc49fbd933c3464a3503c9263225099a4e
ag_news,0.8666666666666666,bge_small_en_v1_5,mauve_reference,minilm_l6_v2,43,0.942857142857143,d04997a9723aea53b201ff8475aea3cc49fbd933c3464a3503c9263225099a4e
ag_news,0.8666666666666666,bge_small_en_v1_5,mauve_reference,mpnet_base_v2,43,0.942857142857143,d04997a9723aea53b201ff8475aea3cc49fbd933c3464a3503c9263225099a4e
ag_news,0.9999999999999999,minilm_l6_v2,mauve_reference,mpnet_base_v2,43,1.0,d04997a9723aea53b201ff8475aea3cc49fbd933c3464a3503c9263225099a4e
ag_news,0.7333333333333333,bge_small_en_v1_5,fbd,minilm_l6_v2,43,0.8285714285714287,e0538e72ede9d38beb3f33902fe7541cfda5365fc320ef9c0f4c92318c8fe1cc
ag_news,0.7333333333333333,bge_small_en_v1_5,fbd,mpnet_base_v2,43,0.8285714285714287,e0538e72ede9d38beb3f33902fe7541cfda5365fc320ef9c0f4c92318c8fe1cc
ag_news,0.9999999999999999,minilm_l6_v2,fbd,mpnet_base_v2,43,1.0,e0538e72ede9d38beb3f33902fe7541cfda5365fc320ef9c0f4c92318c8fe1cc
ag_news,0.7333333333333333,bge_small_en_v1_5,mauve_reference,minilm_l6_v2,43,0.8285714285714287,e0538e72ede9d38beb3f33902fe7541cfda5365fc320ef9c0f4c92318c8fe1cc
ag_news,0.6,bge_small_en_v1_5,mauve_reference,mpnet_base_v2,43,0.7714285714285715,e0538e72ede9d38beb3f33902fe7541cfda5365fc320ef9c0f4c92318c8fe1cc
ag_news,0.8666666666666666,minilm_l6_v2,mauve_reference,mpnet_base_v2,43,0.942857142857143,e0538e72ede9d38beb3f33902fe7541cfda5365fc320ef9c0f4c92318c8fe1cc
ag_news,0.8666666666666666,bge_small_en_v1_5,fbd,minilm_l6_v2,43,0.942857142857143,f160d75cd4cb8ad8a3d670cab7e2bf971054a941d5c4148cfbd2399811f5daca
ag_news,0.8666666666666666,bge_small_en_v1_5,fbd,mpnet_base_v2,43,0.942857142857143,f160d75cd4cb8ad8a3d670cab7e2bf971054a941d5c4148cfbd2399811f5daca
ag_news,0.9999999999999999,minilm_l6_v2,fbd,mpnet_base_v2,43,1.0,f160d75cd4cb8ad8a3d670cab7e2bf971054a941d5c4148cfbd2399811f5daca
ag_news,0.6900655593423543,bge_small_en_v1_5,mauve_reference,minilm_l6_v2,43,0.8116794499134279,f160d75cd4cb8ad8a3d670cab7e2bf971054a941d5c4148cfbd2399811f5daca
ag_news,0.8666666666666666,bge_small_en_v1_5,mauve_reference,mpnet_base_v2,43,0.942857142857143,f160d75cd4cb8ad8a3d670cab7e2bf971054a941d5c4148cfbd2399811f5daca
ag_news,0.8280786712108251,minilm_l6_v2,mauve_reference,mpnet_base_v2,43,0.9276336570439174,f160d75cd4cb8ad8a3d670cab7e2bf971054a941d5c4148cfbd2399811f5daca
amazon_reviews,0.9999999999999999,bge_small_en_v1_5,fbd,minilm_l6_v2,43,1.0,1a93abcfb15e5819215cc065bb8b4b6d14dbbbe6b56ba36fcfbab3830e56ee0c
amazon_reviews,0.9999999999999999,bge_small_en_v1_5,fbd,mpnet_base_v2,43,1.0,1a93abcfb15e5819215cc065bb8b4b6d14dbbbe6b56ba36fcfbab3830e56ee0c
amazon_reviews,0.9999999999999999,minilm_l6_v2,fbd,mpnet_base_v2,43,1.0,1a93abcfb15e5819215cc065bb8b4b6d14dbbbe6b56ba36fcfbab3830e56ee0c
amazon_reviews,0.06666666666666665,bge_small_en_v1_5,mauve_reference,minilm_l6_v2,43,0.14285714285714288,1a93abcfb15e5819215cc065bb8b4b6d14dbbbe6b56ba36fcfbab3830e56ee0c
amazon_reviews,0.06666666666666665,bge_small_en_v1_5,mauve_reference,mpnet_base_v2,43,0.14285714285714288,1a93abcfb15e5819215cc065bb8b4b6d14dbbbe6b56ba36fcfbab3830e56ee0c
amazon_reviews,0.7333333333333333,minilm_l6_v2,mauve_reference,mpnet_base_v2,43,0.8857142857142858,1a93abcfb15e5819215cc065bb8b4b6d14dbbbe6b56ba36fcfbab3830e56ee0c
amazon_reviews,0.8666666666666666,bge_small_en_v1_5,fbd,minilm_l6_v2,43,0.942857142857143,4fd543cfc271d4eb1c99354744e03d1caf13cdef2c34d3e6a4be94f2a4d8b97b
amazon_reviews,0.7333333333333333,bge_small_en_v1_5,fbd,mpnet_base_v2,43,0.8857142857142858,4fd543cfc271d4eb1c99354744e03d1caf13cdef2c34d3e6a4be94f2a4d8b97b
amazon_reviews,0.8666666666666666,minilm_l6_v2,fbd,mpnet_base_v2,43,0.942857142857143,4fd543cfc271d4eb1c99354744e03d1caf13cdef2c34d3e6a4be94f2a4d8b97b
amazon_reviews,0.3333333333333333,bge_small_en_v1_5,mauve_reference,minilm_l6_v2,43,0.4285714285714286,4fd543cfc271d4eb1c99354744e03d1caf13cdef2c34d3e6a4be94f2a4d8b97b
amazon_reviews,0.3333333333333333,bge_small_en_v1_5,mauve_reference,mpnet_base_v2,43,0.4285714285714286,4fd543cfc271d4eb1c99354744e03d1caf13cdef2c34d3e6a4be94f2a4d8b97b
amazon_reviews,0.9999999999999999,minilm_l6_v2,mauve_reference,mpnet_base_v2,43,1.0,4fd543cfc271d4eb1c99354744e03d1caf13cdef2c34d3e6a4be94f2a4d8b97b
amazon_reviews,0.8666666666666666,bge_small_en_v1_5,fbd,minilm_l6_v2,43,0.942857142857143,702d7de6699fac5ce0472aeeaca81469795c7bbded6f4120e32e5cd2d98a9171
amazon_reviews,0.8666666666666666,bge_small_en_v1_5,fbd,mpnet_base_v2,43,0.942857142857143,702d7de6699fac5ce0472aeeaca81469795c7bbded6f4120e32e5cd2d98a9171
amazon_reviews,0.9999999999999999,minilm_l6_v2,fbd,mpnet_base_v2,43,1.0,702d7de6699fac5ce0472aeeaca81469795c7bbded6f4120e32e5cd2d98a9171
amazon_reviews,0.8280786712108251,bge_small_en_v1_5,mauve_reference,minilm_l6_v2,43,0.898645105261295,702d7de6699fac5ce0472aeeaca81469795c7bbded6f4120e32e5cd2d98a9171
amazon_reviews,0.6943650748294137,bge_small_en_v1_5,mauve_reference,mpnet_base_v2,43,0.7700513795421217,702d7de6699fac5ce0472aeeaca81469795c7bbded6f4120e32e5cd2d98a9171
amazon_reviews,0.7453559924999299,minilm_l6_v2,mauve_reference,mpnet_base_v2,43,0.8196885999705371,702d7de6699fac5ce0472aeeaca81469795c7bbded6f4120e32e5cd2d98a9171
amazon_reviews,0.7333333333333333,bge_small_en_v1_5,fbd,minilm_l6_v2,43,0.8285714285714287,d04997a9723aea53b201ff8475aea3cc49fbd933c3464a3503c9263225099a4e
amazon_reviews,0.7333333333333333,bge_small_en_v1_5,fbd,mpnet_base_v2,43,0.8285714285714287,d04997a9723aea53b201ff8475aea3cc49fbd933c3464a3503c9263225099a4e
amazon_reviews,0.9999999999999999,minilm_l6_v2,fbd,mpnet_base_v2,43,1.0,d04997a9723aea53b201ff8475aea3cc49fbd933c3464a3503c9263225099a4e
amazon_reviews,0.6,bge_small_en_v1_5,mauve_reference,minilm_l6_v2,43,0.7714285714285715,d04997a9723aea53b201ff8475aea3cc49fbd933c3464a3503c9263225099a4e
amazon_reviews,0.8666666666666666,bge_small_en_v1_5,mauve_reference,mpnet_base_v2,43,0.942857142857143,d04997a9723aea53b201ff8475aea3cc49fbd933c3464a3503c9263225099a4e
amazon_reviews,0.7333333333333333,minilm_l6_v2,mauve_reference,mpnet_base_v2,43,0.8857142857142858,d04997a9723aea53b201ff8475aea3cc49fbd933c3464a3503c9263225099a4e
amazon_reviews,0.7333333333333333,bge_small_en_v1_5,fbd,minilm_l6_v2,43,0.8285714285714287,e0538e72ede9d38beb3f33902fe7541cfda5365fc320ef9c0f4c92318c8fe1cc
amazon_reviews,0.7333333333333333,bge_small_en_v1_5,fbd,mpnet_base_v2,43,0.8285714285714287,e0538e72ede9d38beb3f33902fe7541cfda5365fc320ef9c0f4c92318c8fe1cc
amazon_reviews,0.9999999999999999,minilm_l6_v2,fbd,mpnet_base_v2,43,1.0,e0538e72ede9d38beb3f33902fe7541cfda5365fc320ef9c0f4c92318c8fe1cc
amazon_reviews,0.6900655593423541,bge_small_en_v1_5,mauve_reference,minilm_l6_v2,43,0.8116794499134278,e0538e72ede9d38beb3f33902fe7541cfda5365fc320ef9c0f4c92318c8fe1cc
amazon_reviews,0.5520524474738834,bge_small_en_v1_5,mauve_reference,mpnet_base_v2,43,0.6957252427829381,e0538e72ede9d38beb3f33902fe7541cfda5365fc320ef9c0f4c92318c8fe1cc
amazon_reviews,0.4666666666666666,minilm_l6_v2,mauve_reference,mpnet_base_v2,43,0.5428571428571429,e0538e72ede9d38beb3f33902fe7541cfda5365fc320ef9c0f4c92318c8fe1cc
amazon_reviews,0.8666666666666666,bge_small_en_v1_5,fbd,minilm_l6_v2,43,0.942857142857143,f160d75cd4cb8ad8a3d670cab7e2bf971054a941d5c4148cfbd2399811f5daca
amazon_reviews,0.7333333333333333,bge_small_en_v1_5,fbd,mpnet_base_v2,43,0.8857142857142858,f160d75cd4cb8ad8a3d670cab7e2bf971054a941d5c4148cfbd2399811f5daca
amazon_reviews,0.8666666666666666,minilm_l6_v2,fbd,mpnet_base_v2,43,0.942857142857143,f160d75cd4cb8ad8a3d670cab7e2bf971054a941d5c4148cfbd2399811f5daca
amazon_reviews,0.46291004988627577,bge_small_en_v1_5,mauve_reference,minilm_l6_v2,43,0.5852390484520126,f160d75cd4cb8ad8a3d670cab7e2bf971054a941d5c4148cfbd2399811f5daca
amazon_reviews,0.9258200997725515,bge_small_en_v1_5,mauve_reference,mpnet_base_v2,43,0.9548637106322311,f160d75cd4cb8ad8a3d670cab7e2bf971054a941d5c4148cfbd2399811f5daca
amazon_reviews,0.5,minilm_l6_v2,mauve_reference,mpnet_base_v2,43,0.6029411764705883,f160d75cd4cb8ad8a3d670cab7e2bf971054a941d5c4148cfbd2399811f5daca
dbpedia,0.9999999999999999,bge_small_en_v1_5,fbd,minilm_l6_v2,43,1.0,1a93abcfb15e5819215cc065bb8b4b6d14dbbbe6b56ba36fcfbab3830e56ee0c
dbpedia,0.9999999999999999,bge_small_en_v1_5,fbd,mpnet_base_v2,43,1.0,1a93abcfb15e5819215cc065bb8b4b6d14dbbbe6b56ba36fcfbab3830e56ee0c
dbpedia,0.9999999999999999,minilm_l6_v2,fbd,mpnet_base_v2,43,1.0,1a93abcfb15e5819215cc065bb8b4b6d14dbbbe6b56ba36fcfbab3830e56ee0c
dbpedia,0.8666666666666666,bge_small_en_v1_5,mauve_reference,minilm_l6_v2,43,0.942857142857143,1a93abcfb15e5819215cc065bb8b4b6d14dbbbe6b56ba36fcfbab3830e56ee0c
dbpedia,0.8666666666666666,bge_small_en_v1_5,mauve_reference,mpnet_base_v2,43,0.942857142857143,1a93abcfb15e5819215cc065bb8b4b6d14dbbbe6b56ba36fcfbab3830e56ee0c
dbpedia,0.9999999999999999,minilm_l6_v2,mauve_reference,mpnet_base_v2,43,1.0,1a93abcfb15e5819215cc065bb8b4b6d14dbbbe6b56ba36fcfbab3830e56ee0c
dbpedia,0.7333333333333333,bge_small_en_v1_5,fbd,minilm_l6_v2,43,0.8857142857142858,4fd543cfc271d4eb1c99354744e03d1caf13cdef2c34d3e6a4be94f2a4d8b97b
dbpedia,0.8666666666666666,bge_small_en_v1_5,fbd,mpnet_base_v2,43,0.942857142857143,4fd543cfc271d4eb1c99354744e03d1caf13cdef2c34d3e6a4be94f2a4d8b97b
dbpedia,0.8666666666666666,minilm_l6_v2,fbd,mpnet_base_v2,43,0.942857142857143,4fd543cfc271d4eb1c99354744e03d1caf13cdef2c34d3e6a4be94f2a4d8b97b
dbpedia,0.4666666666666666,bge_small_en_v1_5,mauve_reference,minilm_l6_v2,43,0.6,4fd543cfc271d4eb1c99354744e03d1caf13cdef2c34d3e6a4be94f2a4d8b97b
dbpedia,0.6,bge_small_en_v1_5,mauve_reference,mpnet_base_v2,43,0.6571428571428573,4fd543cfc271d4eb1c99354744e03d1caf13cdef2c34d3e6a4be94f2a4d8b97b
dbpedia,0.8666666666666666,minilm_l6_v2,mauve_reference,mpnet_base_v2,43,0.942857142857143,4fd543cfc271d4eb1c99354744e03d1caf13cdef2c34d3e6a4be94f2a4d8b97b
dbpedia,0.2,bge_small_en_v1_5,fbd,minilm_l6_v2,43,0.2571428571428572,702d7de6699fac5ce0472aeeaca81469795c7bbded6f4120e32e5cd2d98a9171
dbpedia,0.3333333333333333,bge_small_en_v1_5,fbd,mpnet_base_v2,43,0.3714285714285715,702d7de6699fac5ce0472aeeaca81469795c7bbded6f4120e32e5cd2d98a9171
dbpedia,0.6,minilm_l6_v2,fbd,mpnet_base_v2,43,0.7714285714285715,702d7de6699fac5ce0472aeeaca81469795c7bbded6f4120e32e5cd2d98a9171
dbpedia,-0.14824986333222023,bge_small_en_v1_5,mauve_reference,minilm_l6_v2,43,-0.029854071701326607,702d7de6699fac5ce0472aeeaca81469795c7bbded6f4120e32e5cd2d98a9171
dbpedia,0.0,bge_small_en_v1_5,mauve_reference,mpnet_base_v2,43,0.08956221510397983,702d7de6699fac5ce0472aeeaca81469795c7bbded6f4120e32e5cd2d98a9171
dbpedia,0.9285714285714286,minilm_l6_v2,mauve_reference,mpnet_base_v2,43,0.9558823529411764,702d7de6699fac5ce0472aeeaca81469795c7bbded6f4120e32e5cd2d98a9171
dbpedia,0.8666666666666666,bge_small_en_v1_5,fbd,minilm_l6_v2,43,0.942857142857143,d04997a9723aea53b201ff8475aea3cc49fbd933c3464a3503c9263225099a4e
dbpedia,0.8666666666666666,bge_small_en_v1_5,fbd,mpnet_base_v2,43,0.942857142857143,d04997a9723aea53b201ff8475aea3cc49fbd933c3464a3503c9263225099a4e
dbpedia,0.7333333333333333,minilm_l6_v2,fbd,mpnet_base_v2,43,0.8857142857142858,d04997a9723aea53b201ff8475aea3cc49fbd933c3464a3503c9263225099a4e
dbpedia,0.6,bge_small_en_v1_5,mauve_reference,minilm_l6_v2,43,0.7714285714285715,d04997a9723aea53b201ff8475aea3cc49fbd933c3464a3503c9263225099a4e
dbpedia,0.4666666666666666,bge_small_en_v1_5,mauve_reference,mpnet_base_v2,43,0.6,d04997a9723aea53b201ff8475aea3cc49fbd933c3464a3503c9263225099a4e
dbpedia,0.6,minilm_l6_v2,mauve_reference,mpnet_base_v2,43,0.7714285714285715,d04997a9723aea53b201ff8475aea3cc49fbd933c3464a3503c9263225099a4e
dbpedia,0.4666666666666666,bge_small_en_v1_5,fbd,minilm_l6_v2,43,0.6,e0538e72ede9d38beb3f33902fe7541cfda5365fc320ef9c0f4c92318c8fe1cc
dbpedia,0.3333333333333333,bge_small_en_v1_5,fbd,mpnet_base_v2,43,0.5428571428571429,e0538e72ede9d38beb3f33902fe7541cfda5365fc320ef9c0f4c92318c8fe1cc
dbpedia,0.8666666666666666,minilm_l6_v2,fbd,mpnet_base_v2,43,0.942857142857143,e0538e72ede9d38beb3f33902fe7541cfda5365fc320ef9c0f4c92318c8fe1cc
dbpedia,0.6900655593423543,bge_small_en_v1_5,mauve_reference,minilm_l6_v2,43,0.8406680016960503,e0538e72ede9d38beb3f33902fe7541cfda5365fc320ef9c0f4c92318c8fe1cc
dbpedia,0.7333333333333333,bge_small_en_v1_5,mauve_reference,mpnet_base_v2,43,0.8857142857142858,e0538e72ede9d38beb3f33902fe7541cfda5365fc320ef9c0f4c92318c8fe1cc
dbpedia,0.9660917830792959,minilm_l6_v2,mauve_reference,mpnet_base_v2,43,0.9856107606091624,e0538e72ede9d38beb3f33902fe7541cfda5365fc320ef9c0f4c92318c8fe1cc
dbpedia,0.6,bge_small_en_v1_5,fbd,minilm_l6_v2,43,0.7714285714285715,f160d75cd4cb8ad8a3d670cab7e2bf971054a941d5c4148cfbd2399811f5daca
dbpedia,0.8666666666666666,bge_small_en_v1_5,fbd,mpnet_base_v2,43,0.942857142857143,f160d75cd4cb8ad8a3d670cab7e2bf971054a941d5c4148cfbd2399811f5daca
dbpedia,0.7333333333333333,minilm_l6_v2,fbd,mpnet_base_v2,43,0.8285714285714287,f160d75cd4cb8ad8a3d670cab7e2bf971054a941d5c4148cfbd2399811f5daca
dbpedia,0.2,bge_small_en_v1_5,mauve_reference,minilm_l6_v2,43,0.2571428571428572,f160d75cd4cb8ad8a3d670cab7e2bf971054a941d5c4148cfbd2399811f5daca
dbpedia,0.13801311186847082,bge_small_en_v1_5,mauve_reference,mpnet_base_v2,43,0.40583972495671394,f160d75cd4cb8ad8a3d670cab7e2bf971054a941d5c4148cfbd2399811f5daca
dbpedia,0.27602622373694163,minilm_l6_v2,mauve_reference,mpnet_base_v2,43,0.40583972495671394,f160d75cd4cb8ad8a3d670cab7e2bf971054a941d5c4148cfbd2399811f5daca
imdb_reviews,0.4666666666666666,bge_small_en_v1_5,fbd,minilm_l6_v2,43,0.5428571428571429,1a93abcfb15e5819215cc065bb8b4b6d14dbbbe6b56ba36fcfbab3830e56ee0c
imdb_reviews,0.6,bge_small_en_v1_5,fbd,mpnet_base_v2,43,0.7714285714285715,1a93abcfb15e5819215cc065bb8b4b6d14dbbbe6b56ba36fcfbab3830e56ee0c
imdb_reviews,0.8666666666666666,minilm_l6_v2,fbd,mpnet_base_v2,43,0.942857142857143,1a93abcfb15e5819215cc065bb8b4b6d14dbbbe6b56ba36fcfbab3830e56ee0c
imdb_reviews,0.4666666666666666,bge_small_en_v1_5,mauve_reference,minilm_l6_v2,43,0.6,1a93abcfb15e5819215cc065bb8b4b6d14dbbbe6b56ba36fcfbab3830e56ee0c
imdb_reviews,0.7333333333333333,bge_small_en_v1_5,mauve_reference,mpnet_base_v2,43,0.8285714285714287,1a93abcfb15e5819215cc065bb8b4b6d14dbbbe6b56ba36fcfbab3830e56ee0c
imdb_reviews,0.7333333333333333,minilm_l6_v2,mauve_reference,mpnet_base_v2,43,0.8285714285714287,1a93abcfb15e5819215cc065bb8b4b6d14dbbbe6b56ba36fcfbab3830e56ee0c
imdb_reviews,0.3333333333333333,bge_small_en_v1_5,fbd,minilm_l6_v2,43,0.48571428571428577,4fd543cfc271d4eb1c99354744e03d1caf13cdef2c34d3e6a4be94f2a4d8b97b
imdb_reviews,0.2,bge_small_en_v1_5,fbd,mpnet_base_v2,43,0.4285714285714286,4fd543cfc271d4eb1c99354744e03d1caf13cdef2c34d3e6a4be94f2a4d8b97b
imdb_reviews,0.8666666666666666,minilm_l6_v2,fbd,mpnet_base_v2,43,0.942857142857143,4fd543cfc271d4eb1c99354744e03d1caf13cdef2c34d3e6a4be94f2a4d8b97b
imdb_reviews,0.4666666666666666,bge_small_en_v1_5,mauve_reference,minilm_l6_v2,43,0.6,4fd543cfc271d4eb1c99354744e03d1caf13cdef2c34d3e6a4be94f2a4d8b97b
imdb_reviews,0.7333333333333333,bge_small_en_v1_5,mauve_reference,mpnet_base_v2,43,0.8285714285714287,4fd543cfc271d4eb1c99354744e03d1caf13cdef2c34d3e6a4be94f2a4d8b97b
imdb_reviews,0.2,minilm_l6_v2,mauve_reference,mpnet_base_v2,43,0.4285714285714286,4fd543cfc271d4eb1c99354744e03d1caf13cdef2c34d3e6a4be94f2a4d8b97b
imdb_reviews,0.8666666666666666,bge_small_en_v1_5,fbd,minilm_l6_v2,43,0.942857142857143,702d7de6699fac5ce0472aeeaca81469795c7bbded6f4120e32e5cd2d98a9171
imdb_reviews,0.8666666666666666,bge_small_en_v1_5,fbd,mpnet_base_v2,43,0.942857142857143,702d7de6699fac5ce0472aeeaca81469795c7bbded6f4120e32e5cd2d98a9171
imdb_reviews,0.9999999999999999,minilm_l6_v2,fbd,mpnet_base_v2,43,1.0,702d7de6699fac5ce0472aeeaca81469795c7bbded6f4120e32e5cd2d98a9171
imdb_reviews,0.6445033866354897,bge_small_en_v1_5,mauve_reference,minilm_l6_v2,43,0.7356123579206245,702d7de6699fac5ce0472aeeaca81469795c7bbded6f4120e32e5cd2d98a9171
imdb_reviews,0.7412493166611013,bge_small_en_v1_5,mauve_reference,mpnet_base_v2,43,0.835914007637145,702d7de6699fac5ce0472aeeaca81469795c7bbded6f4120e32e5cd2d98a9171
imdb_reviews,0.8280786712108251,minilm_l6_v2,mauve_reference,mpnet_base_v2,43,0.9276336570439175,702d7de6699fac5ce0472aeeaca81469795c7bbded6f4120e32e5cd2d98a9171
imdb_reviews,0.4666666666666666,bge_small_en_v1_5,fbd,minilm_l6_v2,43,0.6,d04997a9723aea53b201ff8475aea3cc49fbd933c3464a3503c9263225099a4e
imdb_reviews,0.4666666666666666,bge_small_en_v1_5,fbd,mpnet_base_v2,43,0.6,d04997a9723aea53b201ff8475aea3cc49fbd933c3464a3503c9263225099a4e
imdb_reviews,0.9999999999999999,minilm_l6_v2,fbd,mpnet_base_v2,43,1.0,d04997a9723aea53b201ff8475aea3cc49fbd933c3464a3503c9263225099a4e
imdb_reviews,0.06666666666666665,bge_small_en_v1_5,mauve_reference,minilm_l6_v2,43,0.08571428571428573,d04997a9723aea53b201ff8475aea3cc49fbd933c3464a3503c9263225099a4e
imdb_reviews,0.4666666666666666,bge_small_en_v1_5,mauve_reference,mpnet_base_v2,43,0.5428571428571429,d04997a9723aea53b201ff8475aea3cc49fbd933c3464a3503c9263225099a4e
imdb_reviews,0.6,minilm_l6_v2,mauve_reference,mpnet_base_v2,43,0.6571428571428573,d04997a9723aea53b201ff8475aea3cc49fbd933c3464a3503c9263225099a4e
imdb_reviews,0.6,bge_small_en_v1_5,fbd,minilm_l6_v2,43,0.7142857142857143,e0538e72ede9d38beb3f33902fe7541cfda5365fc320ef9c0f4c92318c8fe1cc
imdb_reviews,0.7333333333333333,bge_small_en_v1_5,fbd,mpnet_base_v2,43,0.8285714285714287,e0538e72ede9d38beb3f33902fe7541cfda5365fc320ef9c0f4c92318c8fe1cc
imdb_reviews,0.8666666666666666,minilm_l6_v2,fbd,mpnet_base_v2,43,0.942857142857143,e0538e72ede9d38beb3f33902fe7541cfda5365fc320ef9c0f4c92318c8fe1cc
imdb_reviews,-0.2,bge_small_en_v1_5,mauve_reference,minilm_l6_v2,43,-0.2571428571428572,e0538e72ede9d38beb3f33902fe7541cfda5365fc320ef9c0f4c92318c8fe1cc
imdb_reviews,0.3333333333333333,bge_small_en_v1_5,mauve_reference,mpnet_base_v2,43,0.3714285714285715,e0538e72ede9d38beb3f33902fe7541cfda5365fc320ef9c0f4c92318c8fe1cc
imdb_reviews,-0.06666666666666665,minilm_l6_v2,mauve_reference,mpnet_base_v2,43,0.028571428571428574,e0538e72ede9d38beb3f33902fe7541cfda5365fc320ef9c0f4c92318c8fe1cc
imdb_reviews,0.4666666666666666,bge_small_en_v1_5,fbd,minilm_l6_v2,43,0.7142857142857143,f160d75cd4cb8ad8a3d670cab7e2bf971054a941d5c4148cfbd2399811f5daca
imdb_reviews,0.4666666666666666,bge_small_en_v1_5,fbd,mpnet_base_v2,43,0.7142857142857143,f160d75cd4cb8ad8a3d670cab7e2bf971054a941d5c4148cfbd2399811f5daca
imdb_reviews,0.9999999999999999,minilm_l6_v2,fbd,mpnet_base_v2,43,1.0,f160d75cd4cb8ad8a3d670cab7e2bf971054a941d5c4148cfbd2399811f5daca
imdb_reviews,0.06666666666666665,bge_small_en_v1_5,mauve_reference,minilm_l6_v2,43,0.2,f160d75cd4cb8ad8a3d670cab7e2bf971054a941d5c4148cfbd2399811f5daca
imdb_reviews,0.4666666666666666,bge_small_en_v1_5,mauve_reference,mpnet_base_v2,43,0.6,f160d75cd4cb8ad8a3d670cab7e2bf971054a941d5c4148cfbd2399811f5daca
imdb_reviews,-0.2,minilm_l6_v2,mauve_reference,mpnet_base_v2,43,-0.14285714285714288,f160d75cd4cb8ad8a3d670cab7e2bf971054a941d5c4148cfbd2399811f5daca
yahoo_answers,0.9999999999999999,bge_small_en_v1_5,fbd,minilm_l6_v2,43,1.0,1a93abcfb15e5819215cc065bb8b4b6d14dbbbe6b56ba36fcfbab3830e56ee0c
yahoo_answers,0.8666666666666666,bge_small_en_v1_5,fbd,mpnet_base_v2,43,0.942857142857143,1a93abcfb15e5819215cc065bb8b4b6d14dbbbe6b56ba36fcfbab3830e56ee0c
yahoo_answers,0.8666666666666666,minilm_l6_v2,fbd,mpnet_base_v2,43,0.942857142857143,1a93abcfb15e5819215cc065bb8b4b6d14dbbbe6b56ba36fcfbab3830e56ee0c
yahoo_answers,0.8666666666666666,bge_small_en_v1_5,mauve_reference,minilm_l6_v2,43,0.942857142857143,1a93abcfb15e5819215cc065bb8b4b6d14dbbbe6b56ba36fcfbab3830e56ee0c
yahoo_answers,0.7333333333333333,bge_small_en_v1_5,mauve_reference,mpnet_base_v2,43,0.8857142857142858,1a93abcfb15e5819215cc065bb8b4b6d14dbbbe6b56ba36fcfbab3830e56ee0c
yahoo_answers,0.8666666666666666,minilm_l6_v2,mauve_reference,mpnet_base_v2,43,0.942857142857143,1a93abcfb15e5819215cc065bb8b4b6d14dbbbe6b56ba36fcfbab3830e56ee0c
yahoo_answers,0.9999999999999999,bge_small_en_v1_5,fbd,minilm_l6_v2,43,1.0,4fd543cfc271d4eb1c99354744e03d1caf13cdef2c34d3e6a4be94f2a4d8b97b
yahoo_answers,0.8666666666666666,bge_small_en_v1_5,fbd,mpnet_base_v2,43,0.942857142857143,4fd543cfc271d4eb1c99354744e03d1caf13cdef2c34d3e6a4be94f2a4d8b97b
yahoo_answers,0.8666666666666666,minilm_l6_v2,fbd,mpnet_base_v2,43,0.942857142857143,4fd543cfc271d4eb1c99354744e03d1caf13cdef2c34d3e6a4be94f2a4d8b97b
yahoo_answers,0.9999999999999999,bge_small_en_v1_5,mauve_reference,minilm_l6_v2,43,1.0,4fd543cfc271d4eb1c99354744e03d1caf13cdef2c34d3e6a4be94f2a4d8b97b
yahoo_answers,0.7333333333333333,bge_small_en_v1_5,mauve_reference,mpnet_base_v2,43,0.8285714285714287,4fd543cfc271d4eb1c99354744e03d1caf13cdef2c34d3e6a4be94f2a4d8b97b
yahoo_answers,0.7333333333333333,minilm_l6_v2,mauve_reference,mpnet_base_v2,43,0.8285714285714287,4fd543cfc271d4eb1c99354744e03d1caf13cdef2c34d3e6a4be94f2a4d8b97b
yahoo_answers,0.4666666666666666,bge_small_en_v1_5,fbd,minilm_l6_v2,43,0.6,702d7de6699fac5ce0472aeeaca81469795c7bbded6f4120e32e5cd2d98a9171
yahoo_answers,0.6,bge_small_en_v1_5,fbd,mpnet_base_v2,43,0.7714285714285715,702d7de6699fac5ce0472aeeaca81469795c7bbded6f4120e32e5cd2d98a9171
yahoo_answers,0.8666666666666666,minilm_l6_v2,fbd,mpnet_base_v2,43,0.942857142857143,702d7de6699fac5ce0472aeeaca81469795c7bbded6f4120e32e5cd2d98a9171
yahoo_answers,0.8333333333333335,bge_small_en_v1_5,mauve_reference,minilm_l6_v2,43,0.870967741935484,702d7de6699fac5ce0472aeeaca81469795c7bbded6f4120e32e5cd2d98a9171
yahoo_answers,0.6943650748294137,bge_small_en_v1_5,mauve_reference,mpnet_base_v2,43,0.7700513795421218,702d7de6699fac5ce0472aeeaca81469795c7bbded6f4120e32e5cd2d98a9171
yahoo_answers,0.3857583749052298,minilm_l6_v2,mauve_reference,mpnet_base_v2,43,0.46203082772527304,702d7de6699fac5ce0472aeeaca81469795c7bbded6f4120e32e5cd2d98a9171
yahoo_answers,0.8666666666666666,bge_small_en_v1_5,fbd,minilm_l6_v2,43,0.942857142857143,d04997a9723aea53b201ff8475aea3cc49fbd933c3464a3503c9263225099a4e
yahoo_answers,0.8666666666666666,bge_small_en_v1_5,fbd,mpnet_base_v2,43,0.942857142857143,d04997a9723aea53b201ff8475aea3cc49fbd933c3464a3503c9263225099a4e
yahoo_answers,0.9999999999999999,minilm_l6_v2,fbd,mpnet_base_v2,43,1.0,d04997a9723aea53b201ff8475aea3cc49fbd933c3464a3503c9263225099a4e
yahoo_answers,0.6,bge_small_en_v1_5,mauve_reference,minilm_l6_v2,43,0.7714285714285715,d04997a9723aea53b201ff8475aea3cc49fbd933c3464a3503c9263225099a4e
yahoo_answers,0.7333333333333333,bge_small_en_v1_5,mauve_reference,mpnet_base_v2,43,0.8857142857142858,d04997a9723aea53b201ff8475aea3cc49fbd933c3464a3503c9263225099a4e
yahoo_answers,0.8666666666666666,minilm_l6_v2,mauve_reference,mpnet_base_v2,43,0.942857142857143,d04997a9723aea53b201ff8475aea3cc49fbd933c3464a3503c9263225099a4e
yahoo_answers,0.9999999999999999,bge_small_en_v1_5,fbd,minilm_l6_v2,43,1.0,e0538e72ede9d38beb3f33902fe7541cfda5365fc320ef9c0f4c92318c8fe1cc
yahoo_answers,0.7333333333333333,bge_small_en_v1_5,fbd,mpnet_base_v2,43,0.8285714285714287,e0538e72ede9d38beb3f33902fe7541cfda5365fc320ef9c0f4c92318c8fe1cc
yahoo_answers,0.7333333333333333,minilm_l6_v2,fbd,mpnet_base_v2,43,0.8285714285714287,e0538e72ede9d38beb3f33902fe7541cfda5365fc320ef9c0f4c92318c8fe1cc
yahoo_answers,0.5520524474738833,bge_small_en_v1_5,mauve_reference,minilm_l6_v2,43,0.753702346348183,e0538e72ede9d38beb3f33902fe7541cfda5365fc320ef9c0f4c92318c8fe1cc
yahoo_answers,0.8666666666666666,bge_small_en_v1_5,mauve_reference,mpnet_base_v2,43,0.942857142857143,e0538e72ede9d38beb3f33902fe7541cfda5365fc320ef9c0f4c92318c8fe1cc
yahoo_answers,0.6900655593423541,minilm_l6_v2,mauve_reference,mpnet_base_v2,43,0.8116794499134278,e0538e72ede9d38beb3f33902fe7541cfda5365fc320ef9c0f4c92318c8fe1cc
yahoo_answers,0.7333333333333333,bge_small_en_v1_5,fbd,minilm_l6_v2,43,0.8285714285714287,f160d75cd4cb8ad8a3d670cab7e2bf971054a941d5c4148cfbd2399811f5daca
yahoo_answers,0.6,bge_small_en_v1_5,fbd,mpnet_base_v2,43,0.6571428571428573,f160d75cd4cb8ad8a3d670cab7e2bf971054a941d5c4148cfbd2399811f5daca
yahoo_answers,0.8666666666666666,minilm_l6_v2,fbd,mpnet_base_v2,43,0.942857142857143,f160d75cd4cb8ad8a3d670cab7e2bf971054a941d5c4148cfbd2399811f5daca
yahoo_answers,0.7333333333333333,bge_small_en_v1_5,mauve_reference,minilm_l6_v2,43,0.8285714285714287,f160d75cd4cb8ad8a3d670cab7e2bf971054a941d5c4148cfbd2399811f5daca
yahoo_answers,0.6,bge_small_en_v1_5,mauve_reference,mpnet_base_v2,43,0.7142857142857143,f160d75cd4cb8ad8a3d670cab7e2bf971054a941d5c4148cfbd2399811f5daca
yahoo_answers,0.6,minilm_l6_v2,mauve_reference,mpnet_base_v2,43,0.7714285714285715,f160d75cd4cb8ad8a3d670cab7e2bf971054a941d5c4148cfbd2399811f5daca
ag_news,0.8666666666666666,bge_small_en_v1_5,fbd,minilm_l6_v2,59,0.942857142857143,1a93abcfb15e5819215cc065bb8b4b6d14dbbbe6b56ba36fcfbab3830e56ee0c
ag_news,0.8666666666666666,bge_small_en_v1_5,fbd,mpnet_base_v2,59,0.942857142857143,1a93abcfb15e5819215cc065bb8b4b6d14dbbbe6b56ba36fcfbab3830e56ee0c
ag_news,0.9999999999999999,minilm_l6_v2,fbd,mpnet_base_v2,59,1.0,1a93abcfb15e5819215cc065bb8b4b6d14dbbbe6b56ba36fcfbab3830e56ee0c
ag_news,0.4666666666666666,bge_small_en_v1_5,mauve_reference,minilm_l6_v2,59,0.6,1a93abcfb15e5819215cc065bb8b4b6d14dbbbe6b56ba36fcfbab3830e56ee0c
ag_news,0.4666666666666666,bge_small_en_v1_5,mauve_reference,mpnet_base_v2,59,0.6,1a93abcfb15e5819215cc065bb8b4b6d14dbbbe6b56ba36fcfbab3830e56ee0c
ag_news,0.9999999999999999,minilm_l6_v2,mauve_reference,mpnet_base_v2,59,1.0,1a93abcfb15e5819215cc065bb8b4b6d14dbbbe6b56ba36fcfbab3830e56ee0c
ag_news,0.8666666666666666,bge_small_en_v1_5,fbd,minilm_l6_v2,59,0.942857142857143,4fd543cfc271d4eb1c99354744e03d1caf13cdef2c34d3e6a4be94f2a4d8b97b
ag_news,0.8666666666666666,bge_small_en_v1_5,fbd,mpnet_base_v2,59,0.942857142857143,4fd543cfc271d4eb1c99354744e03d1caf13cdef2c34d3e6a4be94f2a4d8b97b
ag_news,0.9999999999999999,minilm_l6_v2,fbd,mpnet_base_v2,59,1.0,4fd543cfc271d4eb1c99354744e03d1caf13cdef2c34d3e6a4be94f2a4d8b97b
ag_news,0.8666666666666666,bge_small_en_v1_5,mauve_reference,minilm_l6_v2,59,0.942857142857143,4fd543cfc271d4eb1c99354744e03d1caf13cdef2c34d3e6a4be94f2a4d8b97b
ag_news,0.9999999999999999,bge_small_en_v1_5,mauve_reference,mpnet_base_v2,59,1.0,4fd543cfc271d4eb1c99354744e03d1caf13cdef2c34d3e6a4be94f2a4d8b97b
ag_news,0.8666666666666666,minilm_l6_v2,mauve_reference,mpnet_base_v2,59,0.942857142857143,4fd543cfc271d4eb1c99354744e03d1caf13cdef2c34d3e6a4be94f2a4d8b97b
ag_news,0.8666666666666666,bge_small_en_v1_5,fbd,minilm_l6_v2,59,0.942857142857143,702d7de6699fac5ce0472aeeaca81469795c7bbded6f4120e32e5cd2d98a9171
ag_news,0.8666666666666666,bge_small_en_v1_5,fbd,mpnet_base_v2,59,0.942857142857143,702d7de6699fac5ce0472aeeaca81469795c7bbded6f4120e32e5cd2d98a9171
ag_news,0.9999999999999999,minilm_l6_v2,fbd,mpnet_base_v2,59,1.0,702d7de6699fac5ce0472aeeaca81469795c7bbded6f4120e32e5cd2d98a9171
ag_news,0.7333333333333333,bge_small_en_v1_5,mauve_reference,minilm_l6_v2,59,0.8285714285714287,702d7de6699fac5ce0472aeeaca81469795c7bbded6f4120e32e5cd2d98a9171
ag_news,0.8280786712108251,bge_small_en_v1_5,mauve_reference,mpnet_base_v2,59,0.9276336570439175,702d7de6699fac5ce0472aeeaca81469795c7bbded6f4120e32e5cd2d98a9171
ag_news,0.8280786712108251,minilm_l6_v2,mauve_reference,mpnet_base_v2,59,0.9276336570439175,702d7de6699fac5ce0472aeeaca81469795c7bbded6f4120e32e5cd2d98a9171
ag_news,0.8666666666666666,bge_small_en_v1_5,fbd,minilm_l6_v2,59,0.942857142857143,d04997a9723aea53b201ff8475aea3cc49fbd933c3464a3503c9263225099a4e
ag_news,0.9999999999999999,bge_small_en_v1_5,fbd,mpnet_base_v2,59,1.0,d04997a9723aea53b201ff8475aea3cc49fbd933c3464a3503c9263225099a4e
ag_news,0.8666666666666666,minilm_l6_v2,fbd,mpnet_base_v2,59,0.942857142857143,d04997a9723aea53b201ff8475aea3cc49fbd933c3464a3503c9263225099a4e
ag_news,0.8666666666666666,bge_small_en_v1_5,mauve_reference,minilm_l6_v2,59,0.942857142857143,d04997a9723aea53b201ff8475aea3cc49fbd933c3464a3503c9263225099a4e
ag_news,0.7333333333333333,bge_small_en_v1_5,mauve_reference,mpnet_base_v2,59,0.8285714285714287,d04997a9723aea53b201ff8475aea3cc49fbd933c3464a3503c9263225099a4e
ag_news,0.6,minilm_l6_v2,mauve_reference,mpnet_base_v2,59,0.7714285714285715,d04997a9723aea53b201ff8475aea3cc49fbd933c3464a3503c9263225099a4e
ag_news,0.8666666666666666,bge_small_en_v1_5,fbd,minilm_l6_v2,59,0.942857142857143,e0538e72ede9d38beb3f33902fe7541cfda5365fc320ef9c0f4c92318c8fe1cc
ag_news,0.7333333333333333,bge_small_en_v1_5,fbd,mpnet_base_v2,59,0.8285714285714287,e0538e72ede9d38beb3f33902fe7541cfda5365fc320ef9c0f4c92318c8fe1cc
ag_news,0.8666666666666666,minilm_l6_v2,fbd,mpnet_base_v2,59,0.942857142857143,e0538e72ede9d38beb3f33902fe7541cfda5365fc320ef9c0f4c92318c8fe1cc
ag_news,0.6,bge_small_en_v1_5,mauve_reference,minilm_l6_v2,59,0.7714285714285715,e0538e72ede9d38beb3f33902fe7541cfda5365fc320ef9c0f4c92318c8fe1cc
ag_news,0.7333333333333333,bge_small_en_v1_5,mauve_reference,mpnet_base_v2,59,0.8285714285714287,e0538e72ede9d38beb3f33902fe7541cfda5365fc320ef9c0f4c92318c8fe1cc
ag_news,0.8666666666666666,minilm_l6_v2,mauve_reference,mpnet_base_v2,59,0.942857142857143,e0538e72ede9d38beb3f33902fe7541cfda5365fc320ef9c0f4c92318c8fe1cc
ag_news,0.7333333333333333,bge_small_en_v1_5,fbd,minilm_l6_v2,59,0.8857142857142858,f160d75cd4cb8ad8a3d670cab7e2bf971054a941d5c4148cfbd2399811f5daca
ag_news,0.7333333333333333,bge_small_en_v1_5,fbd,mpnet_base_v2,59,0.8857142857142858,f160d75cd4cb8ad8a3d670cab7e2bf971054a941d5c4148cfbd2399811f5daca
ag_news,0.9999999999999999,minilm_l6_v2,fbd,mpnet_base_v2,59,1.0,f160d75cd4cb8ad8a3d670cab7e2bf971054a941d5c4148cfbd2399811f5daca
ag_news,0.3333333333333333,bge_small_en_v1_5,mauve_reference,minilm_l6_v2,59,0.3142857142857143,f160d75cd4cb8ad8a3d670cab7e2bf971054a941d5c4148cfbd2399811f5daca
ag_news,0.41403933560541256,bge_small_en_v1_5,mauve_reference,mpnet_base_v2,59,0.6377481392176932,f160d75cd4cb8ad8a3d670cab7e2bf971054a941d5c4148cfbd2399811f5daca
ag_news,0.5520524474738833,minilm_l6_v2,mauve_reference,mpnet_base_v2,59,0.753702346348183,f160d75cd4cb8ad8a3d670cab7e2bf971054a941d5c4148cfbd2399811f5daca
amazon_reviews,0.6,bge_small_en_v1_5,fbd,minilm_l6_v2,59,0.8285714285714287,1a93abcfb15e5819215cc065bb8b4b6d14dbbbe6b56ba36fcfbab3830e56ee0c
amazon_reviews,0.7333333333333333,bge_small_en_v1_5,fbd,mpnet_base_v2,59,0.8857142857142858,1a93abcfb15e5819215cc065bb8b4b6d14dbbbe6b56ba36fcfbab3830e56ee0c
amazon_reviews,0.8666666666666666,minilm_l6_v2,fbd,mpnet_base_v2,59,0.942857142857143,1a93abcfb15e5819215cc065bb8b4b6d14dbbbe6b56ba36fcfbab3830e56ee0c
amazon_reviews,0.9999999999999999,bge_small_en_v1_5,mauve_reference,minilm_l6_v2,59,1.0,1a93abcfb15e5819215cc065bb8b4b6d14dbbbe6b56ba36fcfbab3830e56ee0c
amazon_reviews,0.8666666666666666,bge_small_en_v1_5,mauve_reference,mpnet_base_v2,59,0.942857142857143,1a93abcfb15e5819215cc065bb8b4b6d14dbbbe6b56ba36fcfbab3830e56ee0c
amazon_reviews,0.8666666666666666,minilm_l6_v2,mauve_reference,mpnet_base_v2,59,0.942857142857143,1a93abcfb15e5819215cc065bb8b4b6d14dbbbe6b56ba36fcfbab3830e56ee0c
amazon_reviews,0.7333333333333333,bge_small_en_v1_5,fbd,minilm_l6_v2,59,0.8285714285714287,4fd543cfc271d4eb1c99354744e03d1caf13cdef2c34d3e6a4be94f2a4d8b97b
amazon_reviews,0.7333333333333333,bge_small_en_v1_5,fbd,mpnet_base_v2,59,0.8285714285714287,4fd543cfc271d4eb1c99354744e03d1caf13cdef2c34d3e6a4be94f2a4d8b97b
amazon_reviews,0.9999999999999999,minilm_l6_v2,fbd,mpnet_base_v2,59,1.0,4fd543cfc271d4eb1c99354744e03d1caf13cdef2c34d3e6a4be94f2a4d8b97b
amazon_reviews,0.8666666666666666,bge_small_en_v1_5,mauve_reference,minilm_l6_v2,59,0.942857142857143,4fd543cfc271d4eb1c99354744e03d1caf13cdef2c34d3e6a4be94f2a4d8b97b
amazon_reviews,0.8666666666666666,bge_small_en_v1_5,mauve_reference,mpnet_base_v2,59,0.942857142857143,4fd543cfc271d4eb1c99354744e03d1caf13cdef2c34d3e6a4be94f2a4d8b97b
amazon_reviews,0.7333333333333333,minilm_l6_v2,mauve_reference,mpnet_base_v2,59,0.8857142857142858,4fd543cfc271d4eb1c99354744e03d1caf13cdef2c34d3e6a4be94f2a4d8b97b
amazon_reviews,0.8666666666666666,bge_small_en_v1_5,fbd,minilm_l6_v2,59,0.942857142857143,702d7de6699fac5ce0472aeeaca81469795c7bbded6f4120e32e5cd2d98a9171
amazon_reviews,0.8666666666666666,bge_small_en_v1_5,fbd,mpnet_base_v2,59,0.942857142857143,702d7de6699fac5ce0472aeeaca81469795c7bbded6f4120e32e5cd2d98a9171
amazon_reviews,0.9999999999999999,minilm_l6_v2,fbd,mpnet_base_v2,59,1.0,702d7de6699fac5ce0472aeeaca81469795c7bbded6f4120e32e5cd2d98a9171
amazon_reviews,0.25087260300212727,bge_small_en_v1_5,mauve_reference,minilm_l6_v2,59,0.3178208630818641,702d7de6699fac5ce0472aeeaca81469795c7bbded6f4120e32e5cd2d98a9171
amazon_reviews,0.36363636363636365,bge_small_en_v1_5,mauve_reference,mpnet_base_v2,59,0.41666666666666674,702d7de6699fac5ce0472aeeaca81469795c7bbded6f4120e32e5cd2d98a9171
amazon_reviews,0.25087260300212727,minilm_l6_v2,mauve_reference,mpnet_base_v2,59,0.31782086308186414,702d7de6699fac5ce0472aeeaca81469795c7bbded6f4120e32e5cd2d98a9171
amazon_reviews,0.6,bge_small_en_v1_5,fbd,minilm_l6_v2,59,0.6571428571428573,d04997a9723aea53b201ff8475aea3cc49fbd933c3464a3503c9263225099a4e
amazon_reviews,0.4666666666666666,bge_small_en_v1_5,fbd,mpnet_base_v2,59,0.6,d04997a9723aea53b201ff8475aea3cc49fbd933c3464a3503c9263225099a4e
amazon_reviews,0.6,minilm_l6_v2,fbd,mpnet_base_v2,59,0.7142857142857143,d04997a9723aea53b201ff8475aea3cc49fbd933c3464a3503c9263225099a4e
amazon_reviews,0.6,bge_small_en_v1_5,mauve_reference,minilm_l6_v2,59,0.7714285714285715,d04997a9723aea53b201ff8475aea3cc49fbd933c3464a3503c9263225099a4e
amazon_reviews,0.8666666666666666,bge_small_en_v1_5,mauve_reference,mpnet_base_v2,59,0.942857142857143,d04997a9723aea53b201ff8475aea3cc49fbd933c3464a3503c9263225099a4e
amazon_reviews,0.7333333333333333,minilm_l6_v2,mauve_reference,mpnet_base_v2,59,0.8285714285714287,d04997a9723aea53b201ff8475aea3cc49fbd933c3464a3503c9263225099a4e
amazon_reviews,0.6,bge_small_en_v1_5,fbd,minilm_l6_v2,59,0.7714285714285715,e0538e72ede9d38beb3f33902fe7541cfda5365fc320ef9c0f4c92318c8fe1cc
amazon_reviews,0.7333333333333333,bge_small_en_v1_5,fbd,mpnet_base_v2,59,0.8285714285714287,e0538e72ede9d38beb3f33902fe7541cfda5365fc320ef9c0f4c92318c8fe1cc
amazon_reviews,0.6,minilm_l6_v2,fbd,mpnet_base_v2,59,0.7714285714285715,e0538e72ede9d38beb3f33902fe7541cfda5365fc320ef9c0f4c92318c8fe1cc
amazon_reviews,0.7333333333333333,bge_small_en_v1_5,mauve_reference,minilm_l6_v2,59,0.8857142857142858,e0538e72ede9d38beb3f33902fe7541cfda5365fc320ef9c0f4c92318c8fe1cc
amazon_reviews,0.6,bge_small_en_v1_5,mauve_reference,mpnet_base_v2,59,0.7714285714285715,e0538e72ede9d38beb3f33902fe7541cfda5365fc320ef9c0f4c92318c8fe1cc
amazon_reviews,0.6,minilm_l6_v2,mauve_reference,mpnet_base_v2,59,0.7714285714285715,e0538e72ede9d38beb3f33902fe7541cfda5365fc320ef9c0f4c92318c8fe1cc
amazon_reviews,0.8666666666666666,bge_small_en_v1_5,fbd,minilm_l6_v2,59,0.942857142857143,f160d75cd4cb8ad8a3d670cab7e2bf971054a941d5c4148cfbd2399811f5daca
amazon_reviews,0.8666666666666666,bge_small_en_v1_5,fbd,mpnet_base_v2,59,0.942857142857143,f160d75cd4cb8ad8a3d670cab7e2bf971054a941d5c4148cfbd2399811f5daca
amazon_reviews,0.9999999999999999,minilm_l6_v2,fbd,mpnet_base_v2,59,1.0,f160d75cd4cb8ad8a3d670cab7e2bf971054a941d5c4148cfbd2399811f5daca
amazon_reviews,0.6,bge_small_en_v1_5,mauve_reference,minilm_l6_v2,59,0.7714285714285715,f160d75cd4cb8ad8a3d670cab7e2bf971054a941d5c4148cfbd2399811f5daca
amazon_reviews,0.4666666666666666,bge_small_en_v1_5,mauve_reference,mpnet_base_v2,59,0.7142857142857143,f160d75cd4cb8ad8a3d670cab7e2bf971054a941d5c4148cfbd2399811f5daca
amazon_reviews,0.6,minilm_l6_v2,mauve_reference,mpnet_base_v2,59,0.6571428571428573,f160d75cd4cb8ad8a3d670cab7e2bf971054a941d5c4148cfbd2399811f5daca
dbpedia,0.8666666666666666,bge_small_en_v1_5,fbd,minilm_l6_v2,59,0.942857142857143,1a93abcfb15e5819215cc065bb8b4b6d14dbbbe6b56ba36fcfbab3830e56ee0c
dbpedia,0.6,bge_small_en_v1_5,fbd,mpnet_base_v2,59,0.7714285714285715,1a93abcfb15e5819215cc065bb8b4b6d14dbbbe6b56ba36fcfbab3830e56ee0c
dbpedia,0.7333333333333333,minilm_l6_v2,fbd,mpnet_base_v2,59,0.8285714285714287,1a93abcfb15e5819215cc065bb8b4b6d14dbbbe6b56ba36fcfbab3830e56ee0c
dbpedia,0.6,bge_small_en_v1_5,mauve_reference,minilm_l6_v2,59,0.7714285714285715,1a93abcfb15e5819215cc065bb8b4b6d14dbbbe6b56ba36fcfbab3830e56ee0c
dbpedia,0.9999999999999999,bge_small_en_v1_5,mauve_reference,mpnet_base_v2,59,1.0,1a93abcfb15e5819215cc065bb8b4b6d14dbbbe6b56ba36fcfbab3830e56ee0c
dbpedia,0.6,minilm_l6_v2,mauve_reference,mpnet_base_v2,59,0.7714285714285715,1a93abcfb15e5819215cc065bb8b4b6d14dbbbe6b56ba36fcfbab3830e56ee0c
dbpedia,0.9999999999999999,bge_small_en_v1_5,fbd,minilm_l6_v2,59,1.0,4fd543cfc271d4eb1c99354744e03d1caf13cdef2c34d3e6a4be94f2a4d8b97b
dbpedia,0.9999999999999999,bge_small_en_v1_5,fbd,mpnet_base_v2,59,1.0,4fd543cfc271d4eb1c99354744e03d1caf13cdef2c34d3e6a4be94f2a4d8b97b
dbpedia,0.9999999999999999,minilm_l6_v2,fbd,mpnet_base_v2,59,1.0,4fd543cfc271d4eb1c99354744e03d1caf13cdef2c34d3e6a4be94f2a4d8b97b
dbpedia,0.6,bge_small_en_v1_5,mauve_reference,minilm_l6_v2,59,0.7714285714285715,4fd543cfc271d4eb1c99354744e03d1caf13cdef2c34d3e6a4be94f2a4d8b97b
dbpedia,0.4666666666666666,bge_small_en_v1_5,mauve_reference,mpnet_base_v2,59,0.6,4fd543cfc271d4eb1c99354744e03d1caf13cdef2c34d3e6a4be94f2a4d8b97b
dbpedia,0.6,minilm_l6_v2,mauve_reference,mpnet_base_v2,59,0.8285714285714287,4fd543cfc271d4eb1c99354744e03d1caf13cdef2c34d3e6a4be94f2a4d8b97b
dbpedia,0.4666666666666666,bge_small_en_v1_5,fbd,minilm_l6_v2,59,0.5428571428571429,702d7de6699fac5ce0472aeeaca81469795c7bbded6f4120e32e5cd2d98a9171
dbpedia,0.4666666666666666,bge_small_en_v1_5,fbd,mpnet_base_v2,59,0.6,702d7de6699fac5ce0472aeeaca81469795c7bbded6f4120e32e5cd2d98a9171
dbpedia,0.7333333333333333,minilm_l6_v2,fbd,mpnet_base_v2,59,0.8857142857142858,702d7de6699fac5ce0472aeeaca81469795c7bbded6f4120e32e5cd2d98a9171
dbpedia,0.5,bge_small_en_v1_5,mauve_reference,minilm_l6_v2,59,0.6029411764705883,702d7de6699fac5ce0472aeeaca81469795c7bbded6f4120e32e5cd2d98a9171
dbpedia,0.5,bge_small_en_v1_5,mauve_reference,mpnet_base_v2,59,0.6764705882352942,702d7de6699fac5ce0472aeeaca81469795c7bbded6f4120e32e5cd2d98a9171
dbpedia,0.7857142857142858,minilm_l6_v2,mauve_reference,mpnet_base_v2,59,0.8970588235294118,702d7de6699fac5ce0472aeeaca81469795c7bbded6f4120e32e5cd2d98a9171
dbpedia,0.8666666666666666,bge_small_en_v1_5,fbd,minilm_l6_v2,59,0.942857142857143,d04997a9723aea53b201ff8475aea3cc49fbd933c3464a3503c9263225099a4e
dbpedia,0.7333333333333333,bge_small_en_v1_5,fbd,mpnet_base_v2,59,0.8285714285714287,d04997a9723aea53b201ff8475aea3cc49fbd933c3464a3503c9263225099a4e
dbpedia,0.8666666666666666,minilm_l6_v2,fbd,mpnet_base_v2,59,0.942857142857143,d04997a9723aea53b201ff8475aea3cc49fbd933c3464a3503c9263225099a4e
dbpedia,0.3333333333333333,bge_small_en_v1_5,mauve_reference,minilm_l6_v2,59,0.48571428571428577,d04997a9723aea53b201ff8475aea3cc49fbd933c3464a3503c9263225099a4e
dbpedia,0.2,bge_small_en_v1_5,mauve_reference,mpnet_base_v2,59,0.2571428571428572,d04997a9723aea53b201ff8475aea3cc49fbd933c3464a3503c9263225099a4e
dbpedia,0.3333333333333333,minilm_l6_v2,mauve_reference,mpnet_base_v2,59,0.3714285714285715,d04997a9723aea53b201ff8475aea3cc49fbd933c3464a3503c9263225099a4e
dbpedia,0.4666666666666666,bge_small_en_v1_5,fbd,minilm_l6_v2,59,0.6,e0538e72ede9d38beb3f33902fe7541cfda5365fc320ef9c0f4c92318c8fe1cc
dbpedia,0.3333333333333333,bge_small_en_v1_5,fbd,mpnet_base_v2,59,0.3714285714285715,e0538e72ede9d38beb3f33902fe7541cfda5365fc320ef9c0f4c92318c8fe1cc
dbpedia,0.6,minilm_l6_v2,fbd,mpnet_base_v2,59,0.7714285714285715,e0538e72ede9d38beb3f33902fe7541cfda5365fc320ef9c0f4c92318c8fe1cc
dbpedia,0.8666666666666666,bge_small_en_v1_5,mauve_reference,minilm_l6_v2,59,0.942857142857143,e0538e72ede9d38beb3f33902fe7541cfda5365fc320ef9c0f4c92318c8fe1cc
dbpedia,0.7333333333333333,bge_small_en_v1_5,mauve_reference,mpnet_base_v2,59,0.8857142857142858,e0538e72ede9d38beb3f33902fe7541cfda5365fc320ef9c0f4c92318c8fe1cc
dbpedia,0.8666666666666666,minilm_l6_v2,mauve_reference,mpnet_base_v2,59,0.942857142857143,e0538e72ede9d38beb3f33902fe7541cfda5365fc320ef9c0f4c92318c8fe1cc
dbpedia,-0.3333333333333333,bge_small_en_v1_5,fbd,minilm_l6_v2,59,-0.3714285714285715,f160d75cd4cb8ad8a3d670cab7e2bf971054a941d5c4148cfbd2399811f5daca
dbpedia,-0.6,bge_small_en_v1_5,fbd,mpnet_base_v2,59,-0.7142857142857143,f160d75cd4cb8ad8a3d670cab7e2bf971054a941d5c4148cfbd2399811f5daca
dbpedia,0.4666666666666666,minilm_l6_v2,fbd,mpnet_base_v2,59,0.5428571428571429,f160d75cd4cb8ad8a3d670cab7e2bf971054a941d5c4148cfbd2399811f5daca
dbpedia,0.6,bge_small_en_v1_5,mauve_reference,minilm_l6_v2,59,0.7714285714285715,f160d75cd4cb8ad8a3d670cab7e2bf971054a941d5c4148cfbd2399811f5daca
dbpedia,0.7333333333333333,bge_small_en_v1_5,mauve_reference,mpnet_base_v2,59,0.8857142857142858,f160d75cd4cb8ad8a3d670cab7e2bf971054a941d5c4148cfbd2399811f5daca
dbpedia,0.8666666666666666,minilm_l6_v2,mauve_reference,mpnet_base_v2,59,0.942857142857143,f160d75cd4cb8ad8a3d670cab7e2bf971054a941d5c4148cfbd2399811f5daca
imdb_reviews,0.6,bge_small_en_v1_5,fbd,minilm_l6_v2,59,0.7142857142857143,1a93abcfb15e5819215cc065bb8b4b6d14dbbbe6b56ba36fcfbab3830e56ee0c
imdb_reviews,0.6,bge_small_en_v1_5,fbd,mpnet_base_v2,59,0.7142857142857143,1a93abcfb15e5819215cc065bb8b4b6d14dbbbe6b56ba36fcfbab3830e56ee0c
imdb_reviews,0.9999999999999999,minilm_l6_v2,fbd,mpnet_base_v2,59,1.0,1a93abcfb15e5819215cc065bb8b4b6d14dbbbe6b56ba36fcfbab3830e56ee0c
imdb_reviews,0.2760262237369417,bge_small_en_v1_5,mauve_reference,minilm_l6_v2,59,0.11595420713048968,1a93abcfb15e5819215cc065bb8b4b6d14dbbbe6b56ba36fcfbab3830e56ee0c
imdb_reviews,0.0,bge_small_en_v1_5,mauve_reference,mpnet_base_v2,59,0.0,1a93abcfb15e5819215cc065bb8b4b6d14dbbbe6b56ba36fcfbab3830e56ee0c
imdb_reviews,0.2,minilm_l6_v2,mauve_reference,mpnet_base_v2,59,0.3142857142857143,1a93abcfb15e5819215cc065bb8b4b6d14dbbbe6b56ba36fcfbab3830e56ee0c
imdb_reviews,0.2,bge_small_en_v1_5,fbd,minilm_l6_v2,59,0.3142857142857143,4fd543cfc271d4eb1c99354744e03d1caf13cdef2c34d3e6a4be94f2a4d8b97b
imdb_reviews,0.2,bge_small_en_v1_5,fbd,mpnet_base_v2,59,0.3142857142857143,4fd543cfc271d4eb1c99354744e03d1caf13cdef2c34d3e6a4be94f2a4d8b97b
imdb_reviews,0.9999999999999999,minilm_l6_v2,fbd,mpnet_base_v2,59,1.0,4fd543cfc271d4eb1c99354744e03d1caf13cdef2c34d3e6a4be94f2a4d8b97b
imdb_reviews,-0.2,bge_small_en_v1_5,mauve_reference,minilm_l6_v2,59,-0.08571428571428573,4fd543cfc271d4eb1c99354744e03d1caf13cdef2c34d3e6a4be94f2a4d8b97b
imdb_reviews,0.2,bge_small_en_v1_5,mauve_reference,mpnet_base_v2,59,0.08571428571428573,4fd543cfc271d4eb1c99354744e03d1caf13cdef2c34d3e6a4be94f2a4d8b97b
imdb_reviews,0.3333333333333333,minilm_l6_v2,mauve_reference,mpnet_base_v2,59,0.48571428571428577,4fd543cfc271d4eb1c99354744e03d1caf13cdef2c34d3e6a4be94f2a4d8b97b
imdb_reviews,0.7333333333333333,bge_small_en_v1_5,fbd,minilm_l6_v2,59,0.8285714285714287,702d7de6699fac5ce0472aeeaca81469795c7bbded6f4120e32e5cd2d98a9171
imdb_reviews,0.8666666666666666,bge_small_en_v1_5,fbd,mpnet_base_v2,59,0.942857142857143,702d7de6699fac5ce0472aeeaca81469795c7bbded6f4120e32e5cd2d98a9171
imdb_reviews,0.8666666666666666,minilm_l6_v2,fbd,mpnet_base_v2,59,0.942857142857143,702d7de6699fac5ce0472aeeaca81469795c7bbded6f4120e32e5cd2d98a9171
imdb_reviews,0.6172133998483676,bge_small_en_v1_5,mauve_reference,minilm_l6_v2,59,0.7084472691787521,702d7de6699fac5ce0472aeeaca81469795c7bbded6f4120e32e5cd2d98a9171
imdb_reviews,0.6428571428571429,bge_small_en_v1_5,mauve_reference,mpnet_base_v2,59,0.7352941176470588,702d7de6699fac5ce0472aeeaca81469795c7bbded6f4120e32e5cd2d98a9171
imdb_reviews,0.6943650748294137,minilm_l6_v2,mauve_reference,mpnet_base_v2,59,0.7700513795421218,702d7de6699fac5ce0472aeeaca81469795c7bbded6f4120e32e5cd2d98a9171
imdb_reviews,0.4666666666666666,bge_small_en_v1_5,fbd,minilm_l6_v2,59,0.5428571428571429,d04997a9723aea53b201ff8475aea3cc49fbd933c3464a3503c9263225099a4e
imdb_reviews,0.3333333333333333,bge_small_en_v1_5,fbd,mpnet_base_v2,59,0.48571428571428577,d04997a9723aea53b201ff8475aea3cc49fbd933c3464a3503c9263225099a4e
imdb_reviews,0.8666666666666666,minilm_l6_v2,fbd,mpnet_base_v2,59,0.942857142857143,d04997a9723aea53b201ff8475aea3cc49fbd933c3464a3503c9263225099a4e
imdb_reviews,-0.13801311186847084,bge_small_en_v1_5,mauve_reference,minilm_l6_v2,59,-0.20291986247835694,d04997a9723aea53b201ff8475aea3cc49fbd933c3464a3503c9263225099a4e
imdb_reviews,-0.13801311186847084,bge_small_en_v1_5,mauve_reference,mpnet_base_v2,59,-0.4058397249567139,d04997a9723aea53b201ff8475aea3cc49fbd933c3464a3503c9263225099a4e
imdb_reviews,0.7333333333333333,minilm_l6_v2,mauve_reference,mpnet_base_v2,59,0.8857142857142858,d04997a9723aea53b201ff8475aea3cc49fbd933c3464a3503c9263225099a4e
imdb_reviews,0.6,bge_small_en_v1_5,fbd,minilm_l6_v2,59,0.7142857142857143,e0538e72ede9d38beb3f33902fe7541cfda5365fc320ef9c0f4c92318c8fe1cc
imdb_reviews,0.7333333333333333,bge_small_en_v1_5,fbd,mpnet_base_v2,59,0.8285714285714287,e0538e72ede9d38beb3f33902fe7541cfda5365fc320ef9c0f4c92318c8fe1cc
imdb_reviews,0.8666666666666666,minilm_l6_v2,fbd,mpnet_base_v2,59,0.942857142857143,e0538e72ede9d38beb3f33902fe7541cfda5365fc320ef9c0f4c92318c8fe1cc
imdb_reviews,0.06666666666666665,bge_small_en_v1_5,mauve_reference,minilm_l6_v2,59,0.08571428571428573,e0538e72ede9d38beb3f33902fe7541cfda5365fc320ef9c0f4c92318c8fe1cc
imdb_reviews,0.4666666666666666,bge_small_en_v1_5,mauve_reference,mpnet_base_v2,59,0.5428571428571429,e0538e72ede9d38beb3f33902fe7541cfda5365fc320ef9c0f4c92318c8fe1cc
imdb_reviews,0.3333333333333333,minilm_l6_v2,mauve_reference,mpnet_base_v2,59,0.4285714285714286,e0538e72ede9d38beb3f33902fe7541cfda5365fc320ef9c0f4c92318c8fe1cc
imdb_reviews,0.3333333333333333,bge_small_en_v1_5,fbd,minilm_l6_v2,59,0.48571428571428577,f160d75cd4cb8ad8a3d670cab7e2bf971054a941d5c4148cfbd2399811f5daca
imdb_reviews,0.7333333333333333,bge_small_en_v1_5,fbd,mpnet_base_v2,59,0.8857142857142858,f160d75cd4cb8ad8a3d670cab7e2bf971054a941d5c4148cfbd2399811f5daca
imdb_reviews,0.6,minilm_l6_v2,fbd,mpnet_base_v2,59,0.7142857142857143,f160d75cd4cb8ad8a3d670cab7e2bf971054a941d5c4148cfbd2399811f5daca
imdb_reviews,0.2,bge_small_en_v1_5,mauve_reference,minilm_l6_v2,59,0.3142857142857143,f160d75cd4cb8ad8a3d670cab7e2bf971054a941d5c4148cfbd2399811f5daca
imdb_reviews,0.3333333333333333,bge_small_en_v1_5,mauve_reference,mpnet_base_v2,59,0.3714285714285715,f160d75cd4cb8ad8a3d670cab7e2bf971054a941d5c4148cfbd2399811f5daca
imdb_reviews,0.3333333333333333,minilm_l6_v2,mauve_reference,mpnet_base_v2,59,0.5428571428571429,f160d75cd4cb8ad8a3d670cab7e2bf971054a941d5c4148cfbd2399811f5daca
yahoo_answers,0.9999999999999999,bge_small_en_v1_5,fbd,minilm_l6_v2,59,1.0,1a93abcfb15e5819215cc065bb8b4b6d14dbbbe6b56ba36fcfbab3830e56ee0c
yahoo_answers,0.8666666666666666,bge_small_en_v1_5,fbd,mpnet_base_v2,59,0.942857142857143,1a93abcfb15e5819215cc065bb8b4b6d14dbbbe6b56ba36fcfbab3830e56ee0c
yahoo_answers,0.8666666666666666,minilm_l6_v2,fbd,mpnet_base_v2,59,0.942857142857143,1a93abcfb15e5819215cc065bb8b4b6d14dbbbe6b56ba36fcfbab3830e56ee0c
yahoo_answers,0.8666666666666666,bge_small_en_v1_5,mauve_reference,minilm_l6_v2,59,0.942857142857143,1a93abcfb15e5819215cc065bb8b4b6d14dbbbe6b56ba36fcfbab3830e56ee0c
yahoo_answers,0.8666666666666666,bge_small_en_v1_5,mauve_reference,mpnet_base_v2,59,0.942857142857143,1a93abcfb15e5819215cc065bb8b4b6d14dbbbe6b56ba36fcfbab3830e56ee0c
yahoo_answers,0.7333333333333333,minilm_l6_v2,mauve_reference,mpnet_base_v2,59,0.8857142857142858,1a93abcfb15e5819215cc065bb8b4b6d14dbbbe6b56ba36fcfbab3830e56ee0c
yahoo_answers,0.7333333333333333,bge_small_en_v1_5,fbd,minilm_l6_v2,59,0.8857142857142858,4fd543cfc271d4eb1c99354744e03d1caf13cdef2c34d3e6a4be94f2a4d8b97b
yahoo_answers,0.8666666666666666,bge_small_en_v1_5,fbd,mpnet_base_v2,59,0.942857142857143,4fd543cfc271d4eb1c99354744e03d1caf13cdef2c34d3e6a4be94f2a4d8b97b
yahoo_answers,0.8666666666666666,minilm_l6_v2,fbd,mpnet_base_v2,59,0.942857142857143,4fd543cfc271d4eb1c99354744e03d1caf13cdef2c34d3e6a4be94f2a4d8b97b
yahoo_answers,0.9999999999999999,bge_small_en_v1_5,mauve_reference,minilm_l6_v2,59,1.0,4fd543cfc271d4eb1c99354744e03d1caf13cdef2c34d3e6a4be94f2a4d8b97b
yahoo_answers,0.8666666666666666,bge_small_en_v1_5,mauve_reference,mpnet_base_v2,59,0.942857142857143,4fd543cfc271d4eb1c99354744e03d1caf13cdef2c34d3e6a4be94f2a4d8b97b
yahoo_answers,0.8666666666666666,minilm_l6_v2,mauve_reference,mpnet_base_v2,59,0.942857142857143,4fd543cfc271d4eb1c99354744e03d1caf13cdef2c34d3e6a4be94f2a4d8b97b
yahoo_answers,0.8666666666666666,bge_small_en_v1_5,fbd,minilm_l6_v2,59,0.942857142857143,702d7de6699fac5ce0472aeeaca81469795c7bbded6f4120e32e5cd2d98a9171
yahoo_answers,0.7333333333333333,bge_small_en_v1_5,fbd,mpnet_base_v2,59,0.8857142857142858,702d7de6699fac5ce0472aeeaca81469795c7bbded6f4120e32e5cd2d98a9171
yahoo_answers,0.8666666666666666,minilm_l6_v2,fbd,mpnet_base_v2,59,0.942857142857143,702d7de6699fac5ce0472aeeaca81469795c7bbded6f4120e32e5cd2d98a9171
yahoo_answers,0.29814239699997197,bge_small_en_v1_5,mauve_reference,minilm_l6_v2,59,0.33394720739540396,702d7de6699fac5ce0472aeeaca81469795c7bbded6f4120e32e5cd2d98a9171
yahoo_answers,0.4666666666666666,bge_small_en_v1_5,mauve_reference,mpnet_base_v2,59,0.6,702d7de6699fac5ce0472aeeaca81469795c7bbded6f4120e32e5cd2d98a9171
yahoo_answers,0.7453559924999299,minilm_l6_v2,mauve_reference,mpnet_base_v2,59,0.819688599970537,702d7de6699fac5ce0472aeeaca81469795c7bbded6f4120e32e5cd2d98a9171
yahoo_answers,0.9999999999999999,bge_small_en_v1_5,fbd,minilm_l6_v2,59,1.0,d04997a9723aea53b201ff8475aea3cc49fbd933c3464a3503c9263225099a4e
yahoo_answers,0.8666666666666666,bge_small_en_v1_5,fbd,mpnet_base_v2,59,0.942857142857143,d04997a9723aea53b201ff8475aea3cc49fbd933c3464a3503c9263225099a4e
yahoo_answers,0.8666666666666666,minilm_l6_v2,fbd,mpnet_base_v2,59,0.942857142857143,d04997a9723aea53b201ff8475aea3cc49fbd933c3464a3503c9263225099a4e
yahoo_answers,0.9999999999999999,bge_small_en_v1_5,mauve_reference,minilm_l6_v2,59,1.0,d04997a9723aea53b201ff8475aea3cc49fbd933c3464a3503c9263225099a4e
yahoo_answers,0.7333333333333333,bge_small_en_v1_5,mauve_reference,mpnet_base_v2,59,0.8857142857142858,d04997a9723aea53b201ff8475aea3cc49fbd933c3464a3503c9263225099a4e
yahoo_answers,0.7333333333333333,minilm_l6_v2,mauve_reference,mpnet_base_v2,59,0.8857142857142858,d04997a9723aea53b201ff8475aea3cc49fbd933c3464a3503c9263225099a4e
yahoo_answers,0.8666666666666666,bge_small_en_v1_5,fbd,minilm_l6_v2,59,0.942857142857143,e0538e72ede9d38beb3f33902fe7541cfda5365fc320ef9c0f4c92318c8fe1cc
yahoo_answers,0.6,bge_small_en_v1_5,fbd,mpnet_base_v2,59,0.7714285714285715,e0538e72ede9d38beb3f33902fe7541cfda5365fc320ef9c0f4c92318c8fe1cc
yahoo_answers,0.7333333333333333,minilm_l6_v2,fbd,mpnet_base_v2,59,0.8285714285714287,e0538e72ede9d38beb3f33902fe7541cfda5365fc320ef9c0f4c92318c8fe1cc
yahoo_answers,0.9660917830792959,bge_small_en_v1_5,mauve_reference,minilm_l6_v2,59,0.9856107606091624,e0538e72ede9d38beb3f33902fe7541cfda5365fc320ef9c0f4c92318c8fe1cc
yahoo_answers,0.5714285714285715,bge_small_en_v1_5,mauve_reference,mpnet_base_v2,59,0.7647058823529412,e0538e72ede9d38beb3f33902fe7541cfda5365fc320ef9c0f4c92318c8fe1cc
yahoo_answers,0.5520524474738833,minilm_l6_v2,mauve_reference,mpnet_base_v2,59,0.753702346348183,e0538e72ede9d38beb3f33902fe7541cfda5365fc320ef9c0f4c92318c8fe1cc
yahoo_answers,0.8666666666666666,bge_small_en_v1_5,fbd,minilm_l6_v2,59,0.942857142857143,f160d75cd4cb8ad8a3d670cab7e2bf971054a941d5c4148cfbd2399811f5daca
yahoo_answers,0.8666666666666666,bge_small_en_v1_5,fbd,mpnet_base_v2,59,0.942857142857143,f160d75cd4cb8ad8a3d670cab7e2bf971054a941d5c4148cfbd2399811f5daca
yahoo_answers,0.9999999999999999,minilm_l6_v2,fbd,mpnet_base_v2,59,1.0,f160d75cd4cb8ad8a3d670cab7e2bf971054a941d5c4148cfbd2399811f5daca
yahoo_answers,0.4666666666666666,bge_small_en_v1_5,mauve_reference,minilm_l6_v2,59,0.7142857142857143,f160d75cd4cb8ad8a3d670cab7e2bf971054a941d5c4148cfbd2399811f5daca
yahoo_answers,0.5520524474738833,bge_small_en_v1_5,mauve_reference,mpnet_base_v2,59,0.6377481392176932,f160d75cd4cb8ad8a3d670cab7e2bf971054a941d5c4148cfbd2399811f5daca
yahoo_answers,0.6900655593423543,minilm_l6_v2,mauve_reference,mpnet_base_v2,59,0.8116794499134279,f160d75cd4cb8ad8a3d670cab7e2bf971054a941d5c4148cfbd2399811f5daca
ag_news,0.7333333333333333,bge_small_en_v1_5,fbd,minilm_l6_v2,71,0.8857142857142858,1a93abcfb15e5819215cc065bb8b4b6d14dbbbe6b56ba36fcfbab3830e56ee0c
ag_news,0.7333333333333333,bge_small_en_v1_5,fbd,mpnet_base_v2,71,0.8857142857142858,1a93abcfb15e5819215cc065bb8b4b6d14dbbbe6b56ba36fcfbab3830e56ee0c
ag_news,0.9999999999999999,minilm_l6_v2,fbd,mpnet_base_v2,71,1.0,1a93abcfb15e5819215cc065bb8b4b6d14dbbbe6b56ba36fcfbab3830e56ee0c
ag_news,0.3333333333333333,bge_small_en_v1_5,mauve_reference,minilm_l6_v2,71,0.5428571428571429,1a93abcfb15e5819215cc065bb8b4b6d14dbbbe6b56ba36fcfbab3830e56ee0c
ag_news,0.7333333333333333,bge_small_en_v1_5,mauve_reference,mpnet_base_v2,71,0.8285714285714287,1a93abcfb15e5819215cc065bb8b4b6d14dbbbe6b56ba36fcfbab3830e56ee0c
ag_news,0.6,minilm_l6_v2,mauve_reference,mpnet_base_v2,71,0.7714285714285715,1a93abcfb15e5819215cc065bb8b4b6d14dbbbe6b56ba36fcfbab3830e56ee0c
ag_news,0.8666666666666666,bge_small_en_v1_5,fbd,minilm_l6_v2,71,0.942857142857143,4fd543cfc271d4eb1c99354744e03d1caf13cdef2c34d3e6a4be94f2a4d8b97b
ag_news,0.8666666666666666,bge_small_en_v1_5,fbd,mpnet_base_v2,71,0.942857142857143,4fd543cfc271d4eb1c99354744e03d1caf13cdef2c34d3e6a4be94f2a4d8b97b
ag_news,0.9999999999999999,minilm_l6_v2,fbd,mpnet_base_v2,71,1.0,4fd543cfc271d4eb1c99354744e03d1caf13cdef2c34d3e6a4be94f2a4d8b97b
ag_news,0.4666666666666666,bge_small_en_v1_5,mauve_reference,minilm_l6_v2,71,0.5428571428571429,4fd543cfc271d4eb1c99354744e03d1caf13cdef2c34d3e6a4be94f2a4d8b97b
ag_news,0.3333333333333333,bge_small_en_v1_5,mauve_reference,mpnet_base_v2,71,0.48571428571428577,4fd543cfc271d4eb1c99354744e03d1caf13cdef2c34d3e6a4be94f2a4d8b97b
ag_news,0.6,minilm_l6_v2,mauve_reference,mpnet_base_v2,71,0.6571428571428573,4fd543cfc271d4eb1c99354744e03d1caf13cdef2c34d3e6a4be94f2a4d8b97b
ag_news,0.7333333333333333,bge_small_en_v1_5,fbd,minilm_l6_v2,71,0.8857142857142858,702d7de6699fac5ce0472aeeaca81469795c7bbded6f4120e32e5cd2d98a9171
ag_news,0.6,bge_small_en_v1_5,fbd,mpnet_base_v2,71,0.7714285714285715,702d7de6699fac5ce0472aeeaca81469795c7bbded6f4120e32e5cd2d98a9171
ag_news,0.8666666666666666,minilm_l6_v2,fbd,mpnet_base_v2,71,0.942857142857143,702d7de6699fac5ce0472aeeaca81469795c7bbded6f4120e32e5cd2d98a9171
ag_news,0.3333333333333333,bge_small_en_v1_5,mauve_reference,minilm_l6_v2,71,0.4285714285714286,702d7de6699fac5ce0472aeeaca81469795c7bbded6f4120e32e5cd2d98a9171
ag_news,0.4666666666666666,bge_small_en_v1_5,mauve_reference,mpnet_base_v2,71,0.5428571428571429,702d7de6699fac5ce0472aeeaca81469795c7bbded6f4120e32e5cd2d98a9171
ag_news,0.6,minilm_l6_v2,mauve_reference,mpnet_base_v2,71,0.7714285714285715,702d7de6699fac5ce0472aeeaca81469795c7bbded6f4120e32e5cd2d98a9171
ag_news,0.8666666666666666,bge_small_en_v1_5,fbd,minilm_l6_v2,71,0.942857142857143,d04997a9723aea53b201ff8475aea3cc49fbd933c3464a3503c9263225099a4e
ag_news,0.8666666666666666,bge_small_en_v1_5,fbd,mpnet_base_v2,71,0.942857142857143,d04997a9723aea53b201ff8475aea3cc49fbd933c3464a3503c9263225099a4e
ag_news,0.9999999999999999,minilm_l6_v2,fbd,mpnet_base_v2,71,1.0,d04997a9723aea53b201ff8475aea3cc49fbd933c3464a3503c9263225099a4e
ag_news,0.3333333333333333,bge_small_en_v1_5,mauve_reference,minilm_l6_v2,71,0.48571428571428577,d04997a9723aea53b201ff8475aea3cc49fbd933c3464a3503c9263225099a4e
ag_news,0.7333333333333333,bge_small_en_v1_5,mauve_reference,mpnet_base_v2,71,0.8857142857142858,d04997a9723aea53b201ff8475aea3cc49fbd933c3464a3503c9263225099a4e
ag_news,0.6,minilm_l6_v2,mauve_reference,mpnet_base_v2,71,0.7142857142857143,d04997a9723aea53b201ff8475aea3cc49fbd933c3464a3503c9263225099a4e
ag_news,0.8666666666666666,bge_small_en_v1_5,fbd,minilm_l6_v2,71,0.942857142857143,e0538e72ede9d38beb3f33902fe7541cfda5365fc320ef9c0f4c92318c8fe1cc
ag_news,0.9999999999999999,bge_small_en_v1_5,fbd,mpnet_base_v2,71,1.0,e0538e72ede9d38beb3f33902fe7541cfda5365fc320ef9c0f4c92318c8fe1cc
ag_news,0.8666666666666666,minilm_l6_v2,fbd,mpnet_base_v2,71,0.942857142857143,e0538e72ede9d38beb3f33902fe7541cfda5365fc320ef9c0f4c92318c8fe1cc
ag_news,0.7333333333333333,bge_small_en_v1_5,mauve_reference,minilm_l6_v2,71,0.8285714285714287,e0538e72ede9d38beb3f33902fe7541cfda5365fc320ef9c0f4c92318c8fe1cc
ag_news,0.6,bge_small_en_v1_5,mauve_reference,mpnet_base_v2,71,0.6571428571428573,e0538e72ede9d38beb3f33902fe7541cfda5365fc320ef9c0f4c92318c8fe1cc
ag_news,0.6,minilm_l6_v2,mauve_reference,mpnet_base_v2,71,0.7142857142857143,e0538e72ede9d38beb3f33902fe7541cfda5365fc320ef9c0f4c92318c8fe1cc
ag_news,0.4666666666666666,bge_small_en_v1_5,fbd,minilm_l6_v2,71,0.6571428571428573,f160d75cd4cb8ad8a3d670cab7e2bf971054a941d5c4148cfbd2399811f5daca
ag_news,0.4666666666666666,bge_small_en_v1_5,fbd,mpnet_base_v2,71,0.6571428571428573,f160d75cd4cb8ad8a3d670cab7e2bf971054a941d5c4148cfbd2399811f5daca
ag_news,0.9999999999999999,minilm_l6_v2,fbd,mpnet_base_v2,71,1.0,f160d75cd4cb8ad8a3d670cab7e2bf971054a941d5c4148cfbd2399811f5daca
ag_news,0.8666666666666666,bge_small_en_v1_5,mauve_reference,minilm_l6_v2,71,0.942857142857143,f160d75cd4cb8ad8a3d670cab7e2bf971054a941d5c4148cfbd2399811f5daca
ag_news,0.7333333333333333,bge_small_en_v1_5,mauve_reference,mpnet_base_v2,71,0.8857142857142858,f160d75cd4cb8ad8a3d670cab7e2bf971054a941d5c4148cfbd2399811f5daca
ag_news,0.6,minilm_l6_v2,mauve_reference,mpnet_base_v2,71,0.8285714285714287,f160d75cd4cb8ad8a3d670cab7e2bf971054a941d5c4148cfbd2399811f5daca
amazon_reviews,0.7333333333333333,bge_small_en_v1_5,fbd,minilm_l6_v2,71,0.8285714285714287,1a93abcfb15e5819215cc065bb8b4b6d14dbbbe6b56ba36fcfbab3830e56ee0c
amazon_reviews,0.7333333333333333,bge_small_en_v1_5,fbd,mpnet_base_v2,71,0.8285714285714287,1a93abcfb15e5819215cc065bb8b4b6d14dbbbe6b56ba36fcfbab3830e56ee0c
amazon_reviews,0.9999999999999999,minilm_l6_v2,fbd,mpnet_base_v2,71,1.0,1a93abcfb15e5819215cc065bb8b4b6d14dbbbe6b56ba36fcfbab3830e56ee0c
amazon_reviews,0.7333333333333333,bge_small_en_v1_5,mauve_reference,minilm_l6_v2,71,0.8857142857142858,1a93abcfb15e5819215cc065bb8b4b6d14dbbbe6b56ba36fcfbab3830e56ee0c
amazon_reviews,0.7333333333333333,bge_small_en_v1_5,mauve_reference,mpnet_base_v2,71,0.8285714285714287,1a93abcfb15e5819215cc065bb8b4b6d14dbbbe6b56ba36fcfbab3830e56ee0c
amazon_reviews,0.4666666666666666,minilm_l6_v2,mauve_reference,mpnet_base_v2,71,0.6,1a93abcfb15e5819215cc065bb8b4b6d14dbbbe6b56ba36fcfbab3830e56ee0c
amazon_reviews,0.9999999999999999,bge_small_en_v1_5,fbd,minilm_l6_v2,71,1.0,4fd543cfc271d4eb1c99354744e03d1caf13cdef2c34d3e6a4be94f2a4d8b97b
amazon_reviews,0.9999999999999999,bge_small_en_v1_5,fbd,mpnet_base_v2,71,1.0,4fd543cfc271d4eb1c99354744e03d1caf13cdef2c34d3e6a4be94f2a4d8b97b
amazon_reviews,0.9999999999999999,minilm_l6_v2,fbd,mpnet_base_v2,71,1.0,4fd543cfc271d4eb1c99354744e03d1caf13cdef2c34d3e6a4be94f2a4d8b97b
amazon_reviews,0.3333333333333333,bge_small_en_v1_5,mauve_reference,minilm_l6_v2,71,0.5428571428571429,4fd543cfc271d4eb1c99354744e03d1caf13cdef2c34d3e6a4be94f2a4d8b97b
amazon_reviews,0.6,bge_small_en_v1_5,mauve_reference,mpnet_base_v2,71,0.7714285714285715,4fd543cfc271d4eb1c99354744e03d1caf13cdef2c34d3e6a4be94f2a4d8b97b
amazon_reviews,0.4666666666666666,minilm_l6_v2,mauve_reference,mpnet_base_v2,71,0.6,4fd543cfc271d4eb1c99354744e03d1caf13cdef2c34d3e6a4be94f2a4d8b97b
amazon_reviews,0.8666666666666666,bge_small_en_v1_5,fbd,minilm_l6_v2,71,0.942857142857143,702d7de6699fac5ce0472aeeaca81469795c7bbded6f4120e32e5cd2d98a9171
amazon_reviews,0.7333333333333333,bge_small_en_v1_5,fbd,mpnet_base_v2,71,0.8857142857142858,702d7de6699fac5ce0472aeeaca81469795c7bbded6f4120e32e5cd2d98a9171
amazon_reviews,0.8666666666666666,minilm_l6_v2,fbd,mpnet_base_v2,71,0.942857142857143,702d7de6699fac5ce0472aeeaca81469795c7bbded6f4120e32e5cd2d98a9171
amazon_reviews,0.2611164839335468,bge_small_en_v1_5,mauve_reference,minilm_l6_v2,71,0.36070420968117417,702d7de6699fac5ce0472aeeaca81469795c7bbded6f4120e32e5cd2d98a9171
amazon_reviews,0.4351941398892446,bge_small_en_v1_5,mauve_reference,mpnet_base_v2,71,0.4918693768379647,702d7de6699fac5ce0472aeeaca81469795c7bbded6f4120e32e5cd2d98a9171
amazon_reviews,0.8333333333333335,minilm_l6_v2,mauve_reference,mpnet_base_v2,71,0.9354838709677421,702d7de6699fac5ce0472aeeaca81469795c7bbded6f4120e32e5cd2d98a9171
amazon_reviews,0.8666666666666666,bge_small_en_v1_5,fbd,minilm_l6_v2,71,0.942857142857143,d04997a9723aea53b201ff8475aea3cc49fbd933c3464a3503c9263225099a4e
amazon_reviews,0.8666666666666666,bge_small_en_v1_5,fbd,mpnet_base_v2,71,0.942857142857143,d04997a9723aea53b201ff8475aea3cc49fbd933c3464a3503c9263225099a4e
amazon_reviews,0.9999999999999999,minilm_l6_v2,fbd,mpnet_base_v2,71,1.0,d04997a9723aea53b201ff8475aea3cc49fbd933c3464a3503c9263225099a4e
amazon_reviews,0.8666666666666666,bge_small_en_v1_5,mauve_reference,minilm_l6_v2,71,0.942857142857143,d04997a9723aea53b201ff8475aea3cc49fbd933c3464a3503c9263225099a4e
amazon_reviews,0.6,bge_small_en_v1_5,mauve_reference,mpnet_base_v2,71,0.7714285714285715,d04997a9723aea53b201ff8475aea3cc49fbd933c3464a3503c9263225099a4e
amazon_reviews,0.7333333333333333,minilm_l6_v2,mauve_reference,mpnet_base_v2,71,0.8285714285714287,d04997a9723aea53b201ff8475aea3cc49fbd933c3464a3503c9263225099a4e
amazon_reviews,0.7333333333333333,bge_small_en_v1_5,fbd,minilm_l6_v2,71,0.8285714285714287,e0538e72ede9d38beb3f33902fe7541cfda5365fc320ef9c0f4c92318c8fe1cc
amazon_reviews,0.7333333333333333,bge_small_en_v1_5,fbd,mpnet_base_v2,71,0.8285714285714287,e0538e72ede9d38beb3f33902fe7541cfda5365fc320ef9c0f4c92318c8fe1cc
amazon_reviews,0.9999999999999999,minilm_l6_v2,fbd,mpnet_base_v2,71,1.0,e0538e72ede9d38beb3f33902fe7541cfda5365fc320ef9c0f4c92318c8fe1cc
amazon_reviews,0.3333333333333333,bge_small_en_v1_5,mauve_reference,minilm_l6_v2,71,0.4285714285714286,e0538e72ede9d38beb3f33902fe7541cfda5365fc320ef9c0f4c92318c8fe1cc
amazon_reviews,0.4666666666666666,bge_small_en_v1_5,mauve_reference,mpnet_base_v2,71,0.5428571428571429,e0538e72ede9d38beb3f33902fe7541cfda5365fc320ef9c0f4c92318c8fe1cc
amazon_reviews,0.6,minilm_l6_v2,mauve_reference,mpnet_base_v2,71,0.7714285714285715,e0538e72ede9d38beb3f33902fe7541cfda5365fc320ef9c0f4c92318c8fe1cc
amazon_reviews,0.7333333333333333,bge_small_en_v1_5,fbd,minilm_l6_v2,71,0.8285714285714287,f160d75cd4cb8ad8a3d670cab7e2bf971054a941d5c4148cfbd2399811f5daca
amazon_reviews,0.7333333333333333,bge_small_en_v1_5,fbd,mpnet_base_v2,71,0.8285714285714287,f160d75cd4cb8ad8a3d670cab7e2bf971054a941d5c4148cfbd2399811f5daca
amazon_reviews,0.9999999999999999,minilm_l6_v2,fbd,mpnet_base_v2,71,1.0,f160d75cd4cb8ad8a3d670cab7e2bf971054a941d5c4148cfbd2399811f5daca
amazon_reviews,0.5520524474738834,bge_small_en_v1_5,mauve_reference,minilm_l6_v2,71,0.6667366910003157,f160d75cd4cb8ad8a3d670cab7e2bf971054a941d5c4148cfbd2399811f5daca
amazon_reviews,0.6428571428571429,bge_small_en_v1_5,mauve_reference,mpnet_base_v2,71,0.7205882352941176,f160d75cd4cb8ad8a3d670cab7e2bf971054a941d5c4148cfbd2399811f5daca
amazon_reviews,0.5520524474738833,minilm_l6_v2,mauve_reference,mpnet_base_v2,71,0.6957252427829382,f160d75cd4cb8ad8a3d670cab7e2bf971054a941d5c4148cfbd2399811f5daca
dbpedia,0.7333333333333333,bge_small_en_v1_5,fbd,minilm_l6_v2,71,0.8285714285714287,1a93abcfb15e5819215cc065bb8b4b6d14dbbbe6b56ba36fcfbab3830e56ee0c
dbpedia,0.7333333333333333,bge_small_en_v1_5,fbd,mpnet_base_v2,71,0.8285714285714287,1a93abcfb15e5819215cc065bb8b4b6d14dbbbe6b56ba36fcfbab3830e56ee0c
dbpedia,0.9999999999999999,minilm_l6_v2,fbd,mpnet_base_v2,71,1.0,1a93abcfb15e5819215cc065bb8b4b6d14dbbbe6b56ba36fcfbab3830e56ee0c
dbpedia,0.6,bge_small_en_v1_5,mauve_reference,minilm_l6_v2,71,0.7714285714285715,1a93abcfb15e5819215cc065bb8b4b6d14dbbbe6b56ba36fcfbab3830e56ee0c
dbpedia,0.7333333333333333,bge_small_en_v1_5,mauve_reference,mpnet_base_v2,71,0.8857142857142858,1a93abcfb15e5819215cc065bb8b4b6d14dbbbe6b56ba36fcfbab3830e56ee0c
dbpedia,0.8666666666666666,minilm_l6_v2,mauve_reference,mpnet_base_v2,71,0.942857142857143,1a93abcfb15e5819215cc065bb8b4b6d14dbbbe6b56ba36fcfbab3830e56ee0c
dbpedia,0.9999999999999999,bge_small_en_v1_5,fbd,minilm_l6_v2,71,1.0,4fd543cfc271d4eb1c99354744e03d1caf13cdef2c34d3e6a4be94f2a4d8b97b
dbpedia,0.7333333333333333,bge_small_en_v1_5,fbd,mpnet_base_v2,71,0.8285714285714287,4fd543cfc271d4eb1c99354744e03d1caf13cdef2c34d3e6a4be94f2a4d8b97b
dbpedia,0.7333333333333333,minilm_l6_v2,fbd,mpnet_base_v2,71,0.8285714285714287,4fd543cfc271d4eb1c99354744e03d1caf13cdef2c34d3e6a4be94f2a4d8b97b
dbpedia,0.8666666666666666,bge_small_en_v1_5,mauve_reference,minilm_l6_v2,71,0.942857142857143,4fd543cfc271d4eb1c99354744e03d1caf13cdef2c34d3e6a4be94f2a4d8b97b
dbpedia,0.2,bge_small_en_v1_5,mauve_reference,mpnet_base_v2,71,0.5428571428571429,4fd543cfc271d4eb1c99354744e03d1caf13cdef2c34d3e6a4be94f2a4d8b97b
dbpedia,0.3333333333333333,minilm_l6_v2,mauve_reference,mpnet_base_v2,71,0.6,4fd543cfc271d4eb1c99354744e03d1caf13cdef2c34d3e6a4be94f2a4d8b97b
dbpedia,0.6,bge_small_en_v1_5,fbd,minilm_l6_v2,71,0.7714285714285715,702d7de6699fac5ce0472aeeaca81469795c7bbded6f4120e32e5cd2d98a9171
dbpedia,0.8666666666666666,bge_small_en_v1_5,fbd,mpnet_base_v2,71,0.942857142857143,702d7de6699fac5ce0472aeeaca81469795c7bbded6f4120e32e5cd2d98a9171
dbpedia,0.7333333333333333,minilm_l6_v2,fbd,mpnet_base_v2,71,0.8285714285714287,702d7de6699fac5ce0472aeeaca81469795c7bbded6f4120e32e5cd2d98a9171
dbpedia,0.5000000000000001,bge_small_en_v1_5,mauve_reference,minilm_l6_v2,71,0.6774193548387097,702d7de6699fac5ce0472aeeaca81469795c7bbded6f4120e32e5cd2d98a9171
dbpedia,0.9258200997725515,bge_small_en_v1_5,mauve_reference,mpnet_base_v2,71,0.9548637106322311,702d7de6699fac5ce0472aeeaca81469795c7bbded6f4120e32e5cd2d98a9171
dbpedia,0.3086066999241839,minilm_l6_v2,mauve_reference,mpnet_base_v2,71,0.5236349380886428,702d7de6699fac5ce0472aeeaca81469795c7bbded6f4120e32e5cd2d98a9171
dbpedia,0.8666666666666666,bge_small_en_v1_5,fbd,minilm_l6_v2,71,0.942857142857143,d04997a9723aea53b201ff8475aea3cc49fbd933c3464a3503c9263225099a4e
dbpedia,0.9999999999999999,bge_small_en_v1_5,fbd,mpnet_base_v2,71,1.0,d04997a9723aea53b201ff8475aea3cc49fbd933c3464a3503c9263225099a4e
dbpedia,0.8666666666666666,minilm_l6_v2,fbd,mpnet_base_v2,71,0.942857142857143,d04997a9723aea53b201ff8475aea3cc49fbd933c3464a3503c9263225099a4e
dbpedia,0.7333333333333333,bge_small_en_v1_5,mauve_reference,minilm_l6_v2,71,0.8857142857142858,d04997a9723aea53b201ff8475aea3cc49fbd933c3464a3503c9263225099a4e
dbpedia,0.7333333333333333,bge_small_en_v1_5,mauve_reference,mpnet_base_v2,71,0.8857142857142858,d04997a9723aea53b201ff8475aea3cc49fbd933c3464a3503c9263225099a4e
dbpedia,0.7333333333333333,minilm_l6_v2,mauve_reference,mpnet_base_v2,71,0.8285714285714287,d04997a9723aea53b201ff8475aea3cc49fbd933c3464a3503c9263225099a4e
dbpedia,0.7333333333333333,bge_small_en_v1_5,fbd,minilm_l6_v2,71,0.8285714285714287,e0538e72ede9d38beb3f33902fe7541cfda5365fc320ef9c0f4c92318c8fe1cc
dbpedia,0.6,bge_small_en_v1_5,fbd,mpnet_base_v2,71,0.7714285714285715,e0538e72ede9d38beb3f33902fe7541cfda5365fc320ef9c0f4c92318c8fe1cc
dbpedia,0.8666666666666666,minilm_l6_v2,fbd,mpnet_base_v2,71,0.942857142857143,e0538e72ede9d38beb3f33902fe7541cfda5365fc320ef9c0f4c92318c8fe1cc
dbpedia,0.4666666666666666,bge_small_en_v1_5,mauve_reference,minilm_l6_v2,71,0.7142857142857143,e0538e72ede9d38beb3f33902fe7541cfda5365fc320ef9c0f4c92318c8fe1cc
dbpedia,0.6,bge_small_en_v1_5,mauve_reference,mpnet_base_v2,71,0.7714285714285715,e0538e72ede9d38beb3f33902fe7541cfda5365fc320ef9c0f4c92318c8fe1cc
dbpedia,0.6,minilm_l6_v2,mauve_reference,mpnet_base_v2,71,0.7714285714285715,e0538e72ede9d38beb3f33902fe7541cfda5365fc320ef9c0f4c92318c8fe1cc
dbpedia,0.7333333333333333,bge_small_en_v1_5,fbd,minilm_l6_v2,71,0.8857142857142858,f160d75cd4cb8ad8a3d670cab7e2bf971054a941d5c4148cfbd2399811f5daca
dbpedia,0.6,bge_small_en_v1_5,fbd,mpnet_base_v2,71,0.7714285714285715,f160d75cd4cb8ad8a3d670cab7e2bf971054a941d5c4148cfbd2399811f5daca
dbpedia,0.6,minilm_l6_v2,fbd,mpnet_base_v2,71,0.6571428571428573,f160d75cd4cb8ad8a3d670cab7e2bf971054a941d5c4148cfbd2399811f5daca
dbpedia,0.7333333333333333,bge_small_en_v1_5,mauve_reference,minilm_l6_v2,71,0.8285714285714287,f160d75cd4cb8ad8a3d670cab7e2bf971054a941d5c4148cfbd2399811f5daca
dbpedia,0.3333333333333333,bge_small_en_v1_5,mauve_reference,mpnet_base_v2,71,0.48571428571428577,f160d75cd4cb8ad8a3d670cab7e2bf971054a941d5c4148cfbd2399811f5daca
dbpedia,0.3333333333333333,minilm_l6_v2,mauve_reference,mpnet_base_v2,71,0.3714285714285715,f160d75cd4cb8ad8a3d670cab7e2bf971054a941d5c4148cfbd2399811f5daca
imdb_reviews,0.7333333333333333,bge_small_en_v1_5,fbd,minilm_l6_v2,71,0.8285714285714287,1a93abcfb15e5819215cc065bb8b4b6d14dbbbe6b56ba36fcfbab3830e56ee0c
imdb_reviews,0.7333333333333333,bge_small_en_v1_5,fbd,mpnet_base_v2,71,0.8285714285714287,1a93abcfb15e5819215cc065bb8b4b6d14dbbbe6b56ba36fcfbab3830e56ee0c
imdb_reviews,0.9999999999999999,minilm_l6_v2,fbd,mpnet_base_v2,71,1.0,1a93abcfb15e5819215cc065bb8b4b6d14dbbbe6b56ba36fcfbab3830e56ee0c
imdb_reviews,-0.13801311186847084,bge_small_en_v1_5,mauve_reference,minilm_l6_v2,71,-0.17393131069573453,1a93abcfb15e5819215cc065bb8b4b6d14dbbbe6b56ba36fcfbab3830e56ee0c
imdb_reviews,0.41403933560541256,bge_small_en_v1_5,mauve_reference,mpnet_base_v2,71,0.550782483869826,1a93abcfb15e5819215cc065bb8b4b6d14dbbbe6b56ba36fcfbab3830e56ee0c
imdb_reviews,0.4666666666666666,minilm_l6_v2,mauve_reference,mpnet_base_v2,71,0.7142857142857143,1a93abcfb15e5819215cc065bb8b4b6d14dbbbe6b56ba36fcfbab3830e56ee0c
imdb_reviews,0.3333333333333333,bge_small_en_v1_5,fbd,minilm_l6_v2,71,0.48571428571428577,4fd543cfc271d4eb1c99354744e03d1caf13cdef2c34d3e6a4be94f2a4d8b97b
imdb_reviews,0.3333333333333333,bge_small_en_v1_5,fbd,mpnet_base_v2,71,0.48571428571428577,4fd543cfc271d4eb1c99354744e03d1caf13cdef2c34d3e6a4be94f2a4d8b97b
imdb_reviews,0.9999999999999999,minilm_l6_v2,fbd,mpnet_base_v2,71,1.0,4fd543cfc271d4eb1c99354744e03d1caf13cdef2c34d3e6a4be94f2a4d8b97b
imdb_reviews,0.13801311186847084,bge_small_en_v1_5,mauve_reference,minilm_l6_v2,71,0.11595420713048968,4fd543cfc271d4eb1c99354744e03d1caf13cdef2c34d3e6a4be94f2a4d8b97b
imdb_reviews,0.0,bge_small_en_v1_5,mauve_reference,mpnet_base_v2,71,0.14494275891311212,4fd543cfc271d4eb1c99354744e03d1caf13cdef2c34d3e6a4be94f2a4d8b97b
imdb_reviews,0.06666666666666665,minilm_l6_v2,mauve_reference,mpnet_base_v2,71,0.2,4fd543cfc271d4eb1c99354744e03d1caf13cdef2c34d3e6a4be94f2a4d8b97b
imdb_reviews,0.7333333333333333,bge_small_en_v1_5,fbd,minilm_l6_v2,71,0.8285714285714287,702d7de6699fac5ce0472aeeaca81469795c7bbded6f4120e32e5cd2d98a9171
imdb_reviews,0.7333333333333333,bge_small_en_v1_5,fbd,mpnet_base_v2,71,0.8285714285714287,702d7de6699fac5ce0472aeeaca81469795c7bbded6f4120e32e5cd2d98a9171
imdb_reviews,0.9999999999999999,minilm_l6_v2,fbd,mpnet_base_v2,71,1.0,702d7de6699fac5ce0472aeeaca81469795c7bbded6f4120e32e5cd2d98a9171
imdb_reviews,0.09622504486493763,bge_small_en_v1_5,mauve_reference,minilm_l6_v2,71,0.17960530202677488,702d7de6699fac5ce0472aeeaca81469795c7bbded6f4120e32e5cd2d98a9171
imdb_reviews,0.6024640760767093,bge_small_en_v1_5,mauve_reference,mpnet_base_v2,71,0.6761234037828132,702d7de6699fac5ce0472aeeaca81469795c7bbded6f4120e32e5cd2d98a9171
imdb_reviews,0.4472135954999579,minilm_l6_v2,mauve_reference,mpnet_base_v2,71,0.6375355777548621,702d7de6699fac5ce0472aeeaca81469795c7bbded6f4120e32e5cd2d98a9171
imdb_reviews,0.2,bge_small_en_v1_5,fbd,minilm_l6_v2,71,0.4285714285714286,d04997a9723aea53b201ff8475aea3cc49fbd933c3464a3503c9263225099a4e
imdb_reviews,0.3333333333333333,bge_small_en_v1_5,fbd,mpnet_base_v2,71,0.48571428571428577,d04997a9723aea53b201ff8475aea3cc49fbd933c3464a3503c9263225099a4e
imdb_reviews,0.8666666666666666,minilm_l6_v2,fbd,mpnet_base_v2,71,0.942857142857143,d04997a9723aea53b201ff8475aea3cc49fbd933c3464a3503c9263225099a4e
imdb_reviews,-0.06666666666666665,bge_small_en_v1_5,mauve_reference,minilm_l6_v2,71,-0.028571428571428574,d04997a9723aea53b201ff8475aea3cc49fbd933c3464a3503c9263225099a4e
imdb_reviews,0.8666666666666666,bge_small_en_v1_5,mauve_reference,mpnet_base_v2,71,0.942857142857143,d04997a9723aea53b201ff8475aea3cc49fbd933c3464a3503c9263225099a4e
imdb_reviews,0.06666666666666665,minilm_l6_v2,mauve_reference,mpnet_base_v2,71,0.08571428571428573,d04997a9723aea53b201ff8475aea3cc49fbd933c3464a3503c9263225099a4e
imdb_reviews,0.7333333333333333,bge_small_en_v1_5,fbd,minilm_l6_v2,71,0.8285714285714287,e0538e72ede9d38beb3f33902fe7541cfda5365fc320ef9c0f4c92318c8fe1cc
imdb_reviews,0.7333333333333333,bge_small_en_v1_5,fbd,mpnet_base_v2,71,0.8285714285714287,e0538e72ede9d38beb3f33902fe7541cfda5365fc320ef9c0f4c92318c8fe1cc
imdb_reviews,0.7333333333333333,minilm_l6_v2,fbd,mpnet_base_v2,71,0.8857142857142858,e0538e72ede9d38beb3f33902fe7541cfda5365fc320ef9c0f4c92318c8fe1cc
imdb_reviews,0.13801311186847084,bge_small_en_v1_5,mauve_reference,minilm_l6_v2,71,0.17393131069573453,e0538e72ede9d38beb3f33902fe7541cfda5365fc320ef9c0f4c92318c8fe1cc
imdb_reviews,0.5520524474738834,bge_small_en_v1_5,mauve_reference,mpnet_base_v2,71,0.6957252427829381,e0538e72ede9d38beb3f33902fe7541cfda5365fc320ef9c0f4c92318c8fe1cc
imdb_reviews,0.3333333333333333,minilm_l6_v2,mauve_reference,mpnet_base_v2,71,0.3714285714285715,e0538e72ede9d38beb3f33902fe7541cfda5365fc320ef9c0f4c92318c8fe1cc
imdb_reviews,0.6,bge_small_en_v1_5,fbd,minilm_l6_v2,71,0.6571428571428573,f160d75cd4cb8ad8a3d670cab7e2bf971054a941d5c4148cfbd2399811f5daca
imdb_reviews,0.6,bge_small_en_v1_5,fbd,mpnet_base_v2,71,0.6571428571428573,f160d75cd4cb8ad8a3d670cab7e2bf971054a941d5c4148cfbd2399811f5daca
imdb_reviews,0.9999999999999999,minilm_l6_v2,fbd,mpnet_base_v2,71,1.0,f160d75cd4cb8ad8a3d670cab7e2bf971054a941d5c4148cfbd2399811f5daca
imdb_reviews,0.41403933560541256,bge_small_en_v1_5,mauve_reference,minilm_l6_v2,71,0.550782483869826,f160d75cd4cb8ad8a3d670cab7e2bf971054a941d5c4148cfbd2399811f5daca
imdb_reviews,0.41403933560541256,bge_small_en_v1_5,mauve_reference,mpnet_base_v2,71,0.6377481392176932,f160d75cd4cb8ad8a3d670cab7e2bf971054a941d5c4148cfbd2399811f5daca
imdb_reviews,0.4666666666666666,minilm_l6_v2,mauve_reference,mpnet_base_v2,71,0.6,f160d75cd4cb8ad8a3d670cab7e2bf971054a941d5c4148cfbd2399811f5daca
yahoo_answers,0.9999999999999999,bge_small_en_v1_5,fbd,minilm_l6_v2,71,1.0,1a93abcfb15e5819215cc065bb8b4b6d14dbbbe6b56ba36fcfbab3830e56ee0c
yahoo_answers,0.9999999999999999,bge_small_en_v1_5,fbd,mpnet_base_v2,71,1.0,1a93abcfb15e5819215cc065bb8b4b6d14dbbbe6b56ba36fcfbab3830e56ee0c
yahoo_answers,0.9999999999999999,minilm_l6_v2,fbd,mpnet_base_v2,71,1.0,1a93abcfb15e5819215cc065bb8b4b6d14dbbbe6b56ba36fcfbab3830e56ee0c
yahoo_answers,0.8666666666666666,bge_small_en_v1_5,mauve_reference,minilm_l6_v2,71,0.942857142857143,1a93abcfb15e5819215cc065bb8b4b6d14dbbbe6b56ba36fcfbab3830e56ee0c
yahoo_answers,0.9999999999999999,bge_small_en_v1_5,mauve_reference,mpnet_base_v2,71,1.0,1a93abcfb15e5819215cc065bb8b4b6d14dbbbe6b56ba36fcfbab3830e56ee0c
yahoo_answers,0.8666666666666666,minilm_l6_v2,mauve_reference,mpnet_base_v2,71,0.942857142857143,1a93abcfb15e5819215cc065bb8b4b6d14dbbbe6b56ba36fcfbab3830e56ee0c
yahoo_answers,0.9999999999999999,bge_small_en_v1_5,fbd,minilm_l6_v2,71,1.0,4fd543cfc271d4eb1c99354744e03d1caf13cdef2c34d3e6a4be94f2a4d8b97b
yahoo_answers,0.6,bge_small_en_v1_5,fbd,mpnet_base_v2,71,0.7714285714285715,4fd543cfc271d4eb1c99354744e03d1caf13cdef2c34d3e6a4be94f2a4d8b97b
yahoo_answers,0.6,minilm_l6_v2,fbd,mpnet_base_v2,71,0.7714285714285715,4fd543cfc271d4eb1c99354744e03d1caf13cdef2c34d3e6a4be94f2a4d8b97b
yahoo_answers,0.7333333333333333,bge_small_en_v1_5,mauve_reference,minilm_l6_v2,71,0.8857142857142858,4fd543cfc271d4eb1c99354744e03d1caf13cdef2c34d3e6a4be94f2a4d8b97b
yahoo_answers,0.6,bge_small_en_v1_5,mauve_reference,mpnet_base_v2,71,0.7714285714285715,4fd543cfc271d4eb1c99354744e03d1caf13cdef2c34d3e6a4be94f2a4d8b97b
yahoo_answers,0.8666666666666666,minilm_l6_v2,mauve_reference,mpnet_base_v2,71,0.942857142857143,4fd543cfc271d4eb1c99354744e03d1caf13cdef2c34d3e6a4be94f2a4d8b97b
yahoo_answers,0.4666666666666666,bge_small_en_v1_5,fbd,minilm_l6_v2,71,0.6,702d7de6699fac5ce0472aeeaca81469795c7bbded6f4120e32e5cd2d98a9171
yahoo_answers,0.4666666666666666,bge_small_en_v1_5,fbd,mpnet_base_v2,71,0.6,702d7de6699fac5ce0472aeeaca81469795c7bbded6f4120e32e5cd2d98a9171
yahoo_answers,0.7333333333333333,minilm_l6_v2,fbd,mpnet_base_v2,71,0.8285714285714287,702d7de6699fac5ce0472aeeaca81469795c7bbded6f4120e32e5cd2d98a9171
yahoo_answers,-0.24019223070763074,bge_small_en_v1_5,mauve_reference,minilm_l6_v2,71,-0.40644850966246954,702d7de6699fac5ce0472aeeaca81469795c7bbded6f4120e32e5cd2d98a9171
yahoo_answers,-0.3580574370197165,bge_small_en_v1_5,mauve_reference,mpnet_base_v2,71,-0.5002164033860248,702d7de6699fac5ce0472aeeaca81469795c7bbded6f4120e32e5cd2d98a9171
yahoo_answers,-0.14907119849998599,minilm_l6_v2,mauve_reference,mpnet_base_v2,71,-0.21251185925162072,702d7de6699fac5ce0472aeeaca81469795c7bbded6f4120e32e5cd2d98a9171
yahoo_answers,0.7333333333333333,bge_small_en_v1_5,fbd,minilm_l6_v2,71,0.8857142857142858,d04997a9723aea53b201ff8475aea3cc49fbd933c3464a3503c9263225099a4e
yahoo_answers,0.7333333333333333,bge_small_en_v1_5,fbd,mpnet_base_v2,71,0.8857142857142858,d04997a9723aea53b201ff8475aea3cc49fbd933c3464a3503c9263225099a4e
yahoo_answers,0.9999999999999999,minilm_l6_v2,fbd,mpnet_base_v2,71,1.0,d04997a9723aea53b201ff8475aea3cc49fbd933c3464a3503c9263225099a4e
yahoo_answers,0.7333333333333333,bge_small_en_v1_5,mauve_reference,minilm_l6_v2,71,0.8285714285714287,d04997a9723aea53b201ff8475aea3cc49fbd933c3464a3503c9263225099a4e
yahoo_answers,0.7333333333333333,bge_small_en_v1_5,mauve_reference,mpnet_base_v2,71,0.8285714285714287,d04997a9723aea53b201ff8475aea3cc49fbd933c3464a3503c9263225099a4e
yahoo_answers,0.9999999999999999,minilm_l6_v2,mauve_reference,mpnet_base_v2,71,1.0,d04997a9723aea53b201ff8475aea3cc49fbd933c3464a3503c9263225099a4e
yahoo_answers,0.9999999999999999,bge_small_en_v1_5,fbd,minilm_l6_v2,71,1.0,e0538e72ede9d38beb3f33902fe7541cfda5365fc320ef9c0f4c92318c8fe1cc
yahoo_answers,0.8666666666666666,bge_small_en_v1_5,fbd,mpnet_base_v2,71,0.942857142857143,e0538e72ede9d38beb3f33902fe7541cfda5365fc320ef9c0f4c92318c8fe1cc
yahoo_answers,0.8666666666666666,minilm_l6_v2,fbd,mpnet_base_v2,71,0.942857142857143,e0538e72ede9d38beb3f33902fe7541cfda5365fc320ef9c0f4c92318c8fe1cc
yahoo_answers,0.8666666666666666,bge_small_en_v1_5,mauve_reference,minilm_l6_v2,71,0.942857142857143,e0538e72ede9d38beb3f33902fe7541cfda5365fc320ef9c0f4c92318c8fe1cc
yahoo_answers,0.4666666666666666,bge_small_en_v1_5,mauve_reference,mpnet_base_v2,71,0.7142857142857143,e0538e72ede9d38beb3f33902fe7541cfda5365fc320ef9c0f4c92318c8fe1cc
yahoo_answers,0.6,minilm_l6_v2,mauve_reference,mpnet_base_v2,71,0.7714285714285715,e0538e72ede9d38beb3f33902fe7541cfda5365fc320ef9c0f4c92318c8fe1cc
yahoo_answers,0.8666666666666666,bge_small_en_v1_5,fbd,minilm_l6_v2,71,0.942857142857143,f160d75cd4cb8ad8a3d670cab7e2bf971054a941d5c4148cfbd2399811f5daca
yahoo_answers,0.7333333333333333,bge_small_en_v1_5,fbd,mpnet_base_v2,71,0.8285714285714287,f160d75cd4cb8ad8a3d670cab7e2bf971054a941d5c4148cfbd2399811f5daca
yahoo_answers,0.6,minilm_l6_v2,fbd,mpnet_base_v2,71,0.7714285714285715,f160d75cd4cb8ad8a3d670cab7e2bf971054a941d5c4148cfbd2399811f5daca
yahoo_answers,0.6900655593423541,bge_small_en_v1_5,mauve_reference,minilm_l6_v2,71,0.753702346348183,f160d75cd4cb8ad8a3d670cab7e2bf971054a941d5c4148cfbd2399811f5daca
yahoo_answers,0.5,bge_small_en_v1_5,mauve_reference,mpnet_base_v2,71,0.6764705882352942,f160d75cd4cb8ad8a3d670cab7e2bf971054a941d5c4148cfbd2399811f5daca
yahoo_answers,0.8280786712108251,minilm_l6_v2,mauve_reference,mpnet_base_v2,71,0.9276336570439175,f160d75cd4cb8ad8a3d670cab7e2bf971054a941d5c4148cfbd2399811f5daca
ag_news,0.7333333333333333,bge_small_en_v1_5,fbd,minilm_l6_v2,83,0.8285714285714287,1a93abcfb15e5819215cc065bb8b4b6d14dbbbe6b56ba36fcfbab3830e56ee0c
ag_news,0.7333333333333333,bge_small_en_v1_5,fbd,mpnet_base_v2,83,0.8285714285714287,1a93abcfb15e5819215cc065bb8b4b6d14dbbbe6b56ba36fcfbab3830e56ee0c
ag_news,0.9999999999999999,minilm_l6_v2,fbd,mpnet_base_v2,83,1.0,1a93abcfb15e5819215cc065bb8b4b6d14dbbbe6b56ba36fcfbab3830e56ee0c
ag_news,0.8666666666666666,bge_small_en_v1_5,mauve_reference,minilm_l6_v2,83,0.942857142857143,1a93abcfb15e5819215cc065bb8b4b6d14dbbbe6b56ba36fcfbab3830e56ee0c
ag_news,0.6,bge_small_en_v1_5,mauve_reference,mpnet_base_v2,83,0.7714285714285715,1a93abcfb15e5819215cc065bb8b4b6d14dbbbe6b56ba36fcfbab3830e56ee0c
ag_news,0.7333333333333333,minilm_l6_v2,mauve_reference,mpnet_base_v2,83,0.8857142857142858,1a93abcfb15e5819215cc065bb8b4b6d14dbbbe6b56ba36fcfbab3830e56ee0c
ag_news,0.8666666666666666,bge_small_en_v1_5,fbd,minilm_l6_v2,83,0.942857142857143,4fd543cfc271d4eb1c99354744e03d1caf13cdef2c34d3e6a4be94f2a4d8b97b
ag_news,0.8666666666666666,bge_small_en_v1_5,fbd,mpnet_base_v2,83,0.942857142857143,4fd543cfc271d4eb1c99354744e03d1caf13cdef2c34d3e6a4be94f2a4d8b97b
ag_news,0.9999999999999999,minilm_l6_v2,fbd,mpnet_base_v2,83,1.0,4fd543cfc271d4eb1c99354744e03d1caf13cdef2c34d3e6a4be94f2a4d8b97b
ag_news,0.8666666666666666,bge_small_en_v1_5,mauve_reference,minilm_l6_v2,83,0.942857142857143,4fd543cfc271d4eb1c99354744e03d1caf13cdef2c34d3e6a4be94f2a4d8b97b
ag_news,0.9999999999999999,bge_small_en_v1_5,mauve_reference,mpnet_base_v2,83,1.0,4fd543cfc271d4eb1c99354744e03d1caf13cdef2c34d3e6a4be94f2a4d8b97b
ag_news,0.8666666666666666,minilm_l6_v2,mauve_reference,mpnet_base_v2,83,0.942857142857143,4fd543cfc271d4eb1c99354744e03d1caf13cdef2c34d3e6a4be94f2a4d8b97b
ag_news,0.6,bge_small_en_v1_5,fbd,minilm_l6_v2,83,0.7714285714285715,702d7de6699fac5ce0472aeeaca81469795c7bbded6f4120e32e5cd2d98a9171
ag_news,0.7333333333333333,bge_small_en_v1_5,fbd,mpnet_base_v2,83,0.8285714285714287,702d7de6699fac5ce0472aeeaca81469795c7bbded6f4120e32e5cd2d98a9171
ag_news,0.8666666666666666,minilm_l6_v2,fbd,mpnet_base_v2,83,0.942857142857143,702d7de6699fac5ce0472aeeaca81469795c7bbded6f4120e32e5cd2d98a9171
ag_news,0.4472135954999579,bge_small_en_v1_5,mauve_reference,minilm_l6_v2,83,0.5768179036829705,702d7de6699fac5ce0472aeeaca81469795c7bbded6f4120e32e5cd2d98a9171
ag_news,0.5400617248673217,bge_small_en_v1_5,mauve_reference,mpnet_base_v2,83,0.6468431588153822,702d7de6699fac5ce0472aeeaca81469795c7bbded6f4120e32e5cd2d98a9171
ag_news,0.8280786712108251,minilm_l6_v2,mauve_reference,mpnet_base_v2,83,0.9276336570439175,702d7de6699fac5ce0472aeeaca81469795c7bbded6f4120e32e5cd2d98a9171
ag_news,0.8666666666666666,bge_small_en_v1_5,fbd,minilm_l6_v2,83,0.942857142857143,d04997a9723aea53b201ff8475aea3cc49fbd933c3464a3503c9263225099a4e
ag_news,0.9999999999999999,bge_small_en_v1_5,fbd,mpnet_base_v2,83,1.0,d04997a9723aea53b201ff8475aea3cc49fbd933c3464a3503c9263225099a4e
ag_news,0.8666666666666666,minilm_l6_v2,fbd,mpnet_base_v2,83,0.942857142857143,d04997a9723aea53b201ff8475aea3cc49fbd933c3464a3503c9263225099a4e
ag_news,0.8666666666666666,bge_small_en_v1_5,mauve_reference,minilm_l6_v2,83,0.942857142857143,d04997a9723aea53b201ff8475aea3cc49fbd933c3464a3503c9263225099a4e
ag_news,0.7333333333333333,bge_small_en_v1_5,mauve_reference,mpnet_base_v2,83,0.8857142857142858,d04997a9723aea53b201ff8475aea3cc49fbd933c3464a3503c9263225099a4e
ag_news,0.8666666666666666,minilm_l6_v2,mauve_reference,mpnet_base_v2,83,0.942857142857143,d04997a9723aea53b201ff8475aea3cc49fbd933c3464a3503c9263225099a4e
ag_news,0.9999999999999999,bge_small_en_v1_5,fbd,minilm_l6_v2,83,1.0,e0538e72ede9d38beb3f33902fe7541cfda5365fc320ef9c0f4c92318c8fe1cc
ag_news,0.9999999999999999,bge_small_en_v1_5,fbd,mpnet_base_v2,83,1.0,e0538e72ede9d38beb3f33902fe7541cfda5365fc320ef9c0f4c92318c8fe1cc
ag_news,0.9999999999999999,minilm_l6_v2,fbd,mpnet_base_v2,83,1.0,e0538e72ede9d38beb3f33902fe7541cfda5365fc320ef9c0f4c92318c8fe1cc
ag_news,0.7333333333333333,bge_small_en_v1_5,mauve_reference,minilm_l6_v2,83,0.8857142857142858,e0538e72ede9d38beb3f33902fe7541cfda5365fc320ef9c0f4c92318c8fe1cc
ag_news,0.7333333333333333,bge_small_en_v1_5,mauve_reference,mpnet_base_v2,83,0.8285714285714287,e0538e72ede9d38beb3f33902fe7541cfda5365fc320ef9c0f4c92318c8fe1cc
ag_news,0.7333333333333333,minilm_l6_v2,mauve_reference,mpnet_base_v2,83,0.8285714285714287,e0538e72ede9d38beb3f33902fe7541cfda5365fc320ef9c0f4c92318c8fe1cc
ag_news,0.6,bge_small_en_v1_5,fbd,minilm_l6_v2,83,0.7142857142857143,f160d75cd4cb8ad8a3d670cab7e2bf971054a941d5c4148cfbd2399811f5daca
ag_news,0.6,bge_small_en_v1_5,fbd,mpnet_base_v2,83,0.7142857142857143,f160d75cd4cb8ad8a3d670cab7e2bf971054a941d5c4148cfbd2399811f5daca
ag_news,0.9999999999999999,minilm_l6_v2,fbd,mpnet_base_v2,83,1.0,f160d75cd4cb8ad8a3d670cab7e2bf971054a941d5c4148cfbd2399811f5daca
ag_news,0.3333333333333333,bge_small_en_v1_5,mauve_reference,minilm_l6_v2,83,0.3714285714285715,f160d75cd4cb8ad8a3d670cab7e2bf971054a941d5c4148cfbd2399811f5daca
ag_news,0.3333333333333333,bge_small_en_v1_5,mauve_reference,mpnet_base_v2,83,0.3714285714285715,f160d75cd4cb8ad8a3d670cab7e2bf971054a941d5c4148cfbd2399811f5daca
ag_news,0.9999999999999999,minilm_l6_v2,mauve_reference,mpnet_base_v2,83,1.0,f160d75cd4cb8ad8a3d670cab7e2bf971054a941d5c4148cfbd2399811f5daca
amazon_reviews,0.7333333333333333,bge_small_en_v1_5,fbd,minilm_l6_v2,83,0.8285714285714287,1a93abcfb15e5819215cc065bb8b4b6d14dbbbe6b56ba36fcfbab3830e56ee0c
amazon_reviews,0.8666666666666666,bge_small_en_v1_5,fbd,mpnet_base_v2,83,0.942857142857143,1a93abcfb15e5819215cc065bb8b4b6d14dbbbe6b56ba36fcfbab3830e56ee0c
amazon_reviews,0.8666666666666666,minilm_l6_v2,fbd,mpnet_base_v2,83,0.942857142857143,1a93abcfb15e5819215cc065bb8b4b6d14dbbbe6b56ba36fcfbab3830e56ee0c
amazon_reviews,0.8666666666666666,bge_small_en_v1_5,mauve_reference,minilm_l6_v2,83,0.942857142857143,1a93abcfb15e5819215cc065bb8b4b6d14dbbbe6b56ba36fcfbab3830e56ee0c
amazon_reviews,0.7333333333333333,bge_small_en_v1_5,mauve_reference,mpnet_base_v2,83,0.8857142857142858,1a93abcfb15e5819215cc065bb8b4b6d14dbbbe6b56ba36fcfbab3830e56ee0c
amazon_reviews,0.8666666666666666,minilm_l6_v2,mauve_reference,mpnet_base_v2,83,0.942857142857143,1a93abcfb15e5819215cc065bb8b4b6d14dbbbe6b56ba36fcfbab3830e56ee0c
amazon_reviews,0.8666666666666666,bge_small_en_v1_5,fbd,minilm_l6_v2,83,0.942857142857143,4fd543cfc271d4eb1c99354744e03d1caf13cdef2c34d3e6a4be94f2a4d8b97b
amazon_reviews,0.9999999999999999,bge_small_en_v1_5,fbd,mpnet_base_v2,83,1.0,4fd543cfc271d4eb1c99354744e03d1caf13cdef2c34d3e6a4be94f2a4d8b97b
amazon_reviews,0.8666666666666666,minilm_l6_v2,fbd,mpnet_base_v2,83,0.942857142857143,4fd543cfc271d4eb1c99354744e03d1caf13cdef2c34d3e6a4be94f2a4d8b97b
amazon_reviews,0.6,bge_small_en_v1_5,mauve_reference,minilm_l6_v2,83,0.7714285714285715,4fd543cfc271d4eb1c99354744e03d1caf13cdef2c34d3e6a4be94f2a4d8b97b
amazon_reviews,0.6,bge_small_en_v1_5,mauve_reference,mpnet_base_v2,83,0.7714285714285715,4fd543cfc271d4eb1c99354744e03d1caf13cdef2c34d3e6a4be94f2a4d8b97b
amazon_reviews,0.9999999999999999,minilm_l6_v2,mauve_reference,mpnet_base_v2,83,1.0,4fd543cfc271d4eb1c99354744e03d1caf13cdef2c34d3e6a4be94f2a4d8b97b
amazon_reviews,0.8666666666666666,bge_small_en_v1_5,fbd,minilm_l6_v2,83,0.942857142857143,702d7de6699fac5ce0472aeeaca81469795c7bbded6f4120e32e5cd2d98a9171
amazon_reviews,0.8666666666666666,bge_small_en_v1_5,fbd,mpnet_base_v2,83,0.942857142857143,702d7de6699fac5ce0472aeeaca81469795c7bbded6f4120e32e5cd2d98a9171
amazon_reviews,0.9999999999999999,minilm_l6_v2,fbd,mpnet_base_v2,83,1.0,702d7de6699fac5ce0472aeeaca81469795c7bbded6f4120e32e5cd2d98a9171
amazon_reviews,0.2142857142857143,bge_small_en_v1_5,mauve_reference,minilm_l6_v2,83,0.27941176470588236,702d7de6699fac5ce0472aeeaca81469795c7bbded6f4120e32e5cd2d98a9171
amazon_reviews,0.0,bge_small_en_v1_5,mauve_reference,mpnet_base_v2,83,0.05882352941176471,702d7de6699fac5ce0472aeeaca81469795c7bbded6f4120e32e5cd2d98a9171
amazon_reviews,0.35714285714285715,minilm_l6_v2,mauve_reference,mpnet_base_v2,83,0.5147058823529411,702d7de6699fac5ce0472aeeaca81469795c7bbded6f4120e32e5cd2d98a9171
amazon_reviews,0.8666666666666666,bge_small_en_v1_5,fbd,minilm_l6_v2,83,0.942857142857143,d04997a9723aea53b201ff8475aea3cc49fbd933c3464a3503c9263225099a4e
amazon_reviews,0.8666666666666666,bge_small_en_v1_5,fbd,mpnet_base_v2,83,0.942857142857143,d04997a9723aea53b201ff8475aea3cc49fbd933c3464a3503c9263225099a4e
amazon_reviews,0.9999999999999999,minilm_l6_v2,fbd,mpnet_base_v2,83,1.0,d04997a9723aea53b201ff8475aea3cc49fbd933c3464a3503c9263225099a4e
amazon_reviews,0.2,bge_small_en_v1_5,mauve_reference,minilm_l6_v2,83,0.3142857142857143,d04997a9723aea53b201ff8475aea3cc49fbd933c3464a3503c9263225099a4e
amazon_reviews,0.3333333333333333,bge_small_en_v1_5,mauve_reference,mpnet_base_v2,83,0.5428571428571429,d04997a9723aea53b201ff8475aea3cc49fbd933c3464a3503c9263225099a4e
amazon_reviews,0.6,minilm_l6_v2,mauve_reference,mpnet_base_v2,83,0.7714285714285715,d04997a9723aea53b201ff8475aea3cc49fbd933c3464a3503c9263225099a4e
amazon_reviews,0.6,bge_small_en_v1_5,fbd,minilm_l6_v2,83,0.7142857142857143,e0538e72ede9d38beb3f33902fe7541cfda5365fc320ef9c0f4c92318c8fe1cc
amazon_reviews,0.7333333333333333,bge_small_en_v1_5,fbd,mpnet_base_v2,83,0.8285714285714287,e0538e72ede9d38beb3f33902fe7541cfda5365fc320ef9c0f4c92318c8fe1cc
amazon_reviews,0.8666666666666666,minilm_l6_v2,fbd,mpnet_base_v2,83,0.942857142857143,e0538e72ede9d38beb3f33902fe7541cfda5365fc320ef9c0f4c92318c8fe1cc
amazon_reviews,0.4666666666666666,bge_small_en_v1_5,mauve_reference,minilm_l6_v2,83,0.6571428571428573,e0538e72ede9d38beb3f33902fe7541cfda5365fc320ef9c0f4c92318c8fe1cc
amazon_reviews,0.06666666666666665,bge_small_en_v1_5,mauve_reference,mpnet_base_v2,83,0.3714285714285715,e0538e72ede9d38beb3f33902fe7541cfda5365fc320ef9c0f4c92318c8fe1cc
amazon_reviews,0.3333333333333333,minilm_l6_v2,mauve_reference,mpnet_base_v2,83,0.3714285714285715,e0538e72ede9d38beb3f33902fe7541cfda5365fc320ef9c0f4c92318c8fe1cc
amazon_reviews,0.7333333333333333,bge_small_en_v1_5,fbd,minilm_l6_v2,83,0.8285714285714287,f160d75cd4cb8ad8a3d670cab7e2bf971054a941d5c4148cfbd2399811f5daca
amazon_reviews,0.7333333333333333,bge_small_en_v1_5,fbd,mpnet_base_v2,83,0.8285714285714287,f160d75cd4cb8ad8a3d670cab7e2bf971054a941d5c4148cfbd2399811f5daca
amazon_reviews,0.9999999999999999,minilm_l6_v2,fbd,mpnet_base_v2,83,1.0,f160d75cd4cb8ad8a3d670cab7e2bf971054a941d5c4148cfbd2399811f5daca
amazon_reviews,0.2760262237369417,bge_small_en_v1_5,mauve_reference,minilm_l6_v2,83,0.4638168285219587,f160d75cd4cb8ad8a3d670cab7e2bf971054a941d5c4148cfbd2399811f5daca
amazon_reviews,0.5520524474738834,bge_small_en_v1_5,mauve_reference,mpnet_base_v2,83,0.6377481392176932,f160d75cd4cb8ad8a3d670cab7e2bf971054a941d5c4148cfbd2399811f5daca
amazon_reviews,0.4666666666666666,minilm_l6_v2,mauve_reference,mpnet_base_v2,83,0.6571428571428573,f160d75cd4cb8ad8a3d670cab7e2bf971054a941d5c4148cfbd2399811f5daca
dbpedia,0.7333333333333333,bge_small_en_v1_5,fbd,minilm_l6_v2,83,0.8285714285714287,1a93abcfb15e5819215cc065bb8b4b6d14dbbbe6b56ba36fcfbab3830e56ee0c
dbpedia,0.7333333333333333,bge_small_en_v1_5,fbd,mpnet_base_v2,83,0.8285714285714287,1a93abcfb15e5819215cc065bb8b4b6d14dbbbe6b56ba36fcfbab3830e56ee0c
dbpedia,0.7333333333333333,minilm_l6_v2,fbd,mpnet_base_v2,83,0.8285714285714287,1a93abcfb15e5819215cc065bb8b4b6d14dbbbe6b56ba36fcfbab3830e56ee0c
dbpedia,0.9999999999999999,bge_small_en_v1_5,mauve_reference,minilm_l6_v2,83,1.0,1a93abcfb15e5819215cc065bb8b4b6d14dbbbe6b56ba36fcfbab3830e56ee0c
dbpedia,0.7333333333333333,bge_small_en_v1_5,mauve_reference,mpnet_base_v2,83,0.8857142857142858,1a93abcfb15e5819215cc065bb8b4b6d14dbbbe6b56ba36fcfbab3830e56ee0c
dbpedia,0.7333333333333333,minilm_l6_v2,mauve_reference,mpnet_base_v2,83,0.8857142857142858,1a93abcfb15e5819215cc065bb8b4b6d14dbbbe6b56ba36fcfbab3830e56ee0c
dbpedia,0.8666666666666666,bge_small_en_v1_5,fbd,minilm_l6_v2,83,0.942857142857143,4fd543cfc271d4eb1c99354744e03d1caf13cdef2c34d3e6a4be94f2a4d8b97b
dbpedia,0.8666666666666666,bge_small_en_v1_5,fbd,mpnet_base_v2,83,0.942857142857143,4fd543cfc271d4eb1c99354744e03d1caf13cdef2c34d3e6a4be94f2a4d8b97b
dbpedia,0.9999999999999999,minilm_l6_v2,fbd,mpnet_base_v2,83,1.0,4fd543cfc271d4eb1c99354744e03d1caf13cdef2c34d3e6a4be94f2a4d8b97b
dbpedia,0.6,bge_small_en_v1_5,mauve_reference,minilm_l6_v2,83,0.8285714285714287,4fd543cfc271d4eb1c99354744e03d1caf13cdef2c34d3e6a4be94f2a4d8b97b
dbpedia,0.7333333333333333,bge_small_en_v1_5,mauve_reference,mpnet_base_v2,83,0.8857142857142858,4fd543cfc271d4eb1c99354744e03d1caf13cdef2c34d3e6a4be94f2a4d8b97b
dbpedia,0.8666666666666666,minilm_l6_v2,mauve_reference,mpnet_base_v2,83,0.942857142857143,4fd543cfc271d4eb1c99354744e03d1caf13cdef2c34d3e6a4be94f2a4d8b97b
dbpedia,0.7333333333333333,bge_small_en_v1_5,fbd,minilm_l6_v2,83,0.8285714285714287,702d7de6699fac5ce0472aeeaca81469795c7bbded6f4120e32e5cd2d98a9171
dbpedia,0.9999999999999999,bge_small_en_v1_5,fbd,mpnet_base_v2,83,1.0,702d7de6699fac5ce0472aeeaca81469795c7bbded6f4120e32e5cd2d98a9171
dbpedia,0.7333333333333333,minilm_l6_v2,fbd,mpnet_base_v2,83,0.8285714285714287,702d7de6699fac5ce0472aeeaca81469795c7bbded6f4120e32e5cd2d98a9171
dbpedia,0.23076923076923078,bge_small_en_v1_5,mauve_reference,minilm_l6_v2,83,0.28787878787878785,702d7de6699fac5ce0472aeeaca81469795c7bbded6f4120e32e5cd2d98a9171
dbpedia,0.29649972666444047,bge_small_en_v1_5,mauve_reference,mpnet_base_v2,83,0.37317589626658254,702d7de6699fac5ce0472aeeaca81469795c7bbded6f4120e32e5cd2d98a9171
dbpedia,0.8894991799933215,minilm_l6_v2,mauve_reference,mpnet_base_v2,83,0.9254762227411247,702d7de6699fac5ce0472aeeaca81469795c7bbded6f4120e32e5cd2d98a9171
dbpedia,0.9999999999999999,bge_small_en_v1_5,fbd,minilm_l6_v2,83,1.0,d04997a9723aea53b201ff8475aea3cc49fbd933c3464a3503c9263225099a4e
dbpedia,0.7333333333333333,bge_small_en_v1_5,fbd,mpnet_base_v2,83,0.8285714285714287,d04997a9723aea53b201ff8475aea3cc49fbd933c3464a3503c9263225099a4e
dbpedia,0.7333333333333333,minilm_l6_v2,fbd,mpnet_base_v2,83,0.8285714285714287,d04997a9723aea53b201ff8475aea3cc49fbd933c3464a3503c9263225099a4e
dbpedia,0.6,bge_small_en_v1_5,mauve_reference,minilm_l6_v2,83,0.6571428571428573,d04997a9723aea53b201ff8475aea3cc49fbd933c3464a3503c9263225099a4e
dbpedia,0.2,bge_small_en_v1_5,mauve_reference,mpnet_base_v2,83,0.3142857142857143,d04997a9723aea53b201ff8475aea3cc49fbd933c3464a3503c9263225099a4e
dbpedia,0.6,minilm_l6_v2,mauve_reference,mpnet_base_v2,83,0.7714285714285715,d04997a9723aea53b201ff8475aea3cc49fbd933c3464a3503c9263225099a4e
dbpedia,0.8666666666666666,bge_small_en_v1_5,fbd,minilm_l6_v2,83,0.942857142857143,e0538e72ede9d38beb3f33902fe7541cfda5365fc320ef9c0f4c92318c8fe1cc
dbpedia,0.4666666666666666,bge_small_en_v1_5,fbd,mpnet_base_v2,83,0.6,e0538e72ede9d38beb3f33902fe7541cfda5365fc320ef9c0f4c92318c8fe1cc
dbpedia,0.6,minilm_l6_v2,fbd,mpnet_base_v2,83,0.7714285714285715,e0538e72ede9d38beb3f33902fe7541cfda5365fc320ef9c0f4c92318c8fe1cc
dbpedia,0.8280786712108251,bge_small_en_v1_5,mauve_reference,minilm_l6_v2,83,0.9276336570439174,e0538e72ede9d38beb3f33902fe7541cfda5365fc320ef9c0f4c92318c8fe1cc
dbpedia,0.5520524474738834,bge_small_en_v1_5,mauve_reference,mpnet_base_v2,83,0.753702346348183,e0538e72ede9d38beb3f33902fe7541cfda5365fc320ef9c0f4c92318c8fe1cc
dbpedia,0.4666666666666666,minilm_l6_v2,mauve_reference,mpnet_base_v2,83,0.6571428571428573,e0538e72ede9d38beb3f33902fe7541cfda5365fc320ef9c0f4c92318c8fe1cc
dbpedia,0.6,bge_small_en_v1_5,fbd,minilm_l6_v2,83,0.7714285714285715,f160d75cd4cb8ad8a3d670cab7e2bf971054a941d5c4148cfbd2399811f5daca
dbpedia,0.7333333333333333,bge_small_en_v1_5,fbd,mpnet_base_v2,83,0.8857142857142858,f160d75cd4cb8ad8a3d670cab7e2bf971054a941d5c4148cfbd2399811f5daca
dbpedia,0.6,minilm_l6_v2,fbd,mpnet_base_v2,83,0.7714285714285715,f160d75cd4cb8ad8a3d670cab7e2bf971054a941d5c4148cfbd2399811f5daca
dbpedia,0.6900655593423541,bge_small_en_v1_5,mauve_reference,minilm_l6_v2,83,0.8116794499134278,f160d75cd4cb8ad8a3d670cab7e2bf971054a941d5c4148cfbd2399811f5daca
dbpedia,0.8280786712108251,bge_small_en_v1_5,mauve_reference,mpnet_base_v2,83,0.898645105261295,f160d75cd4cb8ad8a3d670cab7e2bf971054a941d5c4148cfbd2399811f5daca
dbpedia,0.6,minilm_l6_v2,mauve_reference,mpnet_base_v2,83,0.6571428571428573,f160d75cd4cb8ad8a3d670cab7e2bf971054a941d5c4148cfbd2399811f5daca
imdb_reviews,0.7333333333333333,bge_small_en_v1_5,fbd,minilm_l6_v2,83,0.8857142857142858,1a93abcfb15e5819215cc065bb8b4b6d14dbbbe6b56ba36fcfbab3830e56ee0c
imdb_reviews,0.6,bge_small_en_v1_5,fbd,mpnet_base_v2,83,0.7142857142857143,1a93abcfb15e5819215cc065bb8b4b6d14dbbbe6b56ba36fcfbab3830e56ee0c
imdb_reviews,0.8666666666666666,minilm_l6_v2,fbd,mpnet_base_v2,83,0.942857142857143,1a93abcfb15e5819215cc065bb8b4b6d14dbbbe6b56ba36fcfbab3830e56ee0c
imdb_reviews,0.13801311186847084,bge_small_en_v1_5,mauve_reference,minilm_l6_v2,83,0.17393131069573453,1a93abcfb15e5819215cc065bb8b4b6d14dbbbe6b56ba36fcfbab3830e56ee0c
imdb_reviews,0.41403933560541256,bge_small_en_v1_5,mauve_reference,mpnet_base_v2,83,0.4638168285219587,1a93abcfb15e5819215cc065bb8b4b6d14dbbbe6b56ba36fcfbab3830e56ee0c
imdb_reviews,0.06666666666666665,minilm_l6_v2,mauve_reference,mpnet_base_v2,83,0.08571428571428573,1a93abcfb15e5819215cc065bb8b4b6d14dbbbe6b56ba36fcfbab3830e56ee0c
imdb_reviews,0.3333333333333333,bge_small_en_v1_5,fbd,minilm_l6_v2,83,0.48571428571428577,4fd543cfc271d4eb1c99354744e03d1caf13cdef2c34d3e6a4be94f2a4d8b97b
imdb_reviews,0.2,bge_small_en_v1_5,fbd,mpnet_base_v2,83,0.4285714285714286,4fd543cfc271d4eb1c99354744e03d1caf13cdef2c34d3e6a4be94f2a4d8b97b
imdb_reviews,0.8666666666666666,minilm_l6_v2,fbd,mpnet_base_v2,83,0.942857142857143,4fd543cfc271d4eb1c99354744e03d1caf13cdef2c34d3e6a4be94f2a4d8b97b
imdb_reviews,0.13801311186847084,bge_small_en_v1_5,mauve_reference,minilm_l6_v2,83,0.17393131069573453,4fd543cfc271d4eb1c99354744e03d1caf13cdef2c34d3e6a4be94f2a4d8b97b
imdb_reviews,0.41403933560541256,bge_small_en_v1_5,mauve_reference,mpnet_base_v2,83,0.28988551782622424,4fd543cfc271d4eb1c99354744e03d1caf13cdef2c34d3e6a4be94f2a4d8b97b
imdb_reviews,0.2,minilm_l6_v2,mauve_reference,mpnet_base_v2,83,0.2571428571428572,4fd543cfc271d4eb1c99354744e03d1caf13cdef2c34d3e6a4be94f2a4d8b97b
imdb_reviews,0.4666666666666666,bge_small_en_v1_5,fbd,minilm_l6_v2,83,0.5428571428571429,702d7de6699fac5ce0472aeeaca81469795c7bbded6f4120e32e5cd2d98a9171
imdb_reviews,0.6,bge_small_en_v1_5,fbd,mpnet_base_v2,83,0.7142857142857143,702d7de6699fac5ce0472aeeaca81469795c7bbded6f4120e32e5cd2d98a9171
imdb_reviews,0.8666666666666666,minilm_l6_v2,fbd,mpnet_base_v2,83,0.942857142857143,702d7de6699fac5ce0472aeeaca81469795c7bbded6f4120e32e5cd2d98a9171
imdb_reviews,0.0,bge_small_en_v1_5,mauve_reference,minilm_l6_v2,83,-0.030358837035945815,702d7de6699fac5ce0472aeeaca81469795c7bbded6f4120e32e5cd2d98a9171
imdb_reviews,0.0,bge_small_en_v1_5,mauve_reference,mpnet_base_v2,83,-0.030358837035945815,702d7de6699fac5ce0472aeeaca81469795c7bbded6f4120e32e5cd2d98a9171
imdb_reviews,1.0,minilm_l6_v2,mauve_reference,mpnet_base_v2,83,1.0,702d7de6699fac5ce0472aeeaca81469795c7bbded6f4120e32e5cd2d98a9171
imdb_reviews,0.2,bge_small_en_v1_5,fbd,minilm_l6_v2,83,0.4285714285714286,d04997a9723aea53b201ff8475aea3cc49fbd933c3464a3503c9263225099a4e
imdb_reviews,0.3333333333333333,bge_small_en_v1_5,fbd,mpnet_base_v2,83,0.48571428571428577,d04997a9723aea53b201ff8475aea3cc49fbd933c3464a3503c9263225099a4e
imdb_reviews,0.8666666666666666,minilm_l6_v2,fbd,mpnet_base_v2,83,0.942857142857143,d04997a9723aea53b201ff8475aea3cc49fbd933c3464a3503c9263225099a4e
imdb_reviews,0.5520524474738834,bge_small_en_v1_5,mauve_reference,minilm_l6_v2,83,0.6377481392176932,d04997a9723aea53b201ff8475aea3cc49fbd933c3464a3503c9263225099a4e
imdb_reviews,0.41403933560541256,bge_small_en_v1_5,mauve_reference,mpnet_base_v2,83,0.43482827673933633,d04997a9723aea53b201ff8475aea3cc49fbd933c3464a3503c9263225099a4e
imdb_reviews,0.3333333333333333,minilm_l6_v2,mauve_reference,mpnet_base_v2,83,0.48571428571428577,d04997a9723aea53b201ff8475aea3cc49fbd933c3464a3503c9263225099a4e
imdb_reviews,0.2,bge_small_en_v1_5,fbd,minilm_l6_v2,83,0.2571428571428572,e0538e72ede9d38beb3f33902fe7541cfda5365fc320ef9c0f4c92318c8fe1cc
imdb_reviews,0.3333333333333333,bge_small_en_v1_5,fbd,mpnet_base_v2,83,0.48571428571428577,e0538e72ede9d38beb3f33902fe7541cfda5365fc320ef9c0f4c92318c8fe1cc
imdb_reviews,0.8666666666666666,minilm_l6_v2,fbd,mpnet_base_v2,83,0.942857142857143,e0538e72ede9d38beb3f33902fe7541cfda5365fc320ef9c0f4c92318c8fe1cc
imdb_reviews,0.13801311186847084,bge_small_en_v1_5,mauve_reference,minilm_l6_v2,83,0.08696565534786727,e0538e72ede9d38beb3f33902fe7541cfda5365fc320ef9c0f4c92318c8fe1cc
imdb_reviews,0.0,bge_small_en_v1_5,mauve_reference,mpnet_base_v2,83,0.0,e0538e72ede9d38beb3f33902fe7541cfda5365fc320ef9c0f4c92318c8fe1cc
imdb_reviews,0.8666666666666666,minilm_l6_v2,mauve_reference,mpnet_base_v2,83,0.942857142857143,e0538e72ede9d38beb3f33902fe7541cfda5365fc320ef9c0f4c92318c8fe1cc
imdb_reviews,0.6,bge_small_en_v1_5,fbd,minilm_l6_v2,83,0.6571428571428573,f160d75cd4cb8ad8a3d670cab7e2bf971054a941d5c4148cfbd2399811f5daca
imdb_reviews,0.8666666666666666,bge_small_en_v1_5,fbd,mpnet_base_v2,83,0.942857142857143,f160d75cd4cb8ad8a3d670cab7e2bf971054a941d5c4148cfbd2399811f5daca
imdb_reviews,0.7333333333333333,minilm_l6_v2,fbd,mpnet_base_v2,83,0.8285714285714287,f160d75cd4cb8ad8a3d670cab7e2bf971054a941d5c4148cfbd2399811f5daca
imdb_reviews,0.06666666666666665,bge_small_en_v1_5,mauve_reference,minilm_l6_v2,83,0.14285714285714288,f160d75cd4cb8ad8a3d670cab7e2bf971054a941d5c4148cfbd2399811f5daca
imdb_reviews,0.3333333333333333,bge_small_en_v1_5,mauve_reference,mpnet_base_v2,83,0.48571428571428577,f160d75cd4cb8ad8a3d670cab7e2bf971054a941d5c4148cfbd2399811f5daca
imdb_reviews,0.7333333333333333,minilm_l6_v2,mauve_reference,mpnet_base_v2,83,0.8857142857142858,f160d75cd4cb8ad8a3d670cab7e2bf971054a941d5c4148cfbd2399811f5daca
yahoo_answers,0.8666666666666666,bge_small_en_v1_5,fbd,minilm_l6_v2,83,0.942857142857143,1a93abcfb15e5819215cc065bb8b4b6d14dbbbe6b56ba36fcfbab3830e56ee0c
yahoo_answers,0.9999999999999999,bge_small_en_v1_5,fbd,mpnet_base_v2,83,1.0,1a93abcfb15e5819215cc065bb8b4b6d14dbbbe6b56ba36fcfbab3830e56ee0c
yahoo_answers,0.8666666666666666,minilm_l6_v2,fbd,mpnet_base_v2,83,0.942857142857143,1a93abcfb15e5819215cc065bb8b4b6d14dbbbe6b56ba36fcfbab3830e56ee0c
yahoo_answers,0.7333333333333333,bge_small_en_v1_5,mauve_reference,minilm_l6_v2,83,0.8857142857142858,1a93abcfb15e5819215cc065bb8b4b6d14dbbbe6b56ba36fcfbab3830e56ee0c
yahoo_answers,0.8666666666666666,bge_small_en_v1_5,mauve_reference,mpnet_base_v2,83,0.942857142857143,1a93abcfb15e5819215cc065bb8b4b6d14dbbbe6b56ba36fcfbab3830e56ee0c
yahoo_answers,0.8666666666666666,minilm_l6_v2,mauve_reference,mpnet_base_v2,83,0.942857142857143,1a93abcfb15e5819215cc065bb8b4b6d14dbbbe6b56ba36fcfbab3830e56ee0c
yahoo_answers,0.9999999999999999,bge_small_en_v1_5,fbd,minilm_l6_v2,83,1.0,4fd543cfc271d4eb1c99354744e03d1caf13cdef2c34d3e6a4be94f2a4d8b97b
yahoo_answers,0.9999999999999999,bge_small_en_v1_5,fbd,mpnet_base_v2,83,1.0,4fd543cfc271d4eb1c99354744e03d1caf13cdef2c34d3e6a4be94f2a4d8b97b
yahoo_answers,0.9999999999999999,minilm_l6_v2,fbd,mpnet_base_v2,83,1.0,4fd543cfc271d4eb1c99354744e03d1caf13cdef2c34d3e6a4be94f2a4d8b97b
yahoo_answers,0.7333333333333333,bge_small_en_v1_5,mauve_reference,minilm_l6_v2,83,0.8285714285714287,4fd543cfc271d4eb1c99354744e03d1caf13cdef2c34d3e6a4be94f2a4d8b97b
yahoo_answers,0.6,bge_small_en_v1_5,mauve_reference,mpnet_base_v2,83,0.7714285714285715,4fd543cfc271d4eb1c99354744e03d1caf13cdef2c34d3e6a4be94f2a4d8b97b
yahoo_answers,0.8666666666666666,minilm_l6_v2,mauve_reference,mpnet_base_v2,83,0.942857142857143,4fd543cfc271d4eb1c99354744e03d1caf13cdef2c34d3e6a4be94f2a4d8b97b
yahoo_answers,0.8666666666666666,bge_small_en_v1_5,fbd,minilm_l6_v2,83,0.942857142857143,702d7de6699fac5ce0472aeeaca81469795c7bbded6f4120e32e5cd2d98a9171
yahoo_answers,0.7333333333333333,bge_small_en_v1_5,fbd,mpnet_base_v2,83,0.8857142857142858,702d7de6699fac5ce0472aeeaca81469795c7bbded6f4120e32e5cd2d98a9171
yahoo_answers,0.8666666666666666,minilm_l6_v2,fbd,mpnet_base_v2,83,0.942857142857143,702d7de6699fac5ce0472aeeaca81469795c7bbded6f4120e32e5cd2d98a9171
yahoo_answers,0.08362420100070908,bge_small_en_v1_5,mauve_reference,minilm_l6_v2,83,0.07945521577046602,702d7de6699fac5ce0472aeeaca81469795c7bbded6f4120e32e5cd2d98a9171
yahoo_answers,0.3481553119113957,bge_small_en_v1_5,mauve_reference,mpnet_base_v2,83,0.4262867932595695,702d7de6699fac5ce0472aeeaca81469795c7bbded6f4120e32e5cd2d98a9171
yahoo_answers,0.4803844614152615,minilm_l6_v2,mauve_reference,mpnet_base_v2,83,0.5627748595326502,702d7de6699fac5ce0472aeeaca81469795c7bbded6f4120e32e5cd2d98a9171
yahoo_answers,0.8666666666666666,bge_small_en_v1_5,fbd,minilm_l6_v2,83,0.942857142857143,d04997a9723aea53b201ff8475aea3cc49fbd933c3464a3503c9263225099a4e
yahoo_answers,0.8666666666666666,bge_small_en_v1_5,fbd,mpnet_base_v2,83,0.942857142857143,d04997a9723aea53b201ff8475aea3cc49fbd933c3464a3503c9263225099a4e
yahoo_answers,0.9999999999999999,minilm_l6_v2,fbd,mpnet_base_v2,83,1.0,d04997a9723aea53b201ff8475aea3cc49fbd933c3464a3503c9263225099a4e
yahoo_answers,0.9999999999999999,bge_small_en_v1_5,mauve_reference,minilm_l6_v2,83,1.0,d04997a9723aea53b201ff8475aea3cc49fbd933c3464a3503c9263225099a4e
yahoo_answers,0.8666666666666666,bge_small_en_v1_5,mauve_reference,mpnet_base_v2,83,0.942857142857143,d04997a9723aea53b201ff8475aea3cc49fbd933c3464a3503c9263225099a4e
yahoo_answers,0.8666666666666666,minilm_l6_v2,mauve_reference,mpnet_base_v2,83,0.942857142857143,d04997a9723aea53b201ff8475aea3cc49fbd933c3464a3503c9263225099a4e
yahoo_answers,0.8666666666666666,bge_small_en_v1_5,fbd,minilm_l6_v2,83,0.942857142857143,e0538e72ede9d38beb3f33902fe7541cfda5365fc320ef9c0f4c92318c8fe1cc
yahoo_answers,0.7333333333333333,bge_small_en_v1_5,fbd,mpnet_base_v2,83,0.8857142857142858,e0538e72ede9d38beb3f33902fe7541cfda5365fc320ef9c0f4c92318c8fe1cc
yahoo_answers,0.8666666666666666,minilm_l6_v2,fbd,mpnet_base_v2,83,0.942857142857143,e0538e72ede9d38beb3f33902fe7541cfda5365fc320ef9c0f4c92318c8fe1cc
yahoo_answers,0.8666666666666666,bge_small_en_v1_5,mauve_reference,minilm_l6_v2,83,0.942857142857143,e0538e72ede9d38beb3f33902fe7541cfda5365fc320ef9c0f4c92318c8fe1cc
yahoo_answers,0.7333333333333333,bge_small_en_v1_5,mauve_reference,mpnet_base_v2,83,0.8857142857142858,e0538e72ede9d38beb3f33902fe7541cfda5365fc320ef9c0f4c92318c8fe1cc
yahoo_answers,0.6,minilm_l6_v2,mauve_reference,mpnet_base_v2,83,0.7714285714285715,e0538e72ede9d38beb3f33902fe7541cfda5365fc320ef9c0f4c92318c8fe1cc
yahoo_answers,0.9999999999999999,bge_small_en_v1_5,fbd,minilm_l6_v2,83,1.0,f160d75cd4cb8ad8a3d670cab7e2bf971054a941d5c4148cfbd2399811f5daca
yahoo_answers,0.7333333333333333,bge_small_en_v1_5,fbd,mpnet_base_v2,83,0.8285714285714287,f160d75cd4cb8ad8a3d670cab7e2bf971054a941d5c4148cfbd2399811f5daca
yahoo_answers,0.7333333333333333,minilm_l6_v2,fbd,mpnet_base_v2,83,0.8285714285714287,f160d75cd4cb8ad8a3d670cab7e2bf971054a941d5c4148cfbd2399811f5daca
yahoo_answers,0.3333333333333333,bge_small_en_v1_5,mauve_reference,minilm_l6_v2,83,0.4285714285714286,f160d75cd4cb8ad8a3d670cab7e2bf971054a941d5c4148cfbd2399811f5daca
yahoo_answers,0.2,bge_small_en_v1_5,mauve_reference,mpnet_base_v2,83,0.2571428571428572,f160d75cd4cb8ad8a3d670cab7e2bf971054a941d5c4148cfbd2399811f5daca
yahoo_answers,0.6,minilm_l6_v2,mauve_reference,mpnet_base_v2,83,0.8285714285714287,f160d75cd4cb8ad8a3d670cab7e2bf971054a941d5c4148cfbd2399811f5daca
ag_news,0.8666666666666666,bge_small_en_v1_5,fbd,minilm_l6_v2,97,0.942857142857143,1a93abcfb15e5819215cc065bb8b4b6d14dbbbe6b56ba36fcfbab3830e56ee0c
ag_news,0.9999999999999999,bge_small_en_v1_5,fbd,mpnet_base_v2,97,1.0,1a93abcfb15e5819215cc065bb8b4b6d14dbbbe6b56ba36fcfbab3830e56ee0c
ag_news,0.8666666666666666,minilm_l6_v2,fbd,mpnet_base_v2,97,0.942857142857143,1a93abcfb15e5819215cc065bb8b4b6d14dbbbe6b56ba36fcfbab3830e56ee0c
ag_news,0.6,bge_small_en_v1_5,mauve_reference,minilm_l6_v2,97,0.7714285714285715,1a93abcfb15e5819215cc065bb8b4b6d14dbbbe6b56ba36fcfbab3830e56ee0c
ag_news,0.6,bge_small_en_v1_5,mauve_reference,mpnet_base_v2,97,0.6571428571428573,1a93abcfb15e5819215cc065bb8b4b6d14dbbbe6b56ba36fcfbab3830e56ee0c
ag_news,0.7333333333333333,minilm_l6_v2,mauve_reference,mpnet_base_v2,97,0.8857142857142858,1a93abcfb15e5819215cc065bb8b4b6d14dbbbe6b56ba36fcfbab3830e56ee0c
ag_news,0.8666666666666666,bge_small_en_v1_5,fbd,minilm_l6_v2,97,0.942857142857143,4fd543cfc271d4eb1c99354744e03d1caf13cdef2c34d3e6a4be94f2a4d8b97b
ag_news,0.8666666666666666,bge_small_en_v1_5,fbd,mpnet_base_v2,97,0.942857142857143,4fd543cfc271d4eb1c99354744e03d1caf13cdef2c34d3e6a4be94f2a4d8b97b
ag_news,0.9999999999999999,minilm_l6_v2,fbd,mpnet_base_v2,97,1.0,4fd543cfc271d4eb1c99354744e03d1caf13cdef2c34d3e6a4be94f2a4d8b97b
ag_news,0.8666666666666666,bge_small_en_v1_5,mauve_reference,minilm_l6_v2,97,0.942857142857143,4fd543cfc271d4eb1c99354744e03d1caf13cdef2c34d3e6a4be94f2a4d8b97b
ag_news,0.8666666666666666,bge_small_en_v1_5,mauve_reference,mpnet_base_v2,97,0.942857142857143,4fd543cfc271d4eb1c99354744e03d1caf13cdef2c34d3e6a4be94f2a4d8b97b
ag_news,0.9999999999999999,minilm_l6_v2,mauve_reference,mpnet_base_v2,97,1.0,4fd543cfc271d4eb1c99354744e03d1caf13cdef2c34d3e6a4be94f2a4d8b97b
ag_news,0.7333333333333333,bge_small_en_v1_5,fbd,minilm_l6_v2,97,0.8857142857142858,702d7de6699fac5ce0472aeeaca81469795c7bbded6f4120e32e5cd2d98a9171
ag_news,0.7333333333333333,bge_small_en_v1_5,fbd,mpnet_base_v2,97,0.8857142857142858,702d7de6699fac5ce0472aeeaca81469795c7bbded6f4120e32e5cd2d98a9171
ag_news,0.9999999999999999,minilm_l6_v2,fbd,mpnet_base_v2,97,1.0,702d7de6699fac5ce0472aeeaca81469795c7bbded6f4120e32e5cd2d98a9171
ag_news,0.4666666666666666,bge_small_en_v1_5,mauve_reference,minilm_l6_v2,97,0.7142857142857143,702d7de6699fac5ce0472aeeaca81469795c7bbded6f4120e32e5cd2d98a9171
ag_news,0.4666666666666666,bge_small_en_v1_5,mauve_reference,mpnet_base_v2,97,0.7142857142857143,702d7de6699fac5ce0472aeeaca81469795c7bbded6f4120e32e5cd2d98a9171
ag_news,0.9999999999999999,minilm_l6_v2,mauve_reference,mpnet_base_v2,97,1.0,702d7de6699fac5ce0472aeeaca81469795c7bbded6f4120e32e5cd2d98a9171
ag_news,0.7333333333333333,bge_small_en_v1_5,fbd,minilm_l6_v2,97,0.8285714285714287,d04997a9723aea53b201ff8475aea3cc49fbd933c3464a3503c9263225099a4e
ag_news,0.7333333333333333,bge_small_en_v1_5,fbd,mpnet_base_v2,97,0.8285714285714287,d04997a9723aea53b201ff8475aea3cc49fbd933c3464a3503c9263225099a4e
ag_news,0.9999999999999999,minilm_l6_v2,fbd,mpnet_base_v2,97,1.0,d04997a9723aea53b201ff8475aea3cc49fbd933c3464a3503c9263225099a4e
ag_news,0.9999999999999999,bge_small_en_v1_5,mauve_reference,minilm_l6_v2,97,1.0,d04997a9723aea53b201ff8475aea3cc49fbd933c3464a3503c9263225099a4e
ag_news,0.9999999999999999,bge_small_en_v1_5,mauve_reference,mpnet_base_v2,97,1.0,d04997a9723aea53b201ff8475aea3cc49fbd933c3464a3503c9263225099a4e
ag_news,0.9999999999999999,minilm_l6_v2,mauve_reference,mpnet_base_v2,97,1.0,d04997a9723aea53b201ff8475aea3cc49fbd933c3464a3503c9263225099a4e
ag_news,0.6,bge_small_en_v1_5,fbd,minilm_l6_v2,97,0.7714285714285715,e0538e72ede9d38beb3f33902fe7541cfda5365fc320ef9c0f4c92318c8fe1cc
ag_news,0.6,bge_small_en_v1_5,fbd,mpnet_base_v2,97,0.7714285714285715,e0538e72ede9d38beb3f33902fe7541cfda5365fc320ef9c0f4c92318c8fe1cc
ag_news,0.9999999999999999,minilm_l6_v2,fbd,mpnet_base_v2,97,1.0,e0538e72ede9d38beb3f33902fe7541cfda5365fc320ef9c0f4c92318c8fe1cc
ag_news,0.8666666666666666,bge_small_en_v1_5,mauve_reference,minilm_l6_v2,97,0.942857142857143,e0538e72ede9d38beb3f33902fe7541cfda5365fc320ef9c0f4c92318c8fe1cc
ag_news,0.8666666666666666,bge_small_en_v1_5,mauve_reference,mpnet_base_v2,97,0.942857142857143,e0538e72ede9d38beb3f33902fe7541cfda5365fc320ef9c0f4c92318c8fe1cc
ag_news,0.7333333333333333,minilm_l6_v2,mauve_reference,mpnet_base_v2,97,0.8857142857142858,e0538e72ede9d38beb3f33902fe7541cfda5365fc320ef9c0f4c92318c8fe1cc
ag_news,0.2,bge_small_en_v1_5,fbd,minilm_l6_v2,97,0.4285714285714286,f160d75cd4cb8ad8a3d670cab7e2bf971054a941d5c4148cfbd2399811f5daca
ag_news,0.2,bge_small_en_v1_5,fbd,mpnet_base_v2,97,0.4285714285714286,f160d75cd4cb8ad8a3d670cab7e2bf971054a941d5c4148cfbd2399811f5daca
ag_news,0.9999999999999999,minilm_l6_v2,fbd,mpnet_base_v2,97,1.0,f160d75cd4cb8ad8a3d670cab7e2bf971054a941d5c4148cfbd2399811f5daca
ag_news,0.7333333333333333,bge_small_en_v1_5,mauve_reference,minilm_l6_v2,97,0.8857142857142858,f160d75cd4cb8ad8a3d670cab7e2bf971054a941d5c4148cfbd2399811f5daca
ag_news,0.8666666666666666,bge_small_en_v1_5,mauve_reference,mpnet_base_v2,97,0.942857142857143,f160d75cd4cb8ad8a3d670cab7e2bf971054a941d5c4148cfbd2399811f5daca
ag_news,0.6,minilm_l6_v2,mauve_reference,mpnet_base_v2,97,0.7714285714285715,f160d75cd4cb8ad8a3d670cab7e2bf971054a941d5c4148cfbd2399811f5daca
amazon_reviews,0.6,bge_small_en_v1_5,fbd,minilm_l6_v2,97,0.7142857142857143,1a93abcfb15e5819215cc065bb8b4b6d14dbbbe6b56ba36fcfbab3830e56ee0c
amazon_reviews,0.7333333333333333,bge_small_en_v1_5,fbd,mpnet_base_v2,97,0.8285714285714287,1a93abcfb15e5819215cc065bb8b4b6d14dbbbe6b56ba36fcfbab3830e56ee0c
amazon_reviews,0.8666666666666666,minilm_l6_v2,fbd,mpnet_base_v2,97,0.942857142857143,1a93abcfb15e5819215cc065bb8b4b6d14dbbbe6b56ba36fcfbab3830e56ee0c
amazon_reviews,0.4666666666666666,bge_small_en_v1_5,mauve_reference,minilm_l6_v2,97,0.6571428571428573,1a93abcfb15e5819215cc065bb8b4b6d14dbbbe6b56ba36fcfbab3830e56ee0c
amazon_reviews,0.6,bge_small_en_v1_5,mauve_reference,mpnet_base_v2,97,0.7714285714285715,1a93abcfb15e5819215cc065bb8b4b6d14dbbbe6b56ba36fcfbab3830e56ee0c
amazon_reviews,0.6,minilm_l6_v2,mauve_reference,mpnet_base_v2,97,0.6571428571428573,1a93abcfb15e5819215cc065bb8b4b6d14dbbbe6b56ba36fcfbab3830e56ee0c
amazon_reviews,0.7333333333333333,bge_small_en_v1_5,fbd,minilm_l6_v2,97,0.8285714285714287,4fd543cfc271d4eb1c99354744e03d1caf13cdef2c34d3e6a4be94f2a4d8b97b
amazon_reviews,0.7333333333333333,bge_small_en_v1_5,fbd,mpnet_base_v2,97,0.8285714285714287,4fd543cfc271d4eb1c99354744e03d1caf13cdef2c34d3e6a4be94f2a4d8b97b
amazon_reviews,0.9999999999999999,minilm_l6_v2,fbd,mpnet_base_v2,97,1.0,4fd543cfc271d4eb1c99354744e03d1caf13cdef2c34d3e6a4be94f2a4d8b97b
amazon_reviews,0.9999999999999999,bge_small_en_v1_5,mauve_reference,minilm_l6_v2,97,1.0,4fd543cfc271d4eb1c99354744e03d1caf13cdef2c34d3e6a4be94f2a4d8b97b
amazon_reviews,0.6,bge_small_en_v1_5,mauve_reference,mpnet_base_v2,97,0.7714285714285715,4fd543cfc271d4eb1c99354744e03d1caf13cdef2c34d3e6a4be94f2a4d8b97b
amazon_reviews,0.6,minilm_l6_v2,mauve_reference,mpnet_base_v2,97,0.7714285714285715,4fd543cfc271d4eb1c99354744e03d1caf13cdef2c34d3e6a4be94f2a4d8b97b
amazon_reviews,0.8666666666666666,bge_small_en_v1_5,fbd,minilm_l6_v2,97,0.942857142857143,702d7de6699fac5ce0472aeeaca81469795c7bbded6f4120e32e5cd2d98a9171
amazon_reviews,0.8666666666666666,bge_small_en_v1_5,fbd,mpnet_base_v2,97,0.942857142857143,702d7de6699fac5ce0472aeeaca81469795c7bbded6f4120e32e5cd2d98a9171
amazon_reviews,0.9999999999999999,minilm_l6_v2,fbd,mpnet_base_v2,97,1.0,702d7de6699fac5ce0472aeeaca81469795c7bbded6f4120e32e5cd2d98a9171
amazon_reviews,0.5400617248673217,bge_small_en_v1_5,mauve_reference,minilm_l6_v2,97,0.6468431588153822,702d7de6699fac5ce0472aeeaca81469795c7bbded6f4120e32e5cd2d98a9171
amazon_reviews,0.5604485383178051,bge_small_en_v1_5,mauve_reference,mpnet_base_v2,97,0.6565706694547584,702d7de6699fac5ce0472aeeaca81469795c7bbded6f4120e32e5cd2d98a9171
amazon_reviews,0.9636241116594316,minilm_l6_v2,mauve_reference,mpnet_base_v2,97,0.9851843661437779,702d7de6699fac5ce0472aeeaca81469795c7bbded6f4120e32e5cd2d98a9171
amazon_reviews,0.7333333333333333,bge_small_en_v1_5,fbd,minilm_l6_v2,97,0.8285714285714287,d04997a9723aea53b201ff8475aea3cc49fbd933c3464a3503c9263225099a4e
amazon_reviews,0.8666666666666666,bge_small_en_v1_5,fbd,mpnet_base_v2,97,0.942857142857143,d04997a9723aea53b201ff8475aea3cc49fbd933c3464a3503c9263225099a4e
amazon_reviews,0.8666666666666666,minilm_l6_v2,fbd,mpnet_base_v2,97,0.942857142857143,d04997a9723aea53b201ff8475aea3cc49fbd933c3464a3503c9263225099a4e
amazon_reviews,0.4666666666666666,bge_small_en_v1_5,mauve_reference,minilm_l6_v2,97,0.6,d04997a9723aea53b201ff8475aea3cc49fbd933c3464a3503c9263225099a4e
amazon_reviews,0.4666666666666666,bge_small_en_v1_5,mauve_reference,mpnet_base_v2,97,0.5428571428571429,d04997a9723aea53b201ff8475aea3cc49fbd933c3464a3503c9263225099a4e
amazon_reviews,0.4666666666666666,minilm_l6_v2,mauve_reference,mpnet_base_v2,97,0.6,d04997a9723aea53b201ff8475aea3cc49fbd933c3464a3503c9263225099a4e
amazon_reviews,0.8666666666666666,bge_small_en_v1_5,fbd,minilm_l6_v2,97,0.942857142857143,e0538e72ede9d38beb3f33902fe7541cfda5365fc320ef9c0f4c92318c8fe1cc
amazon_reviews,0.9999999999999999,bge_small_en_v1_5,fbd,mpnet_base_v2,97,1.0,e0538e72ede9d38beb3f33902fe7541cfda5365fc320ef9c0f4c92318c8fe1cc
amazon_reviews,0.8666666666666666,minilm_l6_v2,fbd,mpnet_base_v2,97,0.942857142857143,e0538e72ede9d38beb3f33902fe7541cfda5365fc320ef9c0f4c92318c8fe1cc
amazon_reviews,0.6,bge_small_en_v1_5,mauve_reference,minilm_l6_v2,97,0.7714285714285715,e0538e72ede9d38beb3f33902fe7541cfda5365fc320ef9c0f4c92318c8fe1cc
amazon_reviews,0.4666666666666666,bge_small_en_v1_5,mauve_reference,mpnet_base_v2,97,0.6571428571428573,e0538e72ede9d38beb3f33902fe7541cfda5365fc320ef9c0f4c92318c8fe1cc
amazon_reviews,0.6,minilm_l6_v2,mauve_reference,mpnet_base_v2,97,0.7714285714285715,e0538e72ede9d38beb3f33902fe7541cfda5365fc320ef9c0f4c92318c8fe1cc
amazon_reviews,0.6,bge_small_en_v1_5,fbd,minilm_l6_v2,97,0.7714285714285715,f160d75cd4cb8ad8a3d670cab7e2bf971054a941d5c4148cfbd2399811f5daca
amazon_reviews,0.6,bge_small_en_v1_5,fbd,mpnet_base_v2,97,0.7714285714285715,f160d75cd4cb8ad8a3d670cab7e2bf971054a941d5c4148cfbd2399811f5daca
amazon_reviews,0.7333333333333333,minilm_l6_v2,fbd,mpnet_base_v2,97,0.8857142857142858,f160d75cd4cb8ad8a3d670cab7e2bf971054a941d5c4148cfbd2399811f5daca
amazon_reviews,0.7453559924999299,bge_small_en_v1_5,mauve_reference,minilm_l6_v2,97,0.8804062740424288,f160d75cd4cb8ad8a3d670cab7e2bf971054a941d5c4148cfbd2399811f5daca
amazon_reviews,0.33333333333333337,bge_small_en_v1_5,mauve_reference,mpnet_base_v2,97,0.41935483870967744,f160d75cd4cb8ad8a3d670cab7e2bf971054a941d5c4148cfbd2399811f5daca
amazon_reviews,0.5962847939999439,minilm_l6_v2,mauve_reference,mpnet_base_v2,97,0.6982532518267538,f160d75cd4cb8ad8a3d670cab7e2bf971054a941d5c4148cfbd2399811f5daca
dbpedia,0.8666666666666666,bge_small_en_v1_5,fbd,minilm_l6_v2,97,0.942857142857143,1a93abcfb15e5819215cc065bb8b4b6d14dbbbe6b56ba36fcfbab3830e56ee0c
dbpedia,0.8666666666666666,bge_small_en_v1_5,fbd,mpnet_base_v2,97,0.942857142857143,1a93abcfb15e5819215cc065bb8b4b6d14dbbbe6b56ba36fcfbab3830e56ee0c
dbpedia,0.9999999999999999,minilm_l6_v2,fbd,mpnet_base_v2,97,1.0,1a93abcfb15e5819215cc065bb8b4b6d14dbbbe6b56ba36fcfbab3830e56ee0c
dbpedia,0.7333333333333333,bge_small_en_v1_5,mauve_reference,minilm_l6_v2,97,0.8285714285714287,1a93abcfb15e5819215cc065bb8b4b6d14dbbbe6b56ba36fcfbab3830e56ee0c
dbpedia,0.6,bge_small_en_v1_5,mauve_reference,mpnet_base_v2,97,0.7714285714285715,1a93abcfb15e5819215cc065bb8b4b6d14dbbbe6b56ba36fcfbab3830e56ee0c
dbpedia,0.8666666666666666,minilm_l6_v2,mauve_reference,mpnet_base_v2,97,0.942857142857143,1a93abcfb15e5819215cc065bb8b4b6d14dbbbe6b56ba36fcfbab3830e56ee0c
dbpedia,0.9999999999999999,bge_small_en_v1_5,fbd,minilm_l6_v2,97,1.0,4fd543cfc271d4eb1c99354744e03d1caf13cdef2c34d3e6a4be94f2a4d8b97b
dbpedia,0.8666666666666666,bge_small_en_v1_5,fbd,mpnet_base_v2,97,0.942857142857143,4fd543cfc271d4eb1c99354744e03d1caf13cdef2c34d3e6a4be94f2a4d8b97b
dbpedia,0.8666666666666666,minilm_l6_v2,fbd,mpnet_base_v2,97,0.942857142857143,4fd543cfc271d4eb1c99354744e03d1caf13cdef2c34d3e6a4be94f2a4d8b97b
dbpedia,0.3333333333333333,bge_small_en_v1_5,mauve_reference,minilm_l6_v2,97,0.5428571428571429,4fd543cfc271d4eb1c99354744e03d1caf13cdef2c34d3e6a4be94f2a4d8b97b
dbpedia,-0.06666666666666665,bge_small_en_v1_5,mauve_reference,mpnet_base_v2,97,0.08571428571428573,4fd543cfc271d4eb1c99354744e03d1caf13cdef2c34d3e6a4be94f2a4d8b97b
dbpedia,0.6,minilm_l6_v2,mauve_reference,mpnet_base_v2,97,0.7142857142857143,4fd543cfc271d4eb1c99354744e03d1caf13cdef2c34d3e6a4be94f2a4d8b97b
dbpedia,0.7333333333333333,bge_small_en_v1_5,fbd,minilm_l6_v2,97,0.8857142857142858,702d7de6699fac5ce0472aeeaca81469795c7bbded6f4120e32e5cd2d98a9171
dbpedia,0.8666666666666666,bge_small_en_v1_5,fbd,mpnet_base_v2,97,0.942857142857143,702d7de6699fac5ce0472aeeaca81469795c7bbded6f4120e32e5cd2d98a9171
dbpedia,0.8666666666666666,minilm_l6_v2,fbd,mpnet_base_v2,97,0.942857142857143,702d7de6699fac5ce0472aeeaca81469795c7bbded6f4120e32e5cd2d98a9171
dbpedia,0.0,bge_small_en_v1_5,mauve_reference,minilm_l6_v2,97,0.09677419354838712,702d7de6699fac5ce0472aeeaca81469795c7bbded6f4120e32e5cd2d98a9171
dbpedia,0.6666666666666667,bge_small_en_v1_5,mauve_reference,mpnet_base_v2,97,0.8064516129032258,702d7de6699fac5ce0472aeeaca81469795c7bbded6f4120e32e5cd2d98a9171
dbpedia,0.0,minilm_l6_v2,mauve_reference,mpnet_base_v2,97,0.03225806451612903,702d7de6699fac5ce0472aeeaca81469795c7bbded6f4120e32e5cd2d98a9171
dbpedia,0.8666666666666666,bge_small_en_v1_5,fbd,minilm_l6_v2,97,0.942857142857143,d04997a9723aea53b201ff8475aea3cc49fbd933c3464a3503c9263225099a4e
dbpedia,0.9999999999999999,bge_small_en_v1_5,fbd,mpnet_base_v2,97,1.0,d04997a9723aea53b201ff8475aea3cc49fbd933c3464a3503c9263225099a4e
dbpedia,0.8666666666666666,minilm_l6_v2,fbd,mpnet_base_v2,97,0.942857142857143,d04997a9723aea53b201ff8475aea3cc49fbd933c3464a3503c9263225099a4e
dbpedia,0.4666666666666666,bge_small_en_v1_5,mauve_reference,minilm_l6_v2,97,0.5428571428571429,d04997a9723aea53b201ff8475aea3cc49fbd933c3464a3503c9263225099a4e
dbpedia,0.6,bge_small_en_v1_5,mauve_reference,mpnet_base_v2,97,0.7714285714285715,d04997a9723aea53b201ff8475aea3cc49fbd933c3464a3503c9263225099a4e
dbpedia,0.6,minilm_l6_v2,mauve_reference,mpnet_base_v2,97,0.7714285714285715,d04997a9723aea53b201ff8475aea3cc49fbd933c3464a3503c9263225099a4e
dbpedia,0.6,bge_small_en_v1_5,fbd,minilm_l6_v2,97,0.7714285714285715,e0538e72ede9d38beb3f33902fe7541cfda5365fc320ef9c0f4c92318c8fe1cc
dbpedia,0.7333333333333333,bge_small_en_v1_5,fbd,mpnet_base_v2,97,0.8285714285714287,e0538e72ede9d38beb3f33902fe7541cfda5365fc320ef9c0f4c92318c8fe1cc
dbpedia,0.8666666666666666,minilm_l6_v2,fbd,mpnet_base_v2,97,0.942857142857143,e0538e72ede9d38beb3f33902fe7541cfda5365fc320ef9c0f4c92318c8fe1cc
dbpedia,0.7333333333333333,bge_small_en_v1_5,mauve_reference,minilm_l6_v2,97,0.8857142857142858,e0538e72ede9d38beb3f33902fe7541cfda5365fc320ef9c0f4c92318c8fe1cc
dbpedia,0.7333333333333333,bge_small_en_v1_5,mauve_reference,mpnet_base_v2,97,0.8857142857142858,e0538e72ede9d38beb3f33902fe7541cfda5365fc320ef9c0f4c92318c8fe1cc
dbpedia,0.7333333333333333,minilm_l6_v2,mauve_reference,mpnet_base_v2,97,0.8285714285714287,e0538e72ede9d38beb3f33902fe7541cfda5365fc320ef9c0f4c92318c8fe1cc
dbpedia,0.3333333333333333,bge_small_en_v1_5,fbd,minilm_l6_v2,97,0.3714285714285715,f160d75cd4cb8ad8a3d670cab7e2bf971054a941d5c4148cfbd2399811f5daca
dbpedia,0.4666666666666666,bge_small_en_v1_5,fbd,mpnet_base_v2,97,0.4285714285714286,f160d75cd4cb8ad8a3d670cab7e2bf971054a941d5c4148cfbd2399811f5daca
dbpedia,0.8666666666666666,minilm_l6_v2,fbd,mpnet_base_v2,97,0.942857142857143,f160d75cd4cb8ad8a3d670cab7e2bf971054a941d5c4148cfbd2399811f5daca
dbpedia,0.5520524474738833,bge_small_en_v1_5,mauve_reference,minilm_l6_v2,97,0.753702346348183,f160d75cd4cb8ad8a3d670cab7e2bf971054a941d5c4148cfbd2399811f5daca
dbpedia,0.4666666666666666,bge_small_en_v1_5,mauve_reference,mpnet_base_v2,97,0.4285714285714286,f160d75cd4cb8ad8a3d670cab7e2bf971054a941d5c4148cfbd2399811f5daca
dbpedia,0.5520524474738834,minilm_l6_v2,mauve_reference,mpnet_base_v2,97,0.6957252427829381,f160d75cd4cb8ad8a3d670cab7e2bf971054a941d5c4148cfbd2399811f5daca
imdb_reviews,0.4666666666666666,bge_small_en_v1_5,fbd,minilm_l6_v2,97,0.5428571428571429,1a93abcfb15e5819215cc065bb8b4b6d14dbbbe6b56ba36fcfbab3830e56ee0c
imdb_reviews,0.6,bge_small_en_v1_5,fbd,mpnet_base_v2,97,0.7142857142857143,1a93abcfb15e5819215cc065bb8b4b6d14dbbbe6b56ba36fcfbab3830e56ee0c
imdb_reviews,0.8666666666666666,minilm_l6_v2,fbd,mpnet_base_v2,97,0.942857142857143,1a93abcfb15e5819215cc065bb8b4b6d14dbbbe6b56ba36fcfbab3830e56ee0c
imdb_reviews,0.3333333333333333,bge_small_en_v1_5,mauve_reference,minilm_l6_v2,97,0.48571428571428577,1a93abcfb15e5819215cc065bb8b4b6d14dbbbe6b56ba36fcfbab3830e56ee0c
imdb_reviews,0.2,bge_small_en_v1_5,mauve_reference,mpnet_base_v2,97,0.3142857142857143,1a93abcfb15e5819215cc065bb8b4b6d14dbbbe6b56ba36fcfbab3830e56ee0c
imdb_reviews,0.3333333333333333,minilm_l6_v2,mauve_reference,mpnet_base_v2,97,0.48571428571428577,1a93abcfb15e5819215cc065bb8b4b6d14dbbbe6b56ba36fcfbab3830e56ee0c
imdb_reviews,0.4666666666666666,bge_small_en_v1_5,fbd,minilm_l6_v2,97,0.6,4fd543cfc271d4eb1c99354744e03d1caf13cdef2c34d3e6a4be94f2a4d8b97b
imdb_reviews,0.4666666666666666,bge_small_en_v1_5,fbd,mpnet_base_v2,97,0.6,4fd543cfc271d4eb1c99354744e03d1caf13cdef2c34d3e6a4be94f2a4d8b97b
imdb_reviews,0.9999999999999999,minilm_l6_v2,fbd,mpnet_base_v2,97,1.0,4fd543cfc271d4eb1c99354744e03d1caf13cdef2c34d3e6a4be94f2a4d8b97b
imdb_reviews,0.4666666666666666,bge_small_en_v1_5,mauve_reference,minilm_l6_v2,97,0.6,4fd543cfc271d4eb1c99354744e03d1caf13cdef2c34d3e6a4be94f2a4d8b97b
imdb_reviews,0.7333333333333333,bge_small_en_v1_5,mauve_reference,mpnet_base_v2,97,0.8857142857142858,4fd543cfc271d4eb1c99354744e03d1caf13cdef2c34d3e6a4be94f2a4d8b97b
imdb_reviews,0.4666666666666666,minilm_l6_v2,mauve_reference,mpnet_base_v2,97,0.6571428571428573,4fd543cfc271d4eb1c99354744e03d1caf13cdef2c34d3e6a4be94f2a4d8b97b
imdb_reviews,0.7333333333333333,bge_small_en_v1_5,fbd,minilm_l6_v2,97,0.8285714285714287,702d7de6699fac5ce0472aeeaca81469795c7bbded6f4120e32e5cd2d98a9171
imdb_reviews,0.8666666666666666,bge_small_en_v1_5,fbd,mpnet_base_v2,97,0.942857142857143,702d7de6699fac5ce0472aeeaca81469795c7bbded6f4120e32e5cd2d98a9171
imdb_reviews,0.8666666666666666,minilm_l6_v2,fbd,mpnet_base_v2,97,0.942857142857143,702d7de6699fac5ce0472aeeaca81469795c7bbded6f4120e32e5cd2d98a9171
imdb_reviews,0.3223291856101521,bge_small_en_v1_5,mauve_reference,minilm_l6_v2,97,0.42270139648247596,702d7de6699fac5ce0472aeeaca81469795c7bbded6f4120e32e5cd2d98a9171
imdb_reviews,0.3223291856101521,bge_small_en_v1_5,mauve_reference,mpnet_base_v2,97,0.39139018192821845,702d7de6699fac5ce0472aeeaca81469795c7bbded6f4120e32e5cd2d98a9171
imdb_reviews,0.5,minilm_l6_v2,mauve_reference,mpnet_base_v2,97,0.6911764705882353,702d7de6699fac5ce0472aeeaca81469795c7bbded6f4120e32e5cd2d98a9171
imdb_reviews,0.3333333333333333,bge_small_en_v1_5,fbd,minilm_l6_v2,97,0.48571428571428577,d04997a9723aea53b201ff8475aea3cc49fbd933c3464a3503c9263225099a4e
imdb_reviews,0.3333333333333333,bge_small_en_v1_5,fbd,mpnet_base_v2,97,0.48571428571428577,d04997a9723aea53b201ff8475aea3cc49fbd933c3464a3503c9263225099a4e
imdb_reviews,0.9999999999999999,minilm_l6_v2,fbd,mpnet_base_v2,97,1.0,d04997a9723aea53b201ff8475aea3cc49fbd933c3464a3503c9263225099a4e
imdb_reviews,0.4666666666666666,bge_small_en_v1_5,mauve_reference,minilm_l6_v2,97,0.6571428571428573,d04997a9723aea53b201ff8475aea3cc49fbd933c3464a3503c9263225099a4e
imdb_reviews,0.4666666666666666,bge_small_en_v1_5,mauve_reference,mpnet_base_v2,97,0.4285714285714286,d04997a9723aea53b201ff8475aea3cc49fbd933c3464a3503c9263225099a4e
imdb_reviews,0.2,minilm_l6_v2,mauve_reference,mpnet_base_v2,97,0.3142857142857143,d04997a9723aea53b201ff8475aea3cc49fbd933c3464a3503c9263225099a4e
imdb_reviews,0.2,bge_small_en_v1_5,fbd,minilm_l6_v2,97,0.2571428571428572,e0538e72ede9d38beb3f33902fe7541cfda5365fc320ef9c0f4c92318c8fe1cc
imdb_reviews,0.4666666666666666,bge_small_en_v1_5,fbd,mpnet_base_v2,97,0.5428571428571429,e0538e72ede9d38beb3f33902fe7541cfda5365fc320ef9c0f4c92318c8fe1cc
imdb_reviews,0.7333333333333333,minilm_l6_v2,fbd,mpnet_base_v2,97,0.8285714285714287,e0538e72ede9d38beb3f33902fe7541cfda5365fc320ef9c0f4c92318c8fe1cc
imdb_reviews,0.2,bge_small_en_v1_5,mauve_reference,minilm_l6_v2,97,0.14285714285714288,e0538e72ede9d38beb3f33902fe7541cfda5365fc320ef9c0f4c92318c8fe1cc
imdb_reviews,0.6,bge_small_en_v1_5,mauve_reference,mpnet_base_v2,97,0.6571428571428573,e0538e72ede9d38beb3f33902fe7541cfda5365fc320ef9c0f4c92318c8fe1cc
imdb_reviews,0.6,minilm_l6_v2,mauve_reference,mpnet_base_v2,97,0.6571428571428573,e0538e72ede9d38beb3f33902fe7541cfda5365fc320ef9c0f4c92318c8fe1cc
imdb_reviews,0.4666666666666666,bge_small_en_v1_5,fbd,minilm_l6_v2,97,0.7142857142857143,f160d75cd4cb8ad8a3d670cab7e2bf971054a941d5c4148cfbd2399811f5daca
imdb_reviews,0.7333333333333333,bge_small_en_v1_5,fbd,mpnet_base_v2,97,0.8857142857142858,f160d75cd4cb8ad8a3d670cab7e2bf971054a941d5c4148cfbd2399811f5daca
imdb_reviews,0.7333333333333333,minilm_l6_v2,fbd,mpnet_base_v2,97,0.8285714285714287,f160d75cd4cb8ad8a3d670cab7e2bf971054a941d5c4148cfbd2399811f5daca
imdb_reviews,-0.06666666666666665,bge_small_en_v1_5,mauve_reference,minilm_l6_v2,97,-0.14285714285714288,f160d75cd4cb8ad8a3d670cab7e2bf971054a941d5c4148cfbd2399811f5daca
imdb_reviews,0.3333333333333333,bge_small_en_v1_5,mauve_reference,mpnet_base_v2,97,0.4285714285714286,f160d75cd4cb8ad8a3d670cab7e2bf971054a941d5c4148cfbd2399811f5daca
imdb_reviews,0.6,minilm_l6_v2,mauve_reference,mpnet_base_v2,97,0.7142857142857143,f160d75cd4cb8ad8a3d670cab7e2bf971054a941d5c4148cfbd2399811f5daca
yahoo_answers,0.8666666666666666,bge_small_en_v1_5,fbd,minilm_l6_v2,97,0.942857142857143,1a93abcfb15e5819215cc065bb8b4b6d14dbbbe6b56ba36fcfbab3830e56ee0c
yahoo_answers,0.8666666666666666,bge_small_en_v1_5,fbd,mpnet_base_v2,97,0.942857142857143,1a93abcfb15e5819215cc065bb8b4b6d14dbbbe6b56ba36fcfbab3830e56ee0c
yahoo_answers,0.9999999999999999,minilm_l6_v2,fbd,mpnet_base_v2,97,1.0,1a93abcfb15e5819215cc065bb8b4b6d14dbbbe6b56ba36fcfbab3830e56ee0c
yahoo_answers,0.8666666666666666,bge_small_en_v1_5,mauve_reference,minilm_l6_v2,97,0.942857142857143,1a93abcfb15e5819215cc065bb8b4b6d14dbbbe6b56ba36fcfbab3830e56ee0c
yahoo_answers,0.7333333333333333,bge_small_en_v1_5,mauve_reference,mpnet_base_v2,97,0.8857142857142858,1a93abcfb15e5819215cc065bb8b4b6d14dbbbe6b56ba36fcfbab3830e56ee0c
yahoo_answers,0.8666666666666666,minilm_l6_v2,mauve_reference,mpnet_base_v2,97,0.942857142857143,1a93abcfb15e5819215cc065bb8b4b6d14dbbbe6b56ba36fcfbab3830e56ee0c
yahoo_answers,0.9999999999999999,bge_small_en_v1_5,fbd,minilm_l6_v2,97,1.0,4fd543cfc271d4eb1c99354744e03d1caf13cdef2c34d3e6a4be94f2a4d8b97b
yahoo_answers,0.8666666666666666,bge_small_en_v1_5,fbd,mpnet_base_v2,97,0.942857142857143,4fd543cfc271d4eb1c99354744e03d1caf13cdef2c34d3e6a4be94f2a4d8b97b
yahoo_answers,0.8666666666666666,minilm_l6_v2,fbd,mpnet_base_v2,97,0.942857142857143,4fd543cfc271d4eb1c99354744e03d1caf13cdef2c34d3e6a4be94f2a4d8b97b
yahoo_answers,0.7333333333333333,bge_small_en_v1_5,mauve_reference,minilm_l6_v2,97,0.8857142857142858,4fd543cfc271d4eb1c99354744e03d1caf13cdef2c34d3e6a4be94f2a4d8b97b
yahoo_answers,0.7333333333333333,bge_small_en_v1_5,mauve_reference,mpnet_base_v2,97,0.8857142857142858,4fd543cfc271d4eb1c99354744e03d1caf13cdef2c34d3e6a4be94f2a4d8b97b
yahoo_answers,0.9999999999999999,minilm_l6_v2,mauve_reference,mpnet_base_v2,97,1.0,4fd543cfc271d4eb1c99354744e03d1caf13cdef2c34d3e6a4be94f2a4d8b97b
yahoo_answers,0.8666666666666666,bge_small_en_v1_5,fbd,minilm_l6_v2,97,0.942857142857143,702d7de6699fac5ce0472aeeaca81469795c7bbded6f4120e32e5cd2d98a9171
yahoo_answers,0.8666666666666666,bge_small_en_v1_5,fbd,mpnet_base_v2,97,0.942857142857143,702d7de6699fac5ce0472aeeaca81469795c7bbded6f4120e32e5cd2d98a9171
yahoo_answers,0.9999999999999999,minilm_l6_v2,fbd,mpnet_base_v2,97,1.0,702d7de6699fac5ce0472aeeaca81469795c7bbded6f4120e32e5cd2d98a9171
yahoo_answers,0.08703882797784893,bge_small_en_v1_5,mauve_reference,minilm_l6_v2,97,0.16395645894598826,702d7de6699fac5ce0472aeeaca81469795c7bbded6f4120e32e5cd2d98a9171
yahoo_answers,0.4003203845127179,bge_small_en_v1_5,mauve_reference,mpnet_base_v2,97,0.46897904961054176,702d7de6699fac5ce0472aeeaca81469795c7bbded6f4120e32e5cd2d98a9171
yahoo_answers,0.5853694070049635,minilm_l6_v2,mauve_reference,mpnet_base_v2,97,0.6356417261637282,702d7de6699fac5ce0472aeeaca81469795c7bbded6f4120e32e5cd2d98a9171
yahoo_answers,0.8666666666666666,bge_small_en_v1_5,fbd,minilm_l6_v2,97,0.942857142857143,d04997a9723aea53b201ff8475aea3cc49fbd933c3464a3503c9263225099a4e
yahoo_answers,0.7333333333333333,bge_small_en_v1_5,fbd,mpnet_base_v2,97,0.8857142857142858,d04997a9723aea53b201ff8475aea3cc49fbd933c3464a3503c9263225099a4e
yahoo_answers,0.8666666666666666,minilm_l6_v2,fbd,mpnet_base_v2,97,0.942857142857143,d04997a9723aea53b201ff8475aea3cc49fbd933c3464a3503c9263225099a4e
yahoo_answers,0.7333333333333333,bge_small_en_v1_5,mauve_reference,minilm_l6_v2,97,0.8857142857142858,d04997a9723aea53b201ff8475aea3cc49fbd933c3464a3503c9263225099a4e
yahoo_answers,0.7333333333333333,bge_small_en_v1_5,mauve_reference,mpnet_base_v2,97,0.8857142857142858,d04997a9723aea53b201ff8475aea3cc49fbd933c3464a3503c9263225099a4e
yahoo_answers,0.9999999999999999,minilm_l6_v2,mauve_reference,mpnet_base_v2,97,1.0,d04997a9723aea53b201ff8475aea3cc49fbd933c3464a3503c9263225099a4e
yahoo_answers,0.9999999999999999,bge_small_en_v1_5,fbd,minilm_l6_v2,97,1.0,e0538e72ede9d38beb3f33902fe7541cfda5365fc320ef9c0f4c92318c8fe1cc
yahoo_answers,0.8666666666666666,bge_small_en_v1_5,fbd,mpnet_base_v2,97,0.942857142857143,e0538e72ede9d38beb3f33902fe7541cfda5365fc320ef9c0f4c92318c8fe1cc
yahoo_answers,0.8666666666666666,minilm_l6_v2,fbd,mpnet_base_v2,97,0.942857142857143,e0538e72ede9d38beb3f33902fe7541cfda5365fc320ef9c0f4c92318c8fe1cc
yahoo_answers,0.9999999999999999,bge_small_en_v1_5,mauve_reference,minilm_l6_v2,97,1.0,e0538e72ede9d38beb3f33902fe7541cfda5365fc320ef9c0f4c92318c8fe1cc
yahoo_answers,0.8666666666666666,bge_small_en_v1_5,mauve_reference,mpnet_base_v2,97,0.942857142857143,e0538e72ede9d38beb3f33902fe7541cfda5365fc320ef9c0f4c92318c8fe1cc
yahoo_answers,0.8666666666666666,minilm_l6_v2,mauve_reference,mpnet_base_v2,97,0.942857142857143,e0538e72ede9d38beb3f33902fe7541cfda5365fc320ef9c0f4c92318c8fe1cc
yahoo_answers,0.9999999999999999,bge_small_en_v1_5,fbd,minilm_l6_v2,97,1.0,f160d75cd4cb8ad8a3d670cab7e2bf971054a941d5c4148cfbd2399811f5daca
yahoo_answers,0.8666666666666666,bge_small_en_v1_5,fbd,mpnet_base_v2,97,0.942857142857143,f160d75cd4cb8ad8a3d670cab7e2bf971054a941d5c4148cfbd2399811f5daca
yahoo_answers,0.8666666666666666,minilm_l6_v2,fbd,mpnet_base_v2,97,0.942857142857143,f160d75cd4cb8ad8a3d670cab7e2bf971054a941d5c4148cfbd2399811f5daca
yahoo_answers,0.06666666666666665,bge_small_en_v1_5,mauve_reference,minilm_l6_v2,97,0.08571428571428573,f160d75cd4cb8ad8a3d670cab7e2bf971054a941d5c4148cfbd2399811f5daca
yahoo_answers,-0.06666666666666665,bge_small_en_v1_5,mauve_reference,mpnet_base_v2,97,0.028571428571428574,f160d75cd4cb8ad8a3d670cab7e2bf971054a941d5c4148cfbd2399811f5daca
yahoo_answers,0.8666666666666666,minilm_l6_v2,mauve_reference,mpnet_base_v2,97,0.942857142857143,f160d75cd4cb8ad8a3d670cab7e2bf971054a941d5c4148cfbd2399811f5daca
ag_news,0.8666666666666666,bge_small_en_v1_5,fbd,minilm_l6_v2,109,0.942857142857143,1a93abcfb15e5819215cc065bb8b4b6d14dbbbe6b56ba36fcfbab3830e56ee0c
ag_news,0.8666666666666666,bge_small_en_v1_5,fbd,mpnet_base_v2,109,0.942857142857143,1a93abcfb15e5819215cc065bb8b4b6d14dbbbe6b56ba36fcfbab3830e56ee0c
ag_news,0.9999999999999999,minilm_l6_v2,fbd,mpnet_base_v2,109,1.0,1a93abcfb15e5819215cc065bb8b4b6d14dbbbe6b56ba36fcfbab3830e56ee0c
ag_news,0.7333333333333333,bge_small_en_v1_5,mauve_reference,minilm_l6_v2,109,0.8285714285714287,1a93abcfb15e5819215cc065bb8b4b6d14dbbbe6b56ba36fcfbab3830e56ee0c
ag_news,0.7333333333333333,bge_small_en_v1_5,mauve_reference,mpnet_base_v2,109,0.8857142857142858,1a93abcfb15e5819215cc065bb8b4b6d14dbbbe6b56ba36fcfbab3830e56ee0c
ag_news,0.7333333333333333,minilm_l6_v2,mauve_reference,mpnet_base_v2,109,0.8857142857142858,1a93abcfb15e5819215cc065bb8b4b6d14dbbbe6b56ba36fcfbab3830e56ee0c
ag_news,0.8666666666666666,bge_small_en_v1_5,fbd,minilm_l6_v2,109,0.942857142857143,4fd543cfc271d4eb1c99354744e03d1caf13cdef2c34d3e6a4be94f2a4d8b97b
ag_news,0.8666666666666666,bge_small_en_v1_5,fbd,mpnet_base_v2,109,0.942857142857143,4fd543cfc271d4eb1c99354744e03d1caf13cdef2c34d3e6a4be94f2a4d8b97b
ag_news,0.9999999999999999,minilm_l6_v2,fbd,mpnet_base_v2,109,1.0,4fd543cfc271d4eb1c99354744e03d1caf13cdef2c34d3e6a4be94f2a4d8b97b
ag_news,0.6,bge_small_en_v1_5,mauve_reference,minilm_l6_v2,109,0.7714285714285715,4fd543cfc271d4eb1c99354744e03d1caf13cdef2c34d3e6a4be94f2a4d8b97b
ag_news,0.6,bge_small_en_v1_5,mauve_reference,mpnet_base_v2,109,0.7142857142857143,4fd543cfc271d4eb1c99354744e03d1caf13cdef2c34d3e6a4be94f2a4d8b97b
ag_news,0.4666666666666666,minilm_l6_v2,mauve_reference,mpnet_base_v2,109,0.7142857142857143,4fd543cfc271d4eb1c99354744e03d1caf13cdef2c34d3e6a4be94f2a4d8b97b
ag_news,0.6,bge_small_en_v1_5,fbd,minilm_l6_v2,109,0.7714285714285715,702d7de6699fac5ce0472aeeaca81469795c7bbded6f4120e32e5cd2d98a9171
ag_news,0.6,bge_small_en_v1_5,fbd,mpnet_base_v2,109,0.7714285714285715,702d7de6699fac5ce0472aeeaca81469795c7bbded6f4120e32e5cd2d98a9171
ag_news,0.9999999999999999,minilm_l6_v2,fbd,mpnet_base_v2,109,1.0,702d7de6699fac5ce0472aeeaca81469795c7bbded6f4120e32e5cd2d98a9171
ag_news,0.7333333333333333,bge_small_en_v1_5,mauve_reference,minilm_l6_v2,109,0.8285714285714287,702d7de6699fac5ce0472aeeaca81469795c7bbded6f4120e32e5cd2d98a9171
ag_news,0.3333333333333333,bge_small_en_v1_5,mauve_reference,mpnet_base_v2,109,0.4285714285714286,702d7de6699fac5ce0472aeeaca81469795c7bbded6f4120e32e5cd2d98a9171
ag_news,0.6,minilm_l6_v2,mauve_reference,mpnet_base_v2,109,0.7714285714285715,702d7de6699fac5ce0472aeeaca81469795c7bbded6f4120e32e5cd2d98a9171
ag_news,0.8666666666666666,bge_small_en_v1_5,fbd,minilm_l6_v2,109,0.942857142857143,d04997a9723aea53b201ff8475aea3cc49fbd933c3464a3503c9263225099a4e
ag_news,0.9999999999999999,bge_small_en_v1_5,fbd,mpnet_base_v2,109,1.0,d04997a9723aea53b201ff8475aea3cc49fbd933c3464a3503c9263225099a4e
ag_news,0.8666666666666666,minilm_l6_v2,fbd,mpnet_base_v2,109,0.942857142857143,d04997a9723aea53b201ff8475aea3cc49fbd933c3464a3503c9263225099a4e
ag_news,0.7333333333333333,bge_small_en_v1_5,mauve_reference,minilm_l6_v2,109,0.8285714285714287,d04997a9723aea53b201ff8475aea3cc49fbd933c3464a3503c9263225099a4e
ag_news,0.6,bge_small_en_v1_5,mauve_reference,mpnet_base_v2,109,0.7714285714285715,d04997a9723aea53b201ff8475aea3cc49fbd933c3464a3503c9263225099a4e
ag_news,0.8666666666666666,minilm_l6_v2,mauve_reference,mpnet_base_v2,109,0.942857142857143,d04997a9723aea53b201ff8475aea3cc49fbd933c3464a3503c9263225099a4e
ag_news,0.6,bge_small_en_v1_5,fbd,minilm_l6_v2,109,0.7714285714285715,e0538e72ede9d38beb3f33902fe7541cfda5365fc320ef9c0f4c92318c8fe1cc
ag_news,0.6,bge_small_en_v1_5,fbd,mpnet_base_v2,109,0.7714285714285715,e0538e72ede9d38beb3f33902fe7541cfda5365fc320ef9c0f4c92318c8fe1cc
ag_news,0.9999999999999999,minilm_l6_v2,fbd,mpnet_base_v2,109,1.0,e0538e72ede9d38beb3f33902fe7541cfda5365fc320ef9c0f4c92318c8fe1cc
ag_news,0.8666666666666666,bge_small_en_v1_5,mauve_reference,minilm_l6_v2,109,0.942857142857143,e0538e72ede9d38beb3f33902fe7541cfda5365fc320ef9c0f4c92318c8fe1cc
ag_news,0.8666666666666666,bge_small_en_v1_5,mauve_reference,mpnet_base_v2,109,0.942857142857143,e0538e72ede9d38beb3f33902fe7541cfda5365fc320ef9c0f4c92318c8fe1cc
ag_news,0.9999999999999999,minilm_l6_v2,mauve_reference,mpnet_base_v2,109,1.0,e0538e72ede9d38beb3f33902fe7541cfda5365fc320ef9c0f4c92318c8fe1cc
ag_news,0.7333333333333333,bge_small_en_v1_5,fbd,minilm_l6_v2,109,0.8857142857142858,f160d75cd4cb8ad8a3d670cab7e2bf971054a941d5c4148cfbd2399811f5daca
ag_news,0.8666666666666666,bge_small_en_v1_5,fbd,mpnet_base_v2,109,0.942857142857143,f160d75cd4cb8ad8a3d670cab7e2bf971054a941d5c4148cfbd2399811f5daca
ag_news,0.8666666666666666,minilm_l6_v2,fbd,mpnet_base_v2,109,0.942857142857143,f160d75cd4cb8ad8a3d670cab7e2bf971054a941d5c4148cfbd2399811f5daca
ag_news,0.6,bge_small_en_v1_5,mauve_reference,minilm_l6_v2,109,0.7714285714285715,f160d75cd4cb8ad8a3d670cab7e2bf971054a941d5c4148cfbd2399811f5daca
ag_news,0.3333333333333333,bge_small_en_v1_5,mauve_reference,mpnet_base_v2,109,0.6,f160d75cd4cb8ad8a3d670cab7e2bf971054a941d5c4148cfbd2399811f5daca
ag_news,0.7333333333333333,minilm_l6_v2,mauve_reference,mpnet_base_v2,109,0.8857142857142858,f160d75cd4cb8ad8a3d670cab7e2bf971054a941d5c4148cfbd2399811f5daca
amazon_reviews,0.7333333333333333,bge_small_en_v1_5,fbd,minilm_l6_v2,109,0.8285714285714287,1a93abcfb15e5819215cc065bb8b4b6d14dbbbe6b56ba36fcfbab3830e56ee0c
amazon_reviews,0.7333333333333333,bge_small_en_v1_5,fbd,mpnet_base_v2,109,0.8285714285714287,1a93abcfb15e5819215cc065bb8b4b6d14dbbbe6b56ba36fcfbab3830e56ee0c
amazon_reviews,0.9999999999999999,minilm_l6_v2,fbd,mpnet_base_v2,109,1.0,1a93abcfb15e5819215cc065bb8b4b6d14dbbbe6b56ba36fcfbab3830e56ee0c
amazon_reviews,0.3333333333333333,bge_small_en_v1_5,mauve_reference,minilm_l6_v2,109,0.6,1a93abcfb15e5819215cc065bb8b4b6d14dbbbe6b56ba36fcfbab3830e56ee0c
amazon_reviews,0.6,bge_small_en_v1_5,mauve_reference,mpnet_base_v2,109,0.7714285714285715,1a93abcfb15e5819215cc065bb8b4b6d14dbbbe6b56ba36fcfbab3830e56ee0c
amazon_reviews,0.4666666666666666,minilm_l6_v2,mauve_reference,mpnet_base_v2,109,0.7142857142857143,1a93abcfb15e5819215cc065bb8b4b6d14dbbbe6b56ba36fcfbab3830e56ee0c
amazon_reviews,0.7333333333333333,bge_small_en_v1_5,fbd,minilm_l6_v2,109,0.8285714285714287,4fd543cfc271d4eb1c99354744e03d1caf13cdef2c34d3e6a4be94f2a4d8b97b
amazon_reviews,0.8666666666666666,bge_small_en_v1_5,fbd,mpnet_base_v2,109,0.942857142857143,4fd543cfc271d4eb1c99354744e03d1caf13cdef2c34d3e6a4be94f2a4d8b97b
amazon_reviews,0.8666666666666666,minilm_l6_v2,fbd,mpnet_base_v2,109,0.942857142857143,4fd543cfc271d4eb1c99354744e03d1caf13cdef2c34d3e6a4be94f2a4d8b97b
amazon_reviews,0.6,bge_small_en_v1_5,mauve_reference,minilm_l6_v2,109,0.7714285714285715,4fd543cfc271d4eb1c99354744e03d1caf13cdef2c34d3e6a4be94f2a4d8b97b
amazon_reviews,0.7333333333333333,bge_small_en_v1_5,mauve_reference,mpnet_base_v2,109,0.8857142857142858,4fd543cfc271d4eb1c99354744e03d1caf13cdef2c34d3e6a4be94f2a4d8b97b
amazon_reviews,0.8666666666666666,minilm_l6_v2,mauve_reference,mpnet_base_v2,109,0.942857142857143,4fd543cfc271d4eb1c99354744e03d1caf13cdef2c34d3e6a4be94f2a4d8b97b
amazon_reviews,0.8666666666666666,bge_small_en_v1_5,fbd,minilm_l6_v2,109,0.942857142857143,702d7de6699fac5ce0472aeeaca81469795c7bbded6f4120e32e5cd2d98a9171
amazon_reviews,0.7333333333333333,bge_small_en_v1_5,fbd,mpnet_base_v2,109,0.8857142857142858,702d7de6699fac5ce0472aeeaca81469795c7bbded6f4120e32e5cd2d98a9171
amazon_reviews,0.8666666666666666,minilm_l6_v2,fbd,mpnet_base_v2,109,0.942857142857143,702d7de6699fac5ce0472aeeaca81469795c7bbded6f4120e32e5cd2d98a9171
amazon_reviews,0.46153846153846156,bge_small_en_v1_5,mauve_reference,minilm_l6_v2,109,0.6212121212121211,702d7de6699fac5ce0472aeeaca81469795c7bbded6f4120e32e5cd2d98a9171
amazon_reviews,0.4803844614152615,bge_small_en_v1_5,mauve_reference,mpnet_base_v2,109,0.6253053994807224,702d7de6699fac5ce0472aeeaca81469795c7bbded6f4120e32e5cd2d98a9171
amazon_reviews,0.8807048459279793,minilm_l6_v2,mauve_reference,mpnet_base_v2,109,0.9066928292470475,702d7de6699fac5ce0472aeeaca81469795c7bbded6f4120e32e5cd2d98a9171
amazon_reviews,0.8666666666666666,bge_small_en_v1_5,fbd,minilm_l6_v2,109,0.942857142857143,d04997a9723aea53b201ff8475aea3cc49fbd933c3464a3503c9263225099a4e
amazon_reviews,0.8666666666666666,bge_small_en_v1_5,fbd,mpnet_base_v2,109,0.942857142857143,d04997a9723aea53b201ff8475aea3cc49fbd933c3464a3503c9263225099a4e
amazon_reviews,0.9999999999999999,minilm_l6_v2,fbd,mpnet_base_v2,109,1.0,d04997a9723aea53b201ff8475aea3cc49fbd933c3464a3503c9263225099a4e
amazon_reviews,0.2,bge_small_en_v1_5,mauve_reference,minilm_l6_v2,109,0.4285714285714286,d04997a9723aea53b201ff8475aea3cc49fbd933c3464a3503c9263225099a4e
amazon_reviews,0.2,bge_small_en_v1_5,mauve_reference,mpnet_base_v2,109,0.4285714285714286,d04997a9723aea53b201ff8475aea3cc49fbd933c3464a3503c9263225099a4e
amazon_reviews,0.7333333333333333,minilm_l6_v2,mauve_reference,mpnet_base_v2,109,0.8285714285714287,d04997a9723aea53b201ff8475aea3cc49fbd933c3464a3503c9263225099a4e
amazon_reviews,0.9999999999999999,bge_small_en_v1_5,fbd,minilm_l6_v2,109,1.0,e0538e72ede9d38beb3f33902fe7541cfda5365fc320ef9c0f4c92318c8fe1cc
amazon_reviews,0.8666666666666666,bge_small_en_v1_5,fbd,mpnet_base_v2,109,0.942857142857143,e0538e72ede9d38beb3f33902fe7541cfda5365fc320ef9c0f4c92318c8fe1cc
amazon_reviews,0.8666666666666666,minilm_l6_v2,fbd,mpnet_base_v2,109,0.942857142857143,e0538e72ede9d38beb3f33902fe7541cfda5365fc320ef9c0f4c92318c8fe1cc
amazon_reviews,0.4666666666666666,bge_small_en_v1_5,mauve_reference,minilm_l6_v2,109,0.7142857142857143,e0538e72ede9d38beb3f33902fe7541cfda5365fc320ef9c0f4c92318c8fe1cc
amazon_reviews,0.6,bge_small_en_v1_5,mauve_reference,mpnet_base_v2,109,0.7142857142857143,e0538e72ede9d38beb3f33902fe7541cfda5365fc320ef9c0f4c92318c8fe1cc
amazon_reviews,0.3333333333333333,minilm_l6_v2,mauve_reference,mpnet_base_v2,109,0.3714285714285715,e0538e72ede9d38beb3f33902fe7541cfda5365fc320ef9c0f4c92318c8fe1cc
amazon_reviews,0.6,bge_small_en_v1_5,fbd,minilm_l6_v2,109,0.7714285714285715,f160d75cd4cb8ad8a3d670cab7e2bf971054a941d5c4148cfbd2399811f5daca
amazon_reviews,0.7333333333333333,bge_small_en_v1_5,fbd,mpnet_base_v2,109,0.8857142857142858,f160d75cd4cb8ad8a3d670cab7e2bf971054a941d5c4148cfbd2399811f5daca
amazon_reviews,0.8666666666666666,minilm_l6_v2,fbd,mpnet_base_v2,109,0.942857142857143,f160d75cd4cb8ad8a3d670cab7e2bf971054a941d5c4148cfbd2399811f5daca
amazon_reviews,0.41403933560541256,bge_small_en_v1_5,mauve_reference,minilm_l6_v2,109,0.4058397249567139,f160d75cd4cb8ad8a3d670cab7e2bf971054a941d5c4148cfbd2399811f5daca
amazon_reviews,0.2142857142857143,bge_small_en_v1_5,mauve_reference,mpnet_base_v2,109,0.35294117647058826,f160d75cd4cb8ad8a3d670cab7e2bf971054a941d5c4148cfbd2399811f5daca
amazon_reviews,-0.27602622373694163,minilm_l6_v2,mauve_reference,mpnet_base_v2,109,-0.11595420713048969,f160d75cd4cb8ad8a3d670cab7e2bf971054a941d5c4148cfbd2399811f5daca
dbpedia,0.8666666666666666,bge_small_en_v1_5,fbd,minilm_l6_v2,109,0.942857142857143,1a93abcfb15e5819215cc065bb8b4b6d14dbbbe6b56ba36fcfbab3830e56ee0c
dbpedia,0.6,bge_small_en_v1_5,fbd,mpnet_base_v2,109,0.7714285714285715,1a93abcfb15e5819215cc065bb8b4b6d14dbbbe6b56ba36fcfbab3830e56ee0c
dbpedia,0.7333333333333333,minilm_l6_v2,fbd,mpnet_base_v2,109,0.8285714285714287,1a93abcfb15e5819215cc065bb8b4b6d14dbbbe6b56ba36fcfbab3830e56ee0c
dbpedia,0.6,bge_small_en_v1_5,mauve_reference,minilm_l6_v2,109,0.7142857142857143,1a93abcfb15e5819215cc065bb8b4b6d14dbbbe6b56ba36fcfbab3830e56ee0c
dbpedia,0.3333333333333333,bge_small_en_v1_5,mauve_reference,mpnet_base_v2,109,0.3714285714285715,1a93abcfb15e5819215cc065bb8b4b6d14dbbbe6b56ba36fcfbab3830e56ee0c
dbpedia,0.7333333333333333,minilm_l6_v2,mauve_reference,mpnet_base_v2,109,0.8285714285714287,1a93abcfb15e5819215cc065bb8b4b6d14dbbbe6b56ba36fcfbab3830e56ee0c
dbpedia,0.9999999999999999,bge_small_en_v1_5,fbd,minilm_l6_v2,109,1.0,4fd543cfc271d4eb1c99354744e03d1caf13cdef2c34d3e6a4be94f2a4d8b97b
dbpedia,0.8666666666666666,bge_small_en_v1_5,fbd,mpnet_base_v2,109,0.942857142857143,4fd543cfc271d4eb1c99354744e03d1caf13cdef2c34d3e6a4be94f2a4d8b97b
dbpedia,0.8666666666666666,minilm_l6_v2,fbd,mpnet_base_v2,109,0.942857142857143,4fd543cfc271d4eb1c99354744e03d1caf13cdef2c34d3e6a4be94f2a4d8b97b
dbpedia,0.3333333333333333,bge_small_en_v1_5,mauve_reference,minilm_l6_v2,109,0.3714285714285715,4fd543cfc271d4eb1c99354744e03d1caf13cdef2c34d3e6a4be94f2a4d8b97b
dbpedia,0.7333333333333333,bge_small_en_v1_5,mauve_reference,mpnet_base_v2,109,0.8285714285714287,4fd543cfc271d4eb1c99354744e03d1caf13cdef2c34d3e6a4be94f2a4d8b97b
dbpedia,0.06666666666666665,minilm_l6_v2,mauve_reference,mpnet_base_v2,109,0.2,4fd543cfc271d4eb1c99354744e03d1caf13cdef2c34d3e6a4be94f2a4d8b97b
dbpedia,0.6,bge_small_en_v1_5,fbd,minilm_l6_v2,109,0.7714285714285715,702d7de6699fac5ce0472aeeaca81469795c7bbded6f4120e32e5cd2d98a9171
dbpedia,0.7333333333333333,bge_small_en_v1_5,fbd,mpnet_base_v2,109,0.8857142857142858,702d7de6699fac5ce0472aeeaca81469795c7bbded6f4120e32e5cd2d98a9171
dbpedia,0.8666666666666666,minilm_l6_v2,fbd,mpnet_base_v2,109,0.942857142857143,702d7de6699fac5ce0472aeeaca81469795c7bbded6f4120e32e5cd2d98a9171
dbpedia,0.08703882797784893,bge_small_en_v1_5,mauve_reference,minilm_l6_v2,109,0.16395645894598826,702d7de6699fac5ce0472aeeaca81469795c7bbded6f4120e32e5cd2d98a9171
dbpedia,0.0,bge_small_en_v1_5,mauve_reference,mpnet_base_v2,109,0.07827803638564369,702d7de6699fac5ce0472aeeaca81469795c7bbded6f4120e32e5cd2d98a9171
dbpedia,0.9258200997725515,minilm_l6_v2,mauve_reference,mpnet_base_v2,109,0.9548637106322311,702d7de6699fac5ce0472aeeaca81469795c7bbded6f4120e32e5cd2d98a9171
dbpedia,0.8666666666666666,bge_small_en_v1_5,fbd,minilm_l6_v2,109,0.942857142857143,d04997a9723aea53b201ff8475aea3cc49fbd933c3464a3503c9263225099a4e
dbpedia,0.8666666666666666,bge_small_en_v1_5,fbd,mpnet_base_v2,109,0.942857142857143,d04997a9723aea53b201ff8475aea3cc49fbd933c3464a3503c9263225099a4e
dbpedia,0.9999999999999999,minilm_l6_v2,fbd,mpnet_base_v2,109,1.0,d04997a9723aea53b201ff8475aea3cc49fbd933c3464a3503c9263225099a4e
dbpedia,0.7333333333333333,bge_small_en_v1_5,mauve_reference,minilm_l6_v2,109,0.8285714285714287,d04997a9723aea53b201ff8475aea3cc49fbd933c3464a3503c9263225099a4e
dbpedia,0.7333333333333333,bge_small_en_v1_5,mauve_reference,mpnet_base_v2,109,0.8285714285714287,d04997a9723aea53b201ff8475aea3cc49fbd933c3464a3503c9263225099a4e
dbpedia,0.7333333333333333,minilm_l6_v2,mauve_reference,mpnet_base_v2,109,0.8285714285714287,d04997a9723aea53b201ff8475aea3cc49fbd933c3464a3503c9263225099a4e
dbpedia,0.4666666666666666,bge_small_en_v1_5,fbd,minilm_l6_v2,109,0.6,e0538e72ede9d38beb3f33902fe7541cfda5365fc320ef9c0f4c92318c8fe1cc
dbpedia,0.3333333333333333,bge_small_en_v1_5,fbd,mpnet_base_v2,109,0.3714285714285715,e0538e72ede9d38beb3f33902fe7541cfda5365fc320ef9c0f4c92318c8fe1cc
dbpedia,0.8666666666666666,minilm_l6_v2,fbd,mpnet_base_v2,109,0.942857142857143,e0538e72ede9d38beb3f33902fe7541cfda5365fc320ef9c0f4c92318c8fe1cc
dbpedia,0.8666666666666666,bge_small_en_v1_5,mauve_reference,minilm_l6_v2,109,0.942857142857143,e0538e72ede9d38beb3f33902fe7541cfda5365fc320ef9c0f4c92318c8fe1cc
dbpedia,0.3333333333333333,bge_small_en_v1_5,mauve_reference,mpnet_base_v2,109,0.5428571428571429,e0538e72ede9d38beb3f33902fe7541cfda5365fc320ef9c0f4c92318c8fe1cc
dbpedia,0.4666666666666666,minilm_l6_v2,mauve_reference,mpnet_base_v2,109,0.6,e0538e72ede9d38beb3f33902fe7541cfda5365fc320ef9c0f4c92318c8fe1cc
dbpedia,0.6,bge_small_en_v1_5,fbd,minilm_l6_v2,109,0.7714285714285715,f160d75cd4cb8ad8a3d670cab7e2bf971054a941d5c4148cfbd2399811f5daca
dbpedia,0.4666666666666666,bge_small_en_v1_5,fbd,mpnet_base_v2,109,0.7142857142857143,f160d75cd4cb8ad8a3d670cab7e2bf971054a941d5c4148cfbd2399811f5daca
dbpedia,0.6,minilm_l6_v2,fbd,mpnet_base_v2,109,0.7714285714285715,f160d75cd4cb8ad8a3d670cab7e2bf971054a941d5c4148cfbd2399811f5daca
dbpedia,0.6,bge_small_en_v1_5,mauve_reference,minilm_l6_v2,109,0.7714285714285715,f160d75cd4cb8ad8a3d670cab7e2bf971054a941d5c4148cfbd2399811f5daca
dbpedia,0.3333333333333333,bge_small_en_v1_5,mauve_reference,mpnet_base_v2,109,0.3714285714285715,f160d75cd4cb8ad8a3d670cab7e2bf971054a941d5c4148cfbd2399811f5daca
dbpedia,0.2,minilm_l6_v2,mauve_reference,mpnet_base_v2,109,0.4285714285714286,f160d75cd4cb8ad8a3d670cab7e2bf971054a941d5c4148cfbd2399811f5daca
imdb_reviews,0.4666666666666666,bge_small_en_v1_5,fbd,minilm_l6_v2,109,0.5428571428571429,1a93abcfb15e5819215cc065bb8b4b6d14dbbbe6b56ba36fcfbab3830e56ee0c
imdb_reviews,0.4666666666666666,bge_small_en_v1_5,fbd,mpnet_base_v2,109,0.5428571428571429,1a93abcfb15e5819215cc065bb8b4b6d14dbbbe6b56ba36fcfbab3830e56ee0c
imdb_reviews,0.9999999999999999,minilm_l6_v2,fbd,mpnet_base_v2,109,1.0,1a93abcfb15e5819215cc065bb8b4b6d14dbbbe6b56ba36fcfbab3830e56ee0c
imdb_reviews,0.41403933560541256,bge_small_en_v1_5,mauve_reference,minilm_l6_v2,109,0.550782483869826,1a93abcfb15e5819215cc065bb8b4b6d14dbbbe6b56ba36fcfbab3830e56ee0c
imdb_reviews,0.41403933560541256,bge_small_en_v1_5,mauve_reference,mpnet_base_v2,109,0.4928053803045812,1a93abcfb15e5819215cc065bb8b4b6d14dbbbe6b56ba36fcfbab3830e56ee0c
imdb_reviews,0.4666666666666666,minilm_l6_v2,mauve_reference,mpnet_base_v2,109,0.5428571428571429,1a93abcfb15e5819215cc065bb8b4b6d14dbbbe6b56ba36fcfbab3830e56ee0c
imdb_reviews,0.3333333333333333,bge_small_en_v1_5,fbd,minilm_l6_v2,109,0.48571428571428577,4fd543cfc271d4eb1c99354744e03d1caf13cdef2c34d3e6a4be94f2a4d8b97b
imdb_reviews,0.2,bge_small_en_v1_5,fbd,mpnet_base_v2,109,0.4285714285714286,4fd543cfc271d4eb1c99354744e03d1caf13cdef2c34d3e6a4be94f2a4d8b97b
imdb_reviews,0.8666666666666666,minilm_l6_v2,fbd,mpnet_base_v2,109,0.942857142857143,4fd543cfc271d4eb1c99354744e03d1caf13cdef2c34d3e6a4be94f2a4d8b97b
imdb_reviews,0.4666666666666666,bge_small_en_v1_5,mauve_reference,minilm_l6_v2,109,0.5428571428571429,4fd543cfc271d4eb1c99354744e03d1caf13cdef2c34d3e6a4be94f2a4d8b97b
imdb_reviews,-0.3333333333333333,bge_small_en_v1_5,mauve_reference,mpnet_base_v2,109,-0.14285714285714288,4fd543cfc271d4eb1c99354744e03d1caf13cdef2c34d3e6a4be94f2a4d8b97b
imdb_reviews,0.2,minilm_l6_v2,mauve_reference,mpnet_base_v2,109,0.3142857142857143,4fd543cfc271d4eb1c99354744e03d1caf13cdef2c34d3e6a4be94f2a4d8b97b
imdb_reviews,0.2,bge_small_en_v1_5,fbd,minilm_l6_v2,109,0.4285714285714286,702d7de6699fac5ce0472aeeaca81469795c7bbded6f4120e32e5cd2d98a9171
imdb_reviews,0.3333333333333333,bge_small_en_v1_5,fbd,mpnet_base_v2,109,0.48571428571428577,702d7de6699fac5ce0472aeeaca81469795c7bbded6f4120e32e5cd2d98a9171
imdb_reviews,0.8666666666666666,minilm_l6_v2,fbd,mpnet_base_v2,109,0.942857142857143,702d7de6699fac5ce0472aeeaca81469795c7bbded6f4120e32e5cd2d98a9171
imdb_reviews,0.8563488385776752,bge_small_en_v1_5,mauve_reference,minilm_l6_v2,109,0.9258200997725515,702d7de6699fac5ce0472aeeaca81469795c7bbded6f4120e32e5cd2d98a9171
imdb_reviews,0.5449492609130661,bge_small_en_v1_5,mauve_reference,mpnet_base_v2,109,0.6172133998483676,702d7de6699fac5ce0472aeeaca81469795c7bbded6f4120e32e5cd2d98a9171
imdb_reviews,0.7333333333333333,minilm_l6_v2,mauve_reference,mpnet_base_v2,109,0.8285714285714287,702d7de6699fac5ce0472aeeaca81469795c7bbded6f4120e32e5cd2d98a9171
imdb_reviews,0.4666666666666666,bge_small_en_v1_5,fbd,minilm_l6_v2,109,0.5428571428571429,d04997a9723aea53b201ff8475aea3cc49fbd933c3464a3503c9263225099a4e
imdb_reviews,0.3333333333333333,bge_small_en_v1_5,fbd,mpnet_base_v2,109,0.48571428571428577,d04997a9723aea53b201ff8475aea3cc49fbd933c3464a3503c9263225099a4e
imdb_reviews,0.8666666666666666,minilm_l6_v2,fbd,mpnet_base_v2,109,0.942857142857143,d04997a9723aea53b201ff8475aea3cc49fbd933c3464a3503c9263225099a4e
imdb_reviews,0.2,bge_small_en_v1_5,mauve_reference,minilm_l6_v2,109,0.3142857142857143,d04997a9723aea53b201ff8475aea3cc49fbd933c3464a3503c9263225099a4e
imdb_reviews,0.3333333333333333,bge_small_en_v1_5,mauve_reference,mpnet_base_v2,109,0.3714285714285715,d04997a9723aea53b201ff8475aea3cc49fbd933c3464a3503c9263225099a4e
imdb_reviews,0.6,minilm_l6_v2,mauve_reference,mpnet_base_v2,109,0.7142857142857143,d04997a9723aea53b201ff8475aea3cc49fbd933c3464a3503c9263225099a4e
imdb_reviews,0.6,bge_small_en_v1_5,fbd,minilm_l6_v2,109,0.7142857142857143,e0538e72ede9d38beb3f33902fe7541cfda5365fc320ef9c0f4c92318c8fe1cc
imdb_reviews,0.6,bge_small_en_v1_5,fbd,mpnet_base_v2,109,0.7142857142857143,e0538e72ede9d38beb3f33902fe7541cfda5365fc320ef9c0f4c92318c8fe1cc
imdb_reviews,0.9999999999999999,minilm_l6_v2,fbd,mpnet_base_v2,109,1.0,e0538e72ede9d38beb3f33902fe7541cfda5365fc320ef9c0f4c92318c8fe1cc
imdb_reviews,0.3333333333333333,bge_small_en_v1_5,mauve_reference,minilm_l6_v2,109,0.3714285714285715,e0538e72ede9d38beb3f33902fe7541cfda5365fc320ef9c0f4c92318c8fe1cc
imdb_reviews,0.7333333333333333,bge_small_en_v1_5,mauve_reference,mpnet_base_v2,109,0.8285714285714287,e0538e72ede9d38beb3f33902fe7541cfda5365fc320ef9c0f4c92318c8fe1cc
imdb_reviews,0.3333333333333333,minilm_l6_v2,mauve_reference,mpnet_base_v2,109,0.48571428571428577,e0538e72ede9d38beb3f33902fe7541cfda5365fc320ef9c0f4c92318c8fe1cc
imdb_reviews,0.7333333333333333,bge_small_en_v1_5,fbd,minilm_l6_v2,109,0.8285714285714287,f160d75cd4cb8ad8a3d670cab7e2bf971054a941d5c4148cfbd2399811f5daca
imdb_reviews,0.8666666666666666,bge_small_en_v1_5,fbd,mpnet_base_v2,109,0.942857142857143,f160d75cd4cb8ad8a3d670cab7e2bf971054a941d5c4148cfbd2399811f5daca
imdb_reviews,0.8666666666666666,minilm_l6_v2,fbd,mpnet_base_v2,109,0.942857142857143,f160d75cd4cb8ad8a3d670cab7e2bf971054a941d5c4148cfbd2399811f5daca
imdb_reviews,-0.2,bge_small_en_v1_5,mauve_reference,minilm_l6_v2,109,-0.14285714285714288,f160d75cd4cb8ad8a3d670cab7e2bf971054a941d5c4148cfbd2399811f5daca
imdb_reviews,0.06666666666666665,bge_small_en_v1_5,mauve_reference,mpnet_base_v2,109,-0.028571428571428574,f160d75cd4cb8ad8a3d670cab7e2bf971054a941d5c4148cfbd2399811f5daca
imdb_reviews,0.2,minilm_l6_v2,mauve_reference,mpnet_base_v2,109,0.5428571428571429,f160d75cd4cb8ad8a3d670cab7e2bf971054a941d5c4148cfbd2399811f5daca
yahoo_answers,0.9999999999999999,bge_small_en_v1_5,fbd,minilm_l6_v2,109,1.0,1a93abcfb15e5819215cc065bb8b4b6d14dbbbe6b56ba36fcfbab3830e56ee0c
yahoo_answers,0.9999999999999999,bge_small_en_v1_5,fbd,mpnet_base_v2,109,1.0,1a93abcfb15e5819215cc065bb8b4b6d14dbbbe6b56ba36fcfbab3830e56ee0c
yahoo_answers,0.9999999999999999,minilm_l6_v2,fbd,mpnet_base_v2,109,1.0,1a93abcfb15e5819215cc065bb8b4b6d14dbbbe6b56ba36fcfbab3830e56ee0c
yahoo_answers,0.7333333333333333,bge_small_en_v1_5,mauve_reference,minilm_l6_v2,109,0.8285714285714287,1a93abcfb15e5819215cc065bb8b4b6d14dbbbe6b56ba36fcfbab3830e56ee0c
yahoo_answers,0.8666666666666666,bge_small_en_v1_5,mauve_reference,mpnet_base_v2,109,0.942857142857143,1a93abcfb15e5819215cc065bb8b4b6d14dbbbe6b56ba36fcfbab3830e56ee0c
yahoo_answers,0.8666666666666666,minilm_l6_v2,mauve_reference,mpnet_base_v2,109,0.942857142857143,1a93abcfb15e5819215cc065bb8b4b6d14dbbbe6b56ba36fcfbab3830e56ee0c
yahoo_answers,0.8666666666666666,bge_small_en_v1_5,fbd,minilm_l6_v2,109,0.942857142857143,4fd543cfc271d4eb1c99354744e03d1caf13cdef2c34d3e6a4be94f2a4d8b97b
yahoo_answers,0.9999999999999999,bge_small_en_v1_5,fbd,mpnet_base_v2,109,1.0,4fd543cfc271d4eb1c99354744e03d1caf13cdef2c34d3e6a4be94f2a4d8b97b
yahoo_answers,0.8666666666666666,minilm_l6_v2,fbd,mpnet_base_v2,109,0.942857142857143,4fd543cfc271d4eb1c99354744e03d1caf13cdef2c34d3e6a4be94f2a4d8b97b
yahoo_answers,0.8666666666666666,bge_small_en_v1_5,mauve_reference,minilm_l6_v2,109,0.942857142857143,4fd543cfc271d4eb1c99354744e03d1caf13cdef2c34d3e6a4be94f2a4d8b97b
yahoo_answers,0.7333333333333333,bge_small_en_v1_5,mauve_reference,mpnet_base_v2,109,0.8857142857142858,4fd543cfc271d4eb1c99354744e03d1caf13cdef2c34d3e6a4be94f2a4d8b97b
yahoo_answers,0.8666666666666666,minilm_l6_v2,mauve_reference,mpnet_base_v2,109,0.942857142857143,4fd543cfc271d4eb1c99354744e03d1caf13cdef2c34d3e6a4be94f2a4d8b97b
yahoo_answers,0.4666666666666666,bge_small_en_v1_5,fbd,minilm_l6_v2,109,0.6,702d7de6699fac5ce0472aeeaca81469795c7bbded6f4120e32e5cd2d98a9171
yahoo_answers,0.3333333333333333,bge_small_en_v1_5,fbd,mpnet_base_v2,109,0.48571428571428577,702d7de6699fac5ce0472aeeaca81469795c7bbded6f4120e32e5cd2d98a9171
yahoo_answers,0.6,minilm_l6_v2,fbd,mpnet_base_v2,109,0.7714285714285715,702d7de6699fac5ce0472aeeaca81469795c7bbded6f4120e32e5cd2d98a9171
yahoo_answers,0.44474958999666075,bge_small_en_v1_5,mauve_reference,minilm_l6_v2,109,0.5373732906238788,702d7de6699fac5ce0472aeeaca81469795c7bbded6f4120e32e5cd2d98a9171
yahoo_answers,0.5929994533288809,bge_small_en_v1_5,mauve_reference,mpnet_base_v2,109,0.7164977208318386,702d7de6699fac5ce0472aeeaca81469795c7bbded6f4120e32e5cd2d98a9171
yahoo_answers,0.35714285714285715,minilm_l6_v2,mauve_reference,mpnet_base_v2,109,0.5441176470588235,702d7de6699fac5ce0472aeeaca81469795c7bbded6f4120e32e5cd2d98a9171
yahoo_answers,0.9999999999999999,bge_small_en_v1_5,fbd,minilm_l6_v2,109,1.0,d04997a9723aea53b201ff8475aea3cc49fbd933c3464a3503c9263225099a4e
yahoo_answers,0.9999999999999999,bge_small_en_v1_5,fbd,mpnet_base_v2,109,1.0,d04997a9723aea53b201ff8475aea3cc49fbd933c3464a3503c9263225099a4e
yahoo_answers,0.9999999999999999,minilm_l6_v2,fbd,mpnet_base_v2,109,1.0,d04997a9723aea53b201ff8475aea3cc49fbd933c3464a3503c9263225099a4e
yahoo_answers,0.9999999999999999,bge_small_en_v1_5,mauve_reference,minilm_l6_v2,109,1.0,d04997a9723aea53b201ff8475aea3cc49fbd933c3464a3503c9263225099a4e
yahoo_answers,0.8666666666666666,bge_small_en_v1_5,mauve_reference,mpnet_base_v2,109,0.942857142857143,d04997a9723aea53b201ff8475aea3cc49fbd933c3464a3503c9263225099a4e
yahoo_answers,0.8666666666666666,minilm_l6_v2,mauve_reference,mpnet_base_v2,109,0.942857142857143,d04997a9723aea53b201ff8475aea3cc49fbd933c3464a3503c9263225099a4e
yahoo_answers,0.7333333333333333,bge_small_en_v1_5,fbd,minilm_l6_v2,109,0.8857142857142858,e0538e72ede9d38beb3f33902fe7541cfda5365fc320ef9c0f4c92318c8fe1cc
yahoo_answers,0.6,bge_small_en_v1_5,fbd,mpnet_base_v2,109,0.7714285714285715,e0538e72ede9d38beb3f33902fe7541cfda5365fc320ef9c0f4c92318c8fe1cc
yahoo_answers,0.8666666666666666,minilm_l6_v2,fbd,mpnet_base_v2,109,0.942857142857143,e0538e72ede9d38beb3f33902fe7541cfda5365fc320ef9c0f4c92318c8fe1cc
yahoo_answers,0.8280786712108251,bge_small_en_v1_5,mauve_reference,minilm_l6_v2,109,0.9276336570439175,e0538e72ede9d38beb3f33902fe7541cfda5365fc320ef9c0f4c92318c8fe1cc
yahoo_answers,0.7333333333333333,bge_small_en_v1_5,mauve_reference,mpnet_base_v2,109,0.8857142857142858,e0538e72ede9d38beb3f33902fe7541cfda5365fc320ef9c0f4c92318c8fe1cc
yahoo_answers,0.6900655593423541,minilm_l6_v2,mauve_reference,mpnet_base_v2,109,0.8116794499134278,e0538e72ede9d38beb3f33902fe7541cfda5365fc320ef9c0f4c92318c8fe1cc
yahoo_answers,0.7333333333333333,bge_small_en_v1_5,fbd,minilm_l6_v2,109,0.8285714285714287,f160d75cd4cb8ad8a3d670cab7e2bf971054a941d5c4148cfbd2399811f5daca
yahoo_answers,0.8666666666666666,bge_small_en_v1_5,fbd,mpnet_base_v2,109,0.942857142857143,f160d75cd4cb8ad8a3d670cab7e2bf971054a941d5c4148cfbd2399811f5daca
yahoo_answers,0.8666666666666666,minilm_l6_v2,fbd,mpnet_base_v2,109,0.942857142857143,f160d75cd4cb8ad8a3d670cab7e2bf971054a941d5c4148cfbd2399811f5daca
yahoo_answers,0.501280411827603,bge_small_en_v1_5,mauve_reference,minilm_l6_v2,109,0.6179143806533246,f160d75cd4cb8ad8a3d670cab7e2bf971054a941d5c4148cfbd2399811f5daca
yahoo_answers,0.8666666666666666,bge_small_en_v1_5,mauve_reference,mpnet_base_v2,109,0.942857142857143,f160d75cd4cb8ad8a3d670cab7e2bf971054a941d5c4148cfbd2399811f5daca
yahoo_answers,0.6445033866354897,minilm_l6_v2,mauve_reference,mpnet_base_v2,109,0.7356123579206245,f160d75cd4cb8ad8a3d670cab7e2bf971054a941d5c4148cfbd2399811f5daca
