ci_lower,ci_upper,classifier_model_id,encoder_model_id,encoder_value,factors,mean,metric_name,model_id,prompt_id,seed_count,std,summary_id
0.19378909513963388,0.19754747030660147,evaluator_classifier_a,__classifier__,__classifier__,"{""adaptation"": ""prompt_only"", ""temperature"": 0.3}",0.19544832659298506,distinct_2,generator_medium_b,agnews_short_v1,8,0.002972546229916511,647fdc7914c0de7b5188b0ce189ad66ba3ce43a4259e06d18984f1b983a63825
0.0,0.0,evaluator_classifier_a,__classifier__,__classifier__,"{""adaptation"": ""prompt_only"", ""temperature"": 0.3}",0.0,empty_text_rate,generator_medium_b,agnews_short_v1,8,0.0,3e013d8c5667e6f76e3874237ba9c01b5088933e82060742c4388ddfda7bb0df
0.0,0.0,evaluator_classifier_a,__classifier__,__classifier__,"{""adaptation"": ""prompt_only"", ""temperature"": 0.3}",0.0,eos_first_token_rate,generator_medium_b,agnews_short_v1,8,0.0,a0368dc63ef4685b5fad48eefed537c6111de8714c2e2d929cf4ba8efacc2a31
0.93,0.9434374999999999,evaluator_classifier_a,__classifier__,__classifier__,"{""adaptation"": ""prompt_only"", ""temperature"": 0.3}",0.9371875000000001,label_accuracy,generator_medium_b,agnews_short_v1,8,0.010388652806926246,ffb082f944ae499d6e2b6dde03801dcea385838de46c2f1c80f8438fb90a700b
0.0,0.0,evaluator_classifier_a,__classifier__,__classifier__,"{""adaptation"": ""prompt_only"", ""temperature"": 0.3}",0.0,max_token_rate,generator_medium_b,agnews_short_v1,8,0.0,35a70af958a6c1fb198ba941bb82d28a5b179bc642b0d7e797a3aeee37617d76
35.893117187499996,36.0650078125,evaluator_classifier_a,__classifier__,__classifier__,"{""adaptation"": ""prompt_only"", ""temperature"": 0.3}",35.979375000000005,mean_generated_tokens,generator_medium_b,agnews_short_v1,8,0.13111302376194314,8accb74bde0abbb18f5df6a041ee42c84d416816b7fec39ebe99f3dba4f099e0
0.027726932183774065,0.027859276051823527,evaluator_classifier_a,__classifier__,__classifier__,"{""adaptation"": ""prompt_only"", ""temperature"": 0.3}",0.027794024090581404,special_token_rate,generator_medium_b,agnews_short_v1,8,0.00010124830091414664,92bef3dff159ff43fdd346c30fe617b95379c6ff8c05edaffd18eef1fa7f9c4f
1.033355986384254,1.0340744633351757,evaluator_classifier_a,__classifier__,__classifier__,"{""adaptation"": ""prompt_only"", ""temperature"": 0.3}",1.033723681950646,text_is,generator_medium_b,agnews_short_v1,8,0.0005570274290290601,e2d0e2805a2437b165a284aac4a8da89cd35462eecae8ae155a6e56715f88113
0.83375,0.8578125,evaluator_classifier_a,__classifier__,__classifier__,"{""adaptation"": ""prompt_only"", ""temperature"": 0.3}",0.84625,unique_text_rate,generator_medium_b,agnews_short_v1,8,0.018419709940325185,74368bc4a8c3f8b5b00b2f655b22f3d720e708d72c84da43c0c34be07719948f
1.0,1.0,evaluator_classifier_a,__classifier__,__classifier__,"{""adaptation"": ""prompt_only"", ""temperature"": 0.3}",1.0,valid_text_rate,generator_medium_b,agnews_short_v1,8,0.0,c901419fe33f94c04a64f0c1f478317bde0ffd93579ce6bea9b97500bed4f736
0.486116463503278,0.4959255801041473,evaluator_classifier_a,__classifier__,__classifier__,"{""adaptation"": ""prompt_only"", ""temperature"": 0.8}",0.491013623550026,distinct_2,generator_medium_b,agnews_short_v1,8,0.007648149750615545,3c55dccfe31df9fdfed891cc56a64dc88cf41184c9d09646a369659d451e0bdb
0.0,0.0,evaluator_classifier_a,__classifier__,__classifier__,"{""adaptation"": ""prompt_only"", ""temperature"": 0.8}",0.0,empty_text_rate,generator_medium_b,agnews_short_v1,8,0.0,e2f0dd1a7ebe4b1f754ee33b037b8bd2b76bf1acd5399f027b629bfec15400db
0.0,0.0,evaluator_classifier_a,__classifier__,__classifier__,"{""adaptation"": ""prompt_only"", ""temperature"": 0.8}",0.0,eos_first_token_rate,generator_medium_b,agnews_short_v1,8,0.0,9946b2da773bdcd86071c52f7c44d69d16fbfbe89451e30bc252149aaca942c5
0.8696875,0.8903125000000001,evaluator_classifier_a,__classifier__,__classifier__,"{""adaptation"": ""prompt_only"", ""temperature"": 0.8}",0.879375,label_accuracy,generator_medium_b,agnews_short_v1,8,0.01585368366387714,6d0dd2166d32b26575c614334d4617b0e4b0594d40fe1e635485df6f64fdbcdd
0.0,0.0,evaluator_classifier_a,__classifier__,__classifier__,"{""adaptation"": ""prompt_only"", ""temperature"": 0.8}",0.0,max_token_rate,generator_medium_b,agnews_short_v1,8,0.0,1faceff1cdd9f39484d095bdeabcb3bef9efe6acf793acff0bbb078bd430a8d8
36.4074765625,36.652507812500005,evaluator_classifier_a,__classifier__,__classifier__,"{""adaptation"": ""prompt_only"", ""temperature"": 0.8}",36.532187500000006,mean_generated_tokens,generator_medium_b,agnews_short_v1,8,0.1960112856626945,9c4fc7e973e9d5cb17c847d148772491cda333f31f90fbee69f8c29f94c3301e
0.027278770588410394,0.027470417267567042,evaluator_classifier_a,__classifier__,__classifier__,"{""adaptation"": ""prompt_only"", ""temperature"": 0.8}",0.02737381049479755,special_token_rate,generator_medium_b,agnews_short_v1,8,0.00014680204432308459,6f6cd0dadbd47204405a246dfa86ff594c37efca02964e694433de9feed7b5e2
1.0301052751284372,1.030911508533256,evaluator_classifier_a,__classifier__,__classifier__,"{""adaptation"": ""prompt_only"", ""temperature"": 0.8}",1.0305102440282137,text_is,generator_medium_b,agnews_short_v1,8,0.0006111938180000161,abebd27f5dcc6578329e5211da4f50f378b88d93ef19eee71476dc61296e1425
1.0,1.0,evaluator_classifier_a,__classifier__,__classifier__,"{""adaptation"": ""prompt_only"", ""temperature"": 0.8}",1.0,unique_text_rate,generator_medium_b,agnews_short_v1,8,0.0,f4329bd8f1c0ac4fcced8917d88e95a34b07c5c00a84f2a6d2aadd3c1f9389fb
0.9978125,1.0,evaluator_classifier_a,__classifier__,__classifier__,"{""adaptation"": ""prompt_only"", ""temperature"": 0.8}",0.9990625,valid_text_rate,generator_medium_b,agnews_short_v1,8,0.0018600595228571075,573b03f137d5a60749a4bad8cfbfa9e9bf3352266433daf40a1617bae839a794
0.4970272260539248,0.5153675662617341,evaluator_classifier_a,__classifier__,__classifier__,"{""adaptation"": ""qlora"", ""temperature"": 0.3}",0.5056355111667474,distinct_2,generator_medium_b,agnews_short_v1,8,0.014509302209443466,41e74562483815f975330f4abea3131e7e0eed31550ecc711f43ec4b5d8dada0
0.0,0.0,evaluator_classifier_a,__classifier__,__classifier__,"{""adaptation"": ""qlora"", ""temperature"": 0.3}",0.0,empty_text_rate,generator_medium_b,agnews_short_v1,8,0.0,f89df4ce4aadbad1cfaa6e35727b677f177f2a7a658f69401ca7bf061d10513d
0.0,0.0,evaluator_classifier_a,__classifier__,__classifier__,"{""adaptation"": ""qlora"", ""temperature"": 0.3}",0.0,eos_first_token_rate,generator_medium_b,agnews_short_v1,8,0.0,3326ef94a95bd64ee1acba2b94a11288186fbcf3572989ec312da7c478cc8c57
0.8903125000000001,0.9068828125,evaluator_classifier_a,__classifier__,__classifier__,"{""adaptation"": ""qlora"", ""temperature"": 0.3}",0.8984375,label_accuracy,generator_medium_b,agnews_short_v1,8,0.012672911211376358,256bc08606c8e76199e15c6d9deb685daecf8bb081cc99740955177670eaa48f
0.0096875,0.016875,evaluator_classifier_a,__classifier__,__classifier__,"{""adaptation"": ""qlora"", ""temperature"": 0.3}",0.013125,max_token_rate,generator_medium_b,agnews_short_v1,8,0.005786375623578447,466e8aa4d0b3e2008162d71ebd76260e70e5525972e0c189748145e95adf608f
45.394328124999994,46.389140625,evaluator_classifier_a,__classifier__,__classifier__,"{""adaptation"": ""qlora"", ""temperature"": 0.3}",45.948750000000004,mean_generated_tokens,generator_medium_b,agnews_short_v1,8,0.7846962560670937,a26f65d629090942615ef22a8583260376cb4fce32a7421206513f518e6257a7
0.021228085042038863,0.02180071766722825,evaluator_classifier_a,__classifier__,__classifier__,"{""adaptation"": ""qlora"", ""temperature"": 0.3}",0.021484301938960254,special_token_rate,generator_medium_b,agnews_short_v1,8,0.0004524317503670495,42c7c38ae10fd7a20f101e3c22cddaf7ab53af4d39d2c7583045e2d2de02a14d
1.037192669426912,1.0381417154796833,evaluator_classifier_a,__classifier__,__classifier__,"{""adaptation"": ""qlora"", ""temperature"": 0.3}",1.0376359162457862,text_is,generator_medium_b,agnews_short_v1,8,0.0007196453813153261,6b04a64ab4e94b290aa1b8df5be30b548708442a896999305b06eda285979562
0.9681171874999999,0.9803203125000001,evaluator_classifier_a,__classifier__,__classifier__,"{""adaptation"": ""qlora"", ""temperature"": 0.3}",0.9737500000000001,unique_text_rate,generator_medium_b,agnews_short_v1,8,0.009728456051340189,38d25cf6510d9813480d4c47639624d3a74a208f01c24af29a86333a9bd4e58a
0.97375,0.981875,evaluator_classifier_a,__classifier__,__classifier__,"{""adaptation"": ""qlora"", ""temperature"": 0.3}",0.9778125,valid_text_rate,generator_medium_b,agnews_short_v1,8,0.006187184335382306,cd46522b78b873923bbd5997bf44314db0fc916389e527a8fb27c4dabdae1f2f
0.7492435323764067,0.7585148347203394,evaluator_classifier_a,__classifier__,__classifier__,"{""adaptation"": ""qlora"", ""temperature"": 0.8}",0.7536034090153858,distinct_2,generator_medium_b,agnews_short_v1,8,0.007275512427760352,0869f2fe5d2bf5e81d320cf5684ded9acb135a762d29eb819ab2bc5582d13216
0.0,0.0,evaluator_classifier_a,__classifier__,__classifier__,"{""adaptation"": ""qlora"", ""temperature"": 0.8}",0.0,empty_text_rate,generator_medium_b,agnews_short_v1,8,0.0,ce2f63b232632186946d152a6edcb493ba7fd903d8fdbd7e1680786c092bb757
0.0,0.0,evaluator_classifier_a,__classifier__,__classifier__,"{""adaptation"": ""qlora"", ""temperature"": 0.8}",0.0,eos_first_token_rate,generator_medium_b,agnews_short_v1,8,0.0,7dd4e57909e71d0f1906d1683d1da7193f4e95a33126601264e599a9317d3176
0.7931250000000001,0.8162499999999999,evaluator_classifier_a,__classifier__,__classifier__,"{""adaptation"": ""qlora"", ""temperature"": 0.8}",0.8059375,label_accuracy,generator_medium_b,agnews_short_v1,8,0.017724957183103626,57be748d4118382a7792bc0bd2aa73a79983383be2872ba8c50ed9ede855740d
0.0109375,0.023125,evaluator_classifier_a,__classifier__,__classifier__,"{""adaptation"": ""qlora"", ""temperature"": 0.8}",0.015625,max_token_rate,generator_medium_b,agnews_short_v1,8,0.010242593142642848,e5c44eb2a082477465b1af0e626dd47cffb0b0b5a88c1d13205dcf67ad47f94d
46.77278125,48.1215,evaluator_classifier_a,__classifier__,__classifier__,"{""adaptation"": ""qlora"", ""temperature"": 0.8}",47.46375,mean_generated_tokens,generator_medium_b,agnews_short_v1,8,1.070678189613613,b41f4dc07e01c4ede8ee976a950cef2a2c4c451db5bbfb0d9a2e857dd3b09e3c
0.020356167437647905,0.021120203365939387,evaluator_classifier_a,__classifier__,__classifier__,"{""adaptation"": ""qlora"", ""temperature"": 0.8}",0.020751262015436256,special_token_rate,generator_medium_b,agnews_short_v1,8,0.0006171283264179908,1725f48d391264518a44462b536ed4067c39d907df7569c26c4a42053f7262aa
1.036960336413761,1.038444701457835,evaluator_classifier_a,__classifier__,__classifier__,"{""adaptation"": ""qlora"", ""temperature"": 0.8}",1.0377658063944981,text_is,generator_medium_b,agnews_short_v1,8,0.001147900714263355,6cce684344a23273b5776fcdf6521c1a5c7d6c1c414a2fbf0dc7da96205ef72b
1.0,1.0,evaluator_classifier_a,__classifier__,__classifier__,"{""adaptation"": ""qlora"", ""temperature"": 0.8}",1.0,unique_text_rate,generator_medium_b,agnews_short_v1,8,0.0,e994014acc10a494e240843a2e8bc731360f8c286a27cf15655c816d39568056
0.9840625000000001,0.99125,evaluator_classifier_a,__classifier__,__classifier__,"{""adaptation"": ""qlora"", ""temperature"": 0.8}",0.9875,valid_text_rate,generator_medium_b,agnews_short_v1,8,0.005509731650193409,95e3a2b4e7b096c2621a8f8f2e6742d341a244fc1d269a78a8ccdf4a8c55ab14
0.32238014318942354,0.33361370591901574,evaluator_classifier_a,__classifier__,__classifier__,"{""adaptation"": ""prompt_only"", ""temperature"": 0.3}",0.3282108867052347,distinct_2,generator_qwen_0_5b,agnews_short_v1,8,0.009053113642781897,f409ddd9295030c74863d558960e4455f5de40195c7f485813f24fd5d57e60c8
0.0,0.0,evaluator_classifier_a,__classifier__,__classifier__,"{""adaptation"": ""prompt_only"", ""temperature"": 0.3}",0.0,empty_text_rate,generator_qwen_0_5b,agnews_short_v1,8,0.0,d254c76c321901a38f82957d9599fd7797f21f4c868158347901e8df5f0f7b30
0.0,0.0,evaluator_classifier_a,__classifier__,__classifier__,"{""adaptation"": ""prompt_only"", ""temperature"": 0.3}",0.0,eos_first_token_rate,generator_qwen_0_5b,agnews_short_v1,8,0.0,69155184ce68969b355714cc8a06b63d8a5ea9f2f4986d7099bf5a51f9495d2e
0.9059375000000001,0.923125,evaluator_classifier_a,__classifier__,__classifier__,"{""adaptation"": ""prompt_only"", ""temperature"": 0.3}",0.9143749999999999,label_accuracy,generator_qwen_0_5b,agnews_short_v1,8,0.013413079970152817,cbbc085d3033c9a26225afc345a4f4e3e01f3bd77a1414d8d98365c212cf92dd
0.003125,0.005625,evaluator_classifier_a,__classifier__,__classifier__,"{""adaptation"": ""prompt_only"", ""temperature"": 0.3}",0.004375,max_token_rate,generator_qwen_0_5b,agnews_short_v1,8,0.0017677669529663686,92ac080a6e7497d12080d81ad59ff8488b44b117539bbade54453a9dfb9e81c4
39.1609375,40.164453124999994,evaluator_classifier_a,__classifier__,__classifier__,"{""adaptation"": ""prompt_only"", ""temperature"": 0.3}",39.715937499999995,mean_generated_tokens,generator_qwen_0_5b,agnews_short_v1,8,0.773302215802001,2c7976c41ad0114672d0095fc7d9f3d88cf993c5c75eb40aa199f226e4f1b51b
0.02478524097593081,0.025409335036243503,evaluator_classifier_a,__classifier__,__classifier__,"{""adaptation"": ""prompt_only"", ""temperature"": 0.3}",0.025076825651173144,special_token_rate,generator_qwen_0_5b,agnews_short_v1,8,0.0004819949336409375,2813a47f2a22197f6dcbd386bfc00890bf1c7ba4fecb4017c1ba0ea5c6b0d78b
1.019858136353623,1.0201916428277487,evaluator_classifier_a,__classifier__,__classifier__,"{""adaptation"": ""prompt_only"", ""temperature"": 0.3}",1.0200348443215241,text_is,generator_qwen_0_5b,agnews_short_v1,8,0.0002584210037723877,4970e26c5f3de59ee2506f1c224967c0c39050f2d0abd2c8ee1b39be83d92750
0.9381249999999999,0.95625,evaluator_classifier_a,__classifier__,__classifier__,"{""adaptation"": ""prompt_only"", ""temperature"": 0.3}",0.9475,unique_text_rate,generator_qwen_0_5b,agnews_short_v1,8,0.014392458342578504,112b423c4fffe9fad8622d9a1ebfd6e91555def248ed85d9569f165199f85c74
1.0,1.0,evaluator_classifier_a,__classifier__,__classifier__,"{""adaptation"": ""prompt_only"", ""temperature"": 0.3}",1.0,valid_text_rate,generator_qwen_0_5b,agnews_short_v1,8,0.0,0486506c0046aba72dddbbb7e5e28af07139135d190c6d378d97b7c0b5f5ea37
0.632027959066651,0.6371146435826761,evaluator_classifier_a,__classifier__,__classifier__,"{""adaptation"": ""prompt_only"", ""temperature"": 0.8}",0.6344983710901255,distinct_2,generator_qwen_0_5b,agnews_short_v1,8,0.004087739878680502,53b73ac15e37fba50de21eb4e9ca7c1c9b6a37e5bf8047db3ba348fa636f2f90
0.0,0.0,evaluator_classifier_a,__classifier__,__classifier__,"{""adaptation"": ""prompt_only"", ""temperature"": 0.8}",0.0,empty_text_rate,generator_qwen_0_5b,agnews_short_v1,8,0.0,4387b39b4764c85c5f9221fcb34b7fd6f85554aad4ef1ee7b3f87f3eaca38fa5
0.0,0.0,evaluator_classifier_a,__classifier__,__classifier__,"{""adaptation"": ""prompt_only"", ""temperature"": 0.8}",0.0,eos_first_token_rate,generator_qwen_0_5b,agnews_short_v1,8,0.0,6639f6e394177479bcb1f309f53b1893e16df735f07d37846ca685d564b6579c
0.7725,0.7934375,evaluator_classifier_a,__classifier__,__classifier__,"{""adaptation"": ""prompt_only"", ""temperature"": 0.8}",0.7821874999999999,label_accuracy,generator_qwen_0_5b,agnews_short_v1,8,0.016225943732183966,4240633ba98e2e077db8f30f979f433e245d20174b7e53b4117e4c8cb4aeeb4f
0.0053125,0.010312499999999999,evaluator_classifier_a,__classifier__,__classifier__,"{""adaptation"": ""prompt_only"", ""temperature"": 0.8}",0.0078125,max_token_rate,generator_qwen_0_5b,agnews_short_v1,8,0.0038816187713007428,4f103d7eea71683f9cd65c77a2a418af8217495d5a6e841c2d6e0f08b3c11a45
41.0153125,41.83,evaluator_classifier_a,__classifier__,__classifier__,"{""adaptation"": ""prompt_only"", ""temperature"": 0.8}",41.43875,mean_generated_tokens,generator_qwen_0_5b,agnews_short_v1,8,0.6366149318297298,be31b776b7bebb0f80ee73c5ca3871ebaed9afc8e70fae987df5df7a9e2b3879
0.023704523587698027,0.02423219094625151,evaluator_classifier_a,__classifier__,__classifier__,"{""adaptation"": ""prompt_only"", ""temperature"": 0.8}",0.0239489467949568,special_token_rate,generator_qwen_0_5b,agnews_short_v1,8,0.00041667276951119845,bd37d46d5a1d64c43c61989a4a1f9e65fcb8e409215e29e89c0eebd15a0579b7
1.0208963957120534,1.021417467093346,evaluator_classifier_a,__classifier__,__classifier__,"{""adaptation"": ""prompt_only"", ""temperature"": 0.8}",1.0211467755567336,text_is,generator_qwen_0_5b,agnews_short_v1,8,0.0003948537205054678,bd02b82d0c5b8ca29ac6ecb82bf431ce522f227a43f1cec2f32f0d37d33f25b9
1.0,1.0,evaluator_classifier_a,__classifier__,__classifier__,"{""adaptation"": ""prompt_only"", ""temperature"": 0.8}",1.0,unique_text_rate,generator_qwen_0_5b,agnews_short_v1,8,0.0,31ab72136f50fe37e49f85a51b863d581c308639129bc7da81413748f1b6f9ed
0.9909375,0.995625,evaluator_classifier_a,__classifier__,__classifier__,"{""adaptation"": ""prompt_only"", ""temperature"": 0.8}",0.993125,valid_text_rate,generator_qwen_0_5b,agnews_short_v1,8,0.003720119045714255,1a9a70216771d6d1fd6179f56524b4e7587cb225c761785deda671a04ed90842
0.5386147736722399,0.5592751968461656,evaluator_classifier_a,__classifier__,__classifier__,"{""adaptation"": ""qlora"", ""temperature"": 0.3}",0.5503060734753524,distinct_2,generator_qwen_0_5b,agnews_short_v1,8,0.016032969950508638,6b7595210491004a5b07d30ab6b8bae33bade33df7cd8e72d6d19786aca6b365
0.0,0.0,evaluator_classifier_a,__classifier__,__classifier__,"{""adaptation"": ""qlora"", ""temperature"": 0.3}",0.0,empty_text_rate,generator_qwen_0_5b,agnews_short_v1,8,0.0,10175254dac4b44aa754dc23936fe997471d236ea8a884dda305ec1c548f5313
0.0,0.0,evaluator_classifier_a,__classifier__,__classifier__,"{""adaptation"": ""qlora"", ""temperature"": 0.3}",0.0,eos_first_token_rate,generator_qwen_0_5b,agnews_short_v1,8,0.0,d386e6bcb5bfc5fa9982ce5b160cd73003130f262fa0261da54fac94863a85ae
0.7759375000000001,0.815,evaluator_classifier_a,__classifier__,__classifier__,"{""adaptation"": ""qlora"", ""temperature"": 0.3}",0.7965625000000001,label_accuracy,generator_qwen_0_5b,agnews_short_v1,8,0.030382604868105505,13b8f273d438158702e5eed9442d6a45006053bbfd111b76041500065dada2c6
0.0028125000000000003,0.0065625,evaluator_classifier_a,__classifier__,__classifier__,"{""adaptation"": ""qlora"", ""temperature"": 0.3}",0.004687500000000001,max_token_rate,generator_qwen_0_5b,agnews_short_v1,8,0.002814979066149008,639cfb6131f01cee49e48cbba6c54cba87215f478edaf87f633aec4451276528
34.801874999999995,36.719914062499996,evaluator_classifier_a,__classifier__,__classifier__,"{""adaptation"": ""qlora"", ""temperature"": 0.3}",35.7521875,mean_generated_tokens,generator_qwen_0_5b,agnews_short_v1,8,1.5159870885593236,26bc23b2bdafeb2beca612afaaec93059f555c322f7b3c337486296b3be09482
0.027085424551943273,0.02869340266274274,evaluator_classifier_a,__classifier__,__classifier__,"{""adaptation"": ""qlora"", ""temperature"": 0.3}",0.027884998411669047,special_token_rate,generator_qwen_0_5b,agnews_short_v1,8,0.0012367464424516287,192861719b3ccc0e65a4f70c9490bb5a2efa35133bbe52650ca9a82104199784
1.031484434433662,1.032318738261293,evaluator_classifier_a,__classifier__,__classifier__,"{""adaptation"": ""qlora"", ""temperature"": 0.3}",1.0319259382000188,text_is,generator_qwen_0_5b,agnews_short_v1,8,0.0006447923375387575,c03b8cedea72ac31e5826b534ccad69c7b8aa7e52544b923ddb4bc6f195c0931
0.9950000000000001,0.9984375000000001,evaluator_classifier_a,__classifier__,__classifier__,"{""adaptation"": ""qlora"", ""temperature"": 0.3}",0.9968750000000001,unique_text_rate,generator_qwen_0_5b,agnews_short_v1,8,0.0025877458475338233,d940f66274562d5c9704e3b9034e800ec3faebe5b8e19fe83b7aca7767d0e7f0
0.9940625000000001,0.9965625,evaluator_classifier_a,__classifier__,__classifier__,"{""adaptation"": ""qlora"", ""temperature"": 0.3}",0.9953125,valid_text_rate,generator_qwen_0_5b,agnews_short_v1,8,0.002086307400990706,ee81e983d3c4655b759fc99001c0b1cc4e2d6fa847134069878c47036d9cc3f3
0.7577865331867741,0.7655110888146908,evaluator_classifier_a,__classifier__,__classifier__,"{""adaptation"": ""qlora"", ""temperature"": 0.8}",0.7614932733696008,distinct_2,generator_qwen_0_5b,agnews_short_v1,8,0.006141422012521362,952e1e0e8a4561a2004f6de7cb7f610d507e619b80d7a0c6dc5b52b8eb566b8d
0.0,0.0,evaluator_classifier_a,__classifier__,__classifier__,"{""adaptation"": ""qlora"", ""temperature"": 0.8}",0.0,empty_text_rate,generator_qwen_0_5b,agnews_short_v1,8,0.0,0a1e87caa56aaa3075ad2ad3fb83618f5cc20b8c97ce4427bfba964ead612320
0.0,0.0,evaluator_classifier_a,__classifier__,__classifier__,"{""adaptation"": ""qlora"", ""temperature"": 0.8}",0.0,eos_first_token_rate,generator_qwen_0_5b,agnews_short_v1,8,0.0,7f53a7f89d755c8e952cf059722028fb52293379d30abd01a099daa33df1a0cb
0.7537421874999999,0.7640625000000001,evaluator_classifier_a,__classifier__,__classifier__,"{""adaptation"": ""qlora"", ""temperature"": 0.8}",0.7590625,label_accuracy,generator_qwen_0_5b,agnews_short_v1,8,0.008121565208047736,c849e3dbe107f77453b4d42d0c5e1eb1eb1270225bb616c69a2d1a562fb9d1f2
0.020624999999999998,0.027812499999999997,evaluator_classifier_a,__classifier__,__classifier__,"{""adaptation"": ""qlora"", ""temperature"": 0.8}",0.0240625,max_token_rate,generator_qwen_0_5b,agnews_short_v1,8,0.005499594140869461,1f389721f0ff2d05efbf4f03367a4bc0a18303e7cd2b821c8797e7d20d78bcf5
43.1521875,45.459109375000004,evaluator_classifier_a,__classifier__,__classifier__,"{""adaptation"": ""qlora"", ""temperature"": 0.8}",44.301249999999996,mean_generated_tokens,generator_qwen_0_5b,agnews_short_v1,8,1.7456256553372,438fa5973f4d7f5f0137933ecbc6bfd8f1a660fccaa709e8eb51e0f78281df0a
0.021467276065025548,0.022687146695244156,evaluator_classifier_a,__classifier__,__classifier__,"{""adaptation"": ""qlora"", ""temperature"": 0.8}",0.022062436402053777,special_token_rate,generator_qwen_0_5b,agnews_short_v1,8,0.0009585207172809048,e5078c9c24b0149c9fd69d35d60d34cc88ad12c7d533d5b100a9a72113de1ceb
1.0335930215113613,1.0348218517935133,evaluator_classifier_a,__classifier__,__classifier__,"{""adaptation"": ""qlora"", ""temperature"": 0.8}",1.0342346814588566,text_is,generator_qwen_0_5b,agnews_short_v1,8,0.0009535590659904784,ccf273728d5869f697d27b8a62f45ac35df9e37e2b1f034f8452acc0a07abf91
1.0,1.0,evaluator_classifier_a,__classifier__,__classifier__,"{""adaptation"": ""qlora"", ""temperature"": 0.8}",1.0,unique_text_rate,generator_qwen_0_5b,agnews_short_v1,8,0.0,e18fe2062a84ed0ca415090a15937de72e3260f3167662420128ee864aabdf2f
0.99125,0.9953125,evaluator_classifier_a,__classifier__,__classifier__,"{""adaptation"": ""qlora"", ""temperature"": 0.8}",0.9934375,valid_text_rate,generator_qwen_0_5b,agnews_short_v1,8,0.0029693373479135654,2f33831f07c44a2422ffac39759a03075bce0fe14711f9d5ab74766443fff702
0.3650822514639839,0.3707941727375804,evaluator_classifier_a,__classifier__,__classifier__,"{""adaptation"": ""prompt_only"", ""temperature"": 0.3}",0.367992937246144,distinct_2,generator_small_a,agnews_short_v1,8,0.00452890814228957,a7c3c2472ba9e1da3ca4694e62f16fabed4a79938dc9b70c3f5c6ca4e68dae68
0.0,0.0,evaluator_classifier_a,__classifier__,__classifier__,"{""adaptation"": ""prompt_only"", ""temperature"": 0.3}",0.0,empty_text_rate,generator_small_a,agnews_short_v1,8,0.0,5ae5f38b562b6b83b77b8fb59e60858b4b8e7d343e98b880a6e31ed700935d2f
0.0,0.0,evaluator_classifier_a,__classifier__,__classifier__,"{""adaptation"": ""prompt_only"", ""temperature"": 0.3}",0.0,eos_first_token_rate,generator_small_a,agnews_short_v1,8,0.0,e0e13256e3c5db56b828671dc18e9c5d3751388fa01a8fe53a94b335ec2ff6fd
0.8296796875,0.841875,evaluator_classifier_a,__classifier__,__classifier__,"{""adaptation"": ""prompt_only"", ""temperature"": 0.3}",0.8359375,label_accuracy,generator_small_a,agnews_short_v1,8,0.009722718241315025,620adbe12c5134f512dc0089121e889719af24845bc64d851e4517d17483739b
0.006562500000000001,0.013125000000000001,evaluator_classifier_a,__classifier__,__classifier__,"{""adaptation"": ""prompt_only"", ""temperature"": 0.3}",0.009687500000000002,max_token_rate,generator_small_a,agnews_short_v1,8,0.004898523830123287,3d58e56ece9a94eae551c53a9de216e94305fb22d822e0099958434f9ba8c1fb
51.72934375,52.5653828125,evaluator_classifier_a,__classifier__,__classifier__,"{""adaptation"": ""prompt_only"", ""temperature"": 0.3}",52.1496875,mean_generated_tokens,generator_small_a,agnews_short_v1,8,0.6760553093127823,d9836611963fc4ec05a89192034aa3626f8bee03d4c5c9d0489e8ea8fa8d005d
0.018781117421620395,0.019190190351642246,evaluator_classifier_a,__classifier__,__classifier__,"{""adaptation"": ""prompt_only"", ""temperature"": 0.3}",0.018993202014965474,special_token_rate,generator_small_a,agnews_short_v1,8,0.00030946571918917613,abfd8c52046f27abf3b8df7c546a29163da0ae388a5d5319f25bee7c5e57e9a3
1.028347922282989,1.0291595014599273,evaluator_classifier_a,__classifier__,__classifier__,"{""adaptation"": ""prompt_only"", ""temperature"": 0.3}",1.0287451800666338,text_is,generator_small_a,agnews_short_v1,8,0.000636492875932365,2437f35344fd771b2b84ccbdf522a14f2e2d05a7303285d7c2801855aea7dc82
0.9737500000000001,0.984375,evaluator_classifier_a,__classifier__,__classifier__,"{""adaptation"": ""prompt_only"", ""temperature"": 0.3}",0.9796875,unique_text_rate,generator_small_a,agnews_short_v1,8,0.00849763622594962,6054500225a182ba8bc207d1b84e3ff3562b39060a184e44c3844d3c7b023ee5
1.0,1.0,evaluator_classifier_a,__classifier__,__classifier__,"{""adaptation"": ""prompt_only"", ""temperature"": 0.3}",1.0,valid_text_rate,generator_small_a,agnews_short_v1,8,0.0,955ec3b1f6a1ac05a40fa02504983c270a66473815cf515ad6d9199ae28a8715
0.6288284026413478,0.6366736454794228,evaluator_classifier_a,__classifier__,__classifier__,"{""adaptation"": ""prompt_only"", ""temperature"": 0.8}",0.6326757125862754,distinct_2,generator_small_a,agnews_short_v1,8,0.006237905179385974,2b2095df3db1a889b430262b4e964a1d200ff4936494a6899c6dded5d11356aa
0.0,0.0,evaluator_classifier_a,__classifier__,__classifier__,"{""adaptation"": ""prompt_only"", ""temperature"": 0.8}",0.0,empty_text_rate,generator_small_a,agnews_short_v1,8,0.0,8a99f8123fd8cf31720549571edbb9282d94e8651ab84e44dcb47e99dc46001e
0.0,0.0,evaluator_classifier_a,__classifier__,__classifier__,"{""adaptation"": ""prompt_only"", ""temperature"": 0.8}",0.0,eos_first_token_rate,generator_small_a,agnews_short_v1,8,0.0,ddb903ba53fac6f2a2920369d559183bc2084f925d85ed63f2932a8589a57dce
0.8553046874999999,0.8759375,evaluator_classifier_a,__classifier__,__classifier__,"{""adaptation"": ""prompt_only"", ""temperature"": 0.8}",0.8656250000000001,label_accuracy,generator_small_a,agnews_short_v1,8,0.01673053239695959,887dd8667c59df1913db3f288143cf7d095bad27b9d816b1b9593845b0b07015
0.014367187500000012,0.0253125,evaluator_classifier_a,__classifier__,__classifier__,"{""adaptation"": ""prompt_only"", ""temperature"": 0.8}",0.019375,max_token_rate,generator_small_a,agnews_short_v1,8,0.008425090080061036,f347681e23ee2f2a4076829ae11eb295ccd9ae37d7b746eae469d926d5416cde
48.955210937500006,50.1034375,evaluator_classifier_a,__classifier__,__classifier__,"{""adaptation"": ""prompt_only"", ""temperature"": 0.8}",49.4646875,mean_generated_tokens,generator_small_a,agnews_short_v1,8,0.8631404842409568,21b345d7fd719a1f87b889f154d49ef190220933c0d4ff5d3fe2dd93661c5176
0.019475785850842798,0.020139728940682586,evaluator_classifier_a,__classifier__,__classifier__,"{""adaptation"": ""prompt_only"", ""temperature"": 0.8}",0.019832326902458623,special_token_rate,generator_small_a,agnews_short_v1,8,0.0005004199235856908,e7eaf8d30eeca5cf955cdf37621d34eef3051ed9135377b50ef0d0b37bb27767
1.032176171469462,1.032996869341647,evaluator_classifier_a,__classifier__,__classifier__,"{""adaptation"": ""prompt_only"", ""temperature"": 0.8}",1.0325876544172954,text_is,generator_small_a,agnews_short_v1,8,0.0006499312189460239,1f0f46b98e4fa9d5ed4e56f4d43588a09dea2272bfcb67e5e2fe9d1d089b6cbb
1.0,1.0,evaluator_classifier_a,__classifier__,__classifier__,"{""adaptation"": ""prompt_only"", ""temperature"": 0.8}",1.0,unique_text_rate,generator_small_a,agnews_short_v1,8,0.0,c5babb6cc4183f6544cf381d1ac682c8e9f6e31ecc7a1361ebeb09158cb48972
0.9984375000000001,1.0,evaluator_classifier_a,__classifier__,__classifier__,"{""adaptation"": ""prompt_only"", ""temperature"": 0.8}",0.999375,valid_text_rate,generator_small_a,agnews_short_v1,8,0.0011572751247156646,8fe55487cf8f5ee1fb127f03b4ff8293385f4097539276f761e40741dbb86ca8
0.5492023408910692,0.565451562388759,evaluator_classifier_a,__classifier__,__classifier__,"{""adaptation"": ""qlora"", ""temperature"": 0.3}",0.5566563267912694,distinct_2,generator_small_a,agnews_short_v1,8,0.012366797202405574,40c3bc4a48f2a8f0e496c6a99dbccf8835deb00980333df81cf48f34f2df7253
0.0,0.0,evaluator_classifier_a,__classifier__,__classifier__,"{""adaptation"": ""qlora"", ""temperature"": 0.3}",0.0,empty_text_rate,generator_small_a,agnews_short_v1,8,0.0,56aea3499058d2cd3bb52637389420f5cdd1b26d1368d58bcb8c824f920224e6
0.0,0.0,evaluator_classifier_a,__classifier__,__classifier__,"{""adaptation"": ""qlora"", ""temperature"": 0.3}",0.0,eos_first_token_rate,generator_small_a,agnews_short_v1,8,0.0,9d1ae5f81c1fb3e9fb61c47dca77b808f23e48282a802c0f5366426109d56900
0.875625,0.8921875,evaluator_classifier_a,__classifier__,__classifier__,"{""adaptation"": ""qlora"", ""temperature"": 0.3}",0.8843749999999999,label_accuracy,generator_small_a,agnews_short_v1,8,0.012799972098183857,324a673353a4b576e6d7b50f0ed3b9af839872e9d3d9e699d0ed8c5d86363102
0.014375,0.019062500000000003,evaluator_classifier_a,__classifier__,__classifier__,"{""adaptation"": ""qlora"", ""temperature"": 0.3}",0.016875,max_token_rate,generator_small_a,agnews_short_v1,8,0.0037201190457142245,6977d9eac756031044cfd2b7bbfe2c70b823ba553c8e459cd713a5408763bcf1
46.9271171875,48.056875,evaluator_classifier_a,__classifier__,__classifier__,"{""adaptation"": ""qlora"", ""temperature"": 0.3}",47.4484375,mean_generated_tokens,generator_small_a,agnews_short_v1,8,0.8698901177529766,20b424043da020b73589f7b2601d1d83465d781ddbaeb86e3801e39830811ec8
0.02044458524248511,0.02098012378200302,evaluator_classifier_a,__classifier__,__classifier__,"{""adaptation"": ""qlora"", ""temperature"": 0.3}",0.020726683331252424,special_token_rate,generator_small_a,agnews_short_v1,8,0.00042984464111401016,0f68deca929bb6c7cb1659bd9648159df82c2507b47d6bd892c688aa8a474b23
1.03369230050232,1.0349951866966327,evaluator_classifier_a,__classifier__,__classifier__,"{""adaptation"": ""qlora"", ""temperature"": 0.3}",1.034348392417833,text_is,generator_small_a,agnews_short_v1,8,0.0009842607792497023,0fa43b0bc43b7d062c1d4f7df85bf122105ba555cab7a7cf8c60029e2580f737
0.9965625,0.9996875000000001,evaluator_classifier_a,__classifier__,__classifier__,"{""adaptation"": ""qlora"", ""temperature"": 0.3}",0.9984375000000001,unique_text_rate,generator_small_a,agnews_short_v1,8,0.0026516504294495325,d50fdd0f7348edfeea2a326fe6a93885b4fc5cf953bd7ccdbf06a96d94c08fa1
0.988125,0.9965625,evaluator_classifier_a,__classifier__,__classifier__,"{""adaptation"": ""qlora"", ""temperature"": 0.3}",0.9925,valid_text_rate,generator_small_a,agnews_short_v1,8,0.0064086994446165505,a1afed47c7a0fdf0d90e87c5b1758eeba644b052f8d9780c3f7a1db5ad65158c
0.7653858258405088,0.7716878304553014,evaluator_classifier_a,__classifier__,__classifier__,"{""adaptation"": ""qlora"", ""temperature"": 0.8}",0.7685396852417394,distinct_2,generator_small_a,agnews_short_v1,8,0.00506944908422908,c14bf1999a54859545bad5226b010a20604b5c5e1d1c4722290a15e24c2de9b0
0.0,0.0,evaluator_classifier_a,__classifier__,__classifier__,"{""adaptation"": ""qlora"", ""temperature"": 0.8}",0.0,empty_text_rate,generator_small_a,agnews_short_v1,8,0.0,32e2865994ee7e3da35134d02cb6e18d4d99624b482cad7c50509dd639a0831e
0.0,0.0,evaluator_classifier_a,__classifier__,__classifier__,"{""adaptation"": ""qlora"", ""temperature"": 0.8}",0.0,eos_first_token_rate,generator_small_a,agnews_short_v1,8,0.0,03e66d76cb9cc5ee82a2894917d8479ca8796d525f03da499eee812b3f4aac58
0.79625,0.8218828125,evaluator_classifier_a,__classifier__,__classifier__,"{""adaptation"": ""qlora"", ""temperature"": 0.8}",0.8090625,label_accuracy,generator_small_a,agnews_short_v1,8,0.019682184656616298,3ece51d8362ceb5aa9adbd2e0f0b3e0dd08548aa60f3e55800c4eeeabb16e075
0.043109375000000026,0.064375,evaluator_classifier_a,__classifier__,__classifier__,"{""adaptation"": ""qlora"", ""temperature"": 0.8}",0.05375,max_token_rate,generator_small_a,agnews_short_v1,8,0.016201851746019652,c0ded98c509df64ee44106d4ad4f363bd0d099ea3d607602345c6c49f03f7c14
52.0051640625,54.018140625,evaluator_classifier_a,__classifier__,__classifier__,"{""adaptation"": ""qlora"", ""temperature"": 0.8}",53.00625,mean_generated_tokens,generator_small_a,agnews_short_v1,8,1.5595672476684042,954bdafc046e0f75ed78f81ae4fc993b3ea72dc002ea13648ca390a77b7ffa89
0.017365261584413233,0.018389591188864067,evaluator_classifier_a,__classifier__,__classifier__,"{""adaptation"": ""qlora"", ""temperature"": 0.8}",0.01787180883689824,special_token_rate,generator_small_a,agnews_short_v1,8,0.000799031035797145,1f20acd5fe19afa02a894a1b3aae58bc7ed733c9674b22f80603e9c6c47eb459
1.0341049904089523,1.0355818563109163,evaluator_classifier_a,__classifier__,__classifier__,"{""adaptation"": ""qlora"", ""temperature"": 0.8}",1.0348858653135569,text_is,generator_small_a,agnews_short_v1,8,0.0011647466828458852,c7cbe628ed5464307888371b3326e3d97bb1d5bdd1714db357a56b72cb076cc9
1.0,1.0,evaluator_classifier_a,__classifier__,__classifier__,"{""adaptation"": ""qlora"", ""temperature"": 0.8}",1.0,unique_text_rate,generator_small_a,agnews_short_v1,8,0.0,985b3b430941ee189e0ed440c6b80e3b7963bfbc56af670342f1e333a9ffd916
0.9896875,0.9934375000000001,evaluator_classifier_a,__classifier__,__classifier__,"{""adaptation"": ""qlora"", ""temperature"": 0.8}",0.9915624999999999,valid_text_rate,generator_small_a,agnews_short_v1,8,0.002969337347913567,93186a353bf72424924d6fc3c7af34253ea5d466781c14f991bc65d1ab275063
0.29183329389764046,0.29678505779705033,evaluator_classifier_a,__classifier__,__classifier__,"{""adaptation"": ""prompt_only"", ""temperature"": 0.3}",0.2941763095982186,distinct_2,generator_smollm_1_7b,agnews_short_v1,8,0.0038586195630731183,349e4a08f3ef5867e93ea3b5aba2521b5d14805d08a6e61d302303b30215ab06
0.0,0.0,evaluator_classifier_a,__classifier__,__classifier__,"{""adaptation"": ""prompt_only"", ""temperature"": 0.3}",0.0,empty_text_rate,generator_smollm_1_7b,agnews_short_v1,8,0.0,78e90400f09756bf4517819834edb1934c58e2d00bf39e1f0bdf6268f05419ee
0.0,0.0,evaluator_classifier_a,__classifier__,__classifier__,"{""adaptation"": ""prompt_only"", ""temperature"": 0.3}",0.0,eos_first_token_rate,generator_smollm_1_7b,agnews_short_v1,8,0.0,96ca22120a046b90aea3ad585300faeb43d8d62c4ef69afa77b66149bf811f30
0.8196875,0.8340624999999999,evaluator_classifier_a,__classifier__,__classifier__,"{""adaptation"": ""prompt_only"", ""temperature"": 0.3}",0.826875,label_accuracy,generator_smollm_1_7b,agnews_short_v1,8,0.010917711691166282,ba3db1f4864b960f5aef8eac451d3e2c5e81f9deb0f4e1f7f760056a8fe2e55b
0.01125,0.017812500000000002,evaluator_classifier_a,__classifier__,__classifier__,"{""adaptation"": ""prompt_only"", ""temperature"": 0.3}",0.014687500000000003,max_token_rate,generator_smollm_1_7b,agnews_short_v1,8,0.005077524002897476,3a46698a96c33f89dba341a16f62f081fa8eb9e25399b1187e0dac6e269ee80a
61.91810937499999,62.808171875,evaluator_classifier_a,__classifier__,__classifier__,"{""adaptation"": ""prompt_only"", ""temperature"": 0.3}",62.364999999999995,mean_generated_tokens,generator_smollm_1_7b,agnews_short_v1,8,0.6725696989903726,b50ecf18a1d11bf9e622a6bb4a8c8bd269b61225b48df3c75c29b9ac97cbbc7b
0.01566183799200541,0.01594937199240214,evaluator_classifier_a,__classifier__,__classifier__,"{""adaptation"": ""prompt_only"", ""temperature"": 0.3}",0.015801064413433603,special_token_rate,generator_smollm_1_7b,agnews_short_v1,8,0.00021829441365731514,20842fd448d451a360b98b60e6db86f97fa6e8c40231c086e9efed85202ae74a
1.0267111571023544,1.0275541520483051,evaluator_classifier_a,__classifier__,__classifier__,"{""adaptation"": ""prompt_only"", ""temperature"": 0.3}",1.0271658617960748,text_is,generator_smollm_1_7b,agnews_short_v1,8,0.0006769605865797479,1fcb710349041605620d970ba4a4e454b6304b3fe7f3f2fcfc5bee3b6b186e71
0.9975,0.9996875000000001,evaluator_classifier_a,__classifier__,__classifier__,"{""adaptation"": ""prompt_only"", ""temperature"": 0.3}",0.99875,unique_text_rate,generator_smollm_1_7b,agnews_short_v1,8,0.0018898223650461274,9056797ccb1100f60b23c96498b028eaa925c3a10aa40ebe2d124ff0972b8b72
1.0,1.0,evaluator_classifier_a,__classifier__,__classifier__,"{""adaptation"": ""prompt_only"", ""temperature"": 0.3}",1.0,valid_text_rate,generator_smollm_1_7b,agnews_short_v1,8,0.0,06de385c175f8ba6024f5db8fff273d8fcb5fda756f4399bafb5e59eaeac88b9
0.5538091228741858,0.5572680279183972,evaluator_classifier_a,__classifier__,__classifier__,"{""adaptation"": ""prompt_only"", ""temperature"": 0.8}",0.5557587836996449,distinct_2,generator_smollm_1_7b,agnews_short_v1,8,0.002755628770993942,7462c72e76ca3050dfc91545155d278f283437999645b06937091ccc579a0dc1
0.0,0.0,evaluator_classifier_a,__classifier__,__classifier__,"{""adaptation"": ""prompt_only"", ""temperature"": 0.8}",0.0,empty_text_rate,generator_smollm_1_7b,agnews_short_v1,8,0.0,860042056ad0f7263ab7a9f6c52f978985dab307085e957488f4a5c6b523230b
0.0,0.0,evaluator_classifier_a,__classifier__,__classifier__,"{""adaptation"": ""prompt_only"", ""temperature"": 0.8}",0.0,eos_first_token_rate,generator_smollm_1_7b,agnews_short_v1,8,0.0,b59219835f7734c58464bce392016e10e18938da0a39f13142f2df05d146a916
0.7940625,0.821875,evaluator_classifier_a,__classifier__,__classifier__,"{""adaptation"": ""prompt_only"", ""temperature"": 0.8}",0.80625,label_accuracy,generator_smollm_1_7b,agnews_short_v1,8,0.020788046015507503,357b79d0a6b62ffef1b69c9eca90138844585b20fefa3bc4a0f065cca296605b
0.0446875,0.055624999999999994,evaluator_classifier_a,__classifier__,__classifier__,"{""adaptation"": ""prompt_only"", ""temperature"": 0.8}",0.0496875,max_token_rate,generator_smollm_1_7b,agnews_short_v1,8,0.008284829078330034,5a795c745fad0948eac2b64f6768b6ccd8f707d9d96acd624db96768a2ccb7d6
65.837421875,66.7563515625,evaluator_classifier_a,__classifier__,__classifier__,"{""adaptation"": ""prompt_only"", ""temperature"": 0.8}",66.2525,mean_generated_tokens,generator_smollm_1_7b,agnews_short_v1,8,0.7008502489323745,a3f7e122107514dec1cd82ed8b077c17f67c4d02b9e7eb06ec9114d766d51778
0.014171110147131065,0.014487942697650729,evaluator_classifier_a,__classifier__,__classifier__,"{""adaptation"": ""prompt_only"", ""temperature"": 0.8}",0.01434585451026529,special_token_rate,generator_smollm_1_7b,agnews_short_v1,8,0.00024374897134828315,16705ecbeb3c65b5912cc556340ef69ebd93fb37016b08b974547c8162f941fe
1.026103557617904,1.026978512353837,evaluator_classifier_a,__classifier__,__classifier__,"{""adaptation"": ""prompt_only"", ""temperature"": 0.8}",1.0265650155031845,text_is,generator_smollm_1_7b,agnews_short_v1,8,0.0006690853489300586,5646b18e212b53407a8da862dfefb3d563dcc70453318484e9fcebcd8d5a99ff
1.0,1.0,evaluator_classifier_a,__classifier__,__classifier__,"{""adaptation"": ""prompt_only"", ""temperature"": 0.8}",1.0,unique_text_rate,generator_smollm_1_7b,agnews_short_v1,8,0.0,b2ff5795e91fd6ce8fb83d1f38565dbb7f4c9bfe29285d4244b6501ec2fe3b3b
1.0,1.0,evaluator_classifier_a,__classifier__,__classifier__,"{""adaptation"": ""prompt_only"", ""temperature"": 0.8}",1.0,valid_text_rate,generator_smollm_1_7b,agnews_short_v1,8,0.0,be53b7b42975fac15eed2d82531b80abe8f2db77465351b86ddbe232b9e7a38e
0.5005738113099998,0.5148356180461118,evaluator_classifier_a,__classifier__,__classifier__,"{""adaptation"": ""qlora"", ""temperature"": 0.3}",0.5079080892669207,distinct_2,generator_smollm_1_7b,agnews_short_v1,8,0.011166075249697762,802e862543a83871dfba6af73f693a51a850833004049f0edcb07c719ac69265
0.0,0.0,evaluator_classifier_a,__classifier__,__classifier__,"{""adaptation"": ""qlora"", ""temperature"": 0.3}",0.0,empty_text_rate,generator_smollm_1_7b,agnews_short_v1,8,0.0,1a5470edd23c9176b640d14f5aa7fe5db6623da7bf8bed31d0582f9ea4e7d38e
0.0,0.0,evaluator_classifier_a,__classifier__,__classifier__,"{""adaptation"": ""qlora"", ""temperature"": 0.3}",0.0,eos_first_token_rate,generator_smollm_1_7b,agnews_short_v1,8,0.0,75efac0b5295e4194d640cbb1a5e60c5c623753856e3625862f29fffdc29beea
0.85,0.8771875,evaluator_classifier_a,__classifier__,__classifier__,"{""adaptation"": ""qlora"", ""temperature"": 0.3}",0.8634375000000001,label_accuracy,generator_smollm_1_7b,agnews_short_v1,8,0.021461656007201048,fcae70295d7ce143096ece74170ef15e4e685725097490c467203ca28be05ddd
0.010937500000000001,0.0175,evaluator_classifier_a,__classifier__,__classifier__,"{""adaptation"": ""qlora"", ""temperature"": 0.3}",0.014375,max_token_rate,generator_smollm_1_7b,agnews_short_v1,8,0.004955156044825575,8c2b1ecd33ca4298a43b91672a7fd544bb79d201a8ecc1f6002a46f19622373a
34.399906249999994,35.16540625,evaluator_classifier_a,__classifier__,__classifier__,"{""adaptation"": ""qlora"", ""temperature"": 0.3}",34.7584375,mean_generated_tokens,generator_smollm_1_7b,agnews_short_v1,8,0.6006840408769698,8aa5a64c00cd81438ceee57f945b9a4daaad242f8d148d74b277a99d0dced52d
0.028020085377355883,0.02865314964204075,evaluator_classifier_a,__classifier__,__classifier__,"{""adaptation"": ""qlora"", ""temperature"": 0.3}",0.02836350753522996,special_token_rate,generator_smollm_1_7b,agnews_short_v1,8,0.0004899090378751121,aa3b347a15844e7f7636d074cc449de9c470d82a59ee476b83b67a2fb7c547da
1.029650943871653,1.0303516256851273,evaluator_classifier_a,__classifier__,__classifier__,"{""adaptation"": ""qlora"", ""temperature"": 0.3}",1.0299988999912375,text_is,generator_smollm_1_7b,agnews_short_v1,8,0.0005425457038551211,58ebb471a7bb80f415679a1a802c8c5ac2308878c8b1f881acd6a7e6b97058d5
0.944375,0.9603124999999999,evaluator_classifier_a,__classifier__,__classifier__,"{""adaptation"": ""qlora"", ""temperature"": 0.3}",0.951875,unique_text_rate,generator_smollm_1_7b,agnews_short_v1,8,0.012374368670764569,9504631e1885be64cdfa4626beca5ff503bc3d0b85a0e26c0aebb69d754eff47
0.868125,0.890625,evaluator_classifier_a,__classifier__,__classifier__,"{""adaptation"": ""qlora"", ""temperature"": 0.3}",0.8787499999999999,valid_text_rate,generator_smollm_1_7b,agnews_short_v1,8,0.017217101133134214,2a66b7ffb2b7d719ec21fe68221d608993fde1dc97f289de78ebbd2140bcdaee
0.7919198668581596,0.8004615020601786,evaluator_classifier_a,__classifier__,__classifier__,"{""adaptation"": ""qlora"", ""temperature"": 0.8}",0.7965772704459491,distinct_2,generator_smollm_1_7b,agnews_short_v1,8,0.006582073794578047,b318738df710109007988fe8fa91756bbc8fc345ae33f57db19120ea08a95d43
0.0,0.0,evaluator_classifier_a,__classifier__,__classifier__,"{""adaptation"": ""qlora"", ""temperature"": 0.8}",0.0,empty_text_rate,generator_smollm_1_7b,agnews_short_v1,8,0.0,98a3cd28abd5e17fff9eb410d9687dc37b231ca93d08ddee30c3613b82faf7cb
0.0,0.0,evaluator_classifier_a,__classifier__,__classifier__,"{""adaptation"": ""qlora"", ""temperature"": 0.8}",0.0,eos_first_token_rate,generator_smollm_1_7b,agnews_short_v1,8,0.0,56ebe0864ce9ef63395f60947588d5fb8a2c8b3f1191b3c042f34506d4b02278
0.7484375000000001,0.7865703125,evaluator_classifier_a,__classifier__,__classifier__,"{""adaptation"": ""qlora"", ""temperature"": 0.8}",0.76875,label_accuracy,generator_smollm_1_7b,agnews_short_v1,8,0.029730936268953442,5486610047b3cb2d7a5f8f7547a49b9840b47b77e8795a41cfb3858348dd5b95
0.028125,0.037187500000000005,evaluator_classifier_a,__classifier__,__classifier__,"{""adaptation"": ""qlora"", ""temperature"": 0.8}",0.0328125,max_token_rate,generator_smollm_1_7b,agnews_short_v1,8,0.006999681115185586,ae9f3eabd019fb21a0645e3791d680874429b6b60ccce02e83be165d6b639f8b
38.6555390625,40.2126328125,evaluator_classifier_a,__classifier__,__classifier__,"{""adaptation"": ""qlora"", ""temperature"": 0.8}",39.4328125,mean_generated_tokens,generator_smollm_1_7b,agnews_short_v1,8,1.2399182270704097,d10f5e823ed9cc220e09be9bcdcde8353032fd25d15f5ff9a41b15f7a6f592e0
0.02399817274227579,0.025205620470777203,evaluator_classifier_a,__classifier__,__classifier__,"{""adaptation"": ""qlora"", ""temperature"": 0.8}",0.024552537707656273,special_token_rate,generator_smollm_1_7b,agnews_short_v1,8,0.0009229221835101255,29cd4322c49f65fad2a464c73df9f7a253fdc92df99aaa429071a2ae1d9fed37
1.0302921867438666,1.0315356854029607,evaluator_classifier_a,__classifier__,__classifier__,"{""adaptation"": ""qlora"", ""temperature"": 0.8}",1.0308999481280277,text_is,generator_smollm_1_7b,agnews_short_v1,8,0.0009667697253533162,7e784ab65ee07db1b7f1bbbae2bd9734174245efc9d3cb50b895c514a5db2901
1.0,1.0,evaluator_classifier_a,__classifier__,__classifier__,"{""adaptation"": ""qlora"", ""temperature"": 0.8}",1.0,unique_text_rate,generator_smollm_1_7b,agnews_short_v1,8,0.0,2c6f2a662a17e099c3f43e44782773a7ae2173c888750027e56c2272d0f1b7dc
0.8653125,0.8859375,evaluator_classifier_a,__classifier__,__classifier__,"{""adaptation"": ""qlora"", ""temperature"": 0.8}",0.8753125,valid_text_rate,generator_smollm_1_7b,agnews_short_v1,8,0.01589235552980471,a587d824c997c62a771d73bb212673d3aaf2beb4a6b19901c0ef24425106baa8
0.3664439672919887,0.3781019156901648,evaluator_classifier_a,__classifier__,__classifier__,"{""adaptation"": ""prompt_only"", ""temperature"": 0.3}",0.37244318467122695,distinct_2,generator_smollm_360m,agnews_short_v1,8,0.009206245645003917,649acf2a99ea701090aec95a55c02dadd272accee24476ed5ddb8e1103d31685
0.0,0.0,evaluator_classifier_a,__classifier__,__classifier__,"{""adaptation"": ""prompt_only"", ""temperature"": 0.3}",0.0,empty_text_rate,generator_smollm_360m,agnews_short_v1,8,0.0,b923495bfd363a671929bef7e7f8ecb6ef49946f0f64c28171670cf99fc0d2f3
0.0,0.0,evaluator_classifier_a,__classifier__,__classifier__,"{""adaptation"": ""prompt_only"", ""temperature"": 0.3}",0.0,eos_first_token_rate,generator_smollm_360m,agnews_short_v1,8,0.0,02e4e0c7a43f4e2562e3831eb71438e601b79f5380c575f1c03a839e6dfe9f98
0.68625,0.7065625,evaluator_classifier_a,__classifier__,__classifier__,"{""adaptation"": ""prompt_only"", ""temperature"": 0.3}",0.6975,label_accuracy,generator_smollm_360m,agnews_short_v1,8,0.015923926292577092,f27b0ccaf82a1b1c4e54409d7631d61810c7b4ea800a5e9895fca9be5a0ba944
0.0559375,0.074375,evaluator_classifier_a,__classifier__,__classifier__,"{""adaptation"": ""prompt_only"", ""temperature"": 0.3}",0.0653125,max_token_rate,generator_smollm_360m,agnews_short_v1,8,0.01435752042858177,58be343206822b6b9a4a481bcefa6f8461706a753500fe3f36103d1ccb842bef
64.55435937499999,65.4862734375,evaluator_classifier_a,__classifier__,__classifier__,"{""adaptation"": ""prompt_only"", ""temperature"": 0.3}",65.0375,mean_generated_tokens,generator_smollm_360m,agnews_short_v1,8,0.697679828328971,c971ed77ff3ee9ad038f9d332a0f7e86847e231b0e52e30ed9da2c6b38cb84f6
0.014183085232313113,0.014595193862643414,evaluator_classifier_a,__classifier__,__classifier__,"{""adaptation"": ""prompt_only"", ""temperature"": 0.3}",0.01437388773051635,special_token_rate,generator_smollm_360m,agnews_short_v1,8,0.00032124942428645006,07dab971d3f4844da4cc6c065c084cb857076d992d10bd75d480e0a75c3a30be
1.0185227848856053,1.019527210070127,evaluator_classifier_a,__classifier__,__classifier__,"{""adaptation"": ""prompt_only"", ""temperature"": 0.3}",1.019011557897526,text_is,generator_smollm_360m,agnews_short_v1,8,0.00079210551820119,b350ae7a9ce56688bd55a0520a9c66498f357731945ae2511b8a5c1b3fe4ee52
0.9906250000000001,0.9968750000000001,evaluator_classifier_a,__classifier__,__classifier__,"{""adaptation"": ""prompt_only"", ""temperature"": 0.3}",0.9940625,unique_text_rate,generator_smollm_360m,agnews_short_v1,8,0.004988826801678212,222006b70855bf685fd063233474ac2853a0ae26273f4426ec316dcf39a335e0
1.0,1.0,evaluator_classifier_a,__classifier__,__classifier__,"{""adaptation"": ""prompt_only"", ""temperature"": 0.3}",1.0,valid_text_rate,generator_smollm_360m,agnews_short_v1,8,0.0,c74aa4cd006ee7495d8241cf213bd71ce7433a385cd418f2eac2e5a1ef001294
0.6034045097544728,0.6102009265243551,evaluator_classifier_a,__classifier__,__classifier__,"{""adaptation"": ""prompt_only"", ""temperature"": 0.8}",0.6071500225728615,distinct_2,generator_smollm_360m,agnews_short_v1,8,0.00528594114747398,630d0281614940eced4eb7ff9f772e198bb1271ae2140c290dca71641187c64c
0.0,0.0,evaluator_classifier_a,__classifier__,__classifier__,"{""adaptation"": ""prompt_only"", ""temperature"": 0.8}",0.0,empty_text_rate,generator_smollm_360m,agnews_short_v1,8,0.0,eda7d7b709b206910d852ee86deb5c2c926ed674c7cab72cdb09ce483648d650
0.0,0.0,evaluator_classifier_a,__classifier__,__classifier__,"{""adaptation"": ""prompt_only"", ""temperature"": 0.8}",0.0,eos_first_token_rate,generator_smollm_360m,agnews_short_v1,8,0.0,0d51f4f4b301d30d0f05707ae65a65eb2ed794afd9d8cf1ac086015688a39eab
0.6884296874999999,0.7196953125,evaluator_classifier_a,__classifier__,__classifier__,"{""adaptation"": ""prompt_only"", ""temperature"": 0.8}",0.7021875000000001,label_accuracy,generator_smollm_360m,agnews_short_v1,8,0.024254509889915295,134f3cb8a6ad6f76b7c1bb02b6f81b1a5bb7e65ba92f2da5aa9a64bd3b9f4f7b
0.155625,0.17843750000000003,evaluator_classifier_a,__classifier__,__classifier__,"{""adaptation"": ""prompt_only"", ""temperature"": 0.8}",0.16718750000000002,max_token_rate,generator_smollm_360m,agnews_short_v1,8,0.017649236122684903,c76717f84312e7cf4e4c861f073905fb3d916b5063690f5ebd5854861823a32b
69.49309374999999,70.1381484375,evaluator_classifier_a,__classifier__,__classifier__,"{""adaptation"": ""prompt_only"", ""temperature"": 0.8}",69.82906249999999,mean_generated_tokens,generator_smollm_360m,agnews_short_v1,8,0.5051147986561368,a4a33f8e92049a08869203af03e9f26d04af978704ea5426bd6a8809ebaaf583
0.011724555656136983,0.012134533699283178,evaluator_classifier_a,__classifier__,__classifier__,"{""adaptation"": ""prompt_only"", ""temperature"": 0.8}",0.011927742733756245,special_token_rate,generator_smollm_360m,agnews_short_v1,8,0.0003027478988977704,1b303337b483c4a986f4e9f01e5b52b0c436271c7de9cfadabfddf1ac8b2af32
1.0203735828553242,1.021359771564289,evaluator_classifier_a,__classifier__,__classifier__,"{""adaptation"": ""prompt_only"", ""temperature"": 0.8}",1.0208510202342875,text_is,generator_smollm_360m,agnews_short_v1,8,0.0007603257247824318,2e498153c7fd73e81b9b1cca50fa9199f171b03c5286a4a693cc76823e8c10a2
1.0,1.0,evaluator_classifier_a,__classifier__,__classifier__,"{""adaptation"": ""prompt_only"", ""temperature"": 0.8}",1.0,unique_text_rate,generator_smollm_360m,agnews_short_v1,8,0.0,4cc86b23501f52432bb8f1298a9b83a80ce2abfc9d2224684508445e87d24a5f
0.9978125,1.0,evaluator_classifier_a,__classifier__,__classifier__,"{""adaptation"": ""prompt_only"", ""temperature"": 0.8}",0.9990625,valid_text_rate,generator_smollm_360m,agnews_short_v1,8,0.0018600595228571075,603d52d64602234369a3a28d8a1cf5bf2c5ad229719e9af9c6860fd0671bc76c
0.43020190076269504,0.4429353342153347,evaluator_classifier_a,__classifier__,__classifier__,"{""adaptation"": ""qlora"", ""temperature"": 0.3}",0.43629505247495837,distinct_2,generator_smollm_360m,agnews_short_v1,8,0.010057701555988863,03d77af9862d5840440afe59777bc99caba9d0686844d5f74f9c042fbb1d7d41
0.0,0.0,evaluator_classifier_a,__classifier__,__classifier__,"{""adaptation"": ""qlora"", ""temperature"": 0.3}",0.0,empty_text_rate,generator_smollm_360m,agnews_short_v1,8,0.0,c66d2adb008666493a1f93bea80f23a0d77233733cb833051aaff66d1076dafa
0.0,0.0,evaluator_classifier_a,__classifier__,__classifier__,"{""adaptation"": ""qlora"", ""temperature"": 0.3}",0.0,eos_first_token_rate,generator_smollm_360m,agnews_short_v1,8,0.0,8824eeff5fdaedb0026c391d5e22c725182c99a84a61dcf7a35739e88e69ed36
0.76125,0.7728203124999999,evaluator_classifier_a,__classifier__,__classifier__,"{""adaptation"": ""qlora"", ""temperature"": 0.3}",0.7659374999999999,label_accuracy,generator_smollm_360m,agnews_short_v1,8,0.009252171559770627,a25b8c59731adc7255409bf36acf0ebdb08988f32aef8a4cecfb0dbc61deed36
0.0009375,0.0040625,evaluator_classifier_a,__classifier__,__classifier__,"{""adaptation"": ""qlora"", ""temperature"": 0.3}",0.0025,max_token_rate,generator_smollm_360m,agnews_short_v1,8,0.0023145502494313786,ecb2ac65f1e740b4834c4499f530fac0a38e7c56ea9128299bebe134ae1cd5b4
25.326859375,26.049539062499996,evaluator_classifier_a,__classifier__,__classifier__,"{""adaptation"": ""qlora"", ""temperature"": 0.3}",25.688125,mean_generated_tokens,generator_smollm_360m,agnews_short_v1,8,0.5644667996057362,c62f3b1f2df84d637ef738377c85edf90a155f0ef697d661307380dd87ce862f
0.03832732566265588,0.039433084801502455,evaluator_classifier_a,__classifier__,__classifier__,"{""adaptation"": ""qlora"", ""temperature"": 0.3}",0.03884761760797603,special_token_rate,generator_smollm_360m,agnews_short_v1,8,0.0008623931768223603,8d4002b7a4470de491df5ee2d200497edf448375f4ef0210518f9de60393c130
1.0214872311583623,1.0225785771222273,evaluator_classifier_a,__classifier__,__classifier__,"{""adaptation"": ""qlora"", ""temperature"": 0.3}",1.0219987495789242,text_is,generator_smollm_360m,agnews_short_v1,8,0.0008479023500581802,5a1a2b9b094a5366768e3c84738ac7ed14ecd469966fbda68327a43cd25494d6
0.97,0.983125,evaluator_classifier_a,__classifier__,__classifier__,"{""adaptation"": ""qlora"", ""temperature"": 0.3}",0.976875,unique_text_rate,generator_smollm_360m,agnews_short_v1,8,0.010415476122441215,3bc63a132af68d03377428dad8d4b4f8b8971132a939f51c3562491571145cad
0.9671875,0.9771875,evaluator_classifier_a,__classifier__,__classifier__,"{""adaptation"": ""qlora"", ""temperature"": 0.3}",0.9721875,valid_text_rate,generator_smollm_360m,agnews_short_v1,8,0.007727213044078143,21325ee77742f3815576278da40604b389189934bc869e9f7ffd10db49799798
0.7608388525760965,0.7733827759097349,evaluator_classifier_a,__classifier__,__classifier__,"{""adaptation"": ""qlora"", ""temperature"": 0.8}",0.767101287492024,distinct_2,generator_smollm_360m,agnews_short_v1,8,0.009737524556299067,bff3028645a54310910d701348a6096ac55802fb560ab0db075b773730a13d2f
0.0,0.0,evaluator_classifier_a,__classifier__,__classifier__,"{""adaptation"": ""qlora"", ""temperature"": 0.8}",0.0,empty_text_rate,generator_smollm_360m,agnews_short_v1,8,0.0,1c1f6c5415d2759297c2d49a1ab6765626117d70220b373c10d7d406dd631f27
0.0,0.0,evaluator_classifier_a,__classifier__,__classifier__,"{""adaptation"": ""qlora"", ""temperature"": 0.8}",0.0,eos_first_token_rate,generator_smollm_360m,agnews_short_v1,8,0.0,2d401dff31f3f777ecd41d2767f25be3cc56146f2f64343dd11edba4847913a6
0.70625,0.7324999999999999,evaluator_classifier_a,__classifier__,__classifier__,"{""adaptation"": ""qlora"", ""temperature"": 0.8}",0.72,label_accuracy,generator_smollm_360m,agnews_short_v1,8,0.020133483127793433,e6c2e3206f89c92574f79eb2396ae01a51a810f8b59c906e54fc0f5c69f82e4f
0.004375,0.0096875,evaluator_classifier_a,__classifier__,__classifier__,"{""adaptation"": ""qlora"", ""temperature"": 0.8}",0.0071875,max_token_rate,generator_smollm_360m,agnews_short_v1,8,0.004105201404490232,0ab2bf11636d3bfe61412dde77e4cf587e483578baad2af7397a324d44e6a111
29.7899609375,30.475625,evaluator_classifier_a,__classifier__,__classifier__,"{""adaptation"": ""qlora"", ""temperature"": 0.8}",30.11625,mean_generated_tokens,generator_smollm_360m,agnews_short_v1,8,0.5275346975724511,03a1ddab0b43eba15f369db1e2a7e8a217558375723cda81b544f42b0053332f
0.03254017517689267,0.033365099303036536,evaluator_classifier_a,__classifier__,__classifier__,"{""adaptation"": ""qlora"", ""temperature"": 0.8}",0.032975807330965674,special_token_rate,generator_smollm_360m,agnews_short_v1,8,0.000650569230786483,39f12b006b08f558cb8c43f7cba0d4acc755831cb4ff93a595fcde1023bfca62
1.0240128469867789,1.0248075461986066,evaluator_classifier_a,__classifier__,__classifier__,"{""adaptation"": ""qlora"", ""temperature"": 0.8}",1.02440726096653,text_is,generator_smollm_360m,agnews_short_v1,8,0.0006190863606394359,935ebbc10bbd35852609ac7d0e45470944229cd0e5ec39a82ea1a38fc4fe8f47
1.0,1.0,evaluator_classifier_a,__classifier__,__classifier__,"{""adaptation"": ""qlora"", ""temperature"": 0.8}",1.0,unique_text_rate,generator_smollm_360m,agnews_short_v1,8,0.0,6fe7a19298cb8d9b05a2ab99f2ae49064333f12bebed0643bc4f8212918253ca
0.910921875,0.9259375,evaluator_classifier_a,__classifier__,__classifier__,"{""adaptation"": ""qlora"", ""temperature"": 0.8}",0.91875,valid_text_rate,generator_smollm_360m,agnews_short_v1,8,0.011877349391654206,76d0cbc8e099cae1a71a4d86b958217753e1d3b4f9314f03a15c2b9efe96f48d
0.38728118442288173,0.3934836023644359,evaluator_classifier_a,__classifier__,__classifier__,"{""adaptation"": ""prompt_only"", ""temperature"": 0.3}",0.3902771659993227,distinct_2,generator_tinyllama_1_1b,agnews_short_v1,8,0.004826671042039892,8f10f467134121399160c997ab92c2693f00f7cb44b65b4250738b7ffa9a89b6
0.0,0.0,evaluator_classifier_a,__classifier__,__classifier__,"{""adaptation"": ""prompt_only"", ""temperature"": 0.3}",0.0,empty_text_rate,generator_tinyllama_1_1b,agnews_short_v1,8,0.0,97155fcc88d1670e2e43e1595058d2180e666d10d679fd8b7af3c536a359a9e4
0.0,0.0,evaluator_classifier_a,__classifier__,__classifier__,"{""adaptation"": ""prompt_only"", ""temperature"": 0.3}",0.0,eos_first_token_rate,generator_tinyllama_1_1b,agnews_short_v1,8,0.0,ee260da80a52569b3d531e760152e239f3023594aaf7d6d7afcbb81610325067
0.6896875,0.7196875,evaluator_classifier_a,__classifier__,__classifier__,"{""adaptation"": ""prompt_only"", ""temperature"": 0.3}",0.7034374999999999,label_accuracy,generator_tinyllama_1_1b,agnews_short_v1,8,0.023181639132234443,d84de69d12942488f1f3b59c67c91d400873bbbbd4d226f5317e8f482de38ff6
0.5603125,0.5809375,evaluator_classifier_a,__classifier__,__classifier__,"{""adaptation"": ""prompt_only"", ""temperature"": 0.3}",0.5700000000000001,max_token_rate,generator_tinyllama_1_1b,agnews_short_v1,8,0.015867757065373585,fdbdcb68d225847ff747ebcff2f6b14ab2dd9c23fb07b36ee078493fdc939659
81.0565390625,81.757578125,evaluator_classifier_a,__classifier__,__classifier__,"{""adaptation"": ""prompt_only"", ""temperature"": 0.3}",81.4021875,mean_generated_tokens,generator_tinyllama_1_1b,agnews_short_v1,8,0.5514063796654101,c4d491d26672f7273c40a6177c4711cf1ca8fb4446943a769a1109b58f3c8ab8
0.005148747097038484,0.005410304610662046,evaluator_classifier_a,__classifier__,__classifier__,"{""adaptation"": ""prompt_only"", ""temperature"": 0.3}",0.005283105229408237,special_token_rate,generator_tinyllama_1_1b,agnews_short_v1,8,0.0002125264663284736,a6f3b259a50143dc368ca218a8d0fff0c9fbfb80d7dfb898f513973bd47b4e93
1.0183971727688401,1.019151575954104,evaluator_classifier_a,__classifier__,__classifier__,"{""adaptation"": ""prompt_only"", ""temperature"": 0.3}",1.018786421504537,text_is,generator_tinyllama_1_1b,agnews_short_v1,8,0.0005973191122975623,055bfdc2a1d097117ad8021093b8aa32e58bc1ab8ac5f07e92cfb729003f575a
0.9934296874999999,0.9971875000000001,evaluator_classifier_a,__classifier__,__classifier__,"{""adaptation"": ""prompt_only"", ""temperature"": 0.3}",0.9953125,unique_text_rate,generator_tinyllama_1_1b,agnews_short_v1,8,0.003116058636895569,7daf9b0777ace5e060295cca3942c1f4a5d2555bd572e38b460f7002435268b3
1.0,1.0,evaluator_classifier_a,__classifier__,__classifier__,"{""adaptation"": ""prompt_only"", ""temperature"": 0.3}",1.0,valid_text_rate,generator_tinyllama_1_1b,agnews_short_v1,8,0.0,582a21b2908ba22ced4dbc02c40dc5715f0257d8ac02d39fbb7bf03f2fbfcf77
0.6281722996738284,0.6379892921025383,evaluator_classifier_a,__classifier__,__classifier__,"{""adaptation"": ""prompt_only"", ""temperature"": 0.8}",0.632588000686061,distinct_2,generator_tinyllama_1_1b,agnews_short_v1,8,0.0077138855892865,5494941a9c911630fdbde373978f9d1f42ffece79b258fdb9abef628a3684156
0.0,0.0,evaluator_classifier_a,__classifier__,__classifier__,"{""adaptation"": ""prompt_only"", ""temperature"": 0.8}",0.0,empty_text_rate,generator_tinyllama_1_1b,agnews_short_v1,8,0.0,e34d2f2fa928d6300f9b65d9db8e2d3e12d4168d5653aeb73bff661a17959fac
0.0,0.0,evaluator_classifier_a,__classifier__,__classifier__,"{""adaptation"": ""prompt_only"", ""temperature"": 0.8}",0.0,eos_first_token_rate,generator_tinyllama_1_1b,agnews_short_v1,8,0.0,693f7333bfbaa3b117e1feca8a844041eac6dd6b2bf4b06dd404a7e0ec77b011
0.6909296875,0.7096875,evaluator_classifier_a,__classifier__,__classifier__,"{""adaptation"": ""prompt_only"", ""temperature"": 0.8}",0.700625,label_accuracy,generator_tinyllama_1_1b,agnews_short_v1,8,0.015044576621303969,06e50fdcc3e2d013bc844a6ddfdb48e5ad0d7cfdea35aa4c1b87da8f7e308d01
0.7834375,0.8121953125,evaluator_classifier_a,__classifier__,__classifier__,"{""adaptation"": ""prompt_only"", ""temperature"": 0.8}",0.79625,max_token_rate,generator_tinyllama_1_1b,agnews_short_v1,8,0.023566016694748018,895fc129077e73fad3cc97db3305859d65b27047ab6a3e1a9003eed6595ad431
89.793046875,90.75743750000001,evaluator_classifier_a,__classifier__,__classifier__,"{""adaptation"": ""prompt_only"", ""temperature"": 0.8}",90.24562499999999,mean_generated_tokens,generator_tinyllama_1_1b,agnews_short_v1,8,0.76338151620649,c36049e5f75469d8a0a41086b05b5e851669ce5cfb7c6118529bfec334c05b1d
0.0020619971346040856,0.002412607969501447,evaluator_classifier_a,__classifier__,__classifier__,"{""adaptation"": ""prompt_only"", ""temperature"": 0.8}",0.0022594961817923058,special_token_rate,generator_tinyllama_1_1b,agnews_short_v1,8,0.00027498670239636434,14837bf5f52d6ee78761e0a46a2240c072ef1ef4f1fa62b664767dad1d284443
1.0212440135604042,1.0226092659261081,evaluator_classifier_a,__classifier__,__classifier__,"{""adaptation"": ""prompt_only"", ""temperature"": 0.8}",1.0219085891746027,text_is,generator_tinyllama_1_1b,agnews_short_v1,8,0.001054446885748714,2b6d369d7b09d2b898e98f4951e313111841e069f6c530d823459edba5c19e09
1.0,1.0,evaluator_classifier_a,__classifier__,__classifier__,"{""adaptation"": ""prompt_only"", ""temperature"": 0.8}",1.0,unique_text_rate,generator_tinyllama_1_1b,agnews_short_v1,8,0.0,2e1322e61075d35f71cc892e3cd10fba57e2078dcb40e2bb6977d243dc3ce5ee
0.9975,1.0,evaluator_classifier_a,__classifier__,__classifier__,"{""adaptation"": ""prompt_only"", ""temperature"": 0.8}",0.99875,valid_text_rate,generator_tinyllama_1_1b,agnews_short_v1,8,0.0018898223650461274,a0ef8d235edae6b4afd109e0f99c6c724a27ce8c3dbbc4632cbffe2dfc3917cd
0.5183774574106776,0.535608328111667,evaluator_classifier_a,__classifier__,__classifier__,"{""adaptation"": ""qlora"", ""temperature"": 0.3}",0.5275108085852737,distinct_2,generator_tinyllama_1_1b,agnews_short_v1,8,0.01392380794427091,f20a9be9e696eb11344afdb81fc4762afd45ffdd1d1149406f408bc789fa7cd6
0.0,0.0,evaluator_classifier_a,__classifier__,__classifier__,"{""adaptation"": ""qlora"", ""temperature"": 0.3}",0.0,empty_text_rate,generator_tinyllama_1_1b,agnews_short_v1,8,0.0,b7e2bf5ea26cec6f18bda2952754a52f00cb8f1ff5b4612520a0a49067ef17dd
0.0,0.0,evaluator_classifier_a,__classifier__,__classifier__,"{""adaptation"": ""qlora"", ""temperature"": 0.3}",0.0,eos_first_token_rate,generator_tinyllama_1_1b,agnews_short_v1,8,0.0,93ca88e7d62d0f5093ec614e02d8150fc970000fa459371fad3e789126d45329
0.8640625,0.8871875,evaluator_classifier_a,__classifier__,__classifier__,"{""adaptation"": ""qlora"", ""temperature"": 0.3}",0.876875,label_accuracy,generator_tinyllama_1_1b,agnews_short_v1,8,0.01821253492986158,8bbed86104bc6515233568ab8c40f083d31b1749ee7693ad7d1c17da0198122a
0.028125,0.04500781249999995,evaluator_classifier_a,__classifier__,__classifier__,"{""adaptation"": ""qlora"", ""temperature"": 0.3}",0.0371875,max_token_rate,generator_tinyllama_1_1b,agnews_short_v1,8,0.013258252147247766,d29e15a6ff3f835932ec2f464c1b78f3b643c6d0ed35dc002a089601cdb44d99
57.0171171875,58.581390625,evaluator_classifier_a,__classifier__,__classifier__,"{""adaptation"": ""qlora"", ""temperature"": 0.3}",57.703125,mean_generated_tokens,generator_tinyllama_1_1b,agnews_short_v1,8,1.2004528535396246,3e45f242565bca4ca98e01457264695db6e3c9d3537811d440476ddba1b8d71e
0.016368901658296273,0.017004072928638165,evaluator_classifier_a,__classifier__,__classifier__,"{""adaptation"": ""qlora"", ""temperature"": 0.3}",0.016693931695369056,special_token_rate,generator_tinyllama_1_1b,agnews_short_v1,8,0.000499880895487546,eb08d9f8cc954d11c8498eb3d0826beac7b3b6c1554232dd80e1cba186dace66
1.0332212734267698,1.0346459284441436,evaluator_classifier_a,__classifier__,__classifier__,"{""adaptation"": ""qlora"", ""temperature"": 0.3}",1.0339190152734314,text_is,generator_tinyllama_1_1b,agnews_short_v1,8,0.0010751232358851095,e45f10d770248b66ed9cdc0ea8d7c30bb06a9530b8296d49c5c28f20f269f975
0.9978125,0.9996875000000001,evaluator_classifier_a,__classifier__,__classifier__,"{""adaptation"": ""qlora"", ""temperature"": 0.3}",0.99875,unique_text_rate,generator_tinyllama_1_1b,agnews_short_v1,8,0.0013363062095620934,3ab36fa9a864b65495a0e3dca06b0611b56257b6f4ae9404f1cf6134f53541ec
0.9765625,0.9871874999999999,evaluator_classifier_a,__classifier__,__classifier__,"{""adaptation"": ""qlora"", ""temperature"": 0.3}",0.9821875,valid_text_rate,generator_tinyllama_1_1b,agnews_short_v1,8,0.007841908933052304,3c0b862991809725bf877d5bfd6bae6a4e272790ee53f408b26aed1c3aad0e96
0.7541458389177463,0.7651614904125814,evaluator_classifier_a,__classifier__,__classifier__,"{""adaptation"": ""qlora"", ""temperature"": 0.8}",0.7602510861103081,distinct_2,generator_tinyllama_1_1b,agnews_short_v1,8,0.00876151792717874,18923349ea0e0b3e4d3c1d6eef0d07e3dd11d3aa8cb42ce9b291a77842cb2b41
0.0,0.0,evaluator_classifier_a,__classifier__,__classifier__,"{""adaptation"": ""qlora"", ""temperature"": 0.8}",0.0,empty_text_rate,generator_tinyllama_1_1b,agnews_short_v1,8,0.0,cdd31f3a10759ea94970ae52d2f8365fe85a60d9f23918f2dab92f06bef38b55
0.0,0.0,evaluator_classifier_a,__classifier__,__classifier__,"{""adaptation"": ""qlora"", ""temperature"": 0.8}",0.0,eos_first_token_rate,generator_tinyllama_1_1b,agnews_short_v1,8,0.0,062d37a3f0858ab3506586277e770fb095dcbbf0b1314619468f01af0be37256
0.7334296874999999,0.768125,evaluator_classifier_a,__classifier__,__classifier__,"{""adaptation"": ""qlora"", ""temperature"": 0.8}",0.75,label_accuracy,generator_tinyllama_1_1b,agnews_short_v1,8,0.026925824035672518,691f3582f7a0c25449998120cb816df1c0016eb48e0aecb2c8b50dd977564497
0.0428125,0.05375,evaluator_classifier_a,__classifier__,__classifier__,"{""adaptation"": ""qlora"", ""temperature"": 0.8}",0.048125,max_token_rate,generator_tinyllama_1_1b,agnews_short_v1,8,0.008737235587660762,588b6f18b461b8ccde82f8675d9a9bce20de13dc16f5b060e4983ca5168dff45
56.62375,57.4262890625,evaluator_classifier_a,__classifier__,__classifier__,"{""adaptation"": ""qlora"", ""temperature"": 0.8}",57.0440625,mean_generated_tokens,generator_tinyllama_1_1b,agnews_short_v1,8,0.6519872609130164,99478075e29e275fc69eb553594139e140d068eb0a34ad3567ea0f325deb878a
0.016495023275647308,0.016873006785145576,evaluator_classifier_a,__classifier__,__classifier__,"{""adaptation"": ""qlora"", ""temperature"": 0.8}",0.0166893095413546,special_token_rate,generator_tinyllama_1_1b,agnews_short_v1,8,0.00029589109774505863,374cdf87c3627c9184f30b3b9cca1692b5e2f3fc9e7042660bc3e074df5e1db5
1.0319483192959042,1.032642150192275,evaluator_classifier_a,__classifier__,__classifier__,"{""adaptation"": ""qlora"", ""temperature"": 0.8}",1.0323439276276993,text_is,generator_tinyllama_1_1b,agnews_short_v1,8,0.000543696772633522,6df0ff53f884d199ef091051df2582f2effdc76633a0c45faf763b2a828b3089
1.0,1.0,evaluator_classifier_a,__classifier__,__classifier__,"{""adaptation"": ""qlora"", ""temperature"": 0.8}",1.0,unique_text_rate,generator_tinyllama_1_1b,agnews_short_v1,8,0.0,80802de372ebe94039e06728dfdbde1765646f60820eb973cf445d7ad0b8d041
0.9671875,0.976875,evaluator_classifier_a,__classifier__,__classifier__,"{""adaptation"": ""qlora"", ""temperature"": 0.8}",0.9721875,valid_text_rate,generator_tinyllama_1_1b,agnews_short_v1,8,0.007492555829431184,75550236638fdd1853967b3d01fe6702df8824a30c297e44d10e37ad5bc2f118
0.9310413873359525,0.9443010924228589,evaluator_classifier_a,evaluator_minilm,minilm,"{""adaptation"": ""prompt_only"", ""temperature"": 0.3}",0.9374820845637939,fbd,generator_medium_b,agnews_short_v1,8,0.010915339760238462,bb6f7d7081b74acbb8ae8a969d40a4b09ed1feb0013840df454b999f1b6fd0f8
0.008023948359164495,0.010006232483985252,evaluator_classifier_a,evaluator_minilm,minilm,"{""adaptation"": ""prompt_only"", ""temperature"": 0.3}",0.008950406189860165,mauve_internal_sensitivity,generator_medium_b,agnews_short_v1,8,0.001534891227804339,69d8dc13bfd855a3d561a10f4b6359c8e04ed7a1fae9c6f34ec06515dd09442e
0.5461554147150655,0.5590593165196656,evaluator_classifier_a,evaluator_minilm,minilm,"{""adaptation"": ""prompt_only"", ""temperature"": 0.8}",0.5529711070066413,fbd,generator_medium_b,agnews_short_v1,8,0.009848700233024454,284ebdf96dcda07da0d32a0635ef81eab2aa6cf52f60f81a350acb6d4d05d9e2
0.029619176960762373,0.04044745062640672,evaluator_classifier_a,evaluator_minilm,minilm,"{""adaptation"": ""prompt_only"", ""temperature"": 0.8}",0.03451498262797898,mauve_internal_sensitivity,generator_medium_b,agnews_short_v1,8,0.008650308588004007,ad156dcb6914c7876160c6123d1feca50f88b6fbe74a2e984d49c8113c6d7a6d
0.40703588996240014,0.4266745958735388,evaluator_classifier_a,evaluator_minilm,minilm,"{""adaptation"": ""qlora"", ""temperature"": 0.3}",0.416527832068299,fbd,generator_medium_b,agnews_short_v1,8,0.015339662559700429,856016884b68fd21fcda324290d1302557dca0ed6361f49863c6a4590c4233db
0.22359657569039876,0.2865544331663712,evaluator_classifier_a,evaluator_minilm,minilm,"{""adaptation"": ""qlora"", ""temperature"": 0.3}",0.2508973410293301,mauve_internal_sensitivity,generator_medium_b,agnews_short_v1,8,0.0518421556303372,0dc9327f7e8d188a3f6de9395becb29be410ae53cbabcf03a1aa4211ae0c37b1
0.1902983936206625,0.19829051538707773,evaluator_classifier_a,evaluator_minilm,minilm,"{""adaptation"": ""qlora"", ""temperature"": 0.8}",0.1941840704674721,fbd,generator_medium_b,agnews_short_v1,8,0.006288519259858659,0570edb1596328592356e20e4e96922363c16266dbb53482f75674dabff5ea84
0.7646692563631343,0.8257688182916056,evaluator_classifier_a,evaluator_minilm,minilm,"{""adaptation"": ""qlora"", ""temperature"": 0.8}",0.7963460719384542,mauve_internal_sensitivity,generator_medium_b,agnews_short_v1,8,0.048282400249165,4bab1efb6a2916e9f1ba57fe2525cfd53f910362254ea82557e59f8f5f104fa5
0.7675581055924721,0.7908361852404742,evaluator_classifier_a,evaluator_minilm,minilm,"{""adaptation"": ""prompt_only"", ""temperature"": 0.3}",0.7793774402644079,fbd,generator_qwen_0_5b,agnews_short_v1,8,0.018352574672654984,148083e75e83e670e14c58b7efc3fc35251999eb08425aff66343dcef54442c3
0.015456550164123926,0.01886459666889799,evaluator_classifier_a,evaluator_minilm,minilm,"{""adaptation"": ""prompt_only"", ""temperature"": 0.3}",0.017133180931781476,mauve_internal_sensitivity,generator_qwen_0_5b,agnews_short_v1,8,0.0026250673162176506,06ae412b80f373e192ac350dcfa63726bad9dc45dc8d94dfe1797bce4aa30137
0.4494941882984506,0.45816019190713947,evaluator_classifier_a,evaluator_minilm,minilm,"{""adaptation"": ""prompt_only"", ""temperature"": 0.8}",0.4531866268455784,fbd,generator_qwen_0_5b,agnews_short_v1,8,0.006485169561911928,0c73d8d79548681547121b7e0b2e15f298fe6f2484a0305fbed47ea13169c5f9
0.05566865701617232,0.07925096511637168,evaluator_classifier_a,evaluator_minilm,minilm,"{""adaptation"": ""prompt_only"", ""temperature"": 0.8}",0.06699412936268168,mauve_internal_sensitivity,generator_qwen_0_5b,agnews_short_v1,8,0.01825295268050406,a424507bf2e5275b8e9cb829b0267e9f6a5b614bc8c3a09a2f9856e4f51b2a05
0.37112382715347225,0.39322873345759113,evaluator_classifier_a,evaluator_minilm,minilm,"{""adaptation"": ""qlora"", ""temperature"": 0.3}",0.3802692619597753,fbd,generator_qwen_0_5b,agnews_short_v1,8,0.017791461404754592,99430242fbc7296532cd9928ea7fa5c1904ba6d9696c73654d5119ce855aea8f
0.22758083844056654,0.30282802492329414,evaluator_classifier_a,evaluator_minilm,minilm,"{""adaptation"": ""qlora"", ""temperature"": 0.3}",0.26575968090530316,mauve_internal_sensitivity,generator_qwen_0_5b,agnews_short_v1,8,0.06001251139547864,3b1ed11bf0fa89f4b3e527b1f797da04b61d31a34e0ecd2180215959b9fe1d53
0.20963786326978812,0.21502735608450535,evaluator_classifier_a,evaluator_minilm,minilm,"{""adaptation"": ""qlora"", ""temperature"": 0.8}",0.21233694554863325,fbd,generator_qwen_0_5b,agnews_short_v1,8,0.004283328467464661,92475a5b655cf1e3fc693a3d1c4eff75488dc5886fe71000c6bf23d46007ca60
0.6889201068165962,0.7658007762716905,evaluator_classifier_a,evaluator_minilm,minilm,"{""adaptation"": ""qlora"", ""temperature"": 0.8}",0.726607509738632,mauve_internal_sensitivity,generator_qwen_0_5b,agnews_short_v1,8,0.057310286571881135,efe8243b25a0eafc8fcb1c33b225a8947d9056e7ad50d4f5d79de8b84376ba78
0.7456622110684812,0.7656615798622298,evaluator_classifier_a,evaluator_minilm,minilm,"{""adaptation"": ""prompt_only"", ""temperature"": 0.3}",0.7568850588160024,fbd,generator_small_a,agnews_short_v1,8,0.015174166861747551,23aa28c994f4afeb9e88d609c3c0955b4c191a742f3cf6d99b0ff18698759831
0.022446088212155307,0.03225689101368367,evaluator_classifier_a,evaluator_minilm,minilm,"{""adaptation"": ""prompt_only"", ""temperature"": 0.3}",0.027412075597597917,mauve_internal_sensitivity,generator_small_a,agnews_short_v1,8,0.007537820605019748,6431a9a140f3ff88807fedd583ea81ced6b2e046a6ea9b904e31875a5595a777
0.4427870216293014,0.45209354276429314,evaluator_classifier_a,evaluator_minilm,minilm,"{""adaptation"": ""prompt_only"", ""temperature"": 0.8}",0.4472958384229152,fbd,generator_small_a,agnews_short_v1,8,0.00724080159323153,2498bdeef5f93fef34264866fbc838ddcd01918a59ff8134bc9ed79fb68caa20
0.08019296144390271,0.10418756044013831,evaluator_classifier_a,evaluator_minilm,minilm,"{""adaptation"": ""prompt_only"", ""temperature"": 0.8}",0.093187660427569,mauve_internal_sensitivity,generator_small_a,agnews_short_v1,8,0.018681324999441355,4a34884fc7dcd7db257cbc7f01c626af1ea8c48a0c27ae1ebdbdae97c23e853e
0.35689079509904137,0.38389783391358145,evaluator_classifier_a,evaluator_minilm,minilm,"{""adaptation"": ""qlora"", ""temperature"": 0.3}",0.37139091420724546,fbd,generator_small_a,agnews_short_v1,8,0.021103825911336225,ffa46f01f985dce272a99a7bdadeed471c5fcac99cc727da491c9a3531a9cd0e
0.327098839831381,0.43427648704273336,evaluator_classifier_a,evaluator_minilm,minilm,"{""adaptation"": ""qlora"", ""temperature"": 0.3}",0.38169996588874144,mauve_internal_sensitivity,generator_small_a,agnews_short_v1,8,0.08198871183787299,fa4416c82d57b4832ff221082a642fb136f09fe57b5f09ec01b7ac00afe3504c
0.18333316603072694,0.19139837579490518,evaluator_classifier_a,evaluator_minilm,minilm,"{""adaptation"": ""qlora"", ""temperature"": 0.8}",0.18744080756085166,fbd,generator_small_a,agnews_short_v1,8,0.006163571570067094,088614ba75bee2fc82f1c69f16d74520f3522487506813cf928280fe66944f21
0.8717759000066486,0.9183364213443068,evaluator_classifier_a,evaluator_minilm,minilm,"{""adaptation"": ""qlora"", ""temperature"": 0.8}",0.8942135380672689,mauve_internal_sensitivity,generator_small_a,agnews_short_v1,8,0.03573681784426497,e3d220e397018aa05be34d14bfed2e0fb3776f55552199ecc14e564a88c4283e
0.7511153801297097,0.7683034449850018,evaluator_classifier_a,evaluator_minilm,minilm,"{""adaptation"": ""prompt_only"", ""temperature"": 0.3}",0.7598088298701355,fbd,generator_smollm_1_7b,agnews_short_v1,8,0.01313659956943768,dcd1075f2e6025d39f4b651d6417c6be88b823998b7b7261a0ccbea8df6e14f8
0.010749060257962167,0.012968032146668286,evaluator_classifier_a,evaluator_minilm,minilm,"{""adaptation"": ""prompt_only"", ""temperature"": 0.3}",0.011878456226711128,mauve_internal_sensitivity,generator_smollm_1_7b,agnews_short_v1,8,0.0017952653527148164,59c6561011b8c2d42fb4103ac38dcfa9226c3048847737e7f32fde90dd1b7b54
0.43447477094667036,0.4429063087058558,evaluator_classifier_a,evaluator_minilm,minilm,"{""adaptation"": ""prompt_only"", ""temperature"": 0.8}",0.43884166746658115,fbd,generator_smollm_1_7b,agnews_short_v1,8,0.006475564306344524,f95cc75d7483a87896bdfc628c7248f0456dc0a148732d302297ac120216ed90
0.0585902875953983,0.07898410493245141,evaluator_classifier_a,evaluator_minilm,minilm,"{""adaptation"": ""prompt_only"", ""temperature"": 0.8}",0.06871825104628863,mauve_internal_sensitivity,generator_smollm_1_7b,agnews_short_v1,8,0.01593206289400303,f60ce197e3bb1a82fd6ae2812a34a127bda7ac628df1448e8a4b0ec02cfb0134
0.361253255352448,0.38228981581909643,evaluator_classifier_a,evaluator_minilm,minilm,"{""adaptation"": ""qlora"", ""temperature"": 0.3}",0.3714559945755491,fbd,generator_smollm_1_7b,agnews_short_v1,8,0.016450485053432776,16040cc8f965de075cf6b8fc68f1e35f03816a40cac0134da44f95f62f3e79a8
0.25717196847171314,0.3315802975319463,evaluator_classifier_a,evaluator_minilm,minilm,"{""adaptation"": ""qlora"", ""temperature"": 0.3}",0.29092508991779853,mauve_internal_sensitivity,generator_smollm_1_7b,agnews_short_v1,8,0.05704591466292421,b1e344cc9392167579e80d152ea80ad70c5a0d3931eb8631aff33523c81a2833
0.16193462533435268,0.1690818871442495,evaluator_classifier_a,evaluator_minilm,minilm,"{""adaptation"": ""qlora"", ""temperature"": 0.8}",0.1653770112482357,fbd,generator_smollm_1_7b,agnews_short_v1,8,0.005540619450951909,d75cf733224356d0dbefbc25636662f0afaef483e49bbf8cddfd3ebc6d2ace96
0.8852206824480143,0.9215627048218905,evaluator_classifier_a,evaluator_minilm,minilm,"{""adaptation"": ""qlora"", ""temperature"": 0.8}",0.9016647461999696,mauve_internal_sensitivity,generator_smollm_1_7b,agnews_short_v1,8,0.028386251793466908,1612d277ebadc9631a50cef92edde91f11b28ac807e281459fb002863f411997
0.5917399870071469,0.6119562998263232,evaluator_classifier_a,evaluator_minilm,minilm,"{""adaptation"": ""prompt_only"", ""temperature"": 0.3}",0.60100787218135,fbd,generator_smollm_360m,agnews_short_v1,8,0.016037179501893883,20fdede3a231df04ad791a3378094f856936b97ce0347b33b648608308e046a5
0.05538615010629232,0.0808653357528691,evaluator_classifier_a,evaluator_minilm,minilm,"{""adaptation"": ""prompt_only"", ""temperature"": 0.3}",0.06507996691964144,mauve_internal_sensitivity,generator_smollm_360m,agnews_short_v1,8,0.021220506222377516,ff51c7f687fe6924e0836313f60a4fb75e9f2a76f48aa39982cacd1ce2736b34
0.37418780467417273,0.38726456512908475,evaluator_classifier_a,evaluator_minilm,minilm,"{""adaptation"": ""prompt_only"", ""temperature"": 0.8}",0.38083860581510004,fbd,generator_smollm_360m,agnews_short_v1,8,0.010175473907654909,073c076b0b93b30f63fd06ccf1f7cb0a409e7c837fc5f3e00381300d998dc5fe
0.10761797116479681,0.13671375865603186,evaluator_classifier_a,evaluator_minilm,minilm,"{""adaptation"": ""prompt_only"", ""temperature"": 0.8}",0.12179175697184039,mauve_internal_sensitivity,generator_smollm_360m,agnews_short_v1,8,0.02270602475193383,af3d9504d0976e2982ded46ba1f60ced83854037b6c7cd6c959d7f42475760ff
0.4213810583618243,0.43644135345686197,evaluator_classifier_a,evaluator_minilm,minilm,"{""adaptation"": ""qlora"", ""temperature"": 0.3}",0.42809409500797513,fbd,generator_smollm_360m,agnews_short_v1,8,0.011431943198886262,b4b67539df2373e541862e0a1bac5575df8aa15e58a70e4429d0fd1512ea6fe9
0.13402506358251134,0.20887751173973473,evaluator_classifier_a,evaluator_minilm,minilm,"{""adaptation"": ""qlora"", ""temperature"": 0.3}",0.16980567133640168,mauve_internal_sensitivity,generator_smollm_360m,agnews_short_v1,8,0.05692279652639026,b054f7d2833d7cd2e5550376b039ad1ddc22b95864f522955234b1f75fcac848
0.19680035111544442,0.20120526016110155,evaluator_classifier_a,evaluator_minilm,minilm,"{""adaptation"": ""qlora"", ""temperature"": 0.8}",0.19910126054756724,fbd,generator_smollm_360m,agnews_short_v1,8,0.0033889177733774927,7e35442221d4deb860e25820f047066f94eafea5529760313bb03639741d9d46
0.7251837558851193,0.7775355129481413,evaluator_classifier_a,evaluator_minilm,minilm,"{""adaptation"": ""qlora"", ""temperature"": 0.8}",0.7529104422719735,mauve_internal_sensitivity,generator_smollm_360m,agnews_short_v1,8,0.039924253322247964,a312b9285d12abd92e41df386771e4ba1e3840d7ce1b176be74153a97ca454eb
0.5234314970186011,0.5350353113330619,evaluator_classifier_a,evaluator_minilm,minilm,"{""adaptation"": ""prompt_only"", ""temperature"": 0.3}",0.5289638469195208,fbd,generator_tinyllama_1_1b,agnews_short_v1,8,0.00946633550471326,222f11337ff3b6bec750c6b87a2fc9bdb542be406484a525b8c01a5f97075f82
0.051680784861455324,0.08439427548135167,evaluator_classifier_a,evaluator_minilm,minilm,"{""adaptation"": ""prompt_only"", ""temperature"": 0.3}",0.06508180236807555,mauve_internal_sensitivity,generator_tinyllama_1_1b,agnews_short_v1,8,0.0260535704855367,2360591b5470f47a6385ba0c173a17470ce1f0f55732eb22a36656c664675113
0.2768516616456933,0.28484812235679774,evaluator_classifier_a,evaluator_minilm,minilm,"{""adaptation"": ""prompt_only"", ""temperature"": 0.8}",0.281230421395431,fbd,generator_tinyllama_1_1b,agnews_short_v1,8,0.006250292773579285,545ac9f7cd931e88402076a50f6107f8f2282a6ce75156d79d8f92ad77e1c828
0.2929353828271103,0.3860857191490385,evaluator_classifier_a,evaluator_minilm,minilm,"{""adaptation"": ""prompt_only"", ""temperature"": 0.8}",0.3327514585120342,mauve_internal_sensitivity,generator_tinyllama_1_1b,agnews_short_v1,8,0.07467769237223103,1f4f1b207faaa384d93363145008861deaa2910e321aaccf4b29e1040f33b32e
0.30203454364136,0.31623072674782204,evaluator_classifier_a,evaluator_minilm,minilm,"{""adaptation"": ""qlora"", ""temperature"": 0.3}",0.30864491213071765,fbd,generator_tinyllama_1_1b,agnews_short_v1,8,0.011121903170900107,3d058b7ca58ac8f2cdca1155f51e3b754ffd8ec98d0d900d0b3dd18ae491a024
0.3664155121421329,0.4563182965636156,evaluator_classifier_a,evaluator_minilm,minilm,"{""adaptation"": ""qlora"", ""temperature"": 0.3}",0.4128057469279296,mauve_internal_sensitivity,generator_tinyllama_1_1b,agnews_short_v1,8,0.07233420727368682,353a63318d45ca4180ec90b5296cef3e3351559e3f2fa88033e5765a574c680e
0.16320397793009117,0.1681740291816456,evaluator_classifier_a,evaluator_minilm,minilm,"{""adaptation"": ""qlora"", ""temperature"": 0.8}",0.16570450853466118,fbd,generator_tinyllama_1_1b,agnews_short_v1,8,0.0038394903858503496,962e6e1fa1bd6944444bdf60bdc6a9a36bd4933dbfd830fb0c82bf0710360d29
0.8850600795719173,0.9319769447419206,evaluator_classifier_a,evaluator_minilm,minilm,"{""adaptation"": ""qlora"", ""temperature"": 0.8}",0.9101254100196465,mauve_internal_sensitivity,generator_tinyllama_1_1b,agnews_short_v1,8,0.03733472521210007,0a3fbe8edf53ffb123d9f3774a434ea3165f7c9d6bb1eecb5ea5604336a4dfd2
1.0395569685605826,1.0525664706851168,evaluator_classifier_a,evaluator_mpnet,mpnet,"{""adaptation"": ""prompt_only"", ""temperature"": 0.3}",1.0457198742888556,fbd,generator_medium_b,agnews_short_v1,8,0.01005291067962192,658c6abb073552e47cbf0477457d7c084b6198806ebe2d1bb67d8ade439ecbad
0.007393087345381204,0.01098634664651978,evaluator_classifier_a,evaluator_mpnet,mpnet,"{""adaptation"": ""prompt_only"", ""temperature"": 0.3}",0.009085194610360848,mauve_internal_sensitivity,generator_medium_b,agnews_short_v1,8,0.0027627017257620726,b761907ed6492c04821e2c66acc4b40ee9a0a8449e2a8da8514a5f029ca966d5
0.6512195261634534,0.6651231432573134,evaluator_classifier_a,evaluator_mpnet,mpnet,"{""adaptation"": ""prompt_only"", ""temperature"": 0.8}",0.657773525820244,fbd,generator_medium_b,agnews_short_v1,8,0.0107899286617687,3e90532cf7c096b9577d0bf8e1deccc441a67b81ff5b7f7696bd0fd6a85ef0c1
0.03314806572314229,0.04658998927051708,evaluator_classifier_a,evaluator_mpnet,mpnet,"{""adaptation"": ""prompt_only"", ""temperature"": 0.8}",0.03965751638285801,mauve_internal_sensitivity,generator_medium_b,agnews_short_v1,8,0.01058581890049496,30c21dffdf34fb8cf59d278c15680e1e9705ff3d08911667ee5b73b0282e9b63
0.49067035639676415,0.5138447685889332,evaluator_classifier_a,evaluator_mpnet,mpnet,"{""adaptation"": ""qlora"", ""temperature"": 0.3}",0.5013878375875004,fbd,generator_medium_b,agnews_short_v1,8,0.01762904781582606,20a423a1aed83b6dbf1b9196516381d45f64de3790ba60c197366cc7adf618c8
0.2466950575946149,0.30924779940360303,evaluator_classifier_a,evaluator_mpnet,mpnet,"{""adaptation"": ""qlora"", ""temperature"": 0.3}",0.2772639060949438,mauve_internal_sensitivity,generator_medium_b,agnews_short_v1,8,0.04948573333780017,6063c607c250932cdf01163c8d3e57e43e7fe4acf690faa338cfa24d4b1b87eb
0.24357814320367402,0.2520886924152106,evaluator_classifier_a,evaluator_mpnet,mpnet,"{""adaptation"": ""qlora"", ""temperature"": 0.8}",0.24787500635951065,fbd,generator_medium_b,agnews_short_v1,8,0.006487961796996023,766b609e28afb1bce96ee4c2114157c56e0a0ec91225dc9ee327724b0f727f20
0.7476512143644913,0.8212758348121001,evaluator_classifier_a,evaluator_mpnet,mpnet,"{""adaptation"": ""qlora"", ""temperature"": 0.8}",0.7872433746835164,mauve_internal_sensitivity,generator_medium_b,agnews_short_v1,8,0.05621294781453426,bafeb619d4546ddd328ea7fcf741f2c50c99bfe0dd77a9460cfb5b89f759f1f1
0.849780239732031,0.8711512003834164,evaluator_classifier_a,evaluator_mpnet,mpnet,"{""adaptation"": ""prompt_only"", ""temperature"": 0.3}",0.860802437115259,fbd,generator_qwen_0_5b,agnews_short_v1,8,0.016304860128731797,9623c82a48a4455fbc06b1d61e2951af2b9cb01e49847d883cd39ab3c0e643ea
0.015545723542328182,0.018915640928527804,evaluator_classifier_a,evaluator_mpnet,mpnet,"{""adaptation"": ""prompt_only"", ""temperature"": 0.3}",0.017560078034363897,mauve_internal_sensitivity,generator_qwen_0_5b,agnews_short_v1,8,0.0027940440128939766,468290e0f40675436d993d196ced83f540ceb52f6f0167c552e738ea6ec39a52
0.5287071744926306,0.5397987854424862,evaluator_classifier_a,evaluator_mpnet,mpnet,"{""adaptation"": ""prompt_only"", ""temperature"": 0.8}",0.5339995410613647,fbd,generator_qwen_0_5b,agnews_short_v1,8,0.008793670065668037,6f345beee17578d16f3710cbc8792fe61bd0c2142e6f3ee6ae0342505df08937
0.06652205024522563,0.09242793627538423,evaluator_classifier_a,evaluator_mpnet,mpnet,"{""adaptation"": ""prompt_only"", ""temperature"": 0.8}",0.0797416817828476,mauve_internal_sensitivity,generator_qwen_0_5b,agnews_short_v1,8,0.02014322205507973,f189b919859080690c1543f527846a6bc1656c3000ec2bd81baade2d60f69037
0.4506753157318794,0.4797306095835414,evaluator_classifier_a,evaluator_mpnet,mpnet,"{""adaptation"": ""qlora"", ""temperature"": 0.3}",0.4626197061007391,fbd,generator_qwen_0_5b,agnews_short_v1,8,0.021820797675684827,d5fbc105cb871fbf5d0bdeb5aa8914f90b88207376c8fa85b9b0dddd7550c83c
0.20895455394298984,0.2850207508935762,evaluator_classifier_a,evaluator_mpnet,mpnet,"{""adaptation"": ""qlora"", ""temperature"": 0.3}",0.24673716867263934,mauve_internal_sensitivity,generator_qwen_0_5b,agnews_short_v1,8,0.0584100400357821,4836f90856f8ea094225532bb8030e31fe554b4037b1a5d3de3214a5b9ac2f1f
0.26550178340906977,0.27254422937830064,evaluator_classifier_a,evaluator_mpnet,mpnet,"{""adaptation"": ""qlora"", ""temperature"": 0.8}",0.26904609579804206,fbd,generator_qwen_0_5b,agnews_short_v1,8,0.005416370621673091,8dd5cf8d9025e75b78faa1fc983528920373df72a71a3c2e437fda5135604c8f
0.6554178234760029,0.7649824060589012,evaluator_classifier_a,evaluator_mpnet,mpnet,"{""adaptation"": ""qlora"", ""temperature"": 0.8}",0.7092371423956222,mauve_internal_sensitivity,generator_qwen_0_5b,agnews_short_v1,8,0.08817764762182258,4b9cba5f55d944b77804ebbef6184d540d6a191e752ad64f6beff8a01afd5272
0.8426346418846759,0.8583344219559361,evaluator_classifier_a,evaluator_mpnet,mpnet,"{""adaptation"": ""prompt_only"", ""temperature"": 0.3}",0.8511804154183114,fbd,generator_small_a,agnews_short_v1,8,0.012475548472339783,9054ce879b1fde87333e70260da6952294745e10a3b81e1f9457db16b55499ed
0.02269750709645067,0.026800452224130838,evaluator_classifier_a,evaluator_mpnet,mpnet,"{""adaptation"": ""prompt_only"", ""temperature"": 0.3}",0.024768367155967412,mauve_internal_sensitivity,generator_small_a,agnews_short_v1,8,0.0031599572290814675,debd1c5226db2850e0bf741c85ca16b49ca5f6bde83c249e3d1c512ec514779f
0.5322038824293079,0.5447504350571903,evaluator_classifier_a,evaluator_mpnet,mpnet,"{""adaptation"": ""prompt_only"", ""temperature"": 0.8}",0.5388660744688598,fbd,generator_small_a,agnews_short_v1,8,0.009747176972158591,6fc084de893a3420e03c6db41b9fc0e9dbb7d7e4cf5adf7fb3b4775928027d32
0.08442432788720552,0.12298360280399867,evaluator_classifier_a,evaluator_mpnet,mpnet,"{""adaptation"": ""prompt_only"", ""temperature"": 0.8}",0.10242706264877655,mauve_internal_sensitivity,generator_small_a,agnews_short_v1,8,0.03004545244650687,f98cea75551e29730d40f3b429b610d105ec34b7b2e48e287a2af9f60a74ecf7
0.4256265755035872,0.4536101359162343,evaluator_classifier_a,evaluator_mpnet,mpnet,"{""adaptation"": ""qlora"", ""temperature"": 0.3}",0.4402395020087637,fbd,generator_small_a,agnews_short_v1,8,0.021695851060329858,6a7c07642187f17416f81471fb6a39fa12b50c42dc1e1d770cd33a81936e5d9e
0.31934575781250896,0.43558047313423987,evaluator_classifier_a,evaluator_mpnet,mpnet,"{""adaptation"": ""qlora"", ""temperature"": 0.3}",0.37386885508542633,mauve_internal_sensitivity,generator_small_a,agnews_short_v1,8,0.08927480799146767,7f86224851c4c57f6c60f5343204d00e14288eed7a99543996c537c427508e1c
0.2317574363787499,0.24258629124674197,evaluator_classifier_a,evaluator_mpnet,mpnet,"{""adaptation"": ""qlora"", ""temperature"": 0.8}",0.23651065377802036,fbd,generator_small_a,agnews_short_v1,8,0.008242132953443771,8e94921919c294caaf02990183e8efe21991ea74d92ee8f8ae473997a190caf6
0.8415067389836536,0.9013960254561222,evaluator_classifier_a,evaluator_mpnet,mpnet,"{""adaptation"": ""qlora"", ""temperature"": 0.8}",0.8721014006755288,mauve_internal_sensitivity,generator_small_a,agnews_short_v1,8,0.047188243055409626,cfca68dffbb8142f5996da1da4517687fed4aac9ec96511b449466648ec67bbf
0.8503955376481892,0.8642241162383387,evaluator_classifier_a,evaluator_mpnet,mpnet,"{""adaptation"": ""prompt_only"", ""temperature"": 0.3}",0.8572449989073463,fbd,generator_smollm_1_7b,agnews_short_v1,8,0.010839606774024275,7b016e2c522560f324d58dfb072e826eec91db2b776bd273d58e6ae710d7ab52
0.010350762143189059,0.013202470351422076,evaluator_classifier_a,evaluator_mpnet,mpnet,"{""adaptation"": ""prompt_only"", ""temperature"": 0.3}",0.01185790304071036,mauve_internal_sensitivity,generator_smollm_1_7b,agnews_short_v1,8,0.0023092002891976575,f7284ac6d0fe5ee0587680bc3d8e906239ee6cabbdbd920d4a09f69c86feb583
0.528983853617024,0.5403925509614634,evaluator_classifier_a,evaluator_mpnet,mpnet,"{""adaptation"": ""prompt_only"", ""temperature"": 0.8}",0.5346785456964575,fbd,generator_smollm_1_7b,agnews_short_v1,8,0.008826846337226493,a4b6e618cc89a86bc7487a8a8a551fb6b56cefddc2571983eb8fdbfd72cbd7d0
0.06969777178117945,0.08509167863816072,evaluator_classifier_a,evaluator_mpnet,mpnet,"{""adaptation"": ""prompt_only"", ""temperature"": 0.8}",0.07737536591885606,mauve_internal_sensitivity,generator_smollm_1_7b,agnews_short_v1,8,0.0122310038748465,5f5ee346e063454a0a74b9e6633b016f84034218dc8c72364aad6cff87891801
0.42769668082221085,0.4523431435862855,evaluator_classifier_a,evaluator_mpnet,mpnet,"{""adaptation"": ""qlora"", ""temperature"": 0.3}",0.43962995041704006,fbd,generator_smollm_1_7b,agnews_short_v1,8,0.01904930534120518,df548b9110e14702cb3a0d41fbcee7a823bf42d77c26dbf9fa4e4666c3de588f
0.2596768377881788,0.32858106896478945,evaluator_classifier_a,evaluator_mpnet,mpnet,"{""adaptation"": ""qlora"", ""temperature"": 0.3}",0.2914453275773034,mauve_internal_sensitivity,generator_smollm_1_7b,agnews_short_v1,8,0.05416799503223764,dce819e4aab95077d3e55460ca9cbce036b36c3bb861f6e356be7222fe322594
0.2127351972370334,0.21908105479231046,evaluator_classifier_a,evaluator_mpnet,mpnet,"{""adaptation"": ""qlora"", ""temperature"": 0.8}",0.2157029300235418,fbd,generator_smollm_1_7b,agnews_short_v1,8,0.004933955023489621,832892f9a8b989299f381dd18cc3160637fa06488b7e088adad75094bb37fdb4
0.8837661565690162,0.9291107888559847,evaluator_classifier_a,evaluator_mpnet,mpnet,"{""adaptation"": ""qlora"", ""temperature"": 0.8}",0.905848222709688,mauve_internal_sensitivity,generator_smollm_1_7b,agnews_short_v1,8,0.03552372208864569,fff343e8519b1fd7dd042febcf2913c23957d85ea3319ad6dc0d1f0361e01611
0.6935858938418537,0.7122751307219934,evaluator_classifier_a,evaluator_mpnet,mpnet,"{""adaptation"": ""prompt_only"", ""temperature"": 0.3}",0.7021040857945657,fbd,generator_smollm_360m,agnews_short_v1,8,0.014774483722421843,b88eeaf401377f5c74a48c3a253d139787a047672ea2b1d1061933f781061ebc
0.043184243358023226,0.051127783921368214,evaluator_classifier_a,evaluator_mpnet,mpnet,"{""adaptation"": ""prompt_only"", ""temperature"": 0.3}",0.047094725353377026,mauve_internal_sensitivity,generator_smollm_360m,agnews_short_v1,8,0.006246352425837856,16ebcbbc331f524bb36780bed84984cc6501a560757174386f3120f301a3020c
0.47287295540268937,0.4900992789423494,evaluator_classifier_a,evaluator_mpnet,mpnet,"{""adaptation"": ""prompt_only"", ""temperature"": 0.8}",0.4812800307764983,fbd,generator_smollm_360m,agnews_short_v1,8,0.013494219795937677,43fdd9e31dc1476ead815ebe810b00ba28cfd0dc0ee638cf7966f73e7f69fba1
0.07899889080117992,0.12561043797140864,evaluator_classifier_a,evaluator_mpnet,mpnet,"{""adaptation"": ""prompt_only"", ""temperature"": 0.8}",0.10046979257123295,mauve_internal_sensitivity,generator_smollm_360m,agnews_short_v1,8,0.03687112089746143,b1b022e24ae5124fcfb59c5031d060eca7d5e1ce1f16503307d42c508d3bc11b
0.5095101605086444,0.5262268011349593,evaluator_classifier_a,evaluator_mpnet,mpnet,"{""adaptation"": ""qlora"", ""temperature"": 0.3}",0.5179084288923865,fbd,generator_smollm_360m,agnews_short_v1,8,0.013261376596134895,6b1ba995a7abc9d80f8c2417eab33af79d0d70402399dd2cc7db838d17e058e7
0.1351894377635123,0.1781760958499073,evaluator_classifier_a,evaluator_mpnet,mpnet,"{""adaptation"": ""qlora"", ""temperature"": 0.3}",0.1563687430315197,mauve_internal_sensitivity,generator_smollm_360m,agnews_short_v1,8,0.033875963937322,44d5dadb43e8e35be59c78f8a74033919b95b8a8d83d735c97d50ca2cabb85b6
0.25056118871985933,0.25766285529115485,evaluator_classifier_a,evaluator_mpnet,mpnet,"{""adaptation"": ""qlora"", ""temperature"": 0.8}",0.2542151076126986,fbd,generator_smollm_360m,agnews_short_v1,8,0.005412316513369333,29d014b6b6bd5338b3ed5e88bb634a4107929442b4423b1bfdfb78403119aeec
0.699836292361107,0.7746953005982017,evaluator_classifier_a,evaluator_mpnet,mpnet,"{""adaptation"": ""qlora"", ""temperature"": 0.8}",0.7387458630128529,mauve_internal_sensitivity,generator_smollm_360m,agnews_short_v1,8,0.0585392726554661,dcb7138aee482033b4d7c6955fd695e2cced7f18bdbcad347615268e5cacd0ef
0.6591690407693851,0.666628073039145,evaluator_classifier_a,evaluator_mpnet,mpnet,"{""adaptation"": ""prompt_only"", ""temperature"": 0.3}",0.6627525613324388,fbd,generator_tinyllama_1_1b,agnews_short_v1,8,0.005753976678850134,f2ec03658567529ab068ede50db9ac17c93f1dfcb57301eec68eace0e9fa7853
0.04025693990187043,0.053983286296339646,evaluator_classifier_a,evaluator_mpnet,mpnet,"{""adaptation"": ""prompt_only"", ""temperature"": 0.3}",0.04721695246220007,mauve_internal_sensitivity,generator_tinyllama_1_1b,agnews_short_v1,8,0.010954847497298362,43ac2a35cafcac1dd28734b69e31e45ed14037d2e0128bae93947295cddc7b22
0.36442658305720765,0.37228599132566265,evaluator_classifier_a,evaluator_mpnet,mpnet,"{""adaptation"": ""prompt_only"", ""temperature"": 0.8}",0.36843299154857945,fbd,generator_tinyllama_1_1b,agnews_short_v1,8,0.006418651333736571,87bfffb8ecfd5b4cb05ec808a84d976281e02543ed373db1d3ce57878ccfd949
0.2669600791544159,0.3221118529330084,evaluator_classifier_a,evaluator_mpnet,mpnet,"{""adaptation"": ""prompt_only"", ""temperature"": 0.8}",0.29412793863039083,mauve_internal_sensitivity,generator_tinyllama_1_1b,agnews_short_v1,8,0.04293845870625735,533722064d36b6eea00df2e9dd1664f416326ac9ca3a6bd50cfd7717fa0bc502
0.37969150579153926,0.39753687397763154,evaluator_classifier_a,evaluator_mpnet,mpnet,"{""adaptation"": ""qlora"", ""temperature"": 0.3}",0.3872832121814977,fbd,generator_tinyllama_1_1b,agnews_short_v1,8,0.01431593841856967,13f201fe0958fa156fb1816f5e7a795355c9b44ca839cee37a3fbd1dbd743fdf
0.38671185518700607,0.483465560782223,evaluator_classifier_a,evaluator_mpnet,mpnet,"{""adaptation"": ""qlora"", ""temperature"": 0.3}",0.4370252024430874,mauve_internal_sensitivity,generator_tinyllama_1_1b,agnews_short_v1,8,0.07352345723616412,ae949ec45e52f34d867e2f7cffddfbefc77850d5802cdca2378405183f9eba49
0.2101611256792761,0.21613255761722838,evaluator_classifier_a,evaluator_mpnet,mpnet,"{""adaptation"": ""qlora"", ""temperature"": 0.8}",0.21295332590280971,fbd,generator_tinyllama_1_1b,agnews_short_v1,8,0.004563560517164053,1247afc663d6b9e1c4f5f870b9b6110bc155cc3c9e3cc38adba0968611b7c24d
0.8803023771367899,0.9144003234750491,evaluator_classifier_a,evaluator_mpnet,mpnet,"{""adaptation"": ""qlora"", ""temperature"": 0.8}",0.8981296519845132,mauve_internal_sensitivity,generator_tinyllama_1_1b,agnews_short_v1,8,0.026792065883434277,9de2c1ede2d99495ab2c179be03e8aca05effedb062725b95d2ac96faff44452
0.19361875086506633,0.19737269461964624,evaluator_classifier_b,__classifier__,__classifier__,"{""adaptation"": ""prompt_only"", ""temperature"": 0.3}",0.19544832659298506,distinct_2,generator_medium_b,agnews_short_v1,8,0.002972546229916511,ecc0aab1c753a05b18907f5c4784c781357e94d71cc3ec11e5d3564570a86170
0.0,0.0,evaluator_classifier_b,__classifier__,__classifier__,"{""adaptation"": ""prompt_only"", ""temperature"": 0.3}",0.0,empty_text_rate,generator_medium_b,agnews_short_v1,8,0.0,64d9ce68ff2216b6469bee11403632055972c12c22fdaec5c1e0aaa1f7c871ce
0.0,0.0,evaluator_classifier_b,__classifier__,__classifier__,"{""adaptation"": ""prompt_only"", ""temperature"": 0.3}",0.0,eos_first_token_rate,generator_medium_b,agnews_short_v1,8,0.0,a99ce62dd0fdcf58208375afef6b13f9b8a354d5159277aea0044c0bb49cde19
0.90875,0.928125,evaluator_classifier_b,__classifier__,__classifier__,"{""adaptation"": ""prompt_only"", ""temperature"": 0.3}",0.918125,label_accuracy,generator_medium_b,agnews_short_v1,8,0.0148654681344767,14fd3e2f38a9edc997d929c2692185d07854086c690c109ff1d0c858e3e3a9f7
0.0,0.0,evaluator_classifier_b,__classifier__,__classifier__,"{""adaptation"": ""prompt_only"", ""temperature"": 0.3}",0.0,max_token_rate,generator_medium_b,agnews_short_v1,8,0.0,197929d71af110b3c09a9bf2af9a8f6753b59cfd7b81645af088e849aee10197
35.89375,36.063125,evaluator_classifier_b,__classifier__,__classifier__,"{""adaptation"": ""prompt_only"", ""temperature"": 0.3}",35.979375000000005,mean_generated_tokens,generator_medium_b,agnews_short_v1,8,0.13111302376194314,b01a6c44873365496d571d690efaabd597481a49ccb98711909f8a803b7892b1
0.027727622868233083,0.027856350876103567,evaluator_classifier_b,__classifier__,__classifier__,"{""adaptation"": ""prompt_only"", ""temperature"": 0.3}",0.027794024090581404,special_token_rate,generator_medium_b,agnews_short_v1,8,0.00010124830091414664,e30e7a28edc62857ecd14efab596bf9c86cb440e8df1ee5d8e4b5499cf33c976
1.2565670220638663,1.2621334616918554,evaluator_classifier_b,__classifier__,__classifier__,"{""adaptation"": ""prompt_only"", ""temperature"": 0.3}",1.2594463489978678,text_is,generator_medium_b,agnews_short_v1,8,0.004281944554465721,2949449e1a8157c90521e4e1902d3249c03696aaae821c1a92c2631e2fe3d262
0.8340546874999999,0.8578125,evaluator_classifier_b,__classifier__,__classifier__,"{""adaptation"": ""prompt_only"", ""temperature"": 0.3}",0.84625,unique_text_rate,generator_medium_b,agnews_short_v1,8,0.018419709940325185,02b04d763795d599b45181f7b5783ea480814b4296a4da8e8f691c1647662c31
1.0,1.0,evaluator_classifier_b,__classifier__,__classifier__,"{""adaptation"": ""prompt_only"", ""temperature"": 0.3}",1.0,valid_text_rate,generator_medium_b,agnews_short_v1,8,0.0,36cb9e00585315b033237276828e47381d5381617011233c2db6c6b599ec7f14
0.4863339534430166,0.49567237242050666,evaluator_classifier_b,__classifier__,__classifier__,"{""adaptation"": ""prompt_only"", ""temperature"": 0.8}",0.491013623550026,distinct_2,generator_medium_b,agnews_short_v1,8,0.007648149750615545,55cf424a106c598a99544a9ba2db23375cd7bc2ec74dc77106e32728f933aa58
0.0,0.0,evaluator_classifier_b,__classifier__,__classifier__,"{""adaptation"": ""prompt_only"", ""temperature"": 0.8}",0.0,empty_text_rate,generator_medium_b,agnews_short_v1,8,0.0,59b2f15376cd0aeb2486b5cc4bb9299ef34b84256ab0a0c7bd227d08c83b96a7
0.0,0.0,evaluator_classifier_b,__classifier__,__classifier__,"{""adaptation"": ""prompt_only"", ""temperature"": 0.8}",0.0,eos_first_token_rate,generator_medium_b,agnews_short_v1,8,0.0,6f7be85085e032a0ec09be856d835fe32930b112d404756da5183a6000a15c62
0.8362499999999999,0.8471875,evaluator_classifier_b,__classifier__,__classifier__,"{""adaptation"": ""prompt_only"", ""temperature"": 0.8}",0.841875,label_accuracy,generator_medium_b,agnews_short_v1,8,0.008425090080061039,360fa9433e1773d99ecd498b3533d8cb0912511aac4c552100e89ea5c80aa25b
0.0,0.0,evaluator_classifier_b,__classifier__,__classifier__,"{""adaptation"": ""prompt_only"", ""temperature"": 0.8}",0.0,max_token_rate,generator_medium_b,agnews_short_v1,8,0.0,ba78d5e3eaf8288ae9fa6701ee03507be9cbd75446dc3d066959d1d0ca1a5a1c
36.413070312500004,36.65782812500001,evaluator_classifier_b,__classifier__,__classifier__,"{""adaptation"": ""prompt_only"", ""temperature"": 0.8}",36.532187500000006,mean_generated_tokens,generator_medium_b,agnews_short_v1,8,0.1960112856626945,8d137a659617e6841aab975d478305486492a5919bd0684e06eafbccdf9cad1f
0.02728019833095508,0.027469247620843372,evaluator_classifier_b,__classifier__,__classifier__,"{""adaptation"": ""prompt_only"", ""temperature"": 0.8}",0.02737381049479755,special_token_rate,generator_medium_b,agnews_short_v1,8,0.00014680204432308459,8d8eed0b2ae461622b766db117f06f0635212c9f68225a424270dba7000867a8
1.2641300211026678,1.2714244812501148,evaluator_classifier_b,__classifier__,__classifier__,"{""adaptation"": ""prompt_only"", ""temperature"": 0.8}",1.2675036714518988,text_is,generator_medium_b,agnews_short_v1,8,0.005612299030491825,7e861a94d5f98707dcee6e4c93fdfd73f3a55d1fa6afe7cde554fe7b9f04fb3f
1.0,1.0,evaluator_classifier_b,__classifier__,__classifier__,"{""adaptation"": ""prompt_only"", ""temperature"": 0.8}",1.0,unique_text_rate,generator_medium_b,agnews_short_v1,8,0.0,32f648680808cee15c0dd7e805aa0473654a81e242010d36637ac4b98006a8a5
0.9978046875,1.0,evaluator_classifier_b,__classifier__,__classifier__,"{""adaptation"": ""prompt_only"", ""temperature"": 0.8}",0.9990625,valid_text_rate,generator_medium_b,agnews_short_v1,8,0.0018600595228571075,6659698cfc2df363132acf87905819c7d1f6b1d2cca11ac53bd9883b78508df3
0.4970174764448238,0.515302529012741,evaluator_classifier_b,__classifier__,__classifier__,"{""adaptation"": ""qlora"", ""temperature"": 0.3}",0.5056355111667474,distinct_2,generator_medium_b,agnews_short_v1,8,0.014509302209443466,4cec9a76ae66d2491700c19438f182ea7b1cd6d04baf5cc589f7eebc13c4e032
0.0,0.0,evaluator_classifier_b,__classifier__,__classifier__,"{""adaptation"": ""qlora"", ""temperature"": 0.3}",0.0,empty_text_rate,generator_medium_b,agnews_short_v1,8,0.0,e1124fc4b01afc6c8cdbce047d9cc99934aac52c5c69dbfd8758ca2294ea6027
0.0,0.0,evaluator_classifier_b,__classifier__,__classifier__,"{""adaptation"": ""qlora"", ""temperature"": 0.3}",0.0,eos_first_token_rate,generator_medium_b,agnews_short_v1,8,0.0,023d40fe85768d8a71d4720dc17c33f7650d78733015ec4ee8793f035a5088e6
0.86,0.8859375,evaluator_classifier_b,__classifier__,__classifier__,"{""adaptation"": ""qlora"", ""temperature"": 0.3}",0.8734375000000001,label_accuracy,generator_medium_b,agnews_short_v1,8,0.020086309303318308,b71c56f45a66d4f6200b2e6975c34ebf71c1eff6f29a35510afc03eb1f2d6fab
0.009687500000000002,0.0171875,evaluator_classifier_b,__classifier__,__classifier__,"{""adaptation"": ""qlora"", ""temperature"": 0.3}",0.013125,max_token_rate,generator_medium_b,agnews_short_v1,8,0.005786375623578447,c2fb2458009d9cad809b5cda85e29e8c2f1bc701180c27640b4530cf618667f2
45.3971640625,46.35661718749999,evaluator_classifier_b,__classifier__,__classifier__,"{""adaptation"": ""qlora"", ""temperature"": 0.3}",45.948750000000004,mean_generated_tokens,generator_medium_b,agnews_short_v1,8,0.7846962560670937,70256ddc34a084d3b742e8e838705f83af9748c44b4549083fdeb7c6a9f3065c
0.021230652935517434,0.021807571520954618,evaluator_classifier_b,__classifier__,__classifier__,"{""adaptation"": ""qlora"", ""temperature"": 0.3}",0.021484301938960254,special_token_rate,generator_medium_b,agnews_short_v1,8,0.0004524317503670495,fce46563c0afed2d4b69869b4131471564b85ac74cb002d5ec8e76d9cdcb127a
1.2348379447748778,1.2417689624984993,evaluator_classifier_b,__classifier__,__classifier__,"{""adaptation"": ""qlora"", ""temperature"": 0.3}",1.2383294702777943,text_is,generator_medium_b,agnews_short_v1,8,0.005370682718687507,8a03ef63805e1f37f976d73305a5632fd55951c581ee0d0cb3938a6322e43436
0.9678125,0.9800078125,evaluator_classifier_b,__classifier__,__classifier__,"{""adaptation"": ""qlora"", ""temperature"": 0.3}",0.9737500000000001,unique_text_rate,generator_medium_b,agnews_short_v1,8,0.009728456051340189,8b389c98613dcb9523e30dead587a33fd888e1ecb783feee3c3d6cf20a48d1de
0.97375,0.981875,evaluator_classifier_b,__classifier__,__classifier__,"{""adaptation"": ""qlora"", ""temperature"": 0.3}",0.9778125,valid_text_rate,generator_medium_b,agnews_short_v1,8,0.006187184335382306,67863768c637e8ca467a4d7c89b91cddf37f1fceed0cb0018212d3bcdbd825fd
0.7493195940309655,0.7586268513988302,evaluator_classifier_b,__classifier__,__classifier__,"{""adaptation"": ""qlora"", ""temperature"": 0.8}",0.7536034090153858,distinct_2,generator_medium_b,agnews_short_v1,8,0.007275512427760352,0e8b4a5eed7970d10fcea2979d629971d92de950855de796d0d792408afc86a4
0.0,0.0,evaluator_classifier_b,__classifier__,__classifier__,"{""adaptation"": ""qlora"", ""temperature"": 0.8}",0.0,empty_text_rate,generator_medium_b,agnews_short_v1,8,0.0,29227d7392864b5923ea2b0155784dbdf4103fb350c8c193b614ce80d3ebeb5a
0.0,0.0,evaluator_classifier_b,__classifier__,__classifier__,"{""adaptation"": ""qlora"", ""temperature"": 0.8}",0.0,eos_first_token_rate,generator_medium_b,agnews_short_v1,8,0.0,bcfa0ce651fff85d0cffdc1fce2295b39759b570c959b715513b529bd5f4fb79
0.8340624999999999,0.856875,evaluator_classifier_b,__classifier__,__classifier__,"{""adaptation"": ""qlora"", ""temperature"": 0.8}",0.8465624999999999,label_accuracy,generator_medium_b,agnews_short_v1,8,0.01851338801284859,f226c3f7a494a096d340a97c78af11c4ef80bb2935b76e8243c1b8f76b84c581
0.0109375,0.023125,evaluator_classifier_b,__classifier__,__classifier__,"{""adaptation"": ""qlora"", ""temperature"": 0.8}",0.015625,max_token_rate,generator_medium_b,agnews_short_v1,8,0.010242593142642848,455644ef44bec8f805b010888a065612997adfd473f653ed60710e51a672a736
46.7767734375,48.152562499999995,evaluator_classifier_b,__classifier__,__classifier__,"{""adaptation"": ""qlora"", ""temperature"": 0.8}",47.46375,mean_generated_tokens,generator_medium_b,agnews_short_v1,8,1.070678189613613,b72bfbb3febc31d28a2aa1c699552624582bac852cd48cf1c99f1c1826829ada
0.020358299791370313,0.021121528995871837,evaluator_classifier_b,__classifier__,__classifier__,"{""adaptation"": ""qlora"", ""temperature"": 0.8}",0.020751262015436256,special_token_rate,generator_medium_b,agnews_short_v1,8,0.0006171283264179908,adca36cf260f9585feef719e4ce2e5e7f77eda22217ba7ad380379bc5cd1de43
1.2564041848934782,1.2634473673200892,evaluator_classifier_b,__classifier__,__classifier__,"{""adaptation"": ""qlora"", ""temperature"": 0.8}",1.2599635950242265,text_is,generator_medium_b,agnews_short_v1,8,0.005523145613642868,70571a277a29df832dd3b57e549eb19e41f80ab3e7b66e757b77b2abb732f66e
1.0,1.0,evaluator_classifier_b,__classifier__,__classifier__,"{""adaptation"": ""qlora"", ""temperature"": 0.8}",1.0,unique_text_rate,generator_medium_b,agnews_short_v1,8,0.0,07c0cf5aae7feddce8f87197134bc2a519ff2409d40ba6c59ca0f285951f0828
0.9840625000000001,0.99125,evaluator_classifier_b,__classifier__,__classifier__,"{""adaptation"": ""qlora"", ""temperature"": 0.8}",0.9875,valid_text_rate,generator_medium_b,agnews_short_v1,8,0.005509731650193409,0dd912d304429f173045cad4a877f0bcc87a237e3bba68d650d38349c41a1f90
0.32219915124229853,0.3336274091807297,evaluator_classifier_b,__classifier__,__classifier__,"{""adaptation"": ""prompt_only"", ""temperature"": 0.3}",0.3282108867052347,distinct_2,generator_qwen_0_5b,agnews_short_v1,8,0.009053113642781897,237bab567d8db9df1803238f71853ec4245013c6fc36ae47429fba2d72bc8ffb
0.0,0.0,evaluator_classifier_b,__classifier__,__classifier__,"{""adaptation"": ""prompt_only"", ""temperature"": 0.3}",0.0,empty_text_rate,generator_qwen_0_5b,agnews_short_v1,8,0.0,4d1ab852100f13ca69dd187275028ad33939330437ada5ea519d9178892c655c
0.0,0.0,evaluator_classifier_b,__classifier__,__classifier__,"{""adaptation"": ""prompt_only"", ""temperature"": 0.3}",0.0,eos_first_token_rate,generator_qwen_0_5b,agnews_short_v1,8,0.0,f7a2452df234ed02dc73519f411ac6aacd073a879fed64235b5eda9a98ca1e47
0.885,0.8984375,evaluator_classifier_b,__classifier__,__classifier__,"{""adaptation"": ""prompt_only"", ""temperature"": 0.3}",0.891875,label_accuracy,generator_qwen_0_5b,agnews_short_v1,8,0.01058553595377066,1aafe95c349b347b7902aba3302f7697e738cd8ccba6f9f87a8e5c74423283a3
0.003125,0.005625,evaluator_classifier_b,__classifier__,__classifier__,"{""adaptation"": ""prompt_only"", ""temperature"": 0.3}",0.004375,max_token_rate,generator_qwen_0_5b,agnews_short_v1,8,0.0017677669529663686,b77689dfa6c64175d2e6f698062c2ab3cdb78724db331eeb982cec9661f9b6b6
39.2011484375,40.172890624999994,evaluator_classifier_b,__classifier__,__classifier__,"{""adaptation"": ""prompt_only"", ""temperature"": 0.3}",39.715937499999995,mean_generated_tokens,generator_qwen_0_5b,agnews_short_v1,8,0.773302215802001,593d7c364f9a05446e384225fe6f9fa5128533bc656768c2fd4eb3fdf53109bc
0.024799238136218215,0.025399956062282646,evaluator_classifier_b,__classifier__,__classifier__,"{""adaptation"": ""prompt_only"", ""temperature"": 0.3}",0.025076825651173144,special_token_rate,generator_qwen_0_5b,agnews_short_v1,8,0.0004819949336409375,73ca70c53c43e9851ee75c91c52f1ae2699a9b67ce0eb7b7501103845754893c
1.225396592236463,1.228561841592606,evaluator_classifier_b,__classifier__,__classifier__,"{""adaptation"": ""prompt_only"", ""temperature"": 0.3}",1.2269157123770953,text_is,generator_qwen_0_5b,agnews_short_v1,8,0.0024927572505842534,a2626aece2092bd899570f4a3cfff16356bd3e4481d728fd1f89480828373a7d
0.9375,0.9562578125,evaluator_classifier_b,__classifier__,__classifier__,"{""adaptation"": ""prompt_only"", ""temperature"": 0.3}",0.9475,unique_text_rate,generator_qwen_0_5b,agnews_short_v1,8,0.014392458342578504,7183299b8edfa5c93a79a548f5a3b03b232441909211c01b5a91ff09086a1993
1.0,1.0,evaluator_classifier_b,__classifier__,__classifier__,"{""adaptation"": ""prompt_only"", ""temperature"": 0.3}",1.0,valid_text_rate,generator_qwen_0_5b,agnews_short_v1,8,0.0,bdde3d5746091967870cc3395aa7a3145e93af74a8e114e32071950296ab0fcc
0.6318614551294327,0.6370388624837853,evaluator_classifier_b,__classifier__,__classifier__,"{""adaptation"": ""prompt_only"", ""temperature"": 0.8}",0.6344983710901255,distinct_2,generator_qwen_0_5b,agnews_short_v1,8,0.004087739878680502,dfd6e9722705e3df17b3c0ae5ca3064cd256661d6eadeb78731904f5f44fb118
0.0,0.0,evaluator_classifier_b,__classifier__,__classifier__,"{""adaptation"": ""prompt_only"", ""temperature"": 0.8}",0.0,empty_text_rate,generator_qwen_0_5b,agnews_short_v1,8,0.0,04e41f8cce78d1a0ad39d88e77f408c2a186e3bfd970280ac11d910d9c021999
0.0,0.0,evaluator_classifier_b,__classifier__,__classifier__,"{""adaptation"": ""prompt_only"", ""temperature"": 0.8}",0.0,eos_first_token_rate,generator_qwen_0_5b,agnews_short_v1,8,0.0,fc3674ce6ffeea053d3ad437dedda410512c4ca87fb0db9da30247ed2dd9e10d
0.7553125,0.7740625,evaluator_classifier_b,__classifier__,__classifier__,"{""adaptation"": ""prompt_only"", ""temperature"": 0.8}",0.7646875,label_accuracy,generator_qwen_0_5b,agnews_short_v1,8,0.014357520428581776,2e9ab6d00ae68403988e10134ceb8fbdecc051850c314044a091abe13965270b
0.0053125,0.0103125,evaluator_classifier_b,__classifier__,__classifier__,"{""adaptation"": ""prompt_only"", ""temperature"": 0.8}",0.0078125,max_token_rate,generator_qwen_0_5b,agnews_short_v1,8,0.0038816187713007428,435ac1fb8802c855d58eb78ce4797b7073ba8b4a99819438e8dccf45441cb393
40.9856171875,41.79790625,evaluator_classifier_b,__classifier__,__classifier__,"{""adaptation"": ""prompt_only"", ""temperature"": 0.8}",41.43875,mean_generated_tokens,generator_qwen_0_5b,agnews_short_v1,8,0.6366149318297298,7f43a145fd7ad2b873ea352fdf9c79b7b569621f1b1f1ae712a84b07f2b7ecdb
0.023700916788969316,0.024261489556947995,evaluator_classifier_b,__classifier__,__classifier__,"{""adaptation"": ""prompt_only"", ""temperature"": 0.8}",0.0239489467949568,special_token_rate,generator_qwen_0_5b,agnews_short_v1,8,0.00041667276951119845,3a974c21f0c4e2b00d177d7ec31bdc0404949839f6ca686b47f78e1ef95fd0e1
1.2239106784504967,1.2308698704415193,evaluator_classifier_b,__classifier__,__classifier__,"{""adaptation"": ""prompt_only"", ""temperature"": 0.8}",1.2272860417999802,text_is,generator_qwen_0_5b,agnews_short_v1,8,0.005350524978033838,5163d3bf6f266f5910cff118d261ad3d1a889f361276bbd7b5d38b05d6b3ea2b
1.0,1.0,evaluator_classifier_b,__classifier__,__classifier__,"{""adaptation"": ""prompt_only"", ""temperature"": 0.8}",1.0,unique_text_rate,generator_qwen_0_5b,agnews_short_v1,8,0.0,7500b5154b05f6bbd2bbefe1356d503416b873d6e4327e5f1c4fb183ca3145f1
0.9909375,0.995625,evaluator_classifier_b,__classifier__,__classifier__,"{""adaptation"": ""prompt_only"", ""temperature"": 0.8}",0.993125,valid_text_rate,generator_qwen_0_5b,agnews_short_v1,8,0.003720119045714255,c8a4662f475ae8078802c202b1f307dcb7d96f8b181964e5a7b2d926d39a4cb7
0.538616471594216,0.5595554980091695,evaluator_classifier_b,__classifier__,__classifier__,"{""adaptation"": ""qlora"", ""temperature"": 0.3}",0.5503060734753524,distinct_2,generator_qwen_0_5b,agnews_short_v1,8,0.016032969950508638,35607373082af21ea4ecddcdfe823ee6ae1c8f88fe7705fa6d1362edeba60e53
0.0,0.0,evaluator_classifier_b,__classifier__,__classifier__,"{""adaptation"": ""qlora"", ""temperature"": 0.3}",0.0,empty_text_rate,generator_qwen_0_5b,agnews_short_v1,8,0.0,3ecf09afec3e987a32ed206c13d9a0486f26fe79a963a943f24fc78e4fa1a2cc
0.0,0.0,evaluator_classifier_b,__classifier__,__classifier__,"{""adaptation"": ""qlora"", ""temperature"": 0.3}",0.0,eos_first_token_rate,generator_qwen_0_5b,agnews_short_v1,8,0.0,1176be7418b985d7cc62519bfe17af579a92371a5e9b96d87b7b0f73c484447d
0.7915625,0.816875,evaluator_classifier_b,__classifier__,__classifier__,"{""adaptation"": ""qlora"", ""temperature"": 0.3}",0.8046875,label_accuracy,generator_qwen_0_5b,agnews_short_v1,8,0.019974872608211666,0835b64437d194542dc08e0c84a1b3f4cf76bef3af7a124cf0c95827513ed26d
0.0028125,0.0065625,evaluator_classifier_b,__classifier__,__classifier__,"{""adaptation"": ""qlora"", ""temperature"": 0.3}",0.004687500000000001,max_token_rate,generator_qwen_0_5b,agnews_short_v1,8,0.002814979066149008,b30b8d87b04af573c4548f4efacbc249e33138eeb79d9795c45b39a9af78ff7d
34.789742187499996,36.7431875,evaluator_classifier_b,__classifier__,__classifier__,"{""adaptation"": ""qlora"", ""temperature"": 0.3}",35.7521875,mean_generated_tokens,generator_qwen_0_5b,agnews_short_v1,8,1.5159870885593236,2d7781d685b91a04a90939f77542d26c23a0a70c2213783bbd8912571fd8b1a5
0.027055462489938342,0.02862077640133394,evaluator_classifier_b,__classifier__,__classifier__,"{""adaptation"": ""qlora"", ""temperature"": 0.3}",0.027884998411669047,special_token_rate,generator_qwen_0_5b,agnews_short_v1,8,0.0012367464424516287,83ddb652a52e010a36451f9fe44106d2a805c285a91d91cf760c6b4822fe5f6e
1.2291570280010513,1.2390931165736871,evaluator_classifier_b,__classifier__,__classifier__,"{""adaptation"": ""qlora"", ""temperature"": 0.3}",1.2338682300783885,text_is,generator_qwen_0_5b,agnews_short_v1,8,0.007815832827503744,abc1d132e9a80f07d3291876e61a2f97c9ea00d265e3497dfa4bbc8357ba6e2a
0.9950000000000001,0.9984375000000001,evaluator_classifier_b,__classifier__,__classifier__,"{""adaptation"": ""qlora"", ""temperature"": 0.3}",0.9968750000000001,unique_text_rate,generator_qwen_0_5b,agnews_short_v1,8,0.0025877458475338233,fe80ece54f370a422017daacd5e146892cf271a7f307c5405eb78188524ddd40
0.9940625000000001,0.9965625,evaluator_classifier_b,__classifier__,__classifier__,"{""adaptation"": ""qlora"", ""temperature"": 0.3}",0.9953125,valid_text_rate,generator_qwen_0_5b,agnews_short_v1,8,0.002086307400990706,b945448cba580fb5bf47e7957e0a9f62add7b2cf128faf3cc8df5241b52fe9dc
0.7578719482670004,0.7653851687065623,evaluator_classifier_b,__classifier__,__classifier__,"{""adaptation"": ""qlora"", ""temperature"": 0.8}",0.7614932733696008,distinct_2,generator_qwen_0_5b,agnews_short_v1,8,0.006141422012521362,1d1bddb52cd2a859cf4171ec5baba331da165af88ce8d4f0cbf1bf9ca8a88bb7
0.0,0.0,evaluator_classifier_b,__classifier__,__classifier__,"{""adaptation"": ""qlora"", ""temperature"": 0.8}",0.0,empty_text_rate,generator_qwen_0_5b,agnews_short_v1,8,0.0,346b038327e674862285121731586b994fe83a70396c45ca3f388fe3c6f5bd95
0.0,0.0,evaluator_classifier_b,__classifier__,__classifier__,"{""adaptation"": ""qlora"", ""temperature"": 0.8}",0.0,eos_first_token_rate,generator_qwen_0_5b,agnews_short_v1,8,0.0,22f481a06bdf45bf75c1358964bdea9293ab0a28336e0b108046e3e81fcecbd9
0.76,0.7862500000000001,evaluator_classifier_b,__classifier__,__classifier__,"{""adaptation"": ""qlora"", ""temperature"": 0.8}",0.7725000000000001,label_accuracy,generator_qwen_0_5b,agnews_short_v1,8,0.020485186285285704,fe48ec3b640dc8eb1b3b2facb97a944b5ad4a179954b18a0974a768a4dd01b92
0.020624999999999998,0.027812499999999997,evaluator_classifier_b,__classifier__,__classifier__,"{""adaptation"": ""qlora"", ""temperature"": 0.8}",0.0240625,max_token_rate,generator_qwen_0_5b,agnews_short_v1,8,0.005499594140869461,f827e0d678ad2cee2e3842a330943917854364dc4da74491b729298b22dd597f
43.1659375,45.43846875,evaluator_classifier_b,__classifier__,__classifier__,"{""adaptation"": ""qlora"", ""temperature"": 0.8}",44.301249999999996,mean_generated_tokens,generator_qwen_0_5b,agnews_short_v1,8,1.7456256553372,4bff790d80bf4d7c95ab98fb46fe95e59d11ad1b7e62271464323ebac1c7cf9e
0.021430111072143036,0.022676067194362725,evaluator_classifier_b,__classifier__,__classifier__,"{""adaptation"": ""qlora"", ""temperature"": 0.8}",0.022062436402053777,special_token_rate,generator_qwen_0_5b,agnews_short_v1,8,0.0009585207172809048,ca2dea4dead3b7d0fbe0a52680df52ae9d4e6a93857ba8fb98e6750144675db1
1.2619420462570263,1.2737411229281568,evaluator_classifier_b,__classifier__,__classifier__,"{""adaptation"": ""qlora"", ""temperature"": 0.8}",1.2679928076810238,text_is,generator_qwen_0_5b,agnews_short_v1,8,0.009005817767279376,e46a8fb541348fc08159cf08a079d32b816d4a9bd80d27a146bd77e069888d1d
1.0,1.0,evaluator_classifier_b,__classifier__,__classifier__,"{""adaptation"": ""qlora"", ""temperature"": 0.8}",1.0,unique_text_rate,generator_qwen_0_5b,agnews_short_v1,8,0.0,d72d035c4252942602dcaaf53ef597393cf79e3082f312dfaa7c60851b046f6a
0.99125,0.9953125,evaluator_classifier_b,__classifier__,__classifier__,"{""adaptation"": ""qlora"", ""temperature"": 0.8}",0.9934375,valid_text_rate,generator_qwen_0_5b,agnews_short_v1,8,0.0029693373479135654,9946ce63c84687a14f3a1243142889ca635e7fbe4c4c34370ad3bfe9952d06c2
0.3651445493668562,0.3709226543777037,evaluator_classifier_b,__classifier__,__classifier__,"{""adaptation"": ""prompt_only"", ""temperature"": 0.3}",0.367992937246144,distinct_2,generator_small_a,agnews_short_v1,8,0.00452890814228957,d830cb7e010043e53a39126db15f5a412bdd99bf8f9d12affc3311a41cefcf53
0.0,0.0,evaluator_classifier_b,__classifier__,__classifier__,"{""adaptation"": ""prompt_only"", ""temperature"": 0.3}",0.0,empty_text_rate,generator_small_a,agnews_short_v1,8,0.0,a0c1046a4640b25b829bee40bb7d9108fee57ad66f783fb7ac59430cce934359
0.0,0.0,evaluator_classifier_b,__classifier__,__classifier__,"{""adaptation"": ""prompt_only"", ""temperature"": 0.3}",0.0,eos_first_token_rate,generator_small_a,agnews_short_v1,8,0.0,d8226b267cf537c683e0e9424f832ca2437d4a2a9ceb9f88ba4a692c50374ec5
0.7665625,0.7928125,evaluator_classifier_b,__classifier__,__classifier__,"{""adaptation"": ""prompt_only"", ""temperature"": 0.3}",0.779375,label_accuracy,generator_small_a,agnews_short_v1,8,0.020948491251502707,a2c054d0a7198f32109a105d0673bcf8f9d7d8e8ad65558c5def92683e00f0e5
0.006562500000000001,0.012812500000000001,evaluator_classifier_b,__classifier__,__classifier__,"{""adaptation"": ""prompt_only"", ""temperature"": 0.3}",0.009687500000000002,max_token_rate,generator_small_a,agnews_short_v1,8,0.004898523830123287,eb88836f7fce4733f9ea5ceb67a6cfb1b8df5f628598345a4f62912ae55586c0
51.714976562500006,52.596570312500006,evaluator_classifier_b,__classifier__,__classifier__,"{""adaptation"": ""prompt_only"", ""temperature"": 0.3}",52.1496875,mean_generated_tokens,generator_small_a,agnews_short_v1,8,0.6760553093127823,9449536b1e5bb7fb310b4e253a9e57ef363331676d891d539d37aafd30830201
0.018790811700969676,0.019185689934425088,evaluator_classifier_b,__classifier__,__classifier__,"{""adaptation"": ""prompt_only"", ""temperature"": 0.3}",0.018993202014965474,special_token_rate,generator_small_a,agnews_short_v1,8,0.00030946571918917613,80b6c32bbf2f73f782a4699ae5f2d2d7d53c610d0fc605d0def7b1cf2c151e81
1.2145527321276193,1.2180044798530985,evaluator_classifier_b,__classifier__,__classifier__,"{""adaptation"": ""prompt_only"", ""temperature"": 0.3}",1.2163096718572577,text_is,generator_small_a,agnews_short_v1,8,0.002722971660609372,f650822cb4faafdcdc19297a5c4b058a73368e138d9f725aded69d6d27af3ef7
0.9737421875,0.9846875,evaluator_classifier_b,__classifier__,__classifier__,"{""adaptation"": ""prompt_only"", ""temperature"": 0.3}",0.9796875,unique_text_rate,generator_small_a,agnews_short_v1,8,0.00849763622594962,f8cd0e7f8079b1d55924de8e6dde2a76099fd138842ca778c21f1d08580d75c9
1.0,1.0,evaluator_classifier_b,__classifier__,__classifier__,"{""adaptation"": ""prompt_only"", ""temperature"": 0.3}",1.0,valid_text_rate,generator_small_a,agnews_short_v1,8,0.0,f9093540ed22612638787914308533899c8954b3ad51d9d055ef641646ce9dbf
0.6286826799263661,0.6364065236945275,evaluator_classifier_b,__classifier__,__classifier__,"{""adaptation"": ""prompt_only"", ""temperature"": 0.8}",0.6326757125862754,distinct_2,generator_small_a,agnews_short_v1,8,0.006237905179385974,ec9548a3d785af7eb4e8a51029c6d35b10aef69a88c9a06ec11298c3da22c616
0.0,0.0,evaluator_classifier_b,__classifier__,__classifier__,"{""adaptation"": ""prompt_only"", ""temperature"": 0.8}",0.0,empty_text_rate,generator_small_a,agnews_short_v1,8,0.0,47a2e2acabbe61af7ef3ab3189d5d701f063099340c19d62b386fb9759fae431
0.0,0.0,evaluator_classifier_b,__classifier__,__classifier__,"{""adaptation"": ""prompt_only"", ""temperature"": 0.8}",0.0,eos_first_token_rate,generator_small_a,agnews_short_v1,8,0.0,0405dbe7b6385af8d0b2d7537a0e543a9b1cba08f805b57b64184ca00b7cb621
0.8115625,0.8196875,evaluator_classifier_b,__classifier__,__classifier__,"{""adaptation"": ""prompt_only"", ""temperature"": 0.8}",0.815625,label_accuracy,generator_small_a,agnews_short_v1,8,0.0065123509031465715,61ff86036e6ac2cd49687ca85fb01fdef0409c3b1a667c552dca70eb623997c7
0.014374999999999999,0.0253125,evaluator_classifier_b,__classifier__,__classifier__,"{""adaptation"": ""prompt_only"", ""temperature"": 0.8}",0.019375,max_token_rate,generator_small_a,agnews_short_v1,8,0.008425090080061036,0104a0ed68e1412975520211a2b0de60b38fa3a08ff882217f34792bbe4f8304
48.939375,50.063765625,evaluator_classifier_b,__classifier__,__classifier__,"{""adaptation"": ""prompt_only"", ""temperature"": 0.8}",49.4646875,mean_generated_tokens,generator_small_a,agnews_short_v1,8,0.8631404842409568,5410b9fe488941b34a164835669858e8331335fd5d9a5d1c938c26d87c40374f
0.019476578211191385,0.020124704549734626,evaluator_classifier_b,__classifier__,__classifier__,"{""adaptation"": ""prompt_only"", ""temperature"": 0.8}",0.019832326902458623,special_token_rate,generator_small_a,agnews_short_v1,8,0.0005004199235856908,b10ecca5efa32127067a80ceaa55127340c6f2152e9f055ce7cde826cd607dcc
1.2415659524316753,1.2480809970923252,evaluator_classifier_b,__classifier__,__classifier__,"{""adaptation"": ""prompt_only"", ""temperature"": 0.8}",1.2451023523454796,text_is,generator_small_a,agnews_short_v1,8,0.005044358899550793,15d09259671eea9be76b902e9b5e94b2eab856e4d9acd2f52fb656f8641d6edb
1.0,1.0,evaluator_classifier_b,__classifier__,__classifier__,"{""adaptation"": ""prompt_only"", ""temperature"": 0.8}",1.0,unique_text_rate,generator_small_a,agnews_short_v1,8,0.0,90862d083b44812c8d0388d9ce5432ddbd7810e744465837c2255e458a2fdf0c
0.9984375000000001,1.0,evaluator_classifier_b,__classifier__,__classifier__,"{""adaptation"": ""prompt_only"", ""temperature"": 0.8}",0.999375,valid_text_rate,generator_small_a,agnews_short_v1,8,0.0011572751247156646,95a2252f38f8a9cd160e0cd68917be361b3e90fe071bf1ca07b2fd6a4732acfd
0.5489404523242212,0.5650891375494875,evaluator_classifier_b,__classifier__,__classifier__,"{""adaptation"": ""qlora"", ""temperature"": 0.3}",0.5566563267912694,distinct_2,generator_small_a,agnews_short_v1,8,0.012366797202405574,75ba93d088e78e6793e90a74770060b74ba1337ce02b4d450eec85a2a14b06c9
0.0,0.0,evaluator_classifier_b,__classifier__,__classifier__,"{""adaptation"": ""qlora"", ""temperature"": 0.3}",0.0,empty_text_rate,generator_small_a,agnews_short_v1,8,0.0,0db38d5077adb3882145b7b21e118a691b67a1e3b8ea0dd8738d77f99c30de1f
0.0,0.0,evaluator_classifier_b,__classifier__,__classifier__,"{""adaptation"": ""qlora"", ""temperature"": 0.3}",0.0,eos_first_token_rate,generator_small_a,agnews_short_v1,8,0.0,c229b65bf12c4cabac5f8c034f10dda8a62a85f22bf3d67f46a7c0ccc1fb11b4
0.903125,0.9137500000000001,evaluator_classifier_b,__classifier__,__classifier__,"{""adaptation"": ""qlora"", ""temperature"": 0.3}",0.9081250000000001,label_accuracy,generator_small_a,agnews_short_v1,8,0.008100925873009828,985123bdbb5f29e04681ec512609b3a84efd1b04d0bf9538b0788683fe55613e
0.014375,0.019062500000000003,evaluator_classifier_b,__classifier__,__classifier__,"{""adaptation"": ""qlora"", ""temperature"": 0.3}",0.016875,max_token_rate,generator_small_a,agnews_short_v1,8,0.0037201190457142245,c83b01134a8e4e6cb6211d9cbea6c49894bd66dfc349cef043a182de18ee9e4c
46.92278125,48.0540625,evaluator_classifier_b,__classifier__,__classifier__,"{""adaptation"": ""qlora"", ""temperature"": 0.3}",47.4484375,mean_generated_tokens,generator_small_a,agnews_short_v1,8,0.8698901177529766,e5ff919f0832e730ba4f64f11053d2450cd665a73bb6110471d37d6060da96b8
0.02042806424473076,0.02098711163113943,evaluator_classifier_b,__classifier__,__classifier__,"{""adaptation"": ""qlora"", ""temperature"": 0.3}",0.020726683331252424,special_token_rate,generator_small_a,agnews_short_v1,8,0.00042984464111401016,7d890fc238573e128f3489e1d1b25384f198aeb5e53cd810f44e22f99aa7bf7e
1.2283071181736758,1.2348704842551206,evaluator_classifier_b,__classifier__,__classifier__,"{""adaptation"": ""qlora"", ""temperature"": 0.3}",1.231525194301907,text_is,generator_small_a,agnews_short_v1,8,0.004921826114825045,7faeeb8f7affe7a159d8330ab8ce65b18413f5e3d5c7f051626fab9e8c40916e
0.9965625,0.9996953125,evaluator_classifier_b,__classifier__,__classifier__,"{""adaptation"": ""qlora"", ""temperature"": 0.3}",0.9984375000000001,unique_text_rate,generator_small_a,agnews_short_v1,8,0.0026516504294495325,dc91fe4680491d488b91749be1ae9d917abbc6f65bb936478b54164dcc5d95d3
0.988125,0.9965625,evaluator_classifier_b,__classifier__,__classifier__,"{""adaptation"": ""qlora"", ""temperature"": 0.3}",0.9925,valid_text_rate,generator_small_a,agnews_short_v1,8,0.0064086994446165505,8cbab4e4a3d81657c22d3adb79f156605bf608f882bd61eb719ddf1464aa0773
0.7650822605629107,0.7717288992705266,evaluator_classifier_b,__classifier__,__classifier__,"{""adaptation"": ""qlora"", ""temperature"": 0.8}",0.7685396852417394,distinct_2,generator_small_a,agnews_short_v1,8,0.00506944908422908,daf1f0e73c4b6773abb7835fe49c85ee929d5882a6de7aa29af550e2c8a3d782
0.0,0.0,evaluator_classifier_b,__classifier__,__classifier__,"{""adaptation"": ""qlora"", ""temperature"": 0.8}",0.0,empty_text_rate,generator_small_a,agnews_short_v1,8,0.0,51c1c6d529577cf4594d48323c1927808cba55990c3107c071d51cd0f0a5ccd8
0.0,0.0,evaluator_classifier_b,__classifier__,__classifier__,"{""adaptation"": ""qlora"", ""temperature"": 0.8}",0.0,eos_first_token_rate,generator_small_a,agnews_short_v1,8,0.0,aadc52242e99b427b3c1e73b6c4228b1a3e0492ff4a2116150779413ecd17dbc
0.8474999999999999,0.86625,evaluator_classifier_b,__classifier__,__classifier__,"{""adaptation"": ""qlora"", ""temperature"": 0.8}",0.8571875,label_accuracy,generator_small_a,agnews_short_v1,8,0.014846686739567778,5fed571b756084e70ccf5d1024934e0b18f9a601e929139aba59c8b8382da63b
0.043125,0.064375,evaluator_classifier_b,__classifier__,__classifier__,"{""adaptation"": ""qlora"", ""temperature"": 0.8}",0.05375,max_token_rate,generator_small_a,agnews_short_v1,8,0.016201851746019652,3097f7279dca6b85878cb418802aac91461da9fcdc67910da46df438a068ab32
52.006843749999994,54.10379687500001,evaluator_classifier_b,__classifier__,__classifier__,"{""adaptation"": ""qlora"", ""temperature"": 0.8}",53.00625,mean_generated_tokens,generator_small_a,agnews_short_v1,8,1.5595672476684042,ed5743e4d35c51aca92ff63dbf23000ef4ca68825fb115bb9f750bce0931d940
0.017334789572568354,0.018376748692014548,evaluator_classifier_b,__classifier__,__classifier__,"{""adaptation"": ""qlora"", ""temperature"": 0.8}",0.01787180883689824,special_token_rate,generator_small_a,agnews_short_v1,8,0.000799031035797145,c46505fa57c4312e6dde0695f008afda93753ac43c96cb0dd6a96c04d59f09ee
1.2532998007119946,1.2641675687508558,evaluator_classifier_b,__classifier__,__classifier__,"{""adaptation"": ""qlora"", ""temperature"": 0.8}",1.2589565935521945,text_is,generator_small_a,agnews_short_v1,8,0.008543340029414261,0e88b4a12d06faef3bef0e0983fa850dcffc038205e6cb68baa90c34fd68ad17
1.0,1.0,evaluator_classifier_b,__classifier__,__classifier__,"{""adaptation"": ""qlora"", ""temperature"": 0.8}",1.0,unique_text_rate,generator_small_a,agnews_short_v1,8,0.0,f724ce3865041b1955fac44abb5f88d3d1c71719cc025af11a12bd3981e8c544
0.9896875,0.99375,evaluator_classifier_b,__classifier__,__classifier__,"{""adaptation"": ""qlora"", ""temperature"": 0.8}",0.9915624999999999,valid_text_rate,generator_small_a,agnews_short_v1,8,0.002969337347913567,c5f26474b5144471d306c4771e1aa54b8d7be0f5297b3ae56a6d73d9c673e5b0
0.2918943390700976,0.29677902897935976,evaluator_classifier_b,__classifier__,__classifier__,"{""adaptation"": ""prompt_only"", ""temperature"": 0.3}",0.2941763095982186,distinct_2,generator_smollm_1_7b,agnews_short_v1,8,0.0038586195630731183,40fe94f98ac2db8f936bccfaa09673ba64ec1d56433a382956c2fdcf850d3478
0.0,0.0,evaluator_classifier_b,__classifier__,__classifier__,"{""adaptation"": ""prompt_only"", ""temperature"": 0.3}",0.0,empty_text_rate,generator_smollm_1_7b,agnews_short_v1,8,0.0,54b8526cabbb96fb1aae2d1547be1904494836878a58ede7be5f3e99059c98f4
0.0,0.0,evaluator_classifier_b,__classifier__,__classifier__,"{""adaptation"": ""prompt_only"", ""temperature"": 0.3}",0.0,eos_first_token_rate,generator_smollm_1_7b,agnews_short_v1,8,0.0,61f14a9f96a90d572bbd600cf31d4d440d0d942fbfd539e6a1529e78835d943a
0.8140625,0.8300000000000001,evaluator_classifier_b,__classifier__,__classifier__,"{""adaptation"": ""prompt_only"", ""temperature"": 0.3}",0.821875,label_accuracy,generator_smollm_1_7b,agnews_short_v1,8,0.012517844405944192,0e08e5029e4d9f295d22e1c27eab77451fe50460f647bbc9444e68461a5becb6
0.01125,0.017812500000000002,evaluator_classifier_b,__classifier__,__classifier__,"{""adaptation"": ""prompt_only"", ""temperature"": 0.3}",0.014687500000000003,max_token_rate,generator_smollm_1_7b,agnews_short_v1,8,0.005077524002897476,025c1ed53013617d42c54790d2e97fabd6468869695a97f55c8779e5d4e35986
61.9236875,62.787515625000005,evaluator_classifier_b,__classifier__,__classifier__,"{""adaptation"": ""prompt_only"", ""temperature"": 0.3}",62.364999999999995,mean_generated_tokens,generator_smollm_1_7b,agnews_short_v1,8,0.6725696989903726,f6febe229e28cab5733fca0763fd0a909e017fd6cdd49c24e216763ff59dcdef
0.015661446738321268,0.015947314059350425,evaluator_classifier_b,__classifier__,__classifier__,"{""adaptation"": ""prompt_only"", ""temperature"": 0.3}",0.015801064413433603,special_token_rate,generator_smollm_1_7b,agnews_short_v1,8,0.00021829441365731514,8416abd9ef3ac5c06fe99ad720668dccae19d07309d1b769b2deaa4a8109fd8b
1.2114387688472956,1.2143273426489225,evaluator_classifier_b,__classifier__,__classifier__,"{""adaptation"": ""prompt_only"", ""temperature"": 0.3}",1.212782264664165,text_is,generator_smollm_1_7b,agnews_short_v1,8,0.002323192185983121,48b6ecce7f201177388ee9cee28dbdafda16357d4c5fc1866ce867e75d3c55ea
0.9975,1.0,evaluator_classifier_b,__classifier__,__classifier__,"{""adaptation"": ""prompt_only"", ""temperature"": 0.3}",0.99875,unique_text_rate,generator_smollm_1_7b,agnews_short_v1,8,0.0018898223650461274,b2129a502d69589cce2adfae98456327fdd844e50c16073205a6c4f8ab2331fc
1.0,1.0,evaluator_classifier_b,__classifier__,__classifier__,"{""adaptation"": ""prompt_only"", ""temperature"": 0.3}",1.0,valid_text_rate,generator_smollm_1_7b,agnews_short_v1,8,0.0,9d1604f71e859b53622c4ab87510833a20307fcbf1f4dcc8c844996d02999b79
0.5538430112199284,0.5573015597979231,evaluator_classifier_b,__classifier__,__classifier__,"{""adaptation"": ""prompt_only"", ""temperature"": 0.8}",0.5557587836996449,distinct_2,generator_smollm_1_7b,agnews_short_v1,8,0.002755628770993942,ab1764f8eb61c501e0930709c4f13d364781e4be67f06275029ca0c2458fd7ae
0.0,0.0,evaluator_classifier_b,__classifier__,__classifier__,"{""adaptation"": ""prompt_only"", ""temperature"": 0.8}",0.0,empty_text_rate,generator_smollm_1_7b,agnews_short_v1,8,0.0,8a61df8dbe5c20ae97f33116b20a9d18db956868ad5569e0479b5af4a53d2b00
0.0,0.0,evaluator_classifier_b,__classifier__,__classifier__,"{""adaptation"": ""prompt_only"", ""temperature"": 0.8}",0.0,eos_first_token_rate,generator_smollm_1_7b,agnews_short_v1,8,0.0,31b0f3c715775415419b65a01096e58e0e490bf9536e67a238f26527bb0584f0
0.8115625,0.83375,evaluator_classifier_b,__classifier__,__classifier__,"{""adaptation"": ""prompt_only"", ""temperature"": 0.8}",0.823125,label_accuracy,generator_smollm_1_7b,agnews_short_v1,8,0.017866069197543962,b6a795cbc48f03cb54f34c8fabefdaacec1aa811b3c8179b242c0129d350f62d
0.0446875,0.0553125,evaluator_classifier_b,__classifier__,__classifier__,"{""adaptation"": ""prompt_only"", ""temperature"": 0.8}",0.0496875,max_token_rate,generator_smollm_1_7b,agnews_short_v1,8,0.008284829078330034,8d9dc588954279875ad1222d3777b3376f094c4735ab0f977f294e82e14fc98c
65.8443671875,66.7372265625,evaluator_classifier_b,__classifier__,__classifier__,"{""adaptation"": ""prompt_only"", ""temperature"": 0.8}",66.2525,mean_generated_tokens,generator_smollm_1_7b,agnews_short_v1,8,0.7008502489323745,fb999cb54639e1a2532644536f9a0eea0ec55946effdf9cf3f5cefcf6d048b27
0.014173999201072315,0.014486513744018163,evaluator_classifier_b,__classifier__,__classifier__,"{""adaptation"": ""prompt_only"", ""temperature"": 0.8}",0.01434585451026529,special_token_rate,generator_smollm_1_7b,agnews_short_v1,8,0.00024374897134828315,8b5d43e509b635b7993762597d5bfe4e31c7ea8cfccb7ee94eb1d3323295172f
1.2203811863604364,1.2285389735086913,evaluator_classifier_b,__classifier__,__classifier__,"{""adaptation"": ""prompt_only"", ""temperature"": 0.8}",1.2241783464532363,text_is,generator_smollm_1_7b,agnews_short_v1,8,0.006268702374306802,7d00a4b70c3dcb2f2f1d4c65a753c766bea16dd093eeb7516901629ce62b3a71
1.0,1.0,evaluator_classifier_b,__classifier__,__classifier__,"{""adaptation"": ""prompt_only"", ""temperature"": 0.8}",1.0,unique_text_rate,generator_smollm_1_7b,agnews_short_v1,8,0.0,95b94dfe38cafb58cd314dd9774685d0515c87d9603f21e56f6743b62e438ac9
1.0,1.0,evaluator_classifier_b,__classifier__,__classifier__,"{""adaptation"": ""prompt_only"", ""temperature"": 0.8}",1.0,valid_text_rate,generator_smollm_1_7b,agnews_short_v1,8,0.0,2f2cb3fde5cc41b0a1a5c6d0e387e7c29adb32c0899c9d50644cf708c0497692
0.5006941091774907,0.5148274976609406,evaluator_classifier_b,__classifier__,__classifier__,"{""adaptation"": ""qlora"", ""temperature"": 0.3}",0.5079080892669207,distinct_2,generator_smollm_1_7b,agnews_short_v1,8,0.011166075249697762,7a161c77cd00bdabf9de88bed91981bac008f33a0af1972a7d8c262372ae1540
0.0,0.0,evaluator_classifier_b,__classifier__,__classifier__,"{""adaptation"": ""qlora"", ""temperature"": 0.3}",0.0,empty_text_rate,generator_smollm_1_7b,agnews_short_v1,8,0.0,efad362256432e0cb901e02a1f26044ead1d4eaaca91e2c767db5d6139903ee3
0.0,0.0,evaluator_classifier_b,__classifier__,__classifier__,"{""adaptation"": ""qlora"", ""temperature"": 0.3}",0.0,eos_first_token_rate,generator_smollm_1_7b,agnews_short_v1,8,0.0,086018e906dc94156385b3c8274c6f9a062943d66176570a065cd3a116b31886
0.8059375,0.8290625,evaluator_classifier_b,__classifier__,__classifier__,"{""adaptation"": ""qlora"", ""temperature"": 0.3}",0.8175,label_accuracy,generator_smollm_1_7b,agnews_short_v1,8,0.018175729499999235,76ee4752f67f77380ad2fbe91290f718b314b6d8ae92f2e22c455692f3e3eeac
0.010937500000000001,0.0175,evaluator_classifier_b,__classifier__,__classifier__,"{""adaptation"": ""qlora"", ""temperature"": 0.3}",0.014375,max_token_rate,generator_smollm_1_7b,agnews_short_v1,8,0.004955156044825575,7ad041f279448904db0627cdea0bda9e9e6914e1d4d65846dec1f654d8d0c45f
34.426875,35.1815703125,evaluator_classifier_b,__classifier__,__classifier__,"{""adaptation"": ""qlora"", ""temperature"": 0.3}",34.7584375,mean_generated_tokens,generator_smollm_1_7b,agnews_short_v1,8,0.6006840408769698,a17a352d9c408e992bfa68b45e8a695688ff592d6b21017c05d7a0852a1b3f74
0.028023432017120323,0.028663673536525092,evaluator_classifier_b,__classifier__,__classifier__,"{""adaptation"": ""qlora"", ""temperature"": 0.3}",0.02836350753522996,special_token_rate,generator_smollm_1_7b,agnews_short_v1,8,0.0004899090378751121,58c70c64f8021d62e56a7bc7326efeab01c1fc365af29f8e376a5de2c8e8e1cf
1.1933146036826752,1.2024428665802882,evaluator_classifier_b,__classifier__,__classifier__,"{""adaptation"": ""qlora"", ""temperature"": 0.3}",1.1971884397992918,text_is,generator_smollm_1_7b,agnews_short_v1,8,0.007191061077881204,0d1615ba99aa098dd8ad1e5820962e40bae40095cb004ab053304e7b1d69f06b
0.9440625,0.960625,evaluator_classifier_b,__classifier__,__classifier__,"{""adaptation"": ""qlora"", ""temperature"": 0.3}",0.951875,unique_text_rate,generator_smollm_1_7b,agnews_short_v1,8,0.012374368670764569,18b844b96e9e262f2cc7369395c4478b0427cfe6a21b0030807b3d5e5254547c
0.8678125000000001,0.8903203125,evaluator_classifier_b,__classifier__,__classifier__,"{""adaptation"": ""qlora"", ""temperature"": 0.3}",0.8787499999999999,valid_text_rate,generator_smollm_1_7b,agnews_short_v1,8,0.017217101133134214,2e8ed84f1d1f1b90be36aa035ffb74e3f36376633f8d38a79c196b225d7f1e1d
0.7917555245366936,0.8004740601700774,evaluator_classifier_b,__classifier__,__classifier__,"{""adaptation"": ""qlora"", ""temperature"": 0.8}",0.7965772704459491,distinct_2,generator_smollm_1_7b,agnews_short_v1,8,0.006582073794578047,bffa6d8bc7a351939ba9b202ee6b94ebafd47924adedf4a520be782ce4c4bea8
0.0,0.0,evaluator_classifier_b,__classifier__,__classifier__,"{""adaptation"": ""qlora"", ""temperature"": 0.8}",0.0,empty_text_rate,generator_smollm_1_7b,agnews_short_v1,8,0.0,31b848e7d10f30cd8e4a2609e077af01758d5527892521853967940e9b6d0dd1
0.0,0.0,evaluator_classifier_b,__classifier__,__classifier__,"{""adaptation"": ""qlora"", ""temperature"": 0.8}",0.0,eos_first_token_rate,generator_smollm_1_7b,agnews_short_v1,8,0.0,5c45e9c1466c6c159567e4d57a9bd3757c6084429da6eb9d9aa04c65c23f2873
0.759375,0.7846875,evaluator_classifier_b,__classifier__,__classifier__,"{""adaptation"": ""qlora"", ""temperature"": 0.8}",0.7725,label_accuracy,generator_smollm_1_7b,agnews_short_v1,8,0.01959409532049315,044250cf1f43c4d0ae537d2e02699c32c25e12540c895908cfd18469565dba92
0.0284375,0.037187500000000005,evaluator_classifier_b,__classifier__,__classifier__,"{""adaptation"": ""qlora"", ""temperature"": 0.8}",0.0328125,max_token_rate,generator_smollm_1_7b,agnews_short_v1,8,0.006999681115185586,dab2274b65b27f4b68393b1524b1e7f574cb8e96cb34e663839bf4e0652c9362
38.620554687500004,40.210953125,evaluator_classifier_b,__classifier__,__classifier__,"{""adaptation"": ""qlora"", ""temperature"": 0.8}",39.4328125,mean_generated_tokens,generator_smollm_1_7b,agnews_short_v1,8,1.2399182270704097,7a5a2e4c2c7a9d1ae8c628a9b6fff79accab046de83d30f8a2dc9f8c0ee9d8eb
0.02401414904361917,0.025226353256347298,evaluator_classifier_b,__classifier__,__classifier__,"{""adaptation"": ""qlora"", ""temperature"": 0.8}",0.024552537707656273,special_token_rate,generator_smollm_1_7b,agnews_short_v1,8,0.0009229221835101255,6876f39a6e210cf81d9eaadac2dd5c29b383a578454d0f7207ec4e7b0e35d761
1.2275446192302941,1.2339109556230394,evaluator_classifier_b,__classifier__,__classifier__,"{""adaptation"": ""qlora"", ""temperature"": 0.8}",1.2307016124759946,text_is,generator_smollm_1_7b,agnews_short_v1,8,0.005031679063025826,cdc8c738db24a242565542cf25ffde9757bcc08d2c2426ee726027d2762b528c
1.0,1.0,evaluator_classifier_b,__classifier__,__classifier__,"{""adaptation"": ""qlora"", ""temperature"": 0.8}",1.0,unique_text_rate,generator_smollm_1_7b,agnews_short_v1,8,0.0,82e7adf6990663301e24b0db226d9c0b52a679bb876c7bf9a49e092889d250b5
0.865625,0.8859375,evaluator_classifier_b,__classifier__,__classifier__,"{""adaptation"": ""qlora"", ""temperature"": 0.8}",0.8753125,valid_text_rate,generator_smollm_1_7b,agnews_short_v1,8,0.01589235552980471,e8469da4568d7c0245d0a1c22afe2e107cebe781d56bd7abfec48ec2e2bd173b
0.36568840928173985,0.3780583492942835,evaluator_classifier_b,__classifier__,__classifier__,"{""adaptation"": ""prompt_only"", ""temperature"": 0.3}",0.37244318467122695,distinct_2,generator_smollm_360m,agnews_short_v1,8,0.009206245645003917,6f8bd996006d4f7ce5d2ddb77fd09139356e08d588fa2cf8ea03f331cc28938a
0.0,0.0,evaluator_classifier_b,__classifier__,__classifier__,"{""adaptation"": ""prompt_only"", ""temperature"": 0.3}",0.0,empty_text_rate,generator_smollm_360m,agnews_short_v1,8,0.0,4061db802fd0de7b2b5f7f5410d735aa9ab172a2f937f6e4d6ca2e1404111579
0.0,0.0,evaluator_classifier_b,__classifier__,__classifier__,"{""adaptation"": ""prompt_only"", ""temperature"": 0.3}",0.0,eos_first_token_rate,generator_smollm_360m,agnews_short_v1,8,0.0,fd9f5d988f61f717b962e5edf92d4af7326a22fcb5de3b2a4a0cd99e92b8791d
0.6921875,0.7171953125,evaluator_classifier_b,__classifier__,__classifier__,"{""adaptation"": ""prompt_only"", ""temperature"": 0.3}",0.7065625,label_accuracy,generator_smollm_360m,agnews_short_v1,8,0.019862810727588397,a5ab149f9a3ccfb80ae0ba35177d4d07d1d82adb12e2715fed5cb8f5f8ebd634
0.0559375,0.074375,evaluator_classifier_b,__classifier__,__classifier__,"{""adaptation"": ""prompt_only"", ""temperature"": 0.3}",0.0653125,max_token_rate,generator_smollm_360m,agnews_short_v1,8,0.01435752042858177,6d7f287f13d6956dc789c1d068f9eea7bf9a2a8b3e3b227366e5e2c8b37f2f8a
64.55057031250001,65.43532812500001,evaluator_classifier_b,__classifier__,__classifier__,"{""adaptation"": ""prompt_only"", ""temperature"": 0.3}",65.0375,mean_generated_tokens,generator_smollm_360m,agnews_short_v1,8,0.697679828328971,63a981b3d2f25f438e2ab43e9e5f21fc42f78d4fd90ef45c596ab0cf7c9843ae
0.014180601944179989,0.014587260849324988,evaluator_classifier_b,__classifier__,__classifier__,"{""adaptation"": ""prompt_only"", ""temperature"": 0.3}",0.01437388773051635,special_token_rate,generator_smollm_360m,agnews_short_v1,8,0.00032124942428645006,037916d4293669a7f8349aa87ca954af27d0198ca74363caa40a781e194e317c
1.1973593746055637,1.2024511122178347,evaluator_classifier_b,__classifier__,__classifier__,"{""adaptation"": ""prompt_only"", ""temperature"": 0.3}",1.1999335419565442,text_is,generator_smollm_360m,agnews_short_v1,8,0.0038876235191573063,ba21cbcff77a7c009a79915c09c9b0bae8cc28dea96e7a8e7b9d2eca6ea35a38
0.9909375,0.9971875000000001,evaluator_classifier_b,__classifier__,__classifier__,"{""adaptation"": ""prompt_only"", ""temperature"": 0.3}",0.9940625,unique_text_rate,generator_smollm_360m,agnews_short_v1,8,0.004988826801678212,112b60c8a599e7698b6e004601d27f5e53765c672d061513303df51d3849f6d4
1.0,1.0,evaluator_classifier_b,__classifier__,__classifier__,"{""adaptation"": ""prompt_only"", ""temperature"": 0.3}",1.0,valid_text_rate,generator_smollm_360m,agnews_short_v1,8,0.0,9ac97fbcc313c409085683ac7b13240f6079c5df69e6ad79f303981128591949
0.6034177507575126,0.6103144370533958,evaluator_classifier_b,__classifier__,__classifier__,"{""adaptation"": ""prompt_only"", ""temperature"": 0.8}",0.6071500225728615,distinct_2,generator_smollm_360m,agnews_short_v1,8,0.00528594114747398,01ac5c3abc201c0e167ed09359f24216812690d7e13e82e56312b7253348bafc
0.0,0.0,evaluator_classifier_b,__classifier__,__classifier__,"{""adaptation"": ""prompt_only"", ""temperature"": 0.8}",0.0,empty_text_rate,generator_smollm_360m,agnews_short_v1,8,0.0,e8553174a6803c962bee93c5da73ee65220879388ebb0b89ae6ca489ca90f527
0.0,0.0,evaluator_classifier_b,__classifier__,__classifier__,"{""adaptation"": ""prompt_only"", ""temperature"": 0.8}",0.0,eos_first_token_rate,generator_smollm_360m,agnews_short_v1,8,0.0,c194271180fce2f6ca3292764dc84a7f36e35b4ec183fe10f7bc0b87f9d83066
0.723125,0.7424999999999999,evaluator_classifier_b,__classifier__,__classifier__,"{""adaptation"": ""prompt_only"", ""temperature"": 0.8}",0.7324999999999999,label_accuracy,generator_smollm_360m,agnews_short_v1,8,0.015177520972054104,e34d717451981da50f34425fbb1d6034da9043aaf4403180e7eefa2f94f323d2
0.155625,0.1784375,evaluator_classifier_b,__classifier__,__classifier__,"{""adaptation"": ""prompt_only"", ""temperature"": 0.8}",0.16718750000000002,max_token_rate,generator_smollm_360m,agnews_short_v1,8,0.017649236122684903,d1e68a25082e1a1b8e84e4f677619d5c55070929c077517388b3d60cfcb6e55a
69.4703125,70.1416796875,evaluator_classifier_b,__classifier__,__classifier__,"{""adaptation"": ""prompt_only"", ""temperature"": 0.8}",69.82906249999999,mean_generated_tokens,generator_smollm_360m,agnews_short_v1,8,0.5051147986561368,1c016549cc3e1d626e3315d95af054dba302cfa060befd29a6e5c7b31ac36f9e
0.011723232678820153,0.012120472364553847,evaluator_classifier_b,__classifier__,__classifier__,"{""adaptation"": ""prompt_only"", ""temperature"": 0.8}",0.011927742733756245,special_token_rate,generator_smollm_360m,agnews_short_v1,8,0.0003027478988977704,8af3674ea0c856ce62942d4e4cbb0992daa0ac070a16521140da8a892409dde6
1.202041123257711,1.2077432518824245,evaluator_classifier_b,__classifier__,__classifier__,"{""adaptation"": ""prompt_only"", ""temperature"": 0.8}",1.2049758142139808,text_is,generator_smollm_360m,agnews_short_v1,8,0.004454401537775646,e0f2194a21ef9d5bbc8d7e83170b14a45bfea72e8b31cbc06030bd5fbdf31bda
1.0,1.0,evaluator_classifier_b,__classifier__,__classifier__,"{""adaptation"": ""prompt_only"", ""temperature"": 0.8}",1.0,unique_text_rate,generator_smollm_360m,agnews_short_v1,8,0.0,fa9189dcdc9e94808551e06ec731172d34abe0923a6bc991a9d5878696422667
0.9978125,1.0,evaluator_classifier_b,__classifier__,__classifier__,"{""adaptation"": ""prompt_only"", ""temperature"": 0.8}",0.9990625,valid_text_rate,generator_smollm_360m,agnews_short_v1,8,0.0018600595228571075,420a2cc0d4e2a3eba291be41d1c87c5fb19471a89ce7928db9b1554ccbffbc74
0.42985815225169444,0.4429812310466999,evaluator_classifier_b,__classifier__,__classifier__,"{""adaptation"": ""qlora"", ""temperature"": 0.3}",0.43629505247495837,distinct_2,generator_smollm_360m,agnews_short_v1,8,0.010057701555988863,7ceba4bbaada9768b57edb47fb5e21e52fea46a366a70f743a18be8c317de67a
0.0,0.0,evaluator_classifier_b,__classifier__,__classifier__,"{""adaptation"": ""qlora"", ""temperature"": 0.3}",0.0,empty_text_rate,generator_smollm_360m,agnews_short_v1,8,0.0,599adae95515e541d753aa2b952322f5076b895541883140645d372f1bc61e6b
0.0,0.0,evaluator_classifier_b,__classifier__,__classifier__,"{""adaptation"": ""qlora"", ""temperature"": 0.3}",0.0,eos_first_token_rate,generator_smollm_360m,agnews_short_v1,8,0.0,81305a7e8a53343d5a0fdc442d55cf99cf7589a2df5c375d42f7eea52bc87520
0.7934375,0.8140625,evaluator_classifier_b,__classifier__,__classifier__,"{""adaptation"": ""qlora"", ""temperature"": 0.3}",0.8040625,label_accuracy,generator_smollm_360m,agnews_short_v1,8,0.016253433703155063,15ba913c7f555076bc0fa3811128eb891674f4af89f9a2d9a8259d582036af97
0.0009375,0.0040625,evaluator_classifier_b,__classifier__,__classifier__,"{""adaptation"": ""qlora"", ""temperature"": 0.3}",0.0025,max_token_rate,generator_smollm_360m,agnews_short_v1,8,0.0023145502494313786,dd2a5462c789826670f9eefd1bc0b16dd343f8d464a14acc865911a539c74069
25.31125,26.056937499999997,evaluator_classifier_b,__classifier__,__classifier__,"{""adaptation"": ""qlora"", ""temperature"": 0.3}",25.688125,mean_generated_tokens,generator_smollm_360m,agnews_short_v1,8,0.5644667996057362,f5802bb1d36a12175d6f8cb053539024382845ab6b6d9c9a67340514c9b3601d
0.0383266189436034,0.039404180816135094,evaluator_classifier_b,__classifier__,__classifier__,"{""adaptation"": ""qlora"", ""temperature"": 0.3}",0.03884761760797603,special_token_rate,generator_smollm_360m,agnews_short_v1,8,0.0008623931768223603,c547578a0fcaa964b2b4069795719935431b2f09fc798c6c691c0e052950faf4
1.193839284837275,1.203114753138479,evaluator_classifier_b,__classifier__,__classifier__,"{""adaptation"": ""qlora"", ""temperature"": 0.3}",1.1988851953033424,text_is,generator_smollm_360m,agnews_short_v1,8,0.007070662610029223,4f358b38882a3b56e0a7a6300f6e0235a310c21b53f6855beecce54129567b58
0.969375,0.9828203125,evaluator_classifier_b,__classifier__,__classifier__,"{""adaptation"": ""qlora"", ""temperature"": 0.3}",0.976875,unique_text_rate,generator_smollm_360m,agnews_short_v1,8,0.010415476122441215,1763248b955e7c980c7884cbb03ef4834678a7d031de0c68f98cd0877fd4fc33
0.9668749999999999,0.976875,evaluator_classifier_b,__classifier__,__classifier__,"{""adaptation"": ""qlora"", ""temperature"": 0.3}",0.9721875,valid_text_rate,generator_smollm_360m,agnews_short_v1,8,0.007727213044078143,06041c05fdb86c62e8e391d39acffd18485f567461dd808bb855a92bb54b4e17
0.7608320770243031,0.7736249994324592,evaluator_classifier_b,__classifier__,__classifier__,"{""adaptation"": ""qlora"", ""temperature"": 0.8}",0.767101287492024,distinct_2,generator_smollm_360m,agnews_short_v1,8,0.009737524556299067,894b4fa602433ab735cecfda6f0fd4b49b28fbc388acd28ba4925f51cfda0653
0.0,0.0,evaluator_classifier_b,__classifier__,__classifier__,"{""adaptation"": ""qlora"", ""temperature"": 0.8}",0.0,empty_text_rate,generator_smollm_360m,agnews_short_v1,8,0.0,7c45f063e1d04ead17475971d83b197b12a41115b285092e15e2e063bdfbd836
0.0,0.0,evaluator_classifier_b,__classifier__,__classifier__,"{""adaptation"": ""qlora"", ""temperature"": 0.8}",0.0,eos_first_token_rate,generator_smollm_360m,agnews_short_v1,8,0.0,845baddb833990e8f28c0c20f5eb043c80b321823b6a1ea9fe68d914ff687ea6
0.7193671875,0.7515624999999999,evaluator_classifier_b,__classifier__,__classifier__,"{""adaptation"": ""qlora"", ""temperature"": 0.8}",0.7359374999999999,label_accuracy,generator_smollm_360m,agnews_short_v1,8,0.024997767757484714,c726377a7fdc2fff656ab0b6e21814db329da4e2d30eeb6950aa60f1fc0c40e2
0.004375,0.009687500000000002,evaluator_classifier_b,__classifier__,__classifier__,"{""adaptation"": ""qlora"", ""temperature"": 0.8}",0.0071875,max_token_rate,generator_smollm_360m,agnews_short_v1,8,0.004105201404490232,d975d5d52afe4116ab1d7744e753b471628602f0837f4944f7f208e5790dc256
29.7984296875,30.4690625,evaluator_classifier_b,__classifier__,__classifier__,"{""adaptation"": ""qlora"", ""temperature"": 0.8}",30.11625,mean_generated_tokens,generator_smollm_360m,agnews_short_v1,8,0.5275346975724511,75c1aa0f9204cf1cc0dccfa48aa85decf6a7670f9bb97db9af6cc08b58f751ae
0.03254576662247532,0.03337196209845137,evaluator_classifier_b,__classifier__,__classifier__,"{""adaptation"": ""qlora"", ""temperature"": 0.8}",0.032975807330965674,special_token_rate,generator_smollm_360m,agnews_short_v1,8,0.000650569230786483,310615584c600d159d4816aee62c318b4c430017a8c7ac8e3e062ad0699a6c80
1.2004214547452685,1.2094333882287263,evaluator_classifier_b,__classifier__,__classifier__,"{""adaptation"": ""qlora"", ""temperature"": 0.8}",1.2050170991565685,text_is,generator_smollm_360m,agnews_short_v1,8,0.006784822021991216,c0af4cc7d3b21958fdc04f97c805593b504983a8aa444b125dba2a77549e9e3e
1.0,1.0,evaluator_classifier_b,__classifier__,__classifier__,"{""adaptation"": ""qlora"", ""temperature"": 0.8}",1.0,unique_text_rate,generator_smollm_360m,agnews_short_v1,8,0.0,3e643afe4895848cc9bb073357dd74838d1675d5fd7749e3578b3adabc170b8e
0.9103125000000001,0.9256249999999999,evaluator_classifier_b,__classifier__,__classifier__,"{""adaptation"": ""qlora"", ""temperature"": 0.8}",0.91875,valid_text_rate,generator_smollm_360m,agnews_short_v1,8,0.011877349391654206,91e0171e2cdd5e27c4f6feea93377ef8826ccae50b7df25b9c9f2cde9ee16196
0.38724772727325685,0.39358343407507385,evaluator_classifier_b,__classifier__,__classifier__,"{""adaptation"": ""prompt_only"", ""temperature"": 0.3}",0.3902771659993227,distinct_2,generator_tinyllama_1_1b,agnews_short_v1,8,0.004826671042039892,57c232ee4474070dd3a2a81bb8ce18d599fb0d1dec7bdb1a0de1a16e9e3b2ce3
0.0,0.0,evaluator_classifier_b,__classifier__,__classifier__,"{""adaptation"": ""prompt_only"", ""temperature"": 0.3}",0.0,empty_text_rate,generator_tinyllama_1_1b,agnews_short_v1,8,0.0,e32b3725f888232420c46f2acee1f18d34acd75043cc8218b4ba75cd5aa509e8
0.0,0.0,evaluator_classifier_b,__classifier__,__classifier__,"{""adaptation"": ""prompt_only"", ""temperature"": 0.3}",0.0,eos_first_token_rate,generator_tinyllama_1_1b,agnews_short_v1,8,0.0,9aed029be1a1517e41dca1a256a6e45ad3575dcb8640175424a59a4703f7d6d3
0.63,0.649375,evaluator_classifier_b,__classifier__,__classifier__,"{""adaptation"": ""prompt_only"", ""temperature"": 0.3}",0.6390625,label_accuracy,generator_tinyllama_1_1b,agnews_short_v1,8,0.01529107466091623,9caa486ec737cf02177f39213508c26af9a3dca1eaf8c18b1c9f00b4b9bbe6c1
0.560625,0.5809375,evaluator_classifier_b,__classifier__,__classifier__,"{""adaptation"": ""prompt_only"", ""temperature"": 0.3}",0.5700000000000001,max_token_rate,generator_tinyllama_1_1b,agnews_short_v1,8,0.015867757065373585,9174e99b20dbbadbae122ddec90c2946e6c3d625bbe18bac64761157a7aad175
81.0493125,81.76447656250001,evaluator_classifier_b,__classifier__,__classifier__,"{""adaptation"": ""prompt_only"", ""temperature"": 0.3}",81.4021875,mean_generated_tokens,generator_tinyllama_1_1b,agnews_short_v1,8,0.5514063796654101,6fd121f5eaaa07eb544b0acb7e94e2e11a9c8e7378bd1e2f9021521d13edbcc1
0.005140638703407017,0.005410096741354092,evaluator_classifier_b,__classifier__,__classifier__,"{""adaptation"": ""prompt_only"", ""temperature"": 0.3}",0.005283105229408237,special_token_rate,generator_tinyllama_1_1b,agnews_short_v1,8,0.0002125264663284736,eb96b41e64d0db198499a88466f9426dd7ce072f5aaa454e236fe5bc8774bfdd
1.1501244376894115,1.1561686290415838,evaluator_classifier_b,__classifier__,__classifier__,"{""adaptation"": ""prompt_only"", ""temperature"": 0.3}",1.153195065595858,text_is,generator_tinyllama_1_1b,agnews_short_v1,8,0.004818809146385339,1a4117b228cd6193918dac4b0a73a20b5fd24098b30e5d40378ffdc5f8fe2916
0.993125,0.9971875000000001,evaluator_classifier_b,__classifier__,__classifier__,"{""adaptation"": ""prompt_only"", ""temperature"": 0.3}",0.9953125,unique_text_rate,generator_tinyllama_1_1b,agnews_short_v1,8,0.003116058636895569,9de5b0ed41541f5525fd884df1fa821a32294501499eca56bc0960a226b9e458
1.0,1.0,evaluator_classifier_b,__classifier__,__classifier__,"{""adaptation"": ""prompt_only"", ""temperature"": 0.3}",1.0,valid_text_rate,generator_tinyllama_1_1b,agnews_short_v1,8,0.0,eb67932bbced92d82636aabba429f2d3d3cc658a966ffb49b268a53e900917e8
0.6283619578269319,0.6379975706572779,evaluator_classifier_b,__classifier__,__classifier__,"{""adaptation"": ""prompt_only"", ""temperature"": 0.8}",0.632588000686061,distinct_2,generator_tinyllama_1_1b,agnews_short_v1,8,0.0077138855892865,14ba0cd9f4f1b36d835312b6c10c3b742f3a78174d69cfa0552083f48dd9bd5c
0.0,0.0,evaluator_classifier_b,__classifier__,__classifier__,"{""adaptation"": ""prompt_only"", ""temperature"": 0.8}",0.0,empty_text_rate,generator_tinyllama_1_1b,agnews_short_v1,8,0.0,ba9fa741628f0e675aca2b5da9bccbb63a634b33da62ef4df26dcbde7a2b102d
0.0,0.0,evaluator_classifier_b,__classifier__,__classifier__,"{""adaptation"": ""prompt_only"", ""temperature"": 0.8}",0.0,eos_first_token_rate,generator_tinyllama_1_1b,agnews_short_v1,8,0.0,093a860c520eae4ae1a093fab78eeee7878cc567785e63298459676ff2d3b56e
0.68875,0.7068749999999999,evaluator_classifier_b,__classifier__,__classifier__,"{""adaptation"": ""prompt_only"", ""temperature"": 0.8}",0.6971875000000001,label_accuracy,generator_tinyllama_1_1b,agnews_short_v1,8,0.013590799146060943,7e79528e0e799a7d72eaf8fc97a527a04bf46179e21bbacd1c94c89dda99c778
0.7828125,0.813125,evaluator_classifier_b,__classifier__,__classifier__,"{""adaptation"": ""prompt_only"", ""temperature"": 0.8}",0.79625,max_token_rate,generator_tinyllama_1_1b,agnews_short_v1,8,0.023566016694748018,06d460d720d90e8585c07559152bfbe12109307e8b4f89a2a0b406ce0b7b3ad2
89.780625,90.75978125,evaluator_classifier_b,__classifier__,__classifier__,"{""adaptation"": ""prompt_only"", ""temperature"": 0.8}",90.24562499999999,mean_generated_tokens,generator_tinyllama_1_1b,agnews_short_v1,8,0.76338151620649,f528cdd8a0fbe63cacb0080f1d2b2d05b9c4e39121208b571f283f025d9efd00
0.002062671165279535,0.0024127079145901584,evaluator_classifier_b,__classifier__,__classifier__,"{""adaptation"": ""prompt_only"", ""temperature"": 0.8}",0.0022594961817923058,special_token_rate,generator_tinyllama_1_1b,agnews_short_v1,8,0.00027498670239636434,545d1d5a33f3c54ffd4285d03dca0466e48424f4602cb23e25ae9217e1722d29
1.1783250974411077,1.186509516920755,evaluator_classifier_b,__classifier__,__classifier__,"{""adaptation"": ""prompt_only"", ""temperature"": 0.8}",1.182402018485192,text_is,generator_tinyllama_1_1b,agnews_short_v1,8,0.0062786196575594115,2bf0024c018ad76663af69ccb492ab3b3fde47b141628117ee3e2822fbe4f47a
1.0,1.0,evaluator_classifier_b,__classifier__,__classifier__,"{""adaptation"": ""prompt_only"", ""temperature"": 0.8}",1.0,unique_text_rate,generator_tinyllama_1_1b,agnews_short_v1,8,0.0,c1fd7966b3e99bc656fe97448c4e7c11e309124ac282d3b3590d26a83f058f90
0.9975,0.9996875000000001,evaluator_classifier_b,__classifier__,__classifier__,"{""adaptation"": ""prompt_only"", ""temperature"": 0.8}",0.99875,valid_text_rate,generator_tinyllama_1_1b,agnews_short_v1,8,0.0018898223650461274,f83848c05023ed0548855bed2a729fc6552e8bddb82a0fdbe631f5f8645394e2
0.5182707802920712,0.535650138949062,evaluator_classifier_b,__classifier__,__classifier__,"{""adaptation"": ""qlora"", ""temperature"": 0.3}",0.5275108085852737,distinct_2,generator_tinyllama_1_1b,agnews_short_v1,8,0.01392380794427091,21f0c751296c367feaced576d41c6ed8b64ab7fbd8c907f37c9defd870e0021f
0.0,0.0,evaluator_classifier_b,__classifier__,__classifier__,"{""adaptation"": ""qlora"", ""temperature"": 0.3}",0.0,empty_text_rate,generator_tinyllama_1_1b,agnews_short_v1,8,0.0,436f3e0ea7c358e2929cf9c2189b5085d39993747c12279e0221328923d20d1f
0.0,0.0,evaluator_classifier_b,__classifier__,__classifier__,"{""adaptation"": ""qlora"", ""temperature"": 0.3}",0.0,eos_first_token_rate,generator_tinyllama_1_1b,agnews_short_v1,8,0.0,983db214a5f794ba3b2a1d06bf273938cb33543f7abc1ae87cfe7b08b02a8762
0.8809375,0.8990624999999999,evaluator_classifier_b,__classifier__,__classifier__,"{""adaptation"": ""qlora"", ""temperature"": 0.3}",0.8909374999999999,label_accuracy,generator_tinyllama_1_1b,agnews_short_v1,8,0.014326392976401469,33af5684817f090f576714bf4a9d42c763446948dfc4453a2da4dddb512ca3fd
0.02875,0.0453125,evaluator_classifier_b,__classifier__,__classifier__,"{""adaptation"": ""qlora"", ""temperature"": 0.3}",0.0371875,max_token_rate,generator_tinyllama_1_1b,agnews_short_v1,8,0.013258252147247766,58099a0f9df10a9a5d294af9b04198dd644818030bf95f72272ef7b7081817b5
57.017812500000005,58.514375,evaluator_classifier_b,__classifier__,__classifier__,"{""adaptation"": ""qlora"", ""temperature"": 0.3}",57.703125,mean_generated_tokens,generator_tinyllama_1_1b,agnews_short_v1,8,1.2004528535396246,037052973d15dd325b2ebc091d3938de5e3781245b1f760146ff3b611c2cb9fb
0.01638205100652751,0.01701148733544347,evaluator_classifier_b,__classifier__,__classifier__,"{""adaptation"": ""qlora"", ""temperature"": 0.3}",0.016693931695369056,special_token_rate,generator_tinyllama_1_1b,agnews_short_v1,8,0.000499880895487546,0e211f9841bf385a7320cb88f07e1d724ae0a104e6db08d0d06fdde11ac9a602
1.2294353543261431,1.239515479536502,evaluator_classifier_b,__classifier__,__classifier__,"{""adaptation"": ""qlora"", ""temperature"": 0.3}",1.2343008962031112,text_is,generator_tinyllama_1_1b,agnews_short_v1,8,0.007886372399444574,bede301c8e314f953aedf18daea26d3317f33f3a3a7ce27b2ccfc2b57520c3d7
0.9978125,0.9996875000000001,evaluator_classifier_b,__classifier__,__classifier__,"{""adaptation"": ""qlora"", ""temperature"": 0.3}",0.99875,unique_text_rate,generator_tinyllama_1_1b,agnews_short_v1,8,0.0013363062095620934,5226681854133ff026e7373b744a8fd83fe14b65635f1fa20500b0c2909a68f4
0.9768749999999999,0.9871875,evaluator_classifier_b,__classifier__,__classifier__,"{""adaptation"": ""qlora"", ""temperature"": 0.3}",0.9821875,valid_text_rate,generator_tinyllama_1_1b,agnews_short_v1,8,0.007841908933052304,669edf9b0c69b17fe238217fd52475d003af4b25869a9edbc6f31d11892cb926
0.7537425679618558,0.7650808547857105,evaluator_classifier_b,__classifier__,__classifier__,"{""adaptation"": ""qlora"", ""temperature"": 0.8}",0.7602510861103081,distinct_2,generator_tinyllama_1_1b,agnews_short_v1,8,0.00876151792717874,e3b9efeb6c870bbd69fd26fb653d464ea0a67d73c2d1e590d28cdd39fd0d0bd9
0.0,0.0,evaluator_classifier_b,__classifier__,__classifier__,"{""adaptation"": ""qlora"", ""temperature"": 0.8}",0.0,empty_text_rate,generator_tinyllama_1_1b,agnews_short_v1,8,0.0,0fd6d089d13161b9f85ee78b7cda3ac650dd1020341af82b6586dd17bed1baa2
0.0,0.0,evaluator_classifier_b,__classifier__,__classifier__,"{""adaptation"": ""qlora"", ""temperature"": 0.8}",0.0,eos_first_token_rate,generator_tinyllama_1_1b,agnews_short_v1,8,0.0,e43c2d47a279564b7a892203266ff7b0471a2dc22611fc5480d2383efa182dc2
0.7740625,0.8078203125,evaluator_classifier_b,__classifier__,__classifier__,"{""adaptation"": ""qlora"", ""temperature"": 0.8}",0.7909375,label_accuracy,generator_tinyllama_1_1b,agnews_short_v1,8,0.02712199621287909,974ebc242630ad7a20f23393771058b53fce51d314f477282b8bd0cdd51c3f5f
0.0428125,0.053750000000000006,evaluator_classifier_b,__classifier__,__classifier__,"{""adaptation"": ""qlora"", ""temperature"": 0.8}",0.048125,max_token_rate,generator_tinyllama_1_1b,agnews_short_v1,8,0.008737235587660762,b94c7ce1ad5a692128f971dc1d8c8306e8aa392391a7e91922d998eaac80e43e
56.5993671875,57.440671875,evaluator_classifier_b,__classifier__,__classifier__,"{""adaptation"": ""qlora"", ""temperature"": 0.8}",57.0440625,mean_generated_tokens,generator_tinyllama_1_1b,agnews_short_v1,8,0.6519872609130164,842c25b7d99a5f56131e4e0f06d791a0129b9d849683a3c88bbf833e4fa755bf
0.016496622210129923,0.01687574488726945,evaluator_classifier_b,__classifier__,__classifier__,"{""adaptation"": ""qlora"", ""temperature"": 0.8}",0.0166893095413546,special_token_rate,generator_tinyllama_1_1b,agnews_short_v1,8,0.00029589109774505863,9a3c36178e83689795ef9a192093bd250cf999a5d8a9d7dfa832929c07b3477d
1.2427144673873038,1.254181296765588,evaluator_classifier_b,__classifier__,__classifier__,"{""adaptation"": ""qlora"", ""temperature"": 0.8}",1.248384020867608,text_is,generator_tinyllama_1_1b,agnews_short_v1,8,0.008787466447078777,61652cee7da65118b0264344b20dbab385a8b732fbba45140c5e6b9f291c9dca
1.0,1.0,evaluator_classifier_b,__classifier__,__classifier__,"{""adaptation"": ""qlora"", ""temperature"": 0.8}",1.0,unique_text_rate,generator_tinyllama_1_1b,agnews_short_v1,8,0.0,0dd9f7846135620ab742258afc6306585f52a1eb7feaaf3b36a09ff14ab9213d
0.9675,0.9771875000000001,evaluator_classifier_b,__classifier__,__classifier__,"{""adaptation"": ""qlora"", ""temperature"": 0.8}",0.9721875,valid_text_rate,generator_tinyllama_1_1b,agnews_short_v1,8,0.007492555829431184,a82b99cd5743ebf57ecf36d9eeb925f57d07888f0bb0bfc0b480c433836555dc
0.9309096899220443,0.9447403002066068,evaluator_classifier_b,evaluator_minilm,minilm,"{""adaptation"": ""prompt_only"", ""temperature"": 0.3}",0.9374820845637939,fbd,generator_medium_b,agnews_short_v1,8,0.010915339760238462,5685c55cf0a1d6ebeb581f91c60b2766790bac4db931b5b1d0b419a35bab9b0a
0.00804839473357618,0.009967173972489312,evaluator_classifier_b,evaluator_minilm,minilm,"{""adaptation"": ""prompt_only"", ""temperature"": 0.3}",0.008950406189860165,mauve_internal_sensitivity,generator_medium_b,agnews_short_v1,8,0.001534891227804339,004d3ac104a441c40e3139d1c4d2f6f2267003ce8d10596b983b4293dcad90c1
0.5467441987641679,0.5594034713637132,evaluator_classifier_b,evaluator_minilm,minilm,"{""adaptation"": ""prompt_only"", ""temperature"": 0.8}",0.5529711070066413,fbd,generator_medium_b,agnews_short_v1,8,0.009848700233024454,1777b89818bae0cda8b2739d547c0a78d9752ae5cadb8f5c2aaf72c8d3877638
0.029603135435291812,0.04074321652740008,evaluator_classifier_b,evaluator_minilm,minilm,"{""adaptation"": ""prompt_only"", ""temperature"": 0.8}",0.03451498262797898,mauve_internal_sensitivity,generator_medium_b,agnews_short_v1,8,0.008650308588004007,f026e04fe043a7f7b31dfcb568f632ee70950b0ba7ad5695f48cb79ecd98b4bc
0.4070505186744252,0.4267666065400063,evaluator_classifier_b,evaluator_minilm,minilm,"{""adaptation"": ""qlora"", ""temperature"": 0.3}",0.416527832068299,fbd,generator_medium_b,agnews_short_v1,8,0.015339662559700429,bec744f57e1f320f5d4c0e5be116a965ac453de60fa6ce89897f72a63a5301f6
0.22236129591665016,0.2872858656121258,evaluator_classifier_b,evaluator_minilm,minilm,"{""adaptation"": ""qlora"", ""temperature"": 0.3}",0.2508973410293301,mauve_internal_sensitivity,generator_medium_b,agnews_short_v1,8,0.0518421556303372,a3cc99cd59be4bd6b912b7d4fb0ae09d181600d37cdfa6b4e6e9d2716e11b962
0.19029850014749797,0.19829568481819412,evaluator_classifier_b,evaluator_minilm,minilm,"{""adaptation"": ""qlora"", ""temperature"": 0.8}",0.1941840704674721,fbd,generator_medium_b,agnews_short_v1,8,0.006288519259858659,33a77cbc1daa42968cc0757fb7428dea16f2b55cb1d949f36ac45895d46412a4
0.7647941668837692,0.826745877761076,evaluator_classifier_b,evaluator_minilm,minilm,"{""adaptation"": ""qlora"", ""temperature"": 0.8}",0.7963460719384542,mauve_internal_sensitivity,generator_medium_b,agnews_short_v1,8,0.048282400249165,3b681f6f58771df579ce023636b1998ba7e77fe053f449f7280173ad040c9318
0.7675013457974109,0.7909789220555257,evaluator_classifier_b,evaluator_minilm,minilm,"{""adaptation"": ""prompt_only"", ""temperature"": 0.3}",0.7793774402644079,fbd,generator_qwen_0_5b,agnews_short_v1,8,0.018352574672654984,dad96003e9d346f08c7536b3378cb5aec112ae483372aa11ad99dd5454140754
0.015443027632947401,0.018795004280354632,evaluator_classifier_b,evaluator_minilm,minilm,"{""adaptation"": ""prompt_only"", ""temperature"": 0.3}",0.017133180931781476,mauve_internal_sensitivity,generator_qwen_0_5b,agnews_short_v1,8,0.0026250673162176506,ecb15e87c57f469e11950eddc20b77cf5e5ece4ae3ce3444b73322471d8de486
0.44950389575944716,0.4580420814361633,evaluator_classifier_b,evaluator_minilm,minilm,"{""adaptation"": ""prompt_only"", ""temperature"": 0.8}",0.4531866268455784,fbd,generator_qwen_0_5b,agnews_short_v1,8,0.006485169561911928,9a0b1f887fe41f9e7102ba6e4a7da31139386d0266d1004987673c8459300a84
0.05591469519617995,0.08011482898196348,evaluator_classifier_b,evaluator_minilm,minilm,"{""adaptation"": ""prompt_only"", ""temperature"": 0.8}",0.06699412936268168,mauve_internal_sensitivity,generator_qwen_0_5b,agnews_short_v1,8,0.01825295268050406,4fab655d96597c3aaae01e4edb1e8216785de3e16e9f36f5126394c789f07e50
0.37079492637275724,0.39314706625708806,evaluator_classifier_b,evaluator_minilm,minilm,"{""adaptation"": ""qlora"", ""temperature"": 0.3}",0.3802692619597753,fbd,generator_qwen_0_5b,agnews_short_v1,8,0.017791461404754592,82ea78b40d9aed28d523efec6b1ee7effe8c0fb79b4d1906e18425033e552087
0.22705497223571308,0.3036432681462443,evaluator_classifier_b,evaluator_minilm,minilm,"{""adaptation"": ""qlora"", ""temperature"": 0.3}",0.26575968090530316,mauve_internal_sensitivity,generator_qwen_0_5b,agnews_short_v1,8,0.06001251139547864,aa4019cec1bb128f922303f85da4527deae96e741279a0bbdbf651b733f18a43
0.20952613771178535,0.21515020550361572,evaluator_classifier_b,evaluator_minilm,minilm,"{""adaptation"": ""qlora"", ""temperature"": 0.8}",0.21233694554863325,fbd,generator_qwen_0_5b,agnews_short_v1,8,0.004283328467464661,8221e95f436f9f3d0940b4541bd55d089683f7cc4f9b1f3936838a3834f7ea6d
0.6901648645352856,0.7636978913991205,evaluator_classifier_b,evaluator_minilm,minilm,"{""adaptation"": ""qlora"", ""temperature"": 0.8}",0.726607509738632,mauve_internal_sensitivity,generator_qwen_0_5b,agnews_short_v1,8,0.057310286571881135,bd01ea3f2758b4b4a43aaed490b7871ef45faae8c2e31b20ea3c6608f91e3402
0.746930520657717,0.7655703168283756,evaluator_classifier_b,evaluator_minilm,minilm,"{""adaptation"": ""prompt_only"", ""temperature"": 0.3}",0.7568850588160024,fbd,generator_small_a,agnews_short_v1,8,0.015174166861747551,027443aef173ce472d1781de7a4025de27b8bcd3299bf8bb28d64d49ec04eb94
0.022390753653900718,0.031966107490691516,evaluator_classifier_b,evaluator_minilm,minilm,"{""adaptation"": ""prompt_only"", ""temperature"": 0.3}",0.027412075597597917,mauve_internal_sensitivity,generator_small_a,agnews_short_v1,8,0.007537820605019748,27240d0e2080a3805b413e2fa3fc68e1576169614a944b8e87aab9a2f8721923
0.44266609944820956,0.4520245079341535,evaluator_classifier_b,evaluator_minilm,minilm,"{""adaptation"": ""prompt_only"", ""temperature"": 0.8}",0.4472958384229152,fbd,generator_small_a,agnews_short_v1,8,0.00724080159323153,a2b7fb06a708b9b92d987851305e44081e066f9da160d072528f9ff0da46aa43
0.08079280438456293,0.10442500142560696,evaluator_classifier_b,evaluator_minilm,minilm,"{""adaptation"": ""prompt_only"", ""temperature"": 0.8}",0.093187660427569,mauve_internal_sensitivity,generator_small_a,agnews_short_v1,8,0.018681324999441355,01c77e8b8d7da99fd9d4bc22a10dc8082687b47ec03978d9d5b7150e84f1d87d
0.35711442626722556,0.3840573924568971,evaluator_classifier_b,evaluator_minilm,minilm,"{""adaptation"": ""qlora"", ""temperature"": 0.3}",0.37139091420724546,fbd,generator_small_a,agnews_short_v1,8,0.021103825911336225,1980d4d8a778f861a86950156a957fdf9113cac4a28c65ac9ed6f7093fe39fa0
0.3306662101607717,0.43272997106808175,evaluator_classifier_b,evaluator_minilm,minilm,"{""adaptation"": ""qlora"", ""temperature"": 0.3}",0.38169996588874144,mauve_internal_sensitivity,generator_small_a,agnews_short_v1,8,0.08198871183787299,487cf469ff91ec4a36847f12457cb4aad73753529cc2ec874e952be2573f5580
0.1835888180716933,0.19129390253201792,evaluator_classifier_b,evaluator_minilm,minilm,"{""adaptation"": ""qlora"", ""temperature"": 0.8}",0.18744080756085166,fbd,generator_small_a,agnews_short_v1,8,0.006163571570067094,d2e370944b2f9cda1dcaa11e3a6532274aa8911abe99e132d7a64ecc1d882132
0.8734175194111031,0.9182129690693046,evaluator_classifier_b,evaluator_minilm,minilm,"{""adaptation"": ""qlora"", ""temperature"": 0.8}",0.8942135380672689,mauve_internal_sensitivity,generator_small_a,agnews_short_v1,8,0.03573681784426497,18233ca338c3c12acb40c1cdb6a3fc0a0a19437cbb026d7756a01d1805b7bbe2
0.7515735385613466,0.7681636471553255,evaluator_classifier_b,evaluator_minilm,minilm,"{""adaptation"": ""prompt_only"", ""temperature"": 0.3}",0.7598088298701355,fbd,generator_smollm_1_7b,agnews_short_v1,8,0.01313659956943768,c8832d219a598a5dc417bfefd1c091d2514df75ddaeff3b74ee1edd1c3a6db70
0.010656900415857954,0.012979264975190785,evaluator_classifier_b,evaluator_minilm,minilm,"{""adaptation"": ""prompt_only"", ""temperature"": 0.3}",0.011878456226711128,mauve_internal_sensitivity,generator_smollm_1_7b,agnews_short_v1,8,0.0017952653527148164,ef36db217a0d72535e411211718f5df7252aeaf3190daa398dc2cd20495c7b86
0.43469890997246957,0.4429560951305975,evaluator_classifier_b,evaluator_minilm,minilm,"{""adaptation"": ""prompt_only"", ""temperature"": 0.8}",0.43884166746658115,fbd,generator_smollm_1_7b,agnews_short_v1,8,0.006475564306344524,a1660765b18433f8145782f5db910aee5ec3ea039ed5f25def709212f4afaa9b
0.05862522407755481,0.07967464363659614,evaluator_classifier_b,evaluator_minilm,minilm,"{""adaptation"": ""prompt_only"", ""temperature"": 0.8}",0.06871825104628863,mauve_internal_sensitivity,generator_smollm_1_7b,agnews_short_v1,8,0.01593206289400303,eafba3a756e2bd08aafc64bf78462426481d42a0d3bb335ef0b4d1a96c6b8973
0.361253255352448,0.38240832043892015,evaluator_classifier_b,evaluator_minilm,minilm,"{""adaptation"": ""qlora"", ""temperature"": 0.3}",0.3714559945755491,fbd,generator_smollm_1_7b,agnews_short_v1,8,0.016450485053432776,f0397fd39914b792f4f7ae45decfc9eaa68f768cfb7240a28ce287d43a6cc956
0.25689813610956247,0.3307079986277269,evaluator_classifier_b,evaluator_minilm,minilm,"{""adaptation"": ""qlora"", ""temperature"": 0.3}",0.29092508991779853,mauve_internal_sensitivity,generator_smollm_1_7b,agnews_short_v1,8,0.05704591466292421,3f7e6dcd504d309fbaa129918de9d2f223f7f1241c7b732f2e3f0cb287547328
0.16197132645978474,0.1690833119246424,evaluator_classifier_b,evaluator_minilm,minilm,"{""adaptation"": ""qlora"", ""temperature"": 0.8}",0.1653770112482357,fbd,generator_smollm_1_7b,agnews_short_v1,8,0.005540619450951909,b6dc9524a225e1850166ae19a7b05324634f0705a8a8cb886722520190fde64c
0.8840254916716742,0.9213017136368641,evaluator_classifier_b,evaluator_minilm,minilm,"{""adaptation"": ""qlora"", ""temperature"": 0.8}",0.9016647461999696,mauve_internal_sensitivity,generator_smollm_1_7b,agnews_short_v1,8,0.028386251793466908,6135fc74aab36de199347f9ebee0bcff731a08231d4746ac350e950b286a64a0
0.590617805514831,0.6108384813779386,evaluator_classifier_b,evaluator_minilm,minilm,"{""adaptation"": ""prompt_only"", ""temperature"": 0.3}",0.60100787218135,fbd,generator_smollm_360m,agnews_short_v1,8,0.016037179501893883,05bdad7131b85bc87ee38ff4a19baafd2ee9be9facf5a6d1d5acabce22148c35
0.05523296488365993,0.0809010170488161,evaluator_classifier_b,evaluator_minilm,minilm,"{""adaptation"": ""prompt_only"", ""temperature"": 0.3}",0.06507996691964144,mauve_internal_sensitivity,generator_smollm_360m,agnews_short_v1,8,0.021220506222377516,3a61930d6d2692ceff1f208d81101fdfbb0b5ce6b29b7fd12559b2d7f3883ff2
0.3745258091320925,0.38741460626894875,evaluator_classifier_b,evaluator_minilm,minilm,"{""adaptation"": ""prompt_only"", ""temperature"": 0.8}",0.38083860581510004,fbd,generator_smollm_360m,agnews_short_v1,8,0.010175473907654909,b32580846fc23096c1e94b8df77f3b07ef8012337a1564adbdca4d1e6a48902a
0.10760208633306828,0.13663336541592985,evaluator_classifier_b,evaluator_minilm,minilm,"{""adaptation"": ""prompt_only"", ""temperature"": 0.8}",0.12179175697184039,mauve_internal_sensitivity,generator_smollm_360m,agnews_short_v1,8,0.02270602475193383,0c80e7659bde5e1ecbb2020b42cdc589f58788d657d73fea8119bd736b0fce93
0.42092834990350836,0.4357463281327213,evaluator_classifier_b,evaluator_minilm,minilm,"{""adaptation"": ""qlora"", ""temperature"": 0.3}",0.42809409500797513,fbd,generator_smollm_360m,agnews_short_v1,8,0.011431943198886262,7137fc6cbaaed8e0e19c69bc29e22a1032d650bb19ce480746c97789ee4cf4f4
0.13370483557122767,0.20819112212206406,evaluator_classifier_b,evaluator_minilm,minilm,"{""adaptation"": ""qlora"", ""temperature"": 0.3}",0.16980567133640168,mauve_internal_sensitivity,generator_smollm_360m,agnews_short_v1,8,0.05692279652639026,6cf21d1e96a3eda6769a5b46a0d9e90ab0d2d16281192d94f2951c9b86694b17
0.19693183022944136,0.2012484414121996,evaluator_classifier_b,evaluator_minilm,minilm,"{""adaptation"": ""qlora"", ""temperature"": 0.8}",0.19910126054756724,fbd,generator_smollm_360m,agnews_short_v1,8,0.0033889177733774927,c845270ee7bf656dac4f29c8934adc06a68bbf8e4c228c2b0ba81add3200b92d
0.7272134955155314,0.7773106068719404,evaluator_classifier_b,evaluator_minilm,minilm,"{""adaptation"": ""qlora"", ""temperature"": 0.8}",0.7529104422719735,mauve_internal_sensitivity,generator_smollm_360m,agnews_short_v1,8,0.039924253322247964,b56156fdb9849ca7e8de4193edf3651cd4ff61cc38145306b5f2ffc5a6ce1722
0.522894238214686,0.5351856563999967,evaluator_classifier_b,evaluator_minilm,minilm,"{""adaptation"": ""prompt_only"", ""temperature"": 0.3}",0.5289638469195208,fbd,generator_tinyllama_1_1b,agnews_short_v1,8,0.00946633550471326,1ecdfbc08716e25c255e4ab5a4b16240ab09f17cf232f403f541d5e4a9f20312
0.05183991301418839,0.08474156695793336,evaluator_classifier_b,evaluator_minilm,minilm,"{""adaptation"": ""prompt_only"", ""temperature"": 0.3}",0.06508180236807555,mauve_internal_sensitivity,generator_tinyllama_1_1b,agnews_short_v1,8,0.0260535704855367,4cd18d85e178ebf7142f8228dad13443f095337749e4aa8160d86642c6e956aa
0.27657954816846425,0.28473699181419054,evaluator_classifier_b,evaluator_minilm,minilm,"{""adaptation"": ""prompt_only"", ""temperature"": 0.8}",0.281230421395431,fbd,generator_tinyllama_1_1b,agnews_short_v1,8,0.006250292773579285,435bab1f22873d711e66985420f787330368a7ae2197001fa8ebdbcdaca84841
0.2922526547514502,0.38489872932596786,evaluator_classifier_b,evaluator_minilm,minilm,"{""adaptation"": ""prompt_only"", ""temperature"": 0.8}",0.3327514585120342,mauve_internal_sensitivity,generator_tinyllama_1_1b,agnews_short_v1,8,0.07467769237223103,3ecdb852992d946cde60b82793201635124abca56db0ac3239d5aef771a895d9
0.3020493684439129,0.3170608555858452,evaluator_classifier_b,evaluator_minilm,minilm,"{""adaptation"": ""qlora"", ""temperature"": 0.3}",0.30864491213071765,fbd,generator_tinyllama_1_1b,agnews_short_v1,8,0.011121903170900107,7e5b14b5167fed09590a8ff8ea7d8bc630e70915de5e2b1fa26f633115d587b2
0.3658567855809223,0.4567277844036029,evaluator_classifier_b,evaluator_minilm,minilm,"{""adaptation"": ""qlora"", ""temperature"": 0.3}",0.4128057469279296,mauve_internal_sensitivity,generator_tinyllama_1_1b,agnews_short_v1,8,0.07233420727368682,53b8d16281c3d8dc2abc0fccdc23b846b4dccda504d9b029a2fbe258912d8683
0.16309004784758868,0.16806179759268722,evaluator_classifier_b,evaluator_minilm,minilm,"{""adaptation"": ""qlora"", ""temperature"": 0.8}",0.16570450853466118,fbd,generator_tinyllama_1_1b,agnews_short_v1,8,0.0038394903858503496,fa86a368599651cc5af8b551d662096772db37396317e8adb01b5e7830943a0d
0.8848788449361938,0.933620382567286,evaluator_classifier_b,evaluator_minilm,minilm,"{""adaptation"": ""qlora"", ""temperature"": 0.8}",0.9101254100196465,mauve_internal_sensitivity,generator_tinyllama_1_1b,agnews_short_v1,8,0.03733472521210007,f3e5a17fb09502a5afb4d4b390df870f64b7e07846f43a401d3869391070e6d0
1.0398089314143546,1.052412240718716,evaluator_classifier_b,evaluator_mpnet,mpnet,"{""adaptation"": ""prompt_only"", ""temperature"": 0.3}",1.0457198742888556,fbd,generator_medium_b,agnews_short_v1,8,0.01005291067962192,8b2e3c391c13cc6592e63b4e93bbd00ba4f9249aae4d8686d41a499a7a663344
0.007406129195343385,0.010905061726116381,evaluator_classifier_b,evaluator_mpnet,mpnet,"{""adaptation"": ""prompt_only"", ""temperature"": 0.3}",0.009085194610360848,mauve_internal_sensitivity,generator_medium_b,agnews_short_v1,8,0.0027627017257620726,a2677dd0377b513a381be54135ba8eb3ffa1d338237309240a4183b50a43de29
0.6512025730494552,0.6651807504104259,evaluator_classifier_b,evaluator_mpnet,mpnet,"{""adaptation"": ""prompt_only"", ""temperature"": 0.8}",0.657773525820244,fbd,generator_medium_b,agnews_short_v1,8,0.0107899286617687,a6c07e1b77316a24e6535de78c9a2413c2cd2f94014c6677bb608571b9a3bd69
0.03291379498576053,0.04685046981280406,evaluator_classifier_b,evaluator_mpnet,mpnet,"{""adaptation"": ""prompt_only"", ""temperature"": 0.8}",0.03965751638285801,mauve_internal_sensitivity,generator_medium_b,agnews_short_v1,8,0.01058581890049496,fda8aa1f66285d3dfd2d7a3c1098ac415ba91bfb6095f789bda38608c88df8b4
0.49080465149666136,0.5129249805585826,evaluator_classifier_b,evaluator_mpnet,mpnet,"{""adaptation"": ""qlora"", ""temperature"": 0.3}",0.5013878375875004,fbd,generator_medium_b,agnews_short_v1,8,0.01762904781582606,9118868df5451f21732e6509d8009a33f644227c14d3e5b8279e4c539065c0fe
0.24702830411617027,0.30811243818467926,evaluator_classifier_b,evaluator_mpnet,mpnet,"{""adaptation"": ""qlora"", ""temperature"": 0.3}",0.2772639060949438,mauve_internal_sensitivity,generator_medium_b,agnews_short_v1,8,0.04948573333780017,4f2ddc86bc6958ab88892ace15bc194e7924b8e60313e218283cb9da08c4113e
0.24390198072603814,0.252080058331576,evaluator_classifier_b,evaluator_mpnet,mpnet,"{""adaptation"": ""qlora"", ""temperature"": 0.8}",0.24787500635951065,fbd,generator_medium_b,agnews_short_v1,8,0.006487961796996023,7fd4147183181ab03c927980a321add93abd38f8c9783dcb74245df38c06cec5
0.7477450259943961,0.820004252551202,evaluator_classifier_b,evaluator_mpnet,mpnet,"{""adaptation"": ""qlora"", ""temperature"": 0.8}",0.7872433746835164,mauve_internal_sensitivity,generator_medium_b,agnews_short_v1,8,0.05621294781453426,2d76048a125f2413ed1c60ddf813337f4a732bdb160ea40c6a410f9a047d171c
0.8498931201190336,0.8716032258979285,evaluator_classifier_b,evaluator_mpnet,mpnet,"{""adaptation"": ""prompt_only"", ""temperature"": 0.3}",0.860802437115259,fbd,generator_qwen_0_5b,agnews_short_v1,8,0.016304860128731797,6a238ab8b80a3b05a347b73626cfe0147691791048fc535436aabfd21a4e5af3
0.015545959988498965,0.018994508247706994,evaluator_classifier_b,evaluator_mpnet,mpnet,"{""adaptation"": ""prompt_only"", ""temperature"": 0.3}",0.017560078034363897,mauve_internal_sensitivity,generator_qwen_0_5b,agnews_short_v1,8,0.0027940440128939766,96bb9a0ccf7764ad4c0f6dd00163007a6a04a69e247e1bc015b9ca52b13eb221
0.5289550878700772,0.540049564629808,evaluator_classifier_b,evaluator_mpnet,mpnet,"{""adaptation"": ""prompt_only"", ""temperature"": 0.8}",0.5339995410613647,fbd,generator_qwen_0_5b,agnews_short_v1,8,0.008793670065668037,8b5b06ada9c24ebac19993a887bdbffaa80dfdc888261b729516b082b2e53066
0.06639595412315362,0.09283950746992953,evaluator_classifier_b,evaluator_mpnet,mpnet,"{""adaptation"": ""prompt_only"", ""temperature"": 0.8}",0.0797416817828476,mauve_internal_sensitivity,generator_qwen_0_5b,agnews_short_v1,8,0.02014322205507973,868185e1bb2cf827796d0f3258c2aa6387f6cfb9e5d5e82be138c0f7237f9561
0.450359714644249,0.47788600105961976,evaluator_classifier_b,evaluator_mpnet,mpnet,"{""adaptation"": ""qlora"", ""temperature"": 0.3}",0.4626197061007391,fbd,generator_qwen_0_5b,agnews_short_v1,8,0.021820797675684827,1919eec009b5655fd394dc408a09698afc7be69a4190c7a43597038a3fa00411
0.21143698210769307,0.28519615213486493,evaluator_classifier_b,evaluator_mpnet,mpnet,"{""adaptation"": ""qlora"", ""temperature"": 0.3}",0.24673716867263934,mauve_internal_sensitivity,generator_qwen_0_5b,agnews_short_v1,8,0.0584100400357821,4cfebf9478a71fd117e4e28b0a1c00c590b32b5574ddbdc1bcdeb035250c94fc
0.26570076669434345,0.27265061996312334,evaluator_classifier_b,evaluator_mpnet,mpnet,"{""adaptation"": ""qlora"", ""temperature"": 0.8}",0.26904609579804206,fbd,generator_qwen_0_5b,agnews_short_v1,8,0.005416370621673091,ec8d12e17411f12ee583c0df43fc25c27b1425e4f4579d2772b7a207ab5b4b25
0.6519902893612435,0.7642542291568802,evaluator_classifier_b,evaluator_mpnet,mpnet,"{""adaptation"": ""qlora"", ""temperature"": 0.8}",0.7092371423956222,mauve_internal_sensitivity,generator_qwen_0_5b,agnews_short_v1,8,0.08817764762182258,35dc401981e631121dfb34d956178ff03f9836ece30fb2c0c1e87d11f66082f8
0.8426789997481771,0.8585043567569378,evaluator_classifier_b,evaluator_mpnet,mpnet,"{""adaptation"": ""prompt_only"", ""temperature"": 0.3}",0.8511804154183114,fbd,generator_small_a,agnews_short_v1,8,0.012475548472339783,40031025d58ac10dbe9526704327c2ab414b908646b6a89d2e8f68fb2fbbe601
0.02269839953716199,0.026797297758312678,evaluator_classifier_b,evaluator_mpnet,mpnet,"{""adaptation"": ""prompt_only"", ""temperature"": 0.3}",0.024768367155967412,mauve_internal_sensitivity,generator_small_a,agnews_short_v1,8,0.0031599572290814675,60d357d8ae711a983b72261113822b563ca79ec68cc440495d459d0d3595aa68
0.5320820275841245,0.5447502048355971,evaluator_classifier_b,evaluator_mpnet,mpnet,"{""adaptation"": ""prompt_only"", ""temperature"": 0.8}",0.5388660744688598,fbd,generator_small_a,agnews_short_v1,8,0.009747176972158591,0797365f4426aa0f5d8045a801aa833a46c4be7093e83b10ab66535c7b562454
0.08511565822382605,0.12281718587092764,evaluator_classifier_b,evaluator_mpnet,mpnet,"{""adaptation"": ""prompt_only"", ""temperature"": 0.8}",0.10242706264877655,mauve_internal_sensitivity,generator_small_a,agnews_short_v1,8,0.03004545244650687,c169e2838543e0f45f4b4cdac49466ae94db1bf6c04113a05f525ce348036b68
0.42614882792198483,0.45335403615392866,evaluator_classifier_b,evaluator_mpnet,mpnet,"{""adaptation"": ""qlora"", ""temperature"": 0.3}",0.4402395020087637,fbd,generator_small_a,agnews_short_v1,8,0.021695851060329858,4d62bfd89067384f4fa82c32574369381a57724379a60a70c985e0e7e84fe728
0.31709753549286546,0.4355772604484561,evaluator_classifier_b,evaluator_mpnet,mpnet,"{""adaptation"": ""qlora"", ""temperature"": 0.3}",0.37386885508542633,mauve_internal_sensitivity,generator_small_a,agnews_short_v1,8,0.08927480799146767,a6e1fd3e0a4d8785e03d371a01220c1616285417a6d6db4e5f731ff3265bffdc
0.23176485183853618,0.24264148283516396,evaluator_classifier_b,evaluator_mpnet,mpnet,"{""adaptation"": ""qlora"", ""temperature"": 0.8}",0.23651065377802036,fbd,generator_small_a,agnews_short_v1,8,0.008242132953443771,9093240928ab7d0f456801f313b21833275ad7d194b124a0c72c4cc553b60818
0.8412861523994571,0.9014529604292096,evaluator_classifier_b,evaluator_mpnet,mpnet,"{""adaptation"": ""qlora"", ""temperature"": 0.8}",0.8721014006755288,mauve_internal_sensitivity,generator_small_a,agnews_short_v1,8,0.047188243055409626,7bf74373a1562239655346520434ad68485571e46234770360833ebc64b23c43
0.8502374671010419,0.8641820430210122,evaluator_classifier_b,evaluator_mpnet,mpnet,"{""adaptation"": ""prompt_only"", ""temperature"": 0.3}",0.8572449989073463,fbd,generator_smollm_1_7b,agnews_short_v1,8,0.010839606774024275,472e3670fbedf172566879e07bbec33cb9bd323c75c6e4df95dfef614322a820
0.01036341362889173,0.01328797980687814,evaluator_classifier_b,evaluator_mpnet,mpnet,"{""adaptation"": ""prompt_only"", ""temperature"": 0.3}",0.01185790304071036,mauve_internal_sensitivity,generator_smollm_1_7b,agnews_short_v1,8,0.0023092002891976575,426051a486f8134524d00049229ff62ce1d6ecf622a9658093f1e16f8d59a48e
0.5293456146410365,0.540602420881337,evaluator_classifier_b,evaluator_mpnet,mpnet,"{""adaptation"": ""prompt_only"", ""temperature"": 0.8}",0.5346785456964575,fbd,generator_smollm_1_7b,agnews_short_v1,8,0.008826846337226493,49cac841259c11e11048f21c954ac725d669381f5e9098aee7796dc4a01565fb
0.06978120287046197,0.08514360934489987,evaluator_classifier_b,evaluator_mpnet,mpnet,"{""adaptation"": ""prompt_only"", ""temperature"": 0.8}",0.07737536591885606,mauve_internal_sensitivity,generator_smollm_1_7b,agnews_short_v1,8,0.0122310038748465,e2a3fe45fb9a8a6c09a5e607cfa43bbbe79b784ec581b07beb9a462a60b42a28
0.42856612145350914,0.4523179536882694,evaluator_classifier_b,evaluator_mpnet,mpnet,"{""adaptation"": ""qlora"", ""temperature"": 0.3}",0.43962995041704006,fbd,generator_smollm_1_7b,agnews_short_v1,8,0.01904930534120518,d9c3a67030e4d323850b2d5d3d1e614e77019356c3d266807b2cac6f9056e090
0.25995437385489817,0.3279178953292008,evaluator_classifier_b,evaluator_mpnet,mpnet,"{""adaptation"": ""qlora"", ""temperature"": 0.3}",0.2914453275773034,mauve_internal_sensitivity,generator_smollm_1_7b,agnews_short_v1,8,0.05416799503223764,856ea093d1f7351fbebbc4eee2a090d8995b4a4d10f8ec2e8c3ac96f6e6a3070
0.21269504829353045,0.21902528184634495,evaluator_classifier_b,evaluator_mpnet,mpnet,"{""adaptation"": ""qlora"", ""temperature"": 0.8}",0.2157029300235418,fbd,generator_smollm_1_7b,agnews_short_v1,8,0.004933955023489621,eb0e585adf35d75490839ef89fc4ae05d6463f743c24a20a2711e59c7f732d35
0.882647030735627,0.9281130151174757,evaluator_classifier_b,evaluator_mpnet,mpnet,"{""adaptation"": ""qlora"", ""temperature"": 0.8}",0.905848222709688,mauve_internal_sensitivity,generator_smollm_1_7b,agnews_short_v1,8,0.03552372208864569,0befc7f38fa237a50e3bc5054f12b73d32fdf67d9527b72e80e94773d97f26b8
0.6929796554165865,0.7118425600127214,evaluator_classifier_b,evaluator_mpnet,mpnet,"{""adaptation"": ""prompt_only"", ""temperature"": 0.3}",0.7021040857945657,fbd,generator_smollm_360m,agnews_short_v1,8,0.014774483722421843,de85ca04d6c711bfaf2e218d3e10a31e0d3ff5bbd38a437d06ff3e9921cabb53
0.04321358979936555,0.051268197038608014,evaluator_classifier_b,evaluator_mpnet,mpnet,"{""adaptation"": ""prompt_only"", ""temperature"": 0.3}",0.047094725353377026,mauve_internal_sensitivity,generator_smollm_360m,agnews_short_v1,8,0.006246352425837856,4baaf06e171e8295217a90a4cf911586131fb2fd1abe0bed9fb4935984a8ae71
0.47323927479285854,0.4900991135988156,evaluator_classifier_b,evaluator_mpnet,mpnet,"{""adaptation"": ""prompt_only"", ""temperature"": 0.8}",0.4812800307764983,fbd,generator_smollm_360m,agnews_short_v1,8,0.013494219795937677,287a8a69b2a75edd8095d9cbbe68267b7052165615574017ec69c9969f79361b
0.07944832253457598,0.12449156298296954,evaluator_classifier_b,evaluator_mpnet,mpnet,"{""adaptation"": ""prompt_only"", ""temperature"": 0.8}",0.10046979257123295,mauve_internal_sensitivity,generator_smollm_360m,agnews_short_v1,8,0.03687112089746143,3dc384d61f5ce9cb3d32265b9dbcc3378d08dfa8e9adfe17d3d0e894187eebc0
0.5097441129412517,0.5265824875528489,evaluator_classifier_b,evaluator_mpnet,mpnet,"{""adaptation"": ""qlora"", ""temperature"": 0.3}",0.5179084288923865,fbd,generator_smollm_360m,agnews_short_v1,8,0.013261376596134895,8e459b1f6ef4e04c9eb6f681b733a03b096b0ea76f314df4c332add10257cf4c
0.13503082980456402,0.18000468633282143,evaluator_classifier_b,evaluator_mpnet,mpnet,"{""adaptation"": ""qlora"", ""temperature"": 0.3}",0.1563687430315197,mauve_internal_sensitivity,generator_smollm_360m,agnews_short_v1,8,0.033875963937322,6c57d0a96a5b0c84e95f346002879f7b2dd69a124a7b704b6e9c610a36b4132c
0.2504841229564325,0.25773130280460743,evaluator_classifier_b,evaluator_mpnet,mpnet,"{""adaptation"": ""qlora"", ""temperature"": 0.8}",0.2542151076126986,fbd,generator_smollm_360m,agnews_short_v1,8,0.005412316513369333,702b8edfd576995eccdff49149632f9d64da3a80a2331f40d1408bf7b06432c0
0.6973590485972664,0.7743214461349301,evaluator_classifier_b,evaluator_mpnet,mpnet,"{""adaptation"": ""qlora"", ""temperature"": 0.8}",0.7387458630128529,mauve_internal_sensitivity,generator_smollm_360m,agnews_short_v1,8,0.0585392726554661,93d81365a78cbb6dd3ccb0935d9b21006896fda98ff79ccae0ba2d6213e84150
0.6590955560559342,0.6666833536453074,evaluator_classifier_b,evaluator_mpnet,mpnet,"{""adaptation"": ""prompt_only"", ""temperature"": 0.3}",0.6627525613324388,fbd,generator_tinyllama_1_1b,agnews_short_v1,8,0.005753976678850134,65aa04aa8dc8c0b3e77492802e25482035623ec83dfa4807b6493242e5e1394a
0.04035155948107298,0.05425293110022826,evaluator_classifier_b,evaluator_mpnet,mpnet,"{""adaptation"": ""prompt_only"", ""temperature"": 0.3}",0.04721695246220007,mauve_internal_sensitivity,generator_tinyllama_1_1b,agnews_short_v1,8,0.010954847497298362,de1824b767fe4d43ff54ad059cdce00ef4c22e39a06f12f068b0574c2f09b5e8
0.3644711679033084,0.3725928402101841,evaluator_classifier_b,evaluator_mpnet,mpnet,"{""adaptation"": ""prompt_only"", ""temperature"": 0.8}",0.36843299154857945,fbd,generator_tinyllama_1_1b,agnews_short_v1,8,0.006418651333736571,7b78f9a00799efc473919f4b7901650c2c3c025bff09fc8f40adb282474f89b0
0.2674015442115638,0.3240002894021466,evaluator_classifier_b,evaluator_mpnet,mpnet,"{""adaptation"": ""prompt_only"", ""temperature"": 0.8}",0.29412793863039083,mauve_internal_sensitivity,generator_tinyllama_1_1b,agnews_short_v1,8,0.04293845870625735,e0a03b5b7f1d40abec63b28c07ec2569f0cbdaabe95eef5e2d66915b1716b5fa
0.3795953399597572,0.3971988931447312,evaluator_classifier_b,evaluator_mpnet,mpnet,"{""adaptation"": ""qlora"", ""temperature"": 0.3}",0.3872832121814977,fbd,generator_tinyllama_1_1b,agnews_short_v1,8,0.01431593841856967,215675f1224a7910430ed0957e6e3b96f83286d9e78ddf0323181c4ed7e64a5a
0.3854744315311373,0.4806083656202059,evaluator_classifier_b,evaluator_mpnet,mpnet,"{""adaptation"": ""qlora"", ""temperature"": 0.3}",0.4370252024430874,mauve_internal_sensitivity,generator_tinyllama_1_1b,agnews_short_v1,8,0.07352345723616412,142a0e0ffb96945bf55d04e479eedd7696654a01c9cbfb8f24c5fd93456737f4
0.21001283136127952,0.21598744226670563,evaluator_classifier_b,evaluator_mpnet,mpnet,"{""adaptation"": ""qlora"", ""temperature"": 0.8}",0.21295332590280971,fbd,generator_tinyllama_1_1b,agnews_short_v1,8,0.004563560517164053,76aa6c29a43716b359f1dd6d38720f8973d3a0c8cb968da27062bc6d006ca488
0.8797120374547273,0.9147444291464759,evaluator_classifier_b,evaluator_mpnet,mpnet,"{""adaptation"": ""qlora"", ""temperature"": 0.8}",0.8981296519845132,mauve_internal_sensitivity,generator_tinyllama_1_1b,agnews_short_v1,8,0.026792065883434277,3c2f1e0cb2c86a51a9e9e21508872bd2700acf049c5c113971c0aef7dc4eeee2
