classifier_model_id,encoder_model_id,encoder_value,factors,job_id,metric_name,metric_value,model_id,prompt_id,sample_count,seed,status,unit_id
__none__,evaluator_minilm__evaluator_mpnet,evaluator_minilm__evaluator_mpnet,"{""encoder_pair"": ""evaluator_minilm__evaluator_mpnet"", ""rank_entity_fields"": ""model_id"", ""rank_method"": ""spearman"", ""stratum:factor:corpus"": ""dbpedia"", ""stratum:factor:temperature"": 0.6, ""stratum:factor:top_p"": 0.8, ""stratum:prompt_id"": ""open_news_v1""}",b70f99f9c819b367e3ff6fad5ac1c60e0604bddfbce860e3e942ddc49e641cf3,fbd_rank_stability,0.942857142857143,__meta__,open_news_v1,6,109,complete,__meta__
__none__,evaluator_minilm__evaluator_mpnet,evaluator_minilm__evaluator_mpnet,"{""encoder_pair"": ""evaluator_minilm__evaluator_mpnet"", ""rank_entity_fields"": ""model_id"", ""rank_method"": ""spearman"", ""stratum:factor:corpus"": ""yahoo_answers"", ""stratum:factor:temperature"": 0.3, ""stratum:factor:top_p"": 0.8, ""stratum:prompt_id"": ""open_news_v1""}",ed3222e214785d04c9d7857314b922f5f0d3d6e88113a824ccbb7871fe338bc2,fbd_rank_stability,0.6,__meta__,open_news_v1,6,109,complete,__meta__
__none__,evaluator_minilm__evaluator_mpnet,evaluator_minilm__evaluator_mpnet,"{""encoder_pair"": ""evaluator_minilm__evaluator_mpnet"", ""rank_entity_fields"": ""model_id"", ""rank_method"": ""spearman"", ""stratum:factor:corpus"": ""yahoo_answers"", ""stratum:factor:temperature"": 0.6, ""stratum:factor:top_p"": 0.8, ""stratum:prompt_id"": ""open_news_v1""}",8721d7bfaf94dad321f85253d05e21f943f0296be68be7c31bcbb6a7f5a69ebd,fbd_rank_stability,0.942857142857143,__meta__,open_news_v1,6,109,complete,__meta__
__none__,evaluator_minilm__evaluator_mpnet,evaluator_minilm__evaluator_mpnet,"{""encoder_pair"": ""evaluator_minilm__evaluator_mpnet"", ""rank_entity_fields"": ""model_id"", ""rank_method"": ""spearman"", ""stratum:factor:corpus"": ""yahoo_answers"", ""stratum:factor:temperature"": 0.9, ""stratum:factor:top_p"": 0.8, ""stratum:prompt_id"": ""open_news_v1""}",aa0eec87576179d375b5ff6ecfb94dcd8ae48e1e4ffd6dc768cd3330065fd5e1,fbd_rank_stability,1.0,__meta__,open_news_v1,6,109,complete,__meta__
__none__,evaluator_minilm__evaluator_mpnet,evaluator_minilm__evaluator_mpnet,"{""encoder_pair"": ""evaluator_minilm__evaluator_mpnet"", ""rank_entity_fields"": ""model_id"", ""rank_method"": ""spearman"", ""stratum:factor:corpus"": ""imdb_reviews"", ""stratum:factor:temperature"": 0.3, ""stratum:factor:top_p"": 0.95, ""stratum:prompt_id"": ""open_news_v1""}",1fde92c72abadd131438724edd157733f48d52620b6b741b84ebbfcc61974363,fbd_rank_stability,0.8285714285714287,__meta__,open_news_v1,6,109,complete,__meta__
__none__,evaluator_minilm__evaluator_mpnet,evaluator_minilm__evaluator_mpnet,"{""encoder_pair"": ""evaluator_minilm__evaluator_mpnet"", ""rank_entity_fields"": ""model_id"", ""rank_method"": ""spearman"", ""stratum:factor:corpus"": ""ag_news"", ""stratum:factor:temperature"": 0.3, ""stratum:factor:top_p"": 0.95, ""stratum:prompt_id"": ""open_news_v1""}",6cff1c7238b8baa8098ed6a4462de476d60195b8388928c3e968a33359c381dc,fbd_rank_stability,0.942857142857143,__meta__,open_news_v1,6,109,complete,__meta__
__none__,evaluator_minilm__evaluator_mpnet,evaluator_minilm__evaluator_mpnet,"{""encoder_pair"": ""evaluator_minilm__evaluator_mpnet"", ""rank_entity_fields"": ""model_id"", ""rank_method"": ""spearman"", ""stratum:factor:corpus"": ""amazon_reviews"", ""stratum:factor:temperature"": 0.9, ""stratum:factor:top_p"": 0.95, ""stratum:prompt_id"": ""open_news_v1""}",644fdd3da7edbfce3628deb3db938ec51a0c745b6c547d9a634bfcea2b23e070,fbd_rank_stability,0.942857142857143,__meta__,open_news_v1,6,109,complete,__meta__
__none__,evaluator_minilm__evaluator_mpnet,evaluator_minilm__evaluator_mpnet,"{""encoder_pair"": ""evaluator_minilm__evaluator_mpnet"", ""rank_entity_fields"": ""model_id"", ""rank_method"": ""spearman"", ""stratum:factor:corpus"": ""amazon_reviews"", ""stratum:factor:temperature"": 0.6, ""stratum:factor:top_p"": 0.8, ""stratum:prompt_id"": ""open_news_v1""}",602c0eb314e398197fcf5977f5dd7ae2f03557207b320bf96a7fcd1080903016,fbd_rank_stability,0.942857142857143,__meta__,open_news_v1,6,109,complete,__meta__
__none__,evaluator_minilm__evaluator_mpnet,evaluator_minilm__evaluator_mpnet,"{""encoder_pair"": ""evaluator_minilm__evaluator_mpnet"", ""rank_entity_fields"": ""model_id"", ""rank_method"": ""spearman"", ""stratum:factor:corpus"": ""yahoo_answers"", ""stratum:factor:temperature"": 0.6, ""stratum:factor:top_p"": 0.95, ""stratum:prompt_id"": ""open_news_v1""}",c704795a00123f8ed1f67ac96aabda00d645f2ce3d7b1c93d471fc37577ba818,fbd_rank_stability,1.0,__meta__,open_news_v1,6,109,complete,__meta__
__none__,evaluator_minilm__evaluator_mpnet,evaluator_minilm__evaluator_mpnet,"{""encoder_pair"": ""evaluator_minilm__evaluator_mpnet"", ""rank_entity_fields"": ""model_id"", ""rank_method"": ""spearman"", ""stratum:factor:corpus"": ""dbpedia"", ""stratum:factor:temperature"": 0.9, ""stratum:factor:top_p"": 0.8, ""stratum:prompt_id"": ""open_news_v1""}",60c7eb2e7a24bee7508fc2e87ae8d85964e634e5ddd2b51b0db51781bc7e1360,fbd_rank_stability,1.0,__meta__,open_news_v1,6,109,complete,__meta__
__none__,evaluator_minilm__evaluator_mpnet,evaluator_minilm__evaluator_mpnet,"{""encoder_pair"": ""evaluator_minilm__evaluator_mpnet"", ""rank_entity_fields"": ""model_id"", ""rank_method"": ""spearman"", ""stratum:factor:corpus"": ""imdb_reviews"", ""stratum:factor:temperature"": 0.6, ""stratum:factor:top_p"": 0.95, ""stratum:prompt_id"": ""open_news_v1""}",bb208eff04ad6b13ac96ec7bd505ab6f1a83d5b3cebefb4713bba892a2a60a2f,fbd_rank_stability,1.0,__meta__,open_news_v1,6,109,complete,__meta__
__none__,evaluator_minilm__evaluator_mpnet,evaluator_minilm__evaluator_mpnet,"{""encoder_pair"": ""evaluator_minilm__evaluator_mpnet"", ""rank_entity_fields"": ""model_id"", ""rank_method"": ""spearman"", ""stratum:factor:corpus"": ""amazon_reviews"", ""stratum:factor:temperature"": 0.6, ""stratum:factor:top_p"": 0.95, ""stratum:prompt_id"": ""open_news_v1""}",42179c0f029ca50defda04a831ab6241968899774222bf7569db86c0ac37b8bf,fbd_rank_stability,1.0,__meta__,open_news_v1,6,109,complete,__meta__
__none__,evaluator_minilm__evaluator_mpnet,evaluator_minilm__evaluator_mpnet,"{""encoder_pair"": ""evaluator_minilm__evaluator_mpnet"", ""rank_entity_fields"": ""model_id"", ""rank_method"": ""spearman"", ""stratum:factor:corpus"": ""dbpedia"", ""stratum:factor:temperature"": 0.9, ""stratum:factor:top_p"": 0.95, ""stratum:prompt_id"": ""open_news_v1""}",4c2daf3d1b2f67648e9510f5db089908fc093e2a9b11b8be0384fe667764abf2,fbd_rank_stability,0.942857142857143,__meta__,open_news_v1,6,109,complete,__meta__
__none__,evaluator_minilm__evaluator_mpnet,evaluator_minilm__evaluator_mpnet,"{""encoder_pair"": ""evaluator_minilm__evaluator_mpnet"", ""rank_entity_fields"": ""model_id"", ""rank_method"": ""spearman"", ""stratum:factor:corpus"": ""ag_news"", ""stratum:factor:temperature"": 0.3, ""stratum:factor:top_p"": 0.8, ""stratum:prompt_id"": ""open_news_v1""}",3317261b6a02eb9e330b680520d5dd1ae3271019cf9f405028909f6648b2dfe1,fbd_rank_stability,1.0,__meta__,open_news_v1,6,109,complete,__meta__
__none__,evaluator_minilm__evaluator_mpnet,evaluator_minilm__evaluator_mpnet,"{""encoder_pair"": ""evaluator_minilm__evaluator_mpnet"", ""rank_entity_fields"": ""model_id"", ""rank_method"": ""spearman"", ""stratum:factor:corpus"": ""dbpedia"", ""stratum:factor:temperature"": 0.6, ""stratum:factor:top_p"": 0.95, ""stratum:prompt_id"": ""open_news_v1""}",ab537a91e78800d1bf4e5370ed2c259f9b9562c173eb053c436fbc938a9b23ee,fbd_rank_stability,0.8285714285714287,__meta__,open_news_v1,6,109,complete,__meta__
__none__,evaluator_minilm__evaluator_mpnet,evaluator_minilm__evaluator_mpnet,"{""encoder_pair"": ""evaluator_minilm__evaluator_mpnet"", ""rank_entity_fields"": ""model_id"", ""rank_method"": ""spearman"", ""stratum:factor:corpus"": ""amazon_reviews"", ""stratum:factor:temperature"": 0.3, ""stratum:factor:top_p"": 0.8, ""stratum:prompt_id"": ""open_news_v1""}",1075df188ce03207456683b077b064b67012dcdabec6931384156a3dda4b7e9b,fbd_rank_stability,0.942857142857143,__meta__,open_news_v1,6,109,complete,__meta__
__none__,evaluator_minilm__evaluator_mpnet,evaluator_minilm__evaluator_mpnet,"{""encoder_pair"": ""evaluator_minilm__evaluator_mpnet"", ""rank_entity_fields"": ""model_id"", ""rank_method"": ""spearman"", ""stratum:factor:corpus"": ""ag_news"", ""stratum:factor:temperature"": 0.6, ""stratum:factor:top_p"": 0.8, ""stratum:prompt_id"": ""open_news_v1""}",a365ad7266acd231d8c9000c2ba4b1c9718cdc62a5d204f10381d2ebec2cfb6f,fbd_rank_stability,1.0,__meta__,open_news_v1,6,109,complete,__meta__
__none__,evaluator_minilm__evaluator_mpnet,evaluator_minilm__evaluator_mpnet,"{""encoder_pair"": ""evaluator_minilm__evaluator_mpnet"", ""rank_entity_fields"": ""model_id"", ""rank_method"": ""spearman"", ""stratum:factor:corpus"": ""imdb_reviews"", ""stratum:factor:temperature"": 0.6, ""stratum:factor:top_p"": 0.8, ""stratum:prompt_id"": ""open_news_v1""}",6eea56753a86853140c8afce111b6d42cc2bfcaf2d7ff3feb6d38f4986d04ec6,fbd_rank_stability,0.942857142857143,__meta__,open_news_v1,6,109,complete,__meta__
__none__,evaluator_minilm__evaluator_mpnet,evaluator_minilm__evaluator_mpnet,"{""encoder_pair"": ""evaluator_minilm__evaluator_mpnet"", ""rank_entity_fields"": ""model_id"", ""rank_method"": ""spearman"", ""stratum:factor:corpus"": ""amazon_reviews"", ""stratum:factor:temperature"": 0.9, ""stratum:factor:top_p"": 0.8, ""stratum:prompt_id"": ""open_news_v1""}",c651f1520219c8c90e68edd1b5f299aef36e450b99b15d5099fccec4c5ef4328,fbd_rank_stability,1.0,__meta__,open_news_v1,6,109,complete,__meta__
__none__,evaluator_minilm__evaluator_mpnet,evaluator_minilm__evaluator_mpnet,"{""encoder_pair"": ""evaluator_minilm__evaluator_mpnet"", ""rank_entity_fields"": ""model_id"", ""rank_method"": ""spearman"", ""stratum:factor:corpus"": ""imdb_reviews"", ""stratum:factor:temperature"": 0.9, ""stratum:factor:top_p"": 0.8, ""stratum:prompt_id"": ""open_news_v1""}",62de6d5eb4f83328094ad813fcb277201acf8a66d1e281bab04a2621532f0967,fbd_rank_stability,0.942857142857143,__meta__,open_news_v1,6,109,complete,__meta__
__none__,evaluator_minilm__evaluator_mpnet,evaluator_minilm__evaluator_mpnet,"{""encoder_pair"": ""evaluator_minilm__evaluator_mpnet"", ""rank_entity_fields"": ""model_id"", ""rank_method"": ""spearman"", ""stratum:factor:corpus"": ""ag_news"", ""stratum:factor:temperature"": 0.6, ""stratum:factor:top_p"": 0.95, ""stratum:prompt_id"": ""open_news_v1""}",c2113ccfef94bc080eac71f9187381fb8e8329490c82d0a1f390dbbc456bdc86,fbd_rank_stability,1.0,__meta__,open_news_v1,6,109,complete,__meta__
__none__,evaluator_minilm__evaluator_mpnet,evaluator_minilm__evaluator_mpnet,"{""encoder_pair"": ""evaluator_minilm__evaluator_mpnet"", ""rank_entity_fields"": ""model_id"", ""rank_method"": ""spearman"", ""stratum:factor:corpus"": ""ag_news"", ""stratum:factor:temperature"": 0.9, ""stratum:factor:top_p"": 0.8, ""stratum:prompt_id"": ""open_news_v1""}",dd20980b2492406fba485ab3af52b73f6890062ea937284d2f4c262e54194474,fbd_rank_stability,0.942857142857143,__meta__,open_news_v1,6,109,complete,__meta__
__none__,evaluator_minilm__evaluator_mpnet,evaluator_minilm__evaluator_mpnet,"{""encoder_pair"": ""evaluator_minilm__evaluator_mpnet"", ""rank_entity_fields"": ""model_id"", ""rank_method"": ""spearman"", ""stratum:factor:corpus"": ""dbpedia"", ""stratum:factor:temperature"": 0.3, ""stratum:factor:top_p"": 0.95, ""stratum:prompt_id"": ""open_news_v1""}",d02d39426e1245f6aa4bd9a2a59e223d3518ce2b216b6e69c07663025a2b9863,fbd_rank_stability,0.7714285714285715,__meta__,open_news_v1,6,109,complete,__meta__
__none__,evaluator_minilm__evaluator_mpnet,evaluator_minilm__evaluator_mpnet,"{""encoder_pair"": ""evaluator_minilm__evaluator_mpnet"", ""rank_entity_fields"": ""model_id"", ""rank_method"": ""spearman"", ""stratum:factor:corpus"": ""amazon_reviews"", ""stratum:factor:temperature"": 0.3, ""stratum:factor:top_p"": 0.95, ""stratum:prompt_id"": ""open_news_v1""}",e9723d9bcac792dcd6edc4ccc619536030786eec1e3135b3e686c2e5751e8a79,fbd_rank_stability,0.942857142857143,__meta__,open_news_v1,6,109,complete,__meta__
__none__,evaluator_minilm__evaluator_mpnet,evaluator_minilm__evaluator_mpnet,"{""encoder_pair"": ""evaluator_minilm__evaluator_mpnet"", ""rank_entity_fields"": ""model_id"", ""rank_method"": ""spearman"", ""stratum:factor:corpus"": ""yahoo_answers"", ""stratum:factor:temperature"": 0.9, ""stratum:factor:top_p"": 0.95, ""stratum:prompt_id"": ""open_news_v1""}",d9d21b586c0cd7a5f1e3b5bfbad42c7baca70f4164b104615bc08b097246900e,fbd_rank_stability,0.942857142857143,__meta__,open_news_v1,6,109,complete,__meta__
__none__,evaluator_minilm__evaluator_mpnet,evaluator_minilm__evaluator_mpnet,"{""encoder_pair"": ""evaluator_minilm__evaluator_mpnet"", ""rank_entity_fields"": ""model_id"", ""rank_method"": ""spearman"", ""stratum:factor:corpus"": ""yahoo_answers"", ""stratum:factor:temperature"": 0.3, ""stratum:factor:top_p"": 0.95, ""stratum:prompt_id"": ""open_news_v1""}",606d14ad20419be3d836a58c0a129e09df16438162ccad7a0f8bd9129935ac65,fbd_rank_stability,0.942857142857143,__meta__,open_news_v1,6,109,complete,__meta__
__none__,evaluator_minilm__evaluator_mpnet,evaluator_minilm__evaluator_mpnet,"{""encoder_pair"": ""evaluator_minilm__evaluator_mpnet"", ""rank_entity_fields"": ""model_id"", ""rank_method"": ""spearman"", ""stratum:factor:corpus"": ""ag_news"", ""stratum:factor:temperature"": 0.9, ""stratum:factor:top_p"": 0.95, ""stratum:prompt_id"": ""open_news_v1""}",66411fa0c5289e0a635b9c04266405e97205ca76a1613cf9d2b3256ad4806c3a,fbd_rank_stability,1.0,__meta__,open_news_v1,6,109,complete,__meta__
__none__,evaluator_minilm__evaluator_mpnet,evaluator_minilm__evaluator_mpnet,"{""encoder_pair"": ""evaluator_minilm__evaluator_mpnet"", ""rank_entity_fields"": ""model_id"", ""rank_method"": ""spearman"", ""stratum:factor:corpus"": ""imdb_reviews"", ""stratum:factor:temperature"": 0.9, ""stratum:factor:top_p"": 0.95, ""stratum:prompt_id"": ""open_news_v1""}",5b46bcc20894348d6bf847d2fbb1b60f7cfd2caa620fec83ba8e1cae9a57bf22,fbd_rank_stability,0.942857142857143,__meta__,open_news_v1,6,109,complete,__meta__
__none__,evaluator_minilm__evaluator_mpnet,evaluator_minilm__evaluator_mpnet,"{""encoder_pair"": ""evaluator_minilm__evaluator_mpnet"", ""rank_entity_fields"": ""model_id"", ""rank_method"": ""spearman"", ""stratum:factor:corpus"": ""dbpedia"", ""stratum:factor:temperature"": 0.3, ""stratum:factor:top_p"": 0.8, ""stratum:prompt_id"": ""open_news_v1""}",bba3034ec9abd101d2df301bf3b7e3b1620b7c0b04d2823552af4b8cc6dbe5bf,fbd_rank_stability,0.942857142857143,__meta__,open_news_v1,6,109,complete,__meta__
__none__,evaluator_minilm__evaluator_mpnet,evaluator_minilm__evaluator_mpnet,"{""encoder_pair"": ""evaluator_minilm__evaluator_mpnet"", ""rank_entity_fields"": ""model_id"", ""rank_method"": ""spearman"", ""stratum:factor:corpus"": ""imdb_reviews"", ""stratum:factor:temperature"": 0.3, ""stratum:factor:top_p"": 0.8, ""stratum:prompt_id"": ""open_news_v1""}",886928310bd41aa0d670019feafc510e86d95b6fe086bb481b128c1b1ee46db2,fbd_rank_stability,0.942857142857143,__meta__,open_news_v1,6,109,complete,__meta__
__none__,evaluator_minilm__evaluator_mpnet,evaluator_minilm__evaluator_mpnet,"{""encoder_pair"": ""evaluator_minilm__evaluator_mpnet"", ""rank_entity_fields"": ""model_id"", ""rank_method"": ""spearman"", ""stratum:factor:corpus"": ""dbpedia"", ""stratum:factor:temperature"": 0.6, ""stratum:factor:top_p"": 0.8, ""stratum:prompt_id"": ""open_news_v1""}",24cd3e42491c5a50177e7f586bbd55fae9d864243081353cba3d4c83482c9c37,fbd_rank_stability,0.942857142857143,__meta__,open_news_v1,6,17,complete,__meta__
__none__,evaluator_minilm__evaluator_mpnet,evaluator_minilm__evaluator_mpnet,"{""encoder_pair"": ""evaluator_minilm__evaluator_mpnet"", ""rank_entity_fields"": ""model_id"", ""rank_method"": ""spearman"", ""stratum:factor:corpus"": ""yahoo_answers"", ""stratum:factor:temperature"": 0.3, ""stratum:factor:top_p"": 0.8, ""stratum:prompt_id"": ""open_news_v1""}",76111358c783694e448530063137f7004cf63d967fb25c4548972dce1fb40e52,fbd_rank_stability,0.8285714285714287,__meta__,open_news_v1,6,17,complete,__meta__
__none__,evaluator_minilm__evaluator_mpnet,evaluator_minilm__evaluator_mpnet,"{""encoder_pair"": ""evaluator_minilm__evaluator_mpnet"", ""rank_entity_fields"": ""model_id"", ""rank_method"": ""spearman"", ""stratum:factor:corpus"": ""yahoo_answers"", ""stratum:factor:temperature"": 0.6, ""stratum:factor:top_p"": 0.8, ""stratum:prompt_id"": ""open_news_v1""}",930f7a32d44f3197baee8ffed2529fa82715083c4b796c973c25b6f2efad212b,fbd_rank_stability,0.942857142857143,__meta__,open_news_v1,6,17,complete,__meta__
__none__,evaluator_minilm__evaluator_mpnet,evaluator_minilm__evaluator_mpnet,"{""encoder_pair"": ""evaluator_minilm__evaluator_mpnet"", ""rank_entity_fields"": ""model_id"", ""rank_method"": ""spearman"", ""stratum:factor:corpus"": ""yahoo_answers"", ""stratum:factor:temperature"": 0.9, ""stratum:factor:top_p"": 0.8, ""stratum:prompt_id"": ""open_news_v1""}",2bf2e27e5aca274d4cf309acd3a1a46b820ee2384714ab8f8bbd80eec202723a,fbd_rank_stability,0.942857142857143,__meta__,open_news_v1,6,17,complete,__meta__
__none__,evaluator_minilm__evaluator_mpnet,evaluator_minilm__evaluator_mpnet,"{""encoder_pair"": ""evaluator_minilm__evaluator_mpnet"", ""rank_entity_fields"": ""model_id"", ""rank_method"": ""spearman"", ""stratum:factor:corpus"": ""imdb_reviews"", ""stratum:factor:temperature"": 0.3, ""stratum:factor:top_p"": 0.95, ""stratum:prompt_id"": ""open_news_v1""}",3cbcf1393fc2f455190a5961241b7039e286562386f750131577da26f5b097f8,fbd_rank_stability,0.942857142857143,__meta__,open_news_v1,6,17,complete,__meta__
__none__,evaluator_minilm__evaluator_mpnet,evaluator_minilm__evaluator_mpnet,"{""encoder_pair"": ""evaluator_minilm__evaluator_mpnet"", ""rank_entity_fields"": ""model_id"", ""rank_method"": ""spearman"", ""stratum:factor:corpus"": ""ag_news"", ""stratum:factor:temperature"": 0.3, ""stratum:factor:top_p"": 0.95, ""stratum:prompt_id"": ""open_news_v1""}",dc6ecad70e984a84f62a8d23b1339c7d761c022b175c4d7b901eed318673244c,fbd_rank_stability,0.8857142857142858,__meta__,open_news_v1,6,17,complete,__meta__
__none__,evaluator_minilm__evaluator_mpnet,evaluator_minilm__evaluator_mpnet,"{""encoder_pair"": ""evaluator_minilm__evaluator_mpnet"", ""rank_entity_fields"": ""model_id"", ""rank_method"": ""spearman"", ""stratum:factor:corpus"": ""amazon_reviews"", ""stratum:factor:temperature"": 0.9, ""stratum:factor:top_p"": 0.95, ""stratum:prompt_id"": ""open_news_v1""}",00801605d68ec9b307f64e51992f0cda0aabd1333312e266d37d2f7f053fd45f,fbd_rank_stability,1.0,__meta__,open_news_v1,6,17,complete,__meta__
__none__,evaluator_minilm__evaluator_mpnet,evaluator_minilm__evaluator_mpnet,"{""encoder_pair"": ""evaluator_minilm__evaluator_mpnet"", ""rank_entity_fields"": ""model_id"", ""rank_method"": ""spearman"", ""stratum:factor:corpus"": ""amazon_reviews"", ""stratum:factor:temperature"": 0.6, ""stratum:factor:top_p"": 0.8, ""stratum:prompt_id"": ""open_news_v1""}",ab1e08eea6d0008e08ffcc28c2b17f1d06cf562fcbc2aa21ebb64f18c61dd9a5,fbd_rank_stability,0.942857142857143,__meta__,open_news_v1,6,17,complete,__meta__
__none__,evaluator_minilm__evaluator_mpnet,evaluator_minilm__evaluator_mpnet,"{""encoder_pair"": ""evaluator_minilm__evaluator_mpnet"", ""rank_entity_fields"": ""model_id"", ""rank_method"": ""spearman"", ""stratum:factor:corpus"": ""yahoo_answers"", ""stratum:factor:temperature"": 0.6, ""stratum:factor:top_p"": 0.95, ""stratum:prompt_id"": ""open_news_v1""}",a7d263fb0b0a0f614e9ef9693db7b89d0be83d88e8243e61aedc4439e95736cd,fbd_rank_stability,1.0,__meta__,open_news_v1,6,17,complete,__meta__
__none__,evaluator_minilm__evaluator_mpnet,evaluator_minilm__evaluator_mpnet,"{""encoder_pair"": ""evaluator_minilm__evaluator_mpnet"", ""rank_entity_fields"": ""model_id"", ""rank_method"": ""spearman"", ""stratum:factor:corpus"": ""dbpedia"", ""stratum:factor:temperature"": 0.9, ""stratum:factor:top_p"": 0.8, ""stratum:prompt_id"": ""open_news_v1""}",f4df16f1644c0a82de83fd5c836b0f76d709dcee3a87d567e4ea98487fe77f88,fbd_rank_stability,0.8285714285714287,__meta__,open_news_v1,6,17,complete,__meta__
__none__,evaluator_minilm__evaluator_mpnet,evaluator_minilm__evaluator_mpnet,"{""encoder_pair"": ""evaluator_minilm__evaluator_mpnet"", ""rank_entity_fields"": ""model_id"", ""rank_method"": ""spearman"", ""stratum:factor:corpus"": ""imdb_reviews"", ""stratum:factor:temperature"": 0.6, ""stratum:factor:top_p"": 0.95, ""stratum:prompt_id"": ""open_news_v1""}",faae77689309c9821b9593d1f319fa4eb38d521d7b12f5724f2dead04ffc7a7b,fbd_rank_stability,1.0,__meta__,open_news_v1,6,17,complete,__meta__
__none__,evaluator_minilm__evaluator_mpnet,evaluator_minilm__evaluator_mpnet,"{""encoder_pair"": ""evaluator_minilm__evaluator_mpnet"", ""rank_entity_fields"": ""model_id"", ""rank_method"": ""spearman"", ""stratum:factor:corpus"": ""amazon_reviews"", ""stratum:factor:temperature"": 0.6, ""stratum:factor:top_p"": 0.95, ""stratum:prompt_id"": ""open_news_v1""}",72c0cc2a8ac0bb587677098990c50f6f6ac4b412cb74c3edf6e689183003206b,fbd_rank_stability,0.942857142857143,__meta__,open_news_v1,6,17,complete,__meta__
__none__,evaluator_minilm__evaluator_mpnet,evaluator_minilm__evaluator_mpnet,"{""encoder_pair"": ""evaluator_minilm__evaluator_mpnet"", ""rank_entity_fields"": ""model_id"", ""rank_method"": ""spearman"", ""stratum:factor:corpus"": ""dbpedia"", ""stratum:factor:temperature"": 0.9, ""stratum:factor:top_p"": 0.95, ""stratum:prompt_id"": ""open_news_v1""}",63e818cb76a88b98c3086779c7f9933e4f1ff467db956eb3fae9bac5c0c4bfba,fbd_rank_stability,1.0,__meta__,open_news_v1,6,17,complete,__meta__
__none__,evaluator_minilm__evaluator_mpnet,evaluator_minilm__evaluator_mpnet,"{""encoder_pair"": ""evaluator_minilm__evaluator_mpnet"", ""rank_entity_fields"": ""model_id"", ""rank_method"": ""spearman"", ""stratum:factor:corpus"": ""ag_news"", ""stratum:factor:temperature"": 0.3, ""stratum:factor:top_p"": 0.8, ""stratum:prompt_id"": ""open_news_v1""}",490b03196cdb9c4fb3c0c96e1e5f6d73397aeb7ff22aa1c7c1b34e65613b9db3,fbd_rank_stability,0.942857142857143,__meta__,open_news_v1,6,17,complete,__meta__
__none__,evaluator_minilm__evaluator_mpnet,evaluator_minilm__evaluator_mpnet,"{""encoder_pair"": ""evaluator_minilm__evaluator_mpnet"", ""rank_entity_fields"": ""model_id"", ""rank_method"": ""spearman"", ""stratum:factor:corpus"": ""dbpedia"", ""stratum:factor:temperature"": 0.6, ""stratum:factor:top_p"": 0.95, ""stratum:prompt_id"": ""open_news_v1""}",1f0627201314c64c0bdb260d73b88bc017ed8f2669d4f4faa0894285323456a8,fbd_rank_stability,0.942857142857143,__meta__,open_news_v1,6,17,complete,__meta__
__none__,evaluator_minilm__evaluator_mpnet,evaluator_minilm__evaluator_mpnet,"{""encoder_pair"": ""evaluator_minilm__evaluator_mpnet"", ""rank_entity_fields"": ""model_id"", ""rank_method"": ""spearman"", ""stratum:factor:corpus"": ""amazon_reviews"", ""stratum:factor:temperature"": 0.3, ""stratum:factor:top_p"": 0.8, ""stratum:prompt_id"": ""open_news_v1""}",df811c999f3c6fe326a215c5c029102335da1980e9a92741ca6bdd74952242e2,fbd_rank_stability,1.0,__meta__,open_news_v1,6,17,complete,__meta__
__none__,evaluator_minilm__evaluator_mpnet,evaluator_minilm__evaluator_mpnet,"{""encoder_pair"": ""evaluator_minilm__evaluator_mpnet"", ""rank_entity_fields"": ""model_id"", ""rank_method"": ""spearman"", ""stratum:factor:corpus"": ""ag_news"", ""stratum:factor:temperature"": 0.6, ""stratum:factor:top_p"": 0.8, ""stratum:prompt_id"": ""open_news_v1""}",1f43e1c757e2ecec98c5450721790f5cfa79133aed7e0dc660d343bf38786e29,fbd_rank_stability,1.0,__meta__,open_news_v1,6,17,complete,__meta__
__none__,evaluator_minilm__evaluator_mpnet,evaluator_minilm__evaluator_mpnet,"{""encoder_pair"": ""evaluator_minilm__evaluator_mpnet"", ""rank_entity_fields"": ""model_id"", ""rank_method"": ""spearman"", ""stratum:factor:corpus"": ""imdb_reviews"", ""stratum:factor:temperature"": 0.6, ""stratum:factor:top_p"": 0.8, ""stratum:prompt_id"": ""open_news_v1""}",38f984cab4719920fdf90fd831c871b5da1d9833f97e9fc0f5bef73be62bab95,fbd_rank_stability,0.942857142857143,__meta__,open_news_v1,6,17,complete,__meta__
__none__,evaluator_minilm__evaluator_mpnet,evaluator_minilm__evaluator_mpnet,"{""encoder_pair"": ""evaluator_minilm__evaluator_mpnet"", ""rank_entity_fields"": ""model_id"", ""rank_method"": ""spearman"", ""stratum:factor:corpus"": ""amazon_reviews"", ""stratum:factor:temperature"": 0.9, ""stratum:factor:top_p"": 0.8, ""stratum:prompt_id"": ""open_news_v1""}",c1bbfc163280cc8e9f5985638f523b00715d0deb8b71bca4f424de01f53ad3d3,fbd_rank_stability,1.0,__meta__,open_news_v1,6,17,complete,__meta__
__none__,evaluator_minilm__evaluator_mpnet,evaluator_minilm__evaluator_mpnet,"{""encoder_pair"": ""evaluator_minilm__evaluator_mpnet"", ""rank_entity_fields"": ""model_id"", ""rank_method"": ""spearman"", ""stratum:factor:corpus"": ""imdb_reviews"", ""stratum:factor:temperature"": 0.9, ""stratum:factor:top_p"": 0.8, ""stratum:prompt_id"": ""open_news_v1""}",5a27325b4cf391919563001c232ade7b93d93876f192bcd0d8ebb079825fe9cb,fbd_rank_stability,1.0,__meta__,open_news_v1,6,17,complete,__meta__
__none__,evaluator_minilm__evaluator_mpnet,evaluator_minilm__evaluator_mpnet,"{""encoder_pair"": ""evaluator_minilm__evaluator_mpnet"", ""rank_entity_fields"": ""model_id"", ""rank_method"": ""spearman"", ""stratum:factor:corpus"": ""ag_news"", ""stratum:factor:temperature"": 0.6, ""stratum:factor:top_p"": 0.95, ""stratum:prompt_id"": ""open_news_v1""}",dfc1883fd0a8fca51e4382f64c35ddfaf61a196deab02cb4996e3e2221012fc0,fbd_rank_stability,0.942857142857143,__meta__,open_news_v1,6,17,complete,__meta__
__none__,evaluator_minilm__evaluator_mpnet,evaluator_minilm__evaluator_mpnet,"{""encoder_pair"": ""evaluator_minilm__evaluator_mpnet"", ""rank_entity_fields"": ""model_id"", ""rank_method"": ""spearman"", ""stratum:factor:corpus"": ""ag_news"", ""stratum:factor:temperature"": 0.9, ""stratum:factor:top_p"": 0.8, ""stratum:prompt_id"": ""open_news_v1""}",159328b6aea8746496942d3ba45724de95c05a52f6ef63bc264c3d2d15f7dfe5,fbd_rank_stability,1.0,__meta__,open_news_v1,6,17,complete,__meta__
__none__,evaluator_minilm__evaluator_mpnet,evaluator_minilm__evaluator_mpnet,"{""encoder_pair"": ""evaluator_minilm__evaluator_mpnet"", ""rank_entity_fields"": ""model_id"", ""rank_method"": ""spearman"", ""stratum:factor:corpus"": ""dbpedia"", ""stratum:factor:temperature"": 0.3, ""stratum:factor:top_p"": 0.95, ""stratum:prompt_id"": ""open_news_v1""}",254d45d3cf189814065b82ed920398176b517167d7ab9cf8944a3e6850a75d5d,fbd_rank_stability,0.7714285714285715,__meta__,open_news_v1,6,17,complete,__meta__
__none__,evaluator_minilm__evaluator_mpnet,evaluator_minilm__evaluator_mpnet,"{""encoder_pair"": ""evaluator_minilm__evaluator_mpnet"", ""rank_entity_fields"": ""model_id"", ""rank_method"": ""spearman"", ""stratum:factor:corpus"": ""amazon_reviews"", ""stratum:factor:temperature"": 0.3, ""stratum:factor:top_p"": 0.95, ""stratum:prompt_id"": ""open_news_v1""}",a0ff03d1193d49dc548a8334a03856ac66dba6e7456a11521e5456a4400da593,fbd_rank_stability,1.0,__meta__,open_news_v1,6,17,complete,__meta__
__none__,evaluator_minilm__evaluator_mpnet,evaluator_minilm__evaluator_mpnet,"{""encoder_pair"": ""evaluator_minilm__evaluator_mpnet"", ""rank_entity_fields"": ""model_id"", ""rank_method"": ""spearman"", ""stratum:factor:corpus"": ""yahoo_answers"", ""stratum:factor:temperature"": 0.9, ""stratum:factor:top_p"": 0.95, ""stratum:prompt_id"": ""open_news_v1""}",6d8ef383296acd385a7b82964ed4706bee71e9eebf97756f1f670ed605f37a3c,fbd_rank_stability,0.942857142857143,__meta__,open_news_v1,6,17,complete,__meta__
__none__,evaluator_minilm__evaluator_mpnet,evaluator_minilm__evaluator_mpnet,"{""encoder_pair"": ""evaluator_minilm__evaluator_mpnet"", ""rank_entity_fields"": ""model_id"", ""rank_method"": ""spearman"", ""stratum:factor:corpus"": ""yahoo_answers"", ""stratum:factor:temperature"": 0.3, ""stratum:factor:top_p"": 0.95, ""stratum:prompt_id"": ""open_news_v1""}",1f2cff0ddcf89d3e53b25cdc493778bb22218503c650745db4e0e2c4c51fa959,fbd_rank_stability,0.942857142857143,__meta__,open_news_v1,6,17,complete,__meta__
__none__,evaluator_minilm__evaluator_mpnet,evaluator_minilm__evaluator_mpnet,"{""encoder_pair"": ""evaluator_minilm__evaluator_mpnet"", ""rank_entity_fields"": ""model_id"", ""rank_method"": ""spearman"", ""stratum:factor:corpus"": ""ag_news"", ""stratum:factor:temperature"": 0.9, ""stratum:factor:top_p"": 0.95, ""stratum:prompt_id"": ""open_news_v1""}",21e329c94796ef614e2ce63f3d21a0306f1bf6b41ac301f4fe2c3973460c7e42,fbd_rank_stability,1.0,__meta__,open_news_v1,6,17,complete,__meta__
__none__,evaluator_minilm__evaluator_mpnet,evaluator_minilm__evaluator_mpnet,"{""encoder_pair"": ""evaluator_minilm__evaluator_mpnet"", ""rank_entity_fields"": ""model_id"", ""rank_method"": ""spearman"", ""stratum:factor:corpus"": ""imdb_reviews"", ""stratum:factor:temperature"": 0.9, ""stratum:factor:top_p"": 0.95, ""stratum:prompt_id"": ""open_news_v1""}",7470cdab74bb928830a4684bd6b09ee2c0ab9dc432737c566c7ab0b4b3415e94,fbd_rank_stability,1.0,__meta__,open_news_v1,6,17,complete,__meta__
__none__,evaluator_minilm__evaluator_mpnet,evaluator_minilm__evaluator_mpnet,"{""encoder_pair"": ""evaluator_minilm__evaluator_mpnet"", ""rank_entity_fields"": ""model_id"", ""rank_method"": ""spearman"", ""stratum:factor:corpus"": ""dbpedia"", ""stratum:factor:temperature"": 0.3, ""stratum:factor:top_p"": 0.8, ""stratum:prompt_id"": ""open_news_v1""}",68fae01c9085d4c23b320e20dc34b7405d9de6c9c2cba2c9b1a62474e7e1146c,fbd_rank_stability,0.7714285714285715,__meta__,open_news_v1,6,17,complete,__meta__
__none__,evaluator_minilm__evaluator_mpnet,evaluator_minilm__evaluator_mpnet,"{""encoder_pair"": ""evaluator_minilm__evaluator_mpnet"", ""rank_entity_fields"": ""model_id"", ""rank_method"": ""spearman"", ""stratum:factor:corpus"": ""imdb_reviews"", ""stratum:factor:temperature"": 0.3, ""stratum:factor:top_p"": 0.8, ""stratum:prompt_id"": ""open_news_v1""}",18bec9f4c9e74a89af312e84821287687a69b551ab152bdaf24e8eed2eb2a856,fbd_rank_stability,0.8285714285714287,__meta__,open_news_v1,6,17,complete,__meta__
__none__,evaluator_minilm__evaluator_mpnet,evaluator_minilm__evaluator_mpnet,"{""encoder_pair"": ""evaluator_minilm__evaluator_mpnet"", ""rank_entity_fields"": ""model_id"", ""rank_method"": ""spearman"", ""stratum:factor:corpus"": ""dbpedia"", ""stratum:factor:temperature"": 0.6, ""stratum:factor:top_p"": 0.8, ""stratum:prompt_id"": ""open_news_v1""}",6c76ed6d5731cb54d6d8efb27ca45afc141a6ca2a1e3bc63815dc878c4141864,fbd_rank_stability,0.8857142857142858,__meta__,open_news_v1,6,29,complete,__meta__
__none__,evaluator_minilm__evaluator_mpnet,evaluator_minilm__evaluator_mpnet,"{""encoder_pair"": ""evaluator_minilm__evaluator_mpnet"", ""rank_entity_fields"": ""model_id"", ""rank_method"": ""spearman"", ""stratum:factor:corpus"": ""yahoo_answers"", ""stratum:factor:temperature"": 0.3, ""stratum:factor:top_p"": 0.8, ""stratum:prompt_id"": ""open_news_v1""}",573a46311f3b4365128423d2cebe09cf6818b6f6d943c972a8574be7d6aaf957,fbd_rank_stability,0.8857142857142858,__meta__,open_news_v1,6,29,complete,__meta__
__none__,evaluator_minilm__evaluator_mpnet,evaluator_minilm__evaluator_mpnet,"{""encoder_pair"": ""evaluator_minilm__evaluator_mpnet"", ""rank_entity_fields"": ""model_id"", ""rank_method"": ""spearman"", ""stratum:factor:corpus"": ""yahoo_answers"", ""stratum:factor:temperature"": 0.6, ""stratum:factor:top_p"": 0.8, ""stratum:prompt_id"": ""open_news_v1""}",e205fcd9a90259782e0356ec956f58d47e5fcf0a154773441192641db411b8d2,fbd_rank_stability,0.942857142857143,__meta__,open_news_v1,6,29,complete,__meta__
__none__,evaluator_minilm__evaluator_mpnet,evaluator_minilm__evaluator_mpnet,"{""encoder_pair"": ""evaluator_minilm__evaluator_mpnet"", ""rank_entity_fields"": ""model_id"", ""rank_method"": ""spearman"", ""stratum:factor:corpus"": ""yahoo_answers"", ""stratum:factor:temperature"": 0.9, ""stratum:factor:top_p"": 0.8, ""stratum:prompt_id"": ""open_news_v1""}",ca4b20eb755dd84a7032ec05640dc81d7a1186845dad3d6b75ede594cc0e919a,fbd_rank_stability,1.0,__meta__,open_news_v1,6,29,complete,__meta__
__none__,evaluator_minilm__evaluator_mpnet,evaluator_minilm__evaluator_mpnet,"{""encoder_pair"": ""evaluator_minilm__evaluator_mpnet"", ""rank_entity_fields"": ""model_id"", ""rank_method"": ""spearman"", ""stratum:factor:corpus"": ""imdb_reviews"", ""stratum:factor:temperature"": 0.3, ""stratum:factor:top_p"": 0.95, ""stratum:prompt_id"": ""open_news_v1""}",64feb020772bec6881f9ef31b6faba45747d89a45385963d5e3a7d36eff61a20,fbd_rank_stability,0.942857142857143,__meta__,open_news_v1,6,29,complete,__meta__
__none__,evaluator_minilm__evaluator_mpnet,evaluator_minilm__evaluator_mpnet,"{""encoder_pair"": ""evaluator_minilm__evaluator_mpnet"", ""rank_entity_fields"": ""model_id"", ""rank_method"": ""spearman"", ""stratum:factor:corpus"": ""ag_news"", ""stratum:factor:temperature"": 0.3, ""stratum:factor:top_p"": 0.95, ""stratum:prompt_id"": ""open_news_v1""}",529e8433f5654ef1c9508f487f8e591f74b19dac5d94b178a8e41db668aa1407,fbd_rank_stability,1.0,__meta__,open_news_v1,6,29,complete,__meta__
__none__,evaluator_minilm__evaluator_mpnet,evaluator_minilm__evaluator_mpnet,"{""encoder_pair"": ""evaluator_minilm__evaluator_mpnet"", ""rank_entity_fields"": ""model_id"", ""rank_method"": ""spearman"", ""stratum:factor:corpus"": ""amazon_reviews"", ""stratum:factor:temperature"": 0.9, ""stratum:factor:top_p"": 0.95, ""stratum:prompt_id"": ""open_news_v1""}",67e8ab8ca7c1551909af1efc0aa7586fa28221cb78b9d677e8f219e4d748526b,fbd_rank_stability,1.0,__meta__,open_news_v1,6,29,complete,__meta__
__none__,evaluator_minilm__evaluator_mpnet,evaluator_minilm__evaluator_mpnet,"{""encoder_pair"": ""evaluator_minilm__evaluator_mpnet"", ""rank_entity_fields"": ""model_id"", ""rank_method"": ""spearman"", ""stratum:factor:corpus"": ""amazon_reviews"", ""stratum:factor:temperature"": 0.6, ""stratum:factor:top_p"": 0.8, ""stratum:prompt_id"": ""open_news_v1""}",0c48a92421210c36cf63c0a46b5cca0c54959527ce6031a18592be5a595db223,fbd_rank_stability,0.942857142857143,__meta__,open_news_v1,6,29,complete,__meta__
__none__,evaluator_minilm__evaluator_mpnet,evaluator_minilm__evaluator_mpnet,"{""encoder_pair"": ""evaluator_minilm__evaluator_mpnet"", ""rank_entity_fields"": ""model_id"", ""rank_method"": ""spearman"", ""stratum:factor:corpus"": ""yahoo_answers"", ""stratum:factor:temperature"": 0.6, ""stratum:factor:top_p"": 0.95, ""stratum:prompt_id"": ""open_news_v1""}",6b8cd2e9b88ee6155fce663ab734f197bf22cf0804b8ef1ff1cf734e029e0d2c,fbd_rank_stability,0.8285714285714287,__meta__,open_news_v1,6,29,complete,__meta__
__none__,evaluator_minilm__evaluator_mpnet,evaluator_minilm__evaluator_mpnet,"{""encoder_pair"": ""evaluator_minilm__evaluator_mpnet"", ""rank_entity_fields"": ""model_id"", ""rank_method"": ""spearman"", ""stratum:factor:corpus"": ""dbpedia"", ""stratum:factor:temperature"": 0.9, ""stratum:factor:top_p"": 0.8, ""stratum:prompt_id"": ""open_news_v1""}",bbfaac7dbd8c714160cece186d159b63b29bc970c63f130f1789c5a08edcbfcc,fbd_rank_stability,0.942857142857143,__meta__,open_news_v1,6,29,complete,__meta__
__none__,evaluator_minilm__evaluator_mpnet,evaluator_minilm__evaluator_mpnet,"{""encoder_pair"": ""evaluator_minilm__evaluator_mpnet"", ""rank_entity_fields"": ""model_id"", ""rank_method"": ""spearman"", ""stratum:factor:corpus"": ""imdb_reviews"", ""stratum:factor:temperature"": 0.6, ""stratum:factor:top_p"": 0.95, ""stratum:prompt_id"": ""open_news_v1""}",3973f186194fed71823522bfa5ffe9ac1f7a10d1e445a1773dfe6a4ea23e9e71,fbd_rank_stability,1.0,__meta__,open_news_v1,6,29,complete,__meta__
__none__,evaluator_minilm__evaluator_mpnet,evaluator_minilm__evaluator_mpnet,"{""encoder_pair"": ""evaluator_minilm__evaluator_mpnet"", ""rank_entity_fields"": ""model_id"", ""rank_method"": ""spearman"", ""stratum:factor:corpus"": ""amazon_reviews"", ""stratum:factor:temperature"": 0.6, ""stratum:factor:top_p"": 0.95, ""stratum:prompt_id"": ""open_news_v1""}",6a0ff1b0f1920ece158a46b76b53623149ecfe0488b5065205af581574340b28,fbd_rank_stability,0.7714285714285715,__meta__,open_news_v1,6,29,complete,__meta__
__none__,evaluator_minilm__evaluator_mpnet,evaluator_minilm__evaluator_mpnet,"{""encoder_pair"": ""evaluator_minilm__evaluator_mpnet"", ""rank_entity_fields"": ""model_id"", ""rank_method"": ""spearman"", ""stratum:factor:corpus"": ""dbpedia"", ""stratum:factor:temperature"": 0.9, ""stratum:factor:top_p"": 0.95, ""stratum:prompt_id"": ""open_news_v1""}",4036d4c0ca36aa6f68aea511b7b0ce2d8163e3bfd7d664d8d67c20e10012ca16,fbd_rank_stability,0.8285714285714287,__meta__,open_news_v1,6,29,complete,__meta__
__none__,evaluator_minilm__evaluator_mpnet,evaluator_minilm__evaluator_mpnet,"{""encoder_pair"": ""evaluator_minilm__evaluator_mpnet"", ""rank_entity_fields"": ""model_id"", ""rank_method"": ""spearman"", ""stratum:factor:corpus"": ""ag_news"", ""stratum:factor:temperature"": 0.3, ""stratum:factor:top_p"": 0.8, ""stratum:prompt_id"": ""open_news_v1""}",72fbcdaff9873d2f57036c0fd6b8d90555557abd9b1008c5217faa5ffec19fb4,fbd_rank_stability,0.942857142857143,__meta__,open_news_v1,6,29,complete,__meta__
__none__,evaluator_minilm__evaluator_mpnet,evaluator_minilm__evaluator_mpnet,"{""encoder_pair"": ""evaluator_minilm__evaluator_mpnet"", ""rank_entity_fields"": ""model_id"", ""rank_method"": ""spearman"", ""stratum:factor:corpus"": ""dbpedia"", ""stratum:factor:temperature"": 0.6, ""stratum:factor:top_p"": 0.95, ""stratum:prompt_id"": ""open_news_v1""}",c481035cd4fbf47f8206c9b9f67352cfb23042d25c6d7e16f2bd5340201452db,fbd_rank_stability,0.8857142857142858,__meta__,open_news_v1,6,29,complete,__meta__
__none__,evaluator_minilm__evaluator_mpnet,evaluator_minilm__evaluator_mpnet,"{""encoder_pair"": ""evaluator_minilm__evaluator_mpnet"", ""rank_entity_fields"": ""model_id"", ""rank_method"": ""spearman"", ""stratum:factor:corpus"": ""amazon_reviews"", ""stratum:factor:temperature"": 0.3, ""stratum:factor:top_p"": 0.8, ""stratum:prompt_id"": ""open_news_v1""}",5ca145f2f3a0f7afefaa126dbfa0bac8d78eb163325290d09bf0b409e9418dc1,fbd_rank_stability,1.0,__meta__,open_news_v1,6,29,complete,__meta__
__none__,evaluator_minilm__evaluator_mpnet,evaluator_minilm__evaluator_mpnet,"{""encoder_pair"": ""evaluator_minilm__evaluator_mpnet"", ""rank_entity_fields"": ""model_id"", ""rank_method"": ""spearman"", ""stratum:factor:corpus"": ""ag_news"", ""stratum:factor:temperature"": 0.6, ""stratum:factor:top_p"": 0.8, ""stratum:prompt_id"": ""open_news_v1""}",e22446001ef0e76528846ea5d4d5523140885125b9309c1e77c352fe62032cdf,fbd_rank_stability,1.0,__meta__,open_news_v1,6,29,complete,__meta__
__none__,evaluator_minilm__evaluator_mpnet,evaluator_minilm__evaluator_mpnet,"{""encoder_pair"": ""evaluator_minilm__evaluator_mpnet"", ""rank_entity_fields"": ""model_id"", ""rank_method"": ""spearman"", ""stratum:factor:corpus"": ""imdb_reviews"", ""stratum:factor:temperature"": 0.6, ""stratum:factor:top_p"": 0.8, ""stratum:prompt_id"": ""open_news_v1""}",add57001e63956685d9c9de5333a7b17ae18ff5a8584074b79e21932962a2361,fbd_rank_stability,0.942857142857143,__meta__,open_news_v1,6,29,complete,__meta__
__none__,evaluator_minilm__evaluator_mpnet,evaluator_minilm__evaluator_mpnet,"{""encoder_pair"": ""evaluator_minilm__evaluator_mpnet"", ""rank_entity_fields"": ""model_id"", ""rank_method"": ""spearman"", ""stratum:factor:corpus"": ""amazon_reviews"", ""stratum:factor:temperature"": 0.9, ""stratum:factor:top_p"": 0.8, ""stratum:prompt_id"": ""open_news_v1""}",30191f9b44fd199032e44ab7d6e6b5dfa8417aa580fd962bc6e695f5eb304527,fbd_rank_stability,1.0,__meta__,open_news_v1,6,29,complete,__meta__
__none__,evaluator_minilm__evaluator_mpnet,evaluator_minilm__evaluator_mpnet,"{""encoder_pair"": ""evaluator_minilm__evaluator_mpnet"", ""rank_entity_fields"": ""model_id"", ""rank_method"": ""spearman"", ""stratum:factor:corpus"": ""imdb_reviews"", ""stratum:factor:temperature"": 0.9, ""stratum:factor:top_p"": 0.8, ""stratum:prompt_id"": ""open_news_v1""}",4f33257e4612468fe25355092358eb8535c206fcd94c706c779fa7fe85039012,fbd_rank_stability,0.942857142857143,__meta__,open_news_v1,6,29,complete,__meta__
__none__,evaluator_minilm__evaluator_mpnet,evaluator_minilm__evaluator_mpnet,"{""encoder_pair"": ""evaluator_minilm__evaluator_mpnet"", ""rank_entity_fields"": ""model_id"", ""rank_method"": ""spearman"", ""stratum:factor:corpus"": ""ag_news"", ""stratum:factor:temperature"": 0.6, ""stratum:factor:top_p"": 0.95, ""stratum:prompt_id"": ""open_news_v1""}",10a7a12aeb98a41e98f9e9d0f5684d6573345470449d1c2a6e5fe95cf73d223c,fbd_rank_stability,0.942857142857143,__meta__,open_news_v1,6,29,complete,__meta__
__none__,evaluator_minilm__evaluator_mpnet,evaluator_minilm__evaluator_mpnet,"{""encoder_pair"": ""evaluator_minilm__evaluator_mpnet"", ""rank_entity_fields"": ""model_id"", ""rank_method"": ""spearman"", ""stratum:factor:corpus"": ""ag_news"", ""stratum:factor:temperature"": 0.9, ""stratum:factor:top_p"": 0.8, ""stratum:prompt_id"": ""open_news_v1""}",fbe0d4e8c5b299a6ae4079b3bfff183ef83806ddc7703c3c7892b54d3c203cc3,fbd_rank_stability,0.942857142857143,__meta__,open_news_v1,6,29,complete,__meta__
__none__,evaluator_minilm__evaluator_mpnet,evaluator_minilm__evaluator_mpnet,"{""encoder_pair"": ""evaluator_minilm__evaluator_mpnet"", ""rank_entity_fields"": ""model_id"", ""rank_method"": ""spearman"", ""stratum:factor:corpus"": ""dbpedia"", ""stratum:factor:temperature"": 0.3, ""stratum:factor:top_p"": 0.95, ""stratum:prompt_id"": ""open_news_v1""}",5e60eeb2376c57a24bac6ac2bcd4a841d9ecd534dab7dd63554fc57c43fce0fe,fbd_rank_stability,0.7714285714285715,__meta__,open_news_v1,6,29,complete,__meta__
__none__,evaluator_minilm__evaluator_mpnet,evaluator_minilm__evaluator_mpnet,"{""encoder_pair"": ""evaluator_minilm__evaluator_mpnet"", ""rank_entity_fields"": ""model_id"", ""rank_method"": ""spearman"", ""stratum:factor:corpus"": ""amazon_reviews"", ""stratum:factor:temperature"": 0.3, ""stratum:factor:top_p"": 0.95, ""stratum:prompt_id"": ""open_news_v1""}",46c724dba9f7e44bcf28dd99a82f92387904ded46557e9863798914c77770572,fbd_rank_stability,0.942857142857143,__meta__,open_news_v1,6,29,complete,__meta__
__none__,evaluator_minilm__evaluator_mpnet,evaluator_minilm__evaluator_mpnet,"{""encoder_pair"": ""evaluator_minilm__evaluator_mpnet"", ""rank_entity_fields"": ""model_id"", ""rank_method"": ""spearman"", ""stratum:factor:corpus"": ""yahoo_answers"", ""stratum:factor:temperature"": 0.9, ""stratum:factor:top_p"": 0.95, ""stratum:prompt_id"": ""open_news_v1""}",bb65d923014cf31d265f3d980b1df0f63095dc4388980d3b8290cc539ab862ad,fbd_rank_stability,1.0,__meta__,open_news_v1,6,29,complete,__meta__
__none__,evaluator_minilm__evaluator_mpnet,evaluator_minilm__evaluator_mpnet,"{""encoder_pair"": ""evaluator_minilm__evaluator_mpnet"", ""rank_entity_fields"": ""model_id"", ""rank_method"": ""spearman"", ""stratum:factor:corpus"": ""yahoo_answers"", ""stratum:factor:temperature"": 0.3, ""stratum:factor:top_p"": 0.95, ""stratum:prompt_id"": ""open_news_v1""}",7a7a660b38991abbd731e8075881956d01767c44b9676aa333038c95426ec427,fbd_rank_stability,0.8285714285714287,__meta__,open_news_v1,6,29,complete,__meta__
__none__,evaluator_minilm__evaluator_mpnet,evaluator_minilm__evaluator_mpnet,"{""encoder_pair"": ""evaluator_minilm__evaluator_mpnet"", ""rank_entity_fields"": ""model_id"", ""rank_method"": ""spearman"", ""stratum:factor:corpus"": ""ag_news"", ""stratum:factor:temperature"": 0.9, ""stratum:factor:top_p"": 0.95, ""stratum:prompt_id"": ""open_news_v1""}",62747fee426300ef10bc08fb4c3703bbadf5c45563ae4e35e1e6585f1a58b098,fbd_rank_stability,1.0,__meta__,open_news_v1,6,29,complete,__meta__
__none__,evaluator_minilm__evaluator_mpnet,evaluator_minilm__evaluator_mpnet,"{""encoder_pair"": ""evaluator_minilm__evaluator_mpnet"", ""rank_entity_fields"": ""model_id"", ""rank_method"": ""spearman"", ""stratum:factor:corpus"": ""imdb_reviews"", ""stratum:factor:temperature"": 0.9, ""stratum:factor:top_p"": 0.95, ""stratum:prompt_id"": ""open_news_v1""}",18696ea4b9edb73594928e97bb0a7fce774f61e4c13fe2eb775a8888bd137bb6,fbd_rank_stability,1.0,__meta__,open_news_v1,6,29,complete,__meta__
__none__,evaluator_minilm__evaluator_mpnet,evaluator_minilm__evaluator_mpnet,"{""encoder_pair"": ""evaluator_minilm__evaluator_mpnet"", ""rank_entity_fields"": ""model_id"", ""rank_method"": ""spearman"", ""stratum:factor:corpus"": ""dbpedia"", ""stratum:factor:temperature"": 0.3, ""stratum:factor:top_p"": 0.8, ""stratum:prompt_id"": ""open_news_v1""}",53b075641776773fe924ff4c8e25223417f911851ac84278f6e74117d8ee6be7,fbd_rank_stability,0.8857142857142858,__meta__,open_news_v1,6,29,complete,__meta__
__none__,evaluator_minilm__evaluator_mpnet,evaluator_minilm__evaluator_mpnet,"{""encoder_pair"": ""evaluator_minilm__evaluator_mpnet"", ""rank_entity_fields"": ""model_id"", ""rank_method"": ""spearman"", ""stratum:factor:corpus"": ""imdb_reviews"", ""stratum:factor:temperature"": 0.3, ""stratum:factor:top_p"": 0.8, ""stratum:prompt_id"": ""open_news_v1""}",c7168c39a4dfb2d9957f6a6edc9c90dc5bda0405b3d590c933cbf80e06be03eb,fbd_rank_stability,1.0,__meta__,open_news_v1,6,29,complete,__meta__
__none__,evaluator_minilm__evaluator_mpnet,evaluator_minilm__evaluator_mpnet,"{""encoder_pair"": ""evaluator_minilm__evaluator_mpnet"", ""rank_entity_fields"": ""model_id"", ""rank_method"": ""spearman"", ""stratum:factor:corpus"": ""dbpedia"", ""stratum:factor:temperature"": 0.6, ""stratum:factor:top_p"": 0.8, ""stratum:prompt_id"": ""open_news_v1""}",7988709debcec8815f9945abf20748c50e831976aa9dec5db3e5344102efc928,fbd_rank_stability,0.942857142857143,__meta__,open_news_v1,6,43,complete,__meta__
__none__,evaluator_minilm__evaluator_mpnet,evaluator_minilm__evaluator_mpnet,"{""encoder_pair"": ""evaluator_minilm__evaluator_mpnet"", ""rank_entity_fields"": ""model_id"", ""rank_method"": ""spearman"", ""stratum:factor:corpus"": ""yahoo_answers"", ""stratum:factor:temperature"": 0.3, ""stratum:factor:top_p"": 0.8, ""stratum:prompt_id"": ""open_news_v1""}",8b18ed9e02f3a86fd34f8963265cb675c00919350e38b876bd1a8f4be3604b74,fbd_rank_stability,0.942857142857143,__meta__,open_news_v1,6,43,complete,__meta__
__none__,evaluator_minilm__evaluator_mpnet,evaluator_minilm__evaluator_mpnet,"{""encoder_pair"": ""evaluator_minilm__evaluator_mpnet"", ""rank_entity_fields"": ""model_id"", ""rank_method"": ""spearman"", ""stratum:factor:corpus"": ""yahoo_answers"", ""stratum:factor:temperature"": 0.6, ""stratum:factor:top_p"": 0.8, ""stratum:prompt_id"": ""open_news_v1""}",c5312fa2072050d17abf3c1c02dc112e22ef3cd12d4b44d9a08414e1ec34a566,fbd_rank_stability,0.8285714285714287,__meta__,open_news_v1,6,43,complete,__meta__
__none__,evaluator_minilm__evaluator_mpnet,evaluator_minilm__evaluator_mpnet,"{""encoder_pair"": ""evaluator_minilm__evaluator_mpnet"", ""rank_entity_fields"": ""model_id"", ""rank_method"": ""spearman"", ""stratum:factor:corpus"": ""yahoo_answers"", ""stratum:factor:temperature"": 0.9, ""stratum:factor:top_p"": 0.8, ""stratum:prompt_id"": ""open_news_v1""}",903ef266f9aff70cb34b35b8cb8b28a1af350c9e1eb240180e95fa19eb6af44c,fbd_rank_stability,1.0,__meta__,open_news_v1,6,43,complete,__meta__
__none__,evaluator_minilm__evaluator_mpnet,evaluator_minilm__evaluator_mpnet,"{""encoder_pair"": ""evaluator_minilm__evaluator_mpnet"", ""rank_entity_fields"": ""model_id"", ""rank_method"": ""spearman"", ""stratum:factor:corpus"": ""imdb_reviews"", ""stratum:factor:temperature"": 0.3, ""stratum:factor:top_p"": 0.95, ""stratum:prompt_id"": ""open_news_v1""}",f324703a47af1c03ec4e744a09215e444bc99a1e8bb55f19f7be2264de97afd6,fbd_rank_stability,1.0,__meta__,open_news_v1,6,43,complete,__meta__
__none__,evaluator_minilm__evaluator_mpnet,evaluator_minilm__evaluator_mpnet,"{""encoder_pair"": ""evaluator_minilm__evaluator_mpnet"", ""rank_entity_fields"": ""model_id"", ""rank_method"": ""spearman"", ""stratum:factor:corpus"": ""ag_news"", ""stratum:factor:temperature"": 0.3, ""stratum:factor:top_p"": 0.95, ""stratum:prompt_id"": ""open_news_v1""}",31a2ab2605c6264c8c14b7c701347cd8325e5be92c4775afbf5adc9e72cd60bb,fbd_rank_stability,1.0,__meta__,open_news_v1,6,43,complete,__meta__
__none__,evaluator_minilm__evaluator_mpnet,evaluator_minilm__evaluator_mpnet,"{""encoder_pair"": ""evaluator_minilm__evaluator_mpnet"", ""rank_entity_fields"": ""model_id"", ""rank_method"": ""spearman"", ""stratum:factor:corpus"": ""amazon_reviews"", ""stratum:factor:temperature"": 0.9, ""stratum:factor:top_p"": 0.95, ""stratum:prompt_id"": ""open_news_v1""}",f958451941c21e83cd1cbe57e46919a09a9115af7d5d5d15585036ab8e329b2c,fbd_rank_stability,0.942857142857143,__meta__,open_news_v1,6,43,complete,__meta__
__none__,evaluator_minilm__evaluator_mpnet,evaluator_minilm__evaluator_mpnet,"{""encoder_pair"": ""evaluator_minilm__evaluator_mpnet"", ""rank_entity_fields"": ""model_id"", ""rank_method"": ""spearman"", ""stratum:factor:corpus"": ""amazon_reviews"", ""stratum:factor:temperature"": 0.6, ""stratum:factor:top_p"": 0.8, ""stratum:prompt_id"": ""open_news_v1""}",804ce4637ec08e0fa439338746eba4c509678382b180f45c3e437af9a9b6a6be,fbd_rank_stability,1.0,__meta__,open_news_v1,6,43,complete,__meta__
__none__,evaluator_minilm__evaluator_mpnet,evaluator_minilm__evaluator_mpnet,"{""encoder_pair"": ""evaluator_minilm__evaluator_mpnet"", ""rank_entity_fields"": ""model_id"", ""rank_method"": ""spearman"", ""stratum:factor:corpus"": ""yahoo_answers"", ""stratum:factor:temperature"": 0.6, ""stratum:factor:top_p"": 0.95, ""stratum:prompt_id"": ""open_news_v1""}",285f0f42c96e67482fbf7eef75af2b4d4f91859c10068c9a9ae97238f078fada,fbd_rank_stability,0.942857142857143,__meta__,open_news_v1,6,43,complete,__meta__
__none__,evaluator_minilm__evaluator_mpnet,evaluator_minilm__evaluator_mpnet,"{""encoder_pair"": ""evaluator_minilm__evaluator_mpnet"", ""rank_entity_fields"": ""model_id"", ""rank_method"": ""spearman"", ""stratum:factor:corpus"": ""dbpedia"", ""stratum:factor:temperature"": 0.9, ""stratum:factor:top_p"": 0.8, ""stratum:prompt_id"": ""open_news_v1""}",07bb767de72024113156fe6862cb078978d79bc02ec623826b7cfd8166b12e67,fbd_rank_stability,0.8857142857142858,__meta__,open_news_v1,6,43,complete,__meta__
__none__,evaluator_minilm__evaluator_mpnet,evaluator_minilm__evaluator_mpnet,"{""encoder_pair"": ""evaluator_minilm__evaluator_mpnet"", ""rank_entity_fields"": ""model_id"", ""rank_method"": ""spearman"", ""stratum:factor:corpus"": ""imdb_reviews"", ""stratum:factor:temperature"": 0.6, ""stratum:factor:top_p"": 0.95, ""stratum:prompt_id"": ""open_news_v1""}",737422f64a76ee155f12e8f2ddd5c4d7121b86e6e9d4a8efdade6232ab4885bc,fbd_rank_stability,0.942857142857143,__meta__,open_news_v1,6,43,complete,__meta__
__none__,evaluator_minilm__evaluator_mpnet,evaluator_minilm__evaluator_mpnet,"{""encoder_pair"": ""evaluator_minilm__evaluator_mpnet"", ""rank_entity_fields"": ""model_id"", ""rank_method"": ""spearman"", ""stratum:factor:corpus"": ""amazon_reviews"", ""stratum:factor:temperature"": 0.6, ""stratum:factor:top_p"": 0.95, ""stratum:prompt_id"": ""open_news_v1""}",2689627d492eda103361749a19041d1146d414259bac574f9c5e8f2857d69993,fbd_rank_stability,1.0,__meta__,open_news_v1,6,43,complete,__meta__
__none__,evaluator_minilm__evaluator_mpnet,evaluator_minilm__evaluator_mpnet,"{""encoder_pair"": ""evaluator_minilm__evaluator_mpnet"", ""rank_entity_fields"": ""model_id"", ""rank_method"": ""spearman"", ""stratum:factor:corpus"": ""dbpedia"", ""stratum:factor:temperature"": 0.9, ""stratum:factor:top_p"": 0.95, ""stratum:prompt_id"": ""open_news_v1""}",4194d31abd541c5df75a0b9a791d6a6fad06c19307d99053a650eb7038deedd3,fbd_rank_stability,0.942857142857143,__meta__,open_news_v1,6,43,complete,__meta__
__none__,evaluator_minilm__evaluator_mpnet,evaluator_minilm__evaluator_mpnet,"{""encoder_pair"": ""evaluator_minilm__evaluator_mpnet"", ""rank_entity_fields"": ""model_id"", ""rank_method"": ""spearman"", ""stratum:factor:corpus"": ""ag_news"", ""stratum:factor:temperature"": 0.3, ""stratum:factor:top_p"": 0.8, ""stratum:prompt_id"": ""open_news_v1""}",99a8a89d660930b7d2b71a6888ccd558ba003892e2c0cb0637130c1b4f35369f,fbd_rank_stability,0.942857142857143,__meta__,open_news_v1,6,43,complete,__meta__
__none__,evaluator_minilm__evaluator_mpnet,evaluator_minilm__evaluator_mpnet,"{""encoder_pair"": ""evaluator_minilm__evaluator_mpnet"", ""rank_entity_fields"": ""model_id"", ""rank_method"": ""spearman"", ""stratum:factor:corpus"": ""dbpedia"", ""stratum:factor:temperature"": 0.6, ""stratum:factor:top_p"": 0.95, ""stratum:prompt_id"": ""open_news_v1""}",675ec0091b572ca10a3cbaa24c36c992f27d6fcdb4a4892aae08b3a309882b83,fbd_rank_stability,1.0,__meta__,open_news_v1,6,43,complete,__meta__
__none__,evaluator_minilm__evaluator_mpnet,evaluator_minilm__evaluator_mpnet,"{""encoder_pair"": ""evaluator_minilm__evaluator_mpnet"", ""rank_entity_fields"": ""model_id"", ""rank_method"": ""spearman"", ""stratum:factor:corpus"": ""amazon_reviews"", ""stratum:factor:temperature"": 0.3, ""stratum:factor:top_p"": 0.8, ""stratum:prompt_id"": ""open_news_v1""}",4be9d455f7bbb41e9b398f64e4ded2b1bd8f989452024ef3fa0b6711299bfa8a,fbd_rank_stability,1.0,__meta__,open_news_v1,6,43,complete,__meta__
__none__,evaluator_minilm__evaluator_mpnet,evaluator_minilm__evaluator_mpnet,"{""encoder_pair"": ""evaluator_minilm__evaluator_mpnet"", ""rank_entity_fields"": ""model_id"", ""rank_method"": ""spearman"", ""stratum:factor:corpus"": ""ag_news"", ""stratum:factor:temperature"": 0.6, ""stratum:factor:top_p"": 0.8, ""stratum:prompt_id"": ""open_news_v1""}",2a78b14826f5a96e22a8d649d61495ae37576e0ec2213e80197ae85e162b62ca,fbd_rank_stability,1.0,__meta__,open_news_v1,6,43,complete,__meta__
__none__,evaluator_minilm__evaluator_mpnet,evaluator_minilm__evaluator_mpnet,"{""encoder_pair"": ""evaluator_minilm__evaluator_mpnet"", ""rank_entity_fields"": ""model_id"", ""rank_method"": ""spearman"", ""stratum:factor:corpus"": ""imdb_reviews"", ""stratum:factor:temperature"": 0.6, ""stratum:factor:top_p"": 0.8, ""stratum:prompt_id"": ""open_news_v1""}",41ebb58d5669d17e0ee00ccb26be5ed5d73249d40ad32678463f7604e2ab3a8f,fbd_rank_stability,0.942857142857143,__meta__,open_news_v1,6,43,complete,__meta__
__none__,evaluator_minilm__evaluator_mpnet,evaluator_minilm__evaluator_mpnet,"{""encoder_pair"": ""evaluator_minilm__evaluator_mpnet"", ""rank_entity_fields"": ""model_id"", ""rank_method"": ""spearman"", ""stratum:factor:corpus"": ""amazon_reviews"", ""stratum:factor:temperature"": 0.9, ""stratum:factor:top_p"": 0.8, ""stratum:prompt_id"": ""open_news_v1""}",f6d283440ff3950f9d79e7b866b373452e18ba6ae6bdac2ca3cc401f4f902cce,fbd_rank_stability,1.0,__meta__,open_news_v1,6,43,complete,__meta__
__none__,evaluator_minilm__evaluator_mpnet,evaluator_minilm__evaluator_mpnet,"{""encoder_pair"": ""evaluator_minilm__evaluator_mpnet"", ""rank_entity_fields"": ""model_id"", ""rank_method"": ""spearman"", ""stratum:factor:corpus"": ""imdb_reviews"", ""stratum:factor:temperature"": 0.9, ""stratum:factor:top_p"": 0.8, ""stratum:prompt_id"": ""open_news_v1""}",8dbd3a1e515d7cc6461d458821a3c48c3bc7e8f857a514e7e3e088172f7602f2,fbd_rank_stability,1.0,__meta__,open_news_v1,6,43,complete,__meta__
__none__,evaluator_minilm__evaluator_mpnet,evaluator_minilm__evaluator_mpnet,"{""encoder_pair"": ""evaluator_minilm__evaluator_mpnet"", ""rank_entity_fields"": ""model_id"", ""rank_method"": ""spearman"", ""stratum:factor:corpus"": ""ag_news"", ""stratum:factor:temperature"": 0.6, ""stratum:factor:top_p"": 0.95, ""stratum:prompt_id"": ""open_news_v1""}",c16fc6c2344b03774c6471d971fc4773f6426678df22229a39d050083cc076aa,fbd_rank_stability,1.0,__meta__,open_news_v1,6,43,complete,__meta__
__none__,evaluator_minilm__evaluator_mpnet,evaluator_minilm__evaluator_mpnet,"{""encoder_pair"": ""evaluator_minilm__evaluator_mpnet"", ""rank_entity_fields"": ""model_id"", ""rank_method"": ""spearman"", ""stratum:factor:corpus"": ""ag_news"", ""stratum:factor:temperature"": 0.9, ""stratum:factor:top_p"": 0.8, ""stratum:prompt_id"": ""open_news_v1""}",e0c50ef82c5ec433c463a6d1d00a1d64aaa7b6fcc93622dc8e6da1852f5b0b74,fbd_rank_stability,1.0,__meta__,open_news_v1,6,43,complete,__meta__
__none__,evaluator_minilm__evaluator_mpnet,evaluator_minilm__evaluator_mpnet,"{""encoder_pair"": ""evaluator_minilm__evaluator_mpnet"", ""rank_entity_fields"": ""model_id"", ""rank_method"": ""spearman"", ""stratum:factor:corpus"": ""dbpedia"", ""stratum:factor:temperature"": 0.3, ""stratum:factor:top_p"": 0.95, ""stratum:prompt_id"": ""open_news_v1""}",260a6878c646a84d423f9f0702d127965d5982707d8dda18384578c1fccf750d,fbd_rank_stability,0.8285714285714287,__meta__,open_news_v1,6,43,complete,__meta__
__none__,evaluator_minilm__evaluator_mpnet,evaluator_minilm__evaluator_mpnet,"{""encoder_pair"": ""evaluator_minilm__evaluator_mpnet"", ""rank_entity_fields"": ""model_id"", ""rank_method"": ""spearman"", ""stratum:factor:corpus"": ""amazon_reviews"", ""stratum:factor:temperature"": 0.3, ""stratum:factor:top_p"": 0.95, ""stratum:prompt_id"": ""open_news_v1""}",bb50526c51fa247b8aa4206ef54185b4628cee45f985c0a10ac0ca56088bb980,fbd_rank_stability,0.942857142857143,__meta__,open_news_v1,6,43,complete,__meta__
__none__,evaluator_minilm__evaluator_mpnet,evaluator_minilm__evaluator_mpnet,"{""encoder_pair"": ""evaluator_minilm__evaluator_mpnet"", ""rank_entity_fields"": ""model_id"", ""rank_method"": ""spearman"", ""stratum:factor:corpus"": ""yahoo_answers"", ""stratum:factor:temperature"": 0.9, ""stratum:factor:top_p"": 0.95, ""stratum:prompt_id"": ""open_news_v1""}",e0cad850ecf2a14d3aaf624293aa21f4afdc8e2b790b4704e1908258a32647fb,fbd_rank_stability,0.942857142857143,__meta__,open_news_v1,6,43,complete,__meta__
__none__,evaluator_minilm__evaluator_mpnet,evaluator_minilm__evaluator_mpnet,"{""encoder_pair"": ""evaluator_minilm__evaluator_mpnet"", ""rank_entity_fields"": ""model_id"", ""rank_method"": ""spearman"", ""stratum:factor:corpus"": ""yahoo_answers"", ""stratum:factor:temperature"": 0.3, ""stratum:factor:top_p"": 0.95, ""stratum:prompt_id"": ""open_news_v1""}",832714608e5a459445e02ea6e19a8ebef5363c05d66a220724943ba116714bdb,fbd_rank_stability,0.942857142857143,__meta__,open_news_v1,6,43,complete,__meta__
__none__,evaluator_minilm__evaluator_mpnet,evaluator_minilm__evaluator_mpnet,"{""encoder_pair"": ""evaluator_minilm__evaluator_mpnet"", ""rank_entity_fields"": ""model_id"", ""rank_method"": ""spearman"", ""stratum:factor:corpus"": ""ag_news"", ""stratum:factor:temperature"": 0.9, ""stratum:factor:top_p"": 0.95, ""stratum:prompt_id"": ""open_news_v1""}",46384dd1ee12aa02ee107ef0ca8a5be3671b7f00197d31f64801341f0267d3d7,fbd_rank_stability,0.942857142857143,__meta__,open_news_v1,6,43,complete,__meta__
__none__,evaluator_minilm__evaluator_mpnet,evaluator_minilm__evaluator_mpnet,"{""encoder_pair"": ""evaluator_minilm__evaluator_mpnet"", ""rank_entity_fields"": ""model_id"", ""rank_method"": ""spearman"", ""stratum:factor:corpus"": ""imdb_reviews"", ""stratum:factor:temperature"": 0.9, ""stratum:factor:top_p"": 0.95, ""stratum:prompt_id"": ""open_news_v1""}",c1761d436d49620e612da9208b422419a3cdce5f22c012c172fb69f4db6106a9,fbd_rank_stability,0.942857142857143,__meta__,open_news_v1,6,43,complete,__meta__
__none__,evaluator_minilm__evaluator_mpnet,evaluator_minilm__evaluator_mpnet,"{""encoder_pair"": ""evaluator_minilm__evaluator_mpnet"", ""rank_entity_fields"": ""model_id"", ""rank_method"": ""spearman"", ""stratum:factor:corpus"": ""dbpedia"", ""stratum:factor:temperature"": 0.3, ""stratum:factor:top_p"": 0.8, ""stratum:prompt_id"": ""open_news_v1""}",581b3b7421f5bea1f4fc30d751ed72a95cc97b60f7d4c47e971951f92daf212f,fbd_rank_stability,0.7714285714285715,__meta__,open_news_v1,6,43,complete,__meta__
__none__,evaluator_minilm__evaluator_mpnet,evaluator_minilm__evaluator_mpnet,"{""encoder_pair"": ""evaluator_minilm__evaluator_mpnet"", ""rank_entity_fields"": ""model_id"", ""rank_method"": ""spearman"", ""stratum:factor:corpus"": ""imdb_reviews"", ""stratum:factor:temperature"": 0.3, ""stratum:factor:top_p"": 0.8, ""stratum:prompt_id"": ""open_news_v1""}",a89d1edf606af0b38efb15b2c2a53b80eac8eeb6857ae384c6830cb6289fc824,fbd_rank_stability,1.0,__meta__,open_news_v1,6,43,complete,__meta__
__none__,evaluator_minilm__evaluator_mpnet,evaluator_minilm__evaluator_mpnet,"{""encoder_pair"": ""evaluator_minilm__evaluator_mpnet"", ""rank_entity_fields"": ""model_id"", ""rank_method"": ""spearman"", ""stratum:factor:corpus"": ""dbpedia"", ""stratum:factor:temperature"": 0.6, ""stratum:factor:top_p"": 0.8, ""stratum:prompt_id"": ""open_news_v1""}",86d88eb8f07aa639464a81ffdfcc67b4c9a3cbde00e212d1b00ffe7446933c1e,fbd_rank_stability,0.7714285714285715,__meta__,open_news_v1,6,59,complete,__meta__
__none__,evaluator_minilm__evaluator_mpnet,evaluator_minilm__evaluator_mpnet,"{""encoder_pair"": ""evaluator_minilm__evaluator_mpnet"", ""rank_entity_fields"": ""model_id"", ""rank_method"": ""spearman"", ""stratum:factor:corpus"": ""yahoo_answers"", ""stratum:factor:temperature"": 0.3, ""stratum:factor:top_p"": 0.8, ""stratum:prompt_id"": ""open_news_v1""}",581342e1737a866bea1fd4501587f693386e165b5556e02ad13b07fc12d8c4b3,fbd_rank_stability,0.942857142857143,__meta__,open_news_v1,6,59,complete,__meta__
__none__,evaluator_minilm__evaluator_mpnet,evaluator_minilm__evaluator_mpnet,"{""encoder_pair"": ""evaluator_minilm__evaluator_mpnet"", ""rank_entity_fields"": ""model_id"", ""rank_method"": ""spearman"", ""stratum:factor:corpus"": ""yahoo_answers"", ""stratum:factor:temperature"": 0.6, ""stratum:factor:top_p"": 0.8, ""stratum:prompt_id"": ""open_news_v1""}",56cb328af11cf49d4f1b833097e1783f9314635b8eff94677ba288e761f618f9,fbd_rank_stability,0.8285714285714287,__meta__,open_news_v1,6,59,complete,__meta__
__none__,evaluator_minilm__evaluator_mpnet,evaluator_minilm__evaluator_mpnet,"{""encoder_pair"": ""evaluator_minilm__evaluator_mpnet"", ""rank_entity_fields"": ""model_id"", ""rank_method"": ""spearman"", ""stratum:factor:corpus"": ""yahoo_answers"", ""stratum:factor:temperature"": 0.9, ""stratum:factor:top_p"": 0.8, ""stratum:prompt_id"": ""open_news_v1""}",ffb0d2d15c0a369a7656f0627a610e21e8143e3e0d4ef96a00ac54ee17032a1d,fbd_rank_stability,0.942857142857143,__meta__,open_news_v1,6,59,complete,__meta__
__none__,evaluator_minilm__evaluator_mpnet,evaluator_minilm__evaluator_mpnet,"{""encoder_pair"": ""evaluator_minilm__evaluator_mpnet"", ""rank_entity_fields"": ""model_id"", ""rank_method"": ""spearman"", ""stratum:factor:corpus"": ""imdb_reviews"", ""stratum:factor:temperature"": 0.3, ""stratum:factor:top_p"": 0.95, ""stratum:prompt_id"": ""open_news_v1""}",574bb5861a7301d222dae0a85ffd5744a2a24069b250cf180938a0c0197878ab,fbd_rank_stability,0.6,__meta__,open_news_v1,6,59,complete,__meta__
__none__,evaluator_minilm__evaluator_mpnet,evaluator_minilm__evaluator_mpnet,"{""encoder_pair"": ""evaluator_minilm__evaluator_mpnet"", ""rank_entity_fields"": ""model_id"", ""rank_method"": ""spearman"", ""stratum:factor:corpus"": ""ag_news"", ""stratum:factor:temperature"": 0.3, ""stratum:factor:top_p"": 0.95, ""stratum:prompt_id"": ""open_news_v1""}",527946c7ec86d61361090874b2ff3467b3b8691b01530055dc86b739a6d4f1e0,fbd_rank_stability,1.0,__meta__,open_news_v1,6,59,complete,__meta__
__none__,evaluator_minilm__evaluator_mpnet,evaluator_minilm__evaluator_mpnet,"{""encoder_pair"": ""evaluator_minilm__evaluator_mpnet"", ""rank_entity_fields"": ""model_id"", ""rank_method"": ""spearman"", ""stratum:factor:corpus"": ""amazon_reviews"", ""stratum:factor:temperature"": 0.9, ""stratum:factor:top_p"": 0.95, ""stratum:prompt_id"": ""open_news_v1""}",a277d9342884a8433e824d8b7d84b660d1e07bd98bc30615bfe3c8b8ff09748d,fbd_rank_stability,1.0,__meta__,open_news_v1,6,59,complete,__meta__
__none__,evaluator_minilm__evaluator_mpnet,evaluator_minilm__evaluator_mpnet,"{""encoder_pair"": ""evaluator_minilm__evaluator_mpnet"", ""rank_entity_fields"": ""model_id"", ""rank_method"": ""spearman"", ""stratum:factor:corpus"": ""amazon_reviews"", ""stratum:factor:temperature"": 0.6, ""stratum:factor:top_p"": 0.8, ""stratum:prompt_id"": ""open_news_v1""}",713330ad1013aabb7f7b5162e76a32b54f49f26b1cfc962bbe977f7e6d4a9c0d,fbd_rank_stability,0.7714285714285715,__meta__,open_news_v1,6,59,complete,__meta__
__none__,evaluator_minilm__evaluator_mpnet,evaluator_minilm__evaluator_mpnet,"{""encoder_pair"": ""evaluator_minilm__evaluator_mpnet"", ""rank_entity_fields"": ""model_id"", ""rank_method"": ""spearman"", ""stratum:factor:corpus"": ""yahoo_answers"", ""stratum:factor:temperature"": 0.6, ""stratum:factor:top_p"": 0.95, ""stratum:prompt_id"": ""open_news_v1""}",01765b02b0033ff305c8d8f61b9d23782a073dae95f609ad9e29be35d0b514bd,fbd_rank_stability,0.942857142857143,__meta__,open_news_v1,6,59,complete,__meta__
__none__,evaluator_minilm__evaluator_mpnet,evaluator_minilm__evaluator_mpnet,"{""encoder_pair"": ""evaluator_minilm__evaluator_mpnet"", ""rank_entity_fields"": ""model_id"", ""rank_method"": ""spearman"", ""stratum:factor:corpus"": ""dbpedia"", ""stratum:factor:temperature"": 0.9, ""stratum:factor:top_p"": 0.8, ""stratum:prompt_id"": ""open_news_v1""}",bc38624d5ed6ff2f7313a2d677bff50d30ea577a01962e8183f04c61fdaa7b8d,fbd_rank_stability,0.942857142857143,__meta__,open_news_v1,6,59,complete,__meta__
__none__,evaluator_minilm__evaluator_mpnet,evaluator_minilm__evaluator_mpnet,"{""encoder_pair"": ""evaluator_minilm__evaluator_mpnet"", ""rank_entity_fields"": ""model_id"", ""rank_method"": ""spearman"", ""stratum:factor:corpus"": ""imdb_reviews"", ""stratum:factor:temperature"": 0.6, ""stratum:factor:top_p"": 0.95, ""stratum:prompt_id"": ""open_news_v1""}",a307aa49d24bc20d90507068bae00ac75ef46cfbadd11515f332ffd342afd448,fbd_rank_stability,1.0,__meta__,open_news_v1,6,59,complete,__meta__
__none__,evaluator_minilm__evaluator_mpnet,evaluator_minilm__evaluator_mpnet,"{""encoder_pair"": ""evaluator_minilm__evaluator_mpnet"", ""rank_entity_fields"": ""model_id"", ""rank_method"": ""spearman"", ""stratum:factor:corpus"": ""amazon_reviews"", ""stratum:factor:temperature"": 0.6, ""stratum:factor:top_p"": 0.95, ""stratum:prompt_id"": ""open_news_v1""}",f8e3e87417bee83af857cddb9acadc5b79653b5e3adea4124e44f2d4495b285e,fbd_rank_stability,0.942857142857143,__meta__,open_news_v1,6,59,complete,__meta__
__none__,evaluator_minilm__evaluator_mpnet,evaluator_minilm__evaluator_mpnet,"{""encoder_pair"": ""evaluator_minilm__evaluator_mpnet"", ""rank_entity_fields"": ""model_id"", ""rank_method"": ""spearman"", ""stratum:factor:corpus"": ""dbpedia"", ""stratum:factor:temperature"": 0.9, ""stratum:factor:top_p"": 0.95, ""stratum:prompt_id"": ""open_news_v1""}",869dc00fe7f066cb31492bf22346de8b5c273a26af1e47fba2bc4ad95d3fbdd8,fbd_rank_stability,1.0,__meta__,open_news_v1,6,59,complete,__meta__
__none__,evaluator_minilm__evaluator_mpnet,evaluator_minilm__evaluator_mpnet,"{""encoder_pair"": ""evaluator_minilm__evaluator_mpnet"", ""rank_entity_fields"": ""model_id"", ""rank_method"": ""spearman"", ""stratum:factor:corpus"": ""ag_news"", ""stratum:factor:temperature"": 0.3, ""stratum:factor:top_p"": 0.8, ""stratum:prompt_id"": ""open_news_v1""}",0d58be880be8263db21868074d573c6bb3021eada106496533c7ecc3ce8ec16b,fbd_rank_stability,1.0,__meta__,open_news_v1,6,59,complete,__meta__
__none__,evaluator_minilm__evaluator_mpnet,evaluator_minilm__evaluator_mpnet,"{""encoder_pair"": ""evaluator_minilm__evaluator_mpnet"", ""rank_entity_fields"": ""model_id"", ""rank_method"": ""spearman"", ""stratum:factor:corpus"": ""dbpedia"", ""stratum:factor:temperature"": 0.6, ""stratum:factor:top_p"": 0.95, ""stratum:prompt_id"": ""open_news_v1""}",c41cb7261a5ae1710a039fca7b35108000c24828b20d553ba9fdf12aded347dc,fbd_rank_stability,0.8285714285714287,__meta__,open_news_v1,6,59,complete,__meta__
__none__,evaluator_minilm__evaluator_mpnet,evaluator_minilm__evaluator_mpnet,"{""encoder_pair"": ""evaluator_minilm__evaluator_mpnet"", ""rank_entity_fields"": ""model_id"", ""rank_method"": ""spearman"", ""stratum:factor:corpus"": ""amazon_reviews"", ""stratum:factor:temperature"": 0.3, ""stratum:factor:top_p"": 0.8, ""stratum:prompt_id"": ""open_news_v1""}",0b54e295a0d8dd41712892e8944b92f3a852654a9ecb5f7bd4266e59fd3a1033,fbd_rank_stability,1.0,__meta__,open_news_v1,6,59,complete,__meta__
__none__,evaluator_minilm__evaluator_mpnet,evaluator_minilm__evaluator_mpnet,"{""encoder_pair"": ""evaluator_minilm__evaluator_mpnet"", ""rank_entity_fields"": ""model_id"", ""rank_method"": ""spearman"", ""stratum:factor:corpus"": ""ag_news"", ""stratum:factor:temperature"": 0.6, ""stratum:factor:top_p"": 0.8, ""stratum:prompt_id"": ""open_news_v1""}",084876bc10a1d53a5fe6e34f46f2f48e65537ef6f738af86d28c58ca9ee4a734,fbd_rank_stability,0.942857142857143,__meta__,open_news_v1,6,59,complete,__meta__
__none__,evaluator_minilm__evaluator_mpnet,evaluator_minilm__evaluator_mpnet,"{""encoder_pair"": ""evaluator_minilm__evaluator_mpnet"", ""rank_entity_fields"": ""model_id"", ""rank_method"": ""spearman"", ""stratum:factor:corpus"": ""imdb_reviews"", ""stratum:factor:temperature"": 0.6, ""stratum:factor:top_p"": 0.8, ""stratum:prompt_id"": ""open_news_v1""}",ed76348f5047724c8a9919aae342220ec7115240325f55dc702391383da76d1e,fbd_rank_stability,0.942857142857143,__meta__,open_news_v1,6,59,complete,__meta__
__none__,evaluator_minilm__evaluator_mpnet,evaluator_minilm__evaluator_mpnet,"{""encoder_pair"": ""evaluator_minilm__evaluator_mpnet"", ""rank_entity_fields"": ""model_id"", ""rank_method"": ""spearman"", ""stratum:factor:corpus"": ""amazon_reviews"", ""stratum:factor:temperature"": 0.9, ""stratum:factor:top_p"": 0.8, ""stratum:prompt_id"": ""open_news_v1""}",eea19a76913b7f6a86b321facf3846e0347c5a0b95e97e2b31bd92027646e611,fbd_rank_stability,0.7142857142857143,__meta__,open_news_v1,6,59,complete,__meta__
__none__,evaluator_minilm__evaluator_mpnet,evaluator_minilm__evaluator_mpnet,"{""encoder_pair"": ""evaluator_minilm__evaluator_mpnet"", ""rank_entity_fields"": ""model_id"", ""rank_method"": ""spearman"", ""stratum:factor:corpus"": ""imdb_reviews"", ""stratum:factor:temperature"": 0.9, ""stratum:factor:top_p"": 0.8, ""stratum:prompt_id"": ""open_news_v1""}",81e03c051cf85a3307ea632fb393a505c1541be6657f6b93ed16e80e28e54dc7,fbd_rank_stability,1.0,__meta__,open_news_v1,6,59,complete,__meta__
__none__,evaluator_minilm__evaluator_mpnet,evaluator_minilm__evaluator_mpnet,"{""encoder_pair"": ""evaluator_minilm__evaluator_mpnet"", ""rank_entity_fields"": ""model_id"", ""rank_method"": ""spearman"", ""stratum:factor:corpus"": ""ag_news"", ""stratum:factor:temperature"": 0.6, ""stratum:factor:top_p"": 0.95, ""stratum:prompt_id"": ""open_news_v1""}",4401c313be0734105dccc666631b16f1b3f920aa0b6b382e7d63b7d9c76e8233,fbd_rank_stability,1.0,__meta__,open_news_v1,6,59,complete,__meta__
__none__,evaluator_minilm__evaluator_mpnet,evaluator_minilm__evaluator_mpnet,"{""encoder_pair"": ""evaluator_minilm__evaluator_mpnet"", ""rank_entity_fields"": ""model_id"", ""rank_method"": ""spearman"", ""stratum:factor:corpus"": ""ag_news"", ""stratum:factor:temperature"": 0.9, ""stratum:factor:top_p"": 0.8, ""stratum:prompt_id"": ""open_news_v1""}",c146975e7724fc9fc6426846664f3f984e7f048506681705ff399088b812152d,fbd_rank_stability,0.942857142857143,__meta__,open_news_v1,6,59,complete,__meta__
__none__,evaluator_minilm__evaluator_mpnet,evaluator_minilm__evaluator_mpnet,"{""encoder_pair"": ""evaluator_minilm__evaluator_mpnet"", ""rank_entity_fields"": ""model_id"", ""rank_method"": ""spearman"", ""stratum:factor:corpus"": ""dbpedia"", ""stratum:factor:temperature"": 0.3, ""stratum:factor:top_p"": 0.95, ""stratum:prompt_id"": ""open_news_v1""}",406bd3d9ed822887c6448f50985f1901c3f2fd960d217012fa09280d9a11b85d,fbd_rank_stability,0.5428571428571429,__meta__,open_news_v1,6,59,complete,__meta__
__none__,evaluator_minilm__evaluator_mpnet,evaluator_minilm__evaluator_mpnet,"{""encoder_pair"": ""evaluator_minilm__evaluator_mpnet"", ""rank_entity_fields"": ""model_id"", ""rank_method"": ""spearman"", ""stratum:factor:corpus"": ""amazon_reviews"", ""stratum:factor:temperature"": 0.3, ""stratum:factor:top_p"": 0.95, ""stratum:prompt_id"": ""open_news_v1""}",ab579198638b3a2c0f699892b3cafb74a4d50061228ae90a2c1bb48ad4af288e,fbd_rank_stability,1.0,__meta__,open_news_v1,6,59,complete,__meta__
__none__,evaluator_minilm__evaluator_mpnet,evaluator_minilm__evaluator_mpnet,"{""encoder_pair"": ""evaluator_minilm__evaluator_mpnet"", ""rank_entity_fields"": ""model_id"", ""rank_method"": ""spearman"", ""stratum:factor:corpus"": ""yahoo_answers"", ""stratum:factor:temperature"": 0.9, ""stratum:factor:top_p"": 0.95, ""stratum:prompt_id"": ""open_news_v1""}",d8b4c00db7a1af830ec5f69845f1620637ee9661bd578762d6a0fde27e314b35,fbd_rank_stability,0.942857142857143,__meta__,open_news_v1,6,59,complete,__meta__
__none__,evaluator_minilm__evaluator_mpnet,evaluator_minilm__evaluator_mpnet,"{""encoder_pair"": ""evaluator_minilm__evaluator_mpnet"", ""rank_entity_fields"": ""model_id"", ""rank_method"": ""spearman"", ""stratum:factor:corpus"": ""yahoo_answers"", ""stratum:factor:temperature"": 0.3, ""stratum:factor:top_p"": 0.95, ""stratum:prompt_id"": ""open_news_v1""}",fa8e6b74d0aae154c8444cfc055a32611bcbef6ba17edc0a0809c9360031f72c,fbd_rank_stability,1.0,__meta__,open_news_v1,6,59,complete,__meta__
__none__,evaluator_minilm__evaluator_mpnet,evaluator_minilm__evaluator_mpnet,"{""encoder_pair"": ""evaluator_minilm__evaluator_mpnet"", ""rank_entity_fields"": ""model_id"", ""rank_method"": ""spearman"", ""stratum:factor:corpus"": ""ag_news"", ""stratum:factor:temperature"": 0.9, ""stratum:factor:top_p"": 0.95, ""stratum:prompt_id"": ""open_news_v1""}",53ef728f6cfa3e589dbb08db3b9d339218fec9a898632dbc4f87c36188fe1a5e,fbd_rank_stability,1.0,__meta__,open_news_v1,6,59,complete,__meta__
__none__,evaluator_minilm__evaluator_mpnet,evaluator_minilm__evaluator_mpnet,"{""encoder_pair"": ""evaluator_minilm__evaluator_mpnet"", ""rank_entity_fields"": ""model_id"", ""rank_method"": ""spearman"", ""stratum:factor:corpus"": ""imdb_reviews"", ""stratum:factor:temperature"": 0.9, ""stratum:factor:top_p"": 0.95, ""stratum:prompt_id"": ""open_news_v1""}",6b6f1da5076232021333e7e458bc2ee114d82cfd42b96228773985bffdd52268,fbd_rank_stability,1.0,__meta__,open_news_v1,6,59,complete,__meta__
__none__,evaluator_minilm__evaluator_mpnet,evaluator_minilm__evaluator_mpnet,"{""encoder_pair"": ""evaluator_minilm__evaluator_mpnet"", ""rank_entity_fields"": ""model_id"", ""rank_method"": ""spearman"", ""stratum:factor:corpus"": ""dbpedia"", ""stratum:factor:temperature"": 0.3, ""stratum:factor:top_p"": 0.8, ""stratum:prompt_id"": ""open_news_v1""}",88d212147c807b1ab155e2d1ba66ff91cc67463ace9aef5c86e8158d2dae2b7e,fbd_rank_stability,0.8857142857142858,__meta__,open_news_v1,6,59,complete,__meta__
__none__,evaluator_minilm__evaluator_mpnet,evaluator_minilm__evaluator_mpnet,"{""encoder_pair"": ""evaluator_minilm__evaluator_mpnet"", ""rank_entity_fields"": ""model_id"", ""rank_method"": ""spearman"", ""stratum:factor:corpus"": ""imdb_reviews"", ""stratum:factor:temperature"": 0.3, ""stratum:factor:top_p"": 0.8, ""stratum:prompt_id"": ""open_news_v1""}",28a2425f036db8b53bc68bc1ac59334770da771dff23248aea6abc5203c5e308,fbd_rank_stability,0.942857142857143,__meta__,open_news_v1,6,59,complete,__meta__
__none__,evaluator_minilm__evaluator_mpnet,evaluator_minilm__evaluator_mpnet,"{""encoder_pair"": ""evaluator_minilm__evaluator_mpnet"", ""rank_entity_fields"": ""model_id"", ""rank_method"": ""spearman"", ""stratum:factor:corpus"": ""dbpedia"", ""stratum:factor:temperature"": 0.6, ""stratum:factor:top_p"": 0.8, ""stratum:prompt_id"": ""open_news_v1""}",61ad6523a33496f92e02924abf26a0874dbc4e620eee93e3b2fa51a9eda18e3a,fbd_rank_stability,0.942857142857143,__meta__,open_news_v1,6,71,complete,__meta__
__none__,evaluator_minilm__evaluator_mpnet,evaluator_minilm__evaluator_mpnet,"{""encoder_pair"": ""evaluator_minilm__evaluator_mpnet"", ""rank_entity_fields"": ""model_id"", ""rank_method"": ""spearman"", ""stratum:factor:corpus"": ""yahoo_answers"", ""stratum:factor:temperature"": 0.3, ""stratum:factor:top_p"": 0.8, ""stratum:prompt_id"": ""open_news_v1""}",bd8957d6461905b19d2583230464a905071492c4badafeba7c079007c9e8b3ac,fbd_rank_stability,0.8285714285714287,__meta__,open_news_v1,6,71,complete,__meta__
__none__,evaluator_minilm__evaluator_mpnet,evaluator_minilm__evaluator_mpnet,"{""encoder_pair"": ""evaluator_minilm__evaluator_mpnet"", ""rank_entity_fields"": ""model_id"", ""rank_method"": ""spearman"", ""stratum:factor:corpus"": ""yahoo_answers"", ""stratum:factor:temperature"": 0.6, ""stratum:factor:top_p"": 0.8, ""stratum:prompt_id"": ""open_news_v1""}",815bcd1edb7481e9adfdf9c6f7fe0b13c70b02a9d9e348fbb445978903ba360d,fbd_rank_stability,0.942857142857143,__meta__,open_news_v1,6,71,complete,__meta__
__none__,evaluator_minilm__evaluator_mpnet,evaluator_minilm__evaluator_mpnet,"{""encoder_pair"": ""evaluator_minilm__evaluator_mpnet"", ""rank_entity_fields"": ""model_id"", ""rank_method"": ""spearman"", ""stratum:factor:corpus"": ""yahoo_answers"", ""stratum:factor:temperature"": 0.9, ""stratum:factor:top_p"": 0.8, ""stratum:prompt_id"": ""open_news_v1""}",c9c4c59612a3281db0f6c0edcda4c8ad37c267a4cc2788c5809870b782ed5c6c,fbd_rank_stability,1.0,__meta__,open_news_v1,6,71,complete,__meta__
__none__,evaluator_minilm__evaluator_mpnet,evaluator_minilm__evaluator_mpnet,"{""encoder_pair"": ""evaluator_minilm__evaluator_mpnet"", ""rank_entity_fields"": ""model_id"", ""rank_method"": ""spearman"", ""stratum:factor:corpus"": ""imdb_reviews"", ""stratum:factor:temperature"": 0.3, ""stratum:factor:top_p"": 0.95, ""stratum:prompt_id"": ""open_news_v1""}",762b83d79a83d3fd9e880cd47bcf9f170cc5c0e6cdf08b4aae0cb2a0b3ec7ceb,fbd_rank_stability,1.0,__meta__,open_news_v1,6,71,complete,__meta__
__none__,evaluator_minilm__evaluator_mpnet,evaluator_minilm__evaluator_mpnet,"{""encoder_pair"": ""evaluator_minilm__evaluator_mpnet"", ""rank_entity_fields"": ""model_id"", ""rank_method"": ""spearman"", ""stratum:factor:corpus"": ""ag_news"", ""stratum:factor:temperature"": 0.3, ""stratum:factor:top_p"": 0.95, ""stratum:prompt_id"": ""open_news_v1""}",6ee1f320668d77269b60bb338a9c9be80daede5f1ad3a07e35f68f6f282054e5,fbd_rank_stability,1.0,__meta__,open_news_v1,6,71,complete,__meta__
__none__,evaluator_minilm__evaluator_mpnet,evaluator_minilm__evaluator_mpnet,"{""encoder_pair"": ""evaluator_minilm__evaluator_mpnet"", ""rank_entity_fields"": ""model_id"", ""rank_method"": ""spearman"", ""stratum:factor:corpus"": ""amazon_reviews"", ""stratum:factor:temperature"": 0.9, ""stratum:factor:top_p"": 0.95, ""stratum:prompt_id"": ""open_news_v1""}",2eaca7c8515b5247f2d04efa8ea217190a044aaf6e8d3484883d422231f73e2f,fbd_rank_stability,1.0,__meta__,open_news_v1,6,71,complete,__meta__
__none__,evaluator_minilm__evaluator_mpnet,evaluator_minilm__evaluator_mpnet,"{""encoder_pair"": ""evaluator_minilm__evaluator_mpnet"", ""rank_entity_fields"": ""model_id"", ""rank_method"": ""spearman"", ""stratum:factor:corpus"": ""amazon_reviews"", ""stratum:factor:temperature"": 0.6, ""stratum:factor:top_p"": 0.8, ""stratum:prompt_id"": ""open_news_v1""}",d8e3586631fff7b6ff80ed42499bd263ec0352bafae7beddf63b7c1f9e7449bf,fbd_rank_stability,1.0,__meta__,open_news_v1,6,71,complete,__meta__
__none__,evaluator_minilm__evaluator_mpnet,evaluator_minilm__evaluator_mpnet,"{""encoder_pair"": ""evaluator_minilm__evaluator_mpnet"", ""rank_entity_fields"": ""model_id"", ""rank_method"": ""spearman"", ""stratum:factor:corpus"": ""yahoo_answers"", ""stratum:factor:temperature"": 0.6, ""stratum:factor:top_p"": 0.95, ""stratum:prompt_id"": ""open_news_v1""}",e5c9a5a165afa81ea3b587292a24d84b5af2cf44712c8f9c98327a8d0538e1d2,fbd_rank_stability,1.0,__meta__,open_news_v1,6,71,complete,__meta__
__none__,evaluator_minilm__evaluator_mpnet,evaluator_minilm__evaluator_mpnet,"{""encoder_pair"": ""evaluator_minilm__evaluator_mpnet"", ""rank_entity_fields"": ""model_id"", ""rank_method"": ""spearman"", ""stratum:factor:corpus"": ""dbpedia"", ""stratum:factor:temperature"": 0.9, ""stratum:factor:top_p"": 0.8, ""stratum:prompt_id"": ""open_news_v1""}",0174a35f90b669e9e8620d38eecaba8dfb20f4307c82b40bd0d96ad82d1e4ae7,fbd_rank_stability,0.942857142857143,__meta__,open_news_v1,6,71,complete,__meta__
__none__,evaluator_minilm__evaluator_mpnet,evaluator_minilm__evaluator_mpnet,"{""encoder_pair"": ""evaluator_minilm__evaluator_mpnet"", ""rank_entity_fields"": ""model_id"", ""rank_method"": ""spearman"", ""stratum:factor:corpus"": ""imdb_reviews"", ""stratum:factor:temperature"": 0.6, ""stratum:factor:top_p"": 0.95, ""stratum:prompt_id"": ""open_news_v1""}",199d76b6ba4a2fb1e332bc0147857eca4d4a42e7288d687862e7fd6d2f2fadc8,fbd_rank_stability,1.0,__meta__,open_news_v1,6,71,complete,__meta__
__none__,evaluator_minilm__evaluator_mpnet,evaluator_minilm__evaluator_mpnet,"{""encoder_pair"": ""evaluator_minilm__evaluator_mpnet"", ""rank_entity_fields"": ""model_id"", ""rank_method"": ""spearman"", ""stratum:factor:corpus"": ""amazon_reviews"", ""stratum:factor:temperature"": 0.6, ""stratum:factor:top_p"": 0.95, ""stratum:prompt_id"": ""open_news_v1""}",748e804aa860176a7a11ea38d5f526e7fbe7cb2d81de2d2a7da1e2246356bf4c,fbd_rank_stability,1.0,__meta__,open_news_v1,6,71,complete,__meta__
__none__,evaluator_minilm__evaluator_mpnet,evaluator_minilm__evaluator_mpnet,"{""encoder_pair"": ""evaluator_minilm__evaluator_mpnet"", ""rank_entity_fields"": ""model_id"", ""rank_method"": ""spearman"", ""stratum:factor:corpus"": ""dbpedia"", ""stratum:factor:temperature"": 0.9, ""stratum:factor:top_p"": 0.95, ""stratum:prompt_id"": ""open_news_v1""}",2c804275f592edab2b2985c2b1e02e9ab05f96a0291da2107be70b048feaf73b,fbd_rank_stability,0.8285714285714287,__meta__,open_news_v1,6,71,complete,__meta__
__none__,evaluator_minilm__evaluator_mpnet,evaluator_minilm__evaluator_mpnet,"{""encoder_pair"": ""evaluator_minilm__evaluator_mpnet"", ""rank_entity_fields"": ""model_id"", ""rank_method"": ""spearman"", ""stratum:factor:corpus"": ""ag_news"", ""stratum:factor:temperature"": 0.3, ""stratum:factor:top_p"": 0.8, ""stratum:prompt_id"": ""open_news_v1""}",b578265b898ee574c060f2ae1f485ff9a52e0a51834de4c0006a0932ff64d41b,fbd_rank_stability,0.942857142857143,__meta__,open_news_v1,6,71,complete,__meta__
__none__,evaluator_minilm__evaluator_mpnet,evaluator_minilm__evaluator_mpnet,"{""encoder_pair"": ""evaluator_minilm__evaluator_mpnet"", ""rank_entity_fields"": ""model_id"", ""rank_method"": ""spearman"", ""stratum:factor:corpus"": ""dbpedia"", ""stratum:factor:temperature"": 0.6, ""stratum:factor:top_p"": 0.95, ""stratum:prompt_id"": ""open_news_v1""}",b5fec591cfd74fdefdbda90949125aecc94d965ff7b4112697ebc38f162f8d34,fbd_rank_stability,1.0,__meta__,open_news_v1,6,71,complete,__meta__
__none__,evaluator_minilm__evaluator_mpnet,evaluator_minilm__evaluator_mpnet,"{""encoder_pair"": ""evaluator_minilm__evaluator_mpnet"", ""rank_entity_fields"": ""model_id"", ""rank_method"": ""spearman"", ""stratum:factor:corpus"": ""amazon_reviews"", ""stratum:factor:temperature"": 0.3, ""stratum:factor:top_p"": 0.8, ""stratum:prompt_id"": ""open_news_v1""}",3c2ff264f86674f0aeabe8c9e990d244133d0a02a21ded93f5cf26cb5adf1b7e,fbd_rank_stability,0.942857142857143,__meta__,open_news_v1,6,71,complete,__meta__
__none__,evaluator_minilm__evaluator_mpnet,evaluator_minilm__evaluator_mpnet,"{""encoder_pair"": ""evaluator_minilm__evaluator_mpnet"", ""rank_entity_fields"": ""model_id"", ""rank_method"": ""spearman"", ""stratum:factor:corpus"": ""ag_news"", ""stratum:factor:temperature"": 0.6, ""stratum:factor:top_p"": 0.8, ""stratum:prompt_id"": ""open_news_v1""}",bdfde509d7c9705bb1a8dda2b5e17ca545ab6c91a6a3d460f902d9da875eed13,fbd_rank_stability,0.942857142857143,__meta__,open_news_v1,6,71,complete,__meta__
__none__,evaluator_minilm__evaluator_mpnet,evaluator_minilm__evaluator_mpnet,"{""encoder_pair"": ""evaluator_minilm__evaluator_mpnet"", ""rank_entity_fields"": ""model_id"", ""rank_method"": ""spearman"", ""stratum:factor:corpus"": ""imdb_reviews"", ""stratum:factor:temperature"": 0.6, ""stratum:factor:top_p"": 0.8, ""stratum:prompt_id"": ""open_news_v1""}",07523389518dcfb2ad3b7562af14319bd03533ac8d8b0afb49701e3342a865c2,fbd_rank_stability,0.8857142857142858,__meta__,open_news_v1,6,71,complete,__meta__
__none__,evaluator_minilm__evaluator_mpnet,evaluator_minilm__evaluator_mpnet,"{""encoder_pair"": ""evaluator_minilm__evaluator_mpnet"", ""rank_entity_fields"": ""model_id"", ""rank_method"": ""spearman"", ""stratum:factor:corpus"": ""amazon_reviews"", ""stratum:factor:temperature"": 0.9, ""stratum:factor:top_p"": 0.8, ""stratum:prompt_id"": ""open_news_v1""}",8243e2a44bc0a377e6ec7c378d56ea8cab93baaf8bbb744668b9af9144494b41,fbd_rank_stability,1.0,__meta__,open_news_v1,6,71,complete,__meta__
__none__,evaluator_minilm__evaluator_mpnet,evaluator_minilm__evaluator_mpnet,"{""encoder_pair"": ""evaluator_minilm__evaluator_mpnet"", ""rank_entity_fields"": ""model_id"", ""rank_method"": ""spearman"", ""stratum:factor:corpus"": ""imdb_reviews"", ""stratum:factor:temperature"": 0.9, ""stratum:factor:top_p"": 0.8, ""stratum:prompt_id"": ""open_news_v1""}",ce3c5c74dd4e9c447af8bbc304706866bae8d21f9702d3de529c85cf3192f418,fbd_rank_stability,0.942857142857143,__meta__,open_news_v1,6,71,complete,__meta__
__none__,evaluator_minilm__evaluator_mpnet,evaluator_minilm__evaluator_mpnet,"{""encoder_pair"": ""evaluator_minilm__evaluator_mpnet"", ""rank_entity_fields"": ""model_id"", ""rank_method"": ""spearman"", ""stratum:factor:corpus"": ""ag_news"", ""stratum:factor:temperature"": 0.6, ""stratum:factor:top_p"": 0.95, ""stratum:prompt_id"": ""open_news_v1""}",735996571e31507a549a6ba338786d2f58aa019b37c469ba20e06db33b2444f7,fbd_rank_stability,1.0,__meta__,open_news_v1,6,71,complete,__meta__
__none__,evaluator_minilm__evaluator_mpnet,evaluator_minilm__evaluator_mpnet,"{""encoder_pair"": ""evaluator_minilm__evaluator_mpnet"", ""rank_entity_fields"": ""model_id"", ""rank_method"": ""spearman"", ""stratum:factor:corpus"": ""ag_news"", ""stratum:factor:temperature"": 0.9, ""stratum:factor:top_p"": 0.8, ""stratum:prompt_id"": ""open_news_v1""}",c20d03736136da09495b2d0d5c80dea7e26f6f6dd52a7348b60528f09f51a772,fbd_rank_stability,1.0,__meta__,open_news_v1,6,71,complete,__meta__
__none__,evaluator_minilm__evaluator_mpnet,evaluator_minilm__evaluator_mpnet,"{""encoder_pair"": ""evaluator_minilm__evaluator_mpnet"", ""rank_entity_fields"": ""model_id"", ""rank_method"": ""spearman"", ""stratum:factor:corpus"": ""dbpedia"", ""stratum:factor:temperature"": 0.3, ""stratum:factor:top_p"": 0.95, ""stratum:prompt_id"": ""open_news_v1""}",6cd93129e72de8a9d96c37f69704e008a0697a98363414e752caa80a9815f95a,fbd_rank_stability,0.6571428571428573,__meta__,open_news_v1,6,71,complete,__meta__
__none__,evaluator_minilm__evaluator_mpnet,evaluator_minilm__evaluator_mpnet,"{""encoder_pair"": ""evaluator_minilm__evaluator_mpnet"", ""rank_entity_fields"": ""model_id"", ""rank_method"": ""spearman"", ""stratum:factor:corpus"": ""amazon_reviews"", ""stratum:factor:temperature"": 0.3, ""stratum:factor:top_p"": 0.95, ""stratum:prompt_id"": ""open_news_v1""}",d61687728b3beaea7fbe94bf54a4e0b80f5aa399e3571f44b696dadb1571e3c3,fbd_rank_stability,1.0,__meta__,open_news_v1,6,71,complete,__meta__
__none__,evaluator_minilm__evaluator_mpnet,evaluator_minilm__evaluator_mpnet,"{""encoder_pair"": ""evaluator_minilm__evaluator_mpnet"", ""rank_entity_fields"": ""model_id"", ""rank_method"": ""spearman"", ""stratum:factor:corpus"": ""yahoo_answers"", ""stratum:factor:temperature"": 0.9, ""stratum:factor:top_p"": 0.95, ""stratum:prompt_id"": ""open_news_v1""}",3841a9e2699c6b71347340a4ba7231a96fcc78199cf92679de695c1b8251d539,fbd_rank_stability,0.7714285714285715,__meta__,open_news_v1,6,71,complete,__meta__
__none__,evaluator_minilm__evaluator_mpnet,evaluator_minilm__evaluator_mpnet,"{""encoder_pair"": ""evaluator_minilm__evaluator_mpnet"", ""rank_entity_fields"": ""model_id"", ""rank_method"": ""spearman"", ""stratum:factor:corpus"": ""yahoo_answers"", ""stratum:factor:temperature"": 0.3, ""stratum:factor:top_p"": 0.95, ""stratum:prompt_id"": ""open_news_v1""}",6fb21589ccb955675f60b86993af79a96e81ee21fd0afe8649d154dde7b4e716,fbd_rank_stability,0.7714285714285715,__meta__,open_news_v1,6,71,complete,__meta__
__none__,evaluator_minilm__evaluator_mpnet,evaluator_minilm__evaluator_mpnet,"{""encoder_pair"": ""evaluator_minilm__evaluator_mpnet"", ""rank_entity_fields"": ""model_id"", ""rank_method"": ""spearman"", ""stratum:factor:corpus"": ""ag_news"", ""stratum:factor:temperature"": 0.9, ""stratum:factor:top_p"": 0.95, ""stratum:prompt_id"": ""open_news_v1""}",0ce5067f3509af2bb0cb78bfb711d3ea1bc3aac6af767ed0500f0f7653575974,fbd_rank_stability,1.0,__meta__,open_news_v1,6,71,complete,__meta__
__none__,evaluator_minilm__evaluator_mpnet,evaluator_minilm__evaluator_mpnet,"{""encoder_pair"": ""evaluator_minilm__evaluator_mpnet"", ""rank_entity_fields"": ""model_id"", ""rank_method"": ""spearman"", ""stratum:factor:corpus"": ""imdb_reviews"", ""stratum:factor:temperature"": 0.9, ""stratum:factor:top_p"": 0.95, ""stratum:prompt_id"": ""open_news_v1""}",5f6d7f62994afe802db8674af3542338505624c2d04b98dbf959c991b639093a,fbd_rank_stability,1.0,__meta__,open_news_v1,6,71,complete,__meta__
__none__,evaluator_minilm__evaluator_mpnet,evaluator_minilm__evaluator_mpnet,"{""encoder_pair"": ""evaluator_minilm__evaluator_mpnet"", ""rank_entity_fields"": ""model_id"", ""rank_method"": ""spearman"", ""stratum:factor:corpus"": ""dbpedia"", ""stratum:factor:temperature"": 0.3, ""stratum:factor:top_p"": 0.8, ""stratum:prompt_id"": ""open_news_v1""}",6b881f5c771c7819968ab1b1fcf386990ed1c4d2db5ab7e1cbab97383b65be68,fbd_rank_stability,0.8285714285714287,__meta__,open_news_v1,6,71,complete,__meta__
__none__,evaluator_minilm__evaluator_mpnet,evaluator_minilm__evaluator_mpnet,"{""encoder_pair"": ""evaluator_minilm__evaluator_mpnet"", ""rank_entity_fields"": ""model_id"", ""rank_method"": ""spearman"", ""stratum:factor:corpus"": ""imdb_reviews"", ""stratum:factor:temperature"": 0.3, ""stratum:factor:top_p"": 0.8, ""stratum:prompt_id"": ""open_news_v1""}",6d22845e28dfa742cd2f5a6c68e58abdb3a517f54987cffe27da509b832dd723,fbd_rank_stability,1.0,__meta__,open_news_v1,6,71,complete,__meta__
__none__,evaluator_minilm__evaluator_mpnet,evaluator_minilm__evaluator_mpnet,"{""encoder_pair"": ""evaluator_minilm__evaluator_mpnet"", ""rank_entity_fields"": ""model_id"", ""rank_method"": ""spearman"", ""stratum:factor:corpus"": ""dbpedia"", ""stratum:factor:temperature"": 0.6, ""stratum:factor:top_p"": 0.8, ""stratum:prompt_id"": ""open_news_v1""}",03f685e660f30067c15352e8810d1f5a075f02664738575182a8e8564637017d,fbd_rank_stability,0.7714285714285715,__meta__,open_news_v1,6,83,complete,__meta__
__none__,evaluator_minilm__evaluator_mpnet,evaluator_minilm__evaluator_mpnet,"{""encoder_pair"": ""evaluator_minilm__evaluator_mpnet"", ""rank_entity_fields"": ""model_id"", ""rank_method"": ""spearman"", ""stratum:factor:corpus"": ""yahoo_answers"", ""stratum:factor:temperature"": 0.3, ""stratum:factor:top_p"": 0.8, ""stratum:prompt_id"": ""open_news_v1""}",94a5093a0b0ddad762248f11413ee1419d594553efd806ba3ba96d553455cabb,fbd_rank_stability,0.942857142857143,__meta__,open_news_v1,6,83,complete,__meta__
__none__,evaluator_minilm__evaluator_mpnet,evaluator_minilm__evaluator_mpnet,"{""encoder_pair"": ""evaluator_minilm__evaluator_mpnet"", ""rank_entity_fields"": ""model_id"", ""rank_method"": ""spearman"", ""stratum:factor:corpus"": ""yahoo_answers"", ""stratum:factor:temperature"": 0.6, ""stratum:factor:top_p"": 0.8, ""stratum:prompt_id"": ""open_news_v1""}",69562e3b67d5393bf7f51ee19472590550ba903b0616734ea55329d8abcbbf0d,fbd_rank_stability,0.942857142857143,__meta__,open_news_v1,6,83,complete,__meta__
__none__,evaluator_minilm__evaluator_mpnet,evaluator_minilm__evaluator_mpnet,"{""encoder_pair"": ""evaluator_minilm__evaluator_mpnet"", ""rank_entity_fields"": ""model_id"", ""rank_method"": ""spearman"", ""stratum:factor:corpus"": ""yahoo_answers"", ""stratum:factor:temperature"": 0.9, ""stratum:factor:top_p"": 0.8, ""stratum:prompt_id"": ""open_news_v1""}",fc7db5542dd584c6015b4aefb6a9b3eab763376f72c4a676ab2b8072728c03b6,fbd_rank_stability,1.0,__meta__,open_news_v1,6,83,complete,__meta__
__none__,evaluator_minilm__evaluator_mpnet,evaluator_minilm__evaluator_mpnet,"{""encoder_pair"": ""evaluator_minilm__evaluator_mpnet"", ""rank_entity_fields"": ""model_id"", ""rank_method"": ""spearman"", ""stratum:factor:corpus"": ""imdb_reviews"", ""stratum:factor:temperature"": 0.3, ""stratum:factor:top_p"": 0.95, ""stratum:prompt_id"": ""open_news_v1""}",6ff22b6120619d659b1f4a5fe70dbd7698bd5cfd0380e463646ddf60cb1650c8,fbd_rank_stability,0.8285714285714287,__meta__,open_news_v1,6,83,complete,__meta__
__none__,evaluator_minilm__evaluator_mpnet,evaluator_minilm__evaluator_mpnet,"{""encoder_pair"": ""evaluator_minilm__evaluator_mpnet"", ""rank_entity_fields"": ""model_id"", ""rank_method"": ""spearman"", ""stratum:factor:corpus"": ""ag_news"", ""stratum:factor:temperature"": 0.3, ""stratum:factor:top_p"": 0.95, ""stratum:prompt_id"": ""open_news_v1""}",e466b37c8e21b50693c6e5b8e79c1b6e4b911a43ad85ad3d50e5d42bcb6bb7aa,fbd_rank_stability,1.0,__meta__,open_news_v1,6,83,complete,__meta__
__none__,evaluator_minilm__evaluator_mpnet,evaluator_minilm__evaluator_mpnet,"{""encoder_pair"": ""evaluator_minilm__evaluator_mpnet"", ""rank_entity_fields"": ""model_id"", ""rank_method"": ""spearman"", ""stratum:factor:corpus"": ""amazon_reviews"", ""stratum:factor:temperature"": 0.9, ""stratum:factor:top_p"": 0.95, ""stratum:prompt_id"": ""open_news_v1""}",cd0929cfd097cfe3619244ec6e88fa2d34677c02f43ee1785fc54fcc9c1cf98a,fbd_rank_stability,0.942857142857143,__meta__,open_news_v1,6,83,complete,__meta__
__none__,evaluator_minilm__evaluator_mpnet,evaluator_minilm__evaluator_mpnet,"{""encoder_pair"": ""evaluator_minilm__evaluator_mpnet"", ""rank_entity_fields"": ""model_id"", ""rank_method"": ""spearman"", ""stratum:factor:corpus"": ""amazon_reviews"", ""stratum:factor:temperature"": 0.6, ""stratum:factor:top_p"": 0.8, ""stratum:prompt_id"": ""open_news_v1""}",477527300bbb9b12b5613f8d9241ca8beda4e7a8fdbbf2cbbf6d1c5c6bab48d3,fbd_rank_stability,0.942857142857143,__meta__,open_news_v1,6,83,complete,__meta__
__none__,evaluator_minilm__evaluator_mpnet,evaluator_minilm__evaluator_mpnet,"{""encoder_pair"": ""evaluator_minilm__evaluator_mpnet"", ""rank_entity_fields"": ""model_id"", ""rank_method"": ""spearman"", ""stratum:factor:corpus"": ""yahoo_answers"", ""stratum:factor:temperature"": 0.6, ""stratum:factor:top_p"": 0.95, ""stratum:prompt_id"": ""open_news_v1""}",745fc8c4e4c4ae9dc9944b3d9239be9389333d3a7365d5ae3f169d2fd98e8e60,fbd_rank_stability,0.942857142857143,__meta__,open_news_v1,6,83,complete,__meta__
__none__,evaluator_minilm__evaluator_mpnet,evaluator_minilm__evaluator_mpnet,"{""encoder_pair"": ""evaluator_minilm__evaluator_mpnet"", ""rank_entity_fields"": ""model_id"", ""rank_method"": ""spearman"", ""stratum:factor:corpus"": ""dbpedia"", ""stratum:factor:temperature"": 0.9, ""stratum:factor:top_p"": 0.8, ""stratum:prompt_id"": ""open_news_v1""}",fa7fa6858211fee236a2f8a49d3e5113390942b69e6ba811bb5462879e825ca1,fbd_rank_stability,0.8285714285714287,__meta__,open_news_v1,6,83,complete,__meta__
__none__,evaluator_minilm__evaluator_mpnet,evaluator_minilm__evaluator_mpnet,"{""encoder_pair"": ""evaluator_minilm__evaluator_mpnet"", ""rank_entity_fields"": ""model_id"", ""rank_method"": ""spearman"", ""stratum:factor:corpus"": ""imdb_reviews"", ""stratum:factor:temperature"": 0.6, ""stratum:factor:top_p"": 0.95, ""stratum:prompt_id"": ""open_news_v1""}",982c2afd2f9992d195dd1923173170e8d436dc88afa8133daebe2909cc0457a8,fbd_rank_stability,0.942857142857143,__meta__,open_news_v1,6,83,complete,__meta__
__none__,evaluator_minilm__evaluator_mpnet,evaluator_minilm__evaluator_mpnet,"{""encoder_pair"": ""evaluator_minilm__evaluator_mpnet"", ""rank_entity_fields"": ""model_id"", ""rank_method"": ""spearman"", ""stratum:factor:corpus"": ""amazon_reviews"", ""stratum:factor:temperature"": 0.6, ""stratum:factor:top_p"": 0.95, ""stratum:prompt_id"": ""open_news_v1""}",17e0b9bb0ef62c8675c14cb097fb323b6a5785bd503e4065b23b51c498095fd3,fbd_rank_stability,0.942857142857143,__meta__,open_news_v1,6,83,complete,__meta__
__none__,evaluator_minilm__evaluator_mpnet,evaluator_minilm__evaluator_mpnet,"{""encoder_pair"": ""evaluator_minilm__evaluator_mpnet"", ""rank_entity_fields"": ""model_id"", ""rank_method"": ""spearman"", ""stratum:factor:corpus"": ""dbpedia"", ""stratum:factor:temperature"": 0.9, ""stratum:factor:top_p"": 0.95, ""stratum:prompt_id"": ""open_news_v1""}",a7855ff9028ad4a40b09350ec12f1b66a1558ecc4422bb5112fc49c6d36601df,fbd_rank_stability,1.0,__meta__,open_news_v1,6,83,complete,__meta__
__none__,evaluator_minilm__evaluator_mpnet,evaluator_minilm__evaluator_mpnet,"{""encoder_pair"": ""evaluator_minilm__evaluator_mpnet"", ""rank_entity_fields"": ""model_id"", ""rank_method"": ""spearman"", ""stratum:factor:corpus"": ""ag_news"", ""stratum:factor:temperature"": 0.3, ""stratum:factor:top_p"": 0.8, ""stratum:prompt_id"": ""open_news_v1""}",5e5430e90195f8fe0edcb267f5d46137d85cdcdfa781ac18fd9225948898062b,fbd_rank_stability,0.942857142857143,__meta__,open_news_v1,6,83,complete,__meta__
__none__,evaluator_minilm__evaluator_mpnet,evaluator_minilm__evaluator_mpnet,"{""encoder_pair"": ""evaluator_minilm__evaluator_mpnet"", ""rank_entity_fields"": ""model_id"", ""rank_method"": ""spearman"", ""stratum:factor:corpus"": ""dbpedia"", ""stratum:factor:temperature"": 0.6, ""stratum:factor:top_p"": 0.95, ""stratum:prompt_id"": ""open_news_v1""}",9193b10d046a1fa97ec2d8d2245d1cc509857da2df614eb024e4beb95f3b9c66,fbd_rank_stability,0.8285714285714287,__meta__,open_news_v1,6,83,complete,__meta__
__none__,evaluator_minilm__evaluator_mpnet,evaluator_minilm__evaluator_mpnet,"{""encoder_pair"": ""evaluator_minilm__evaluator_mpnet"", ""rank_entity_fields"": ""model_id"", ""rank_method"": ""spearman"", ""stratum:factor:corpus"": ""amazon_reviews"", ""stratum:factor:temperature"": 0.3, ""stratum:factor:top_p"": 0.8, ""stratum:prompt_id"": ""open_news_v1""}",894b529a342813ce9b6e9f6951d77e683572d28502c7844d2035b39e2426b0c9,fbd_rank_stability,1.0,__meta__,open_news_v1,6,83,complete,__meta__
__none__,evaluator_minilm__evaluator_mpnet,evaluator_minilm__evaluator_mpnet,"{""encoder_pair"": ""evaluator_minilm__evaluator_mpnet"", ""rank_entity_fields"": ""model_id"", ""rank_method"": ""spearman"", ""stratum:factor:corpus"": ""ag_news"", ""stratum:factor:temperature"": 0.6, ""stratum:factor:top_p"": 0.8, ""stratum:prompt_id"": ""open_news_v1""}",2044b9a4537a8ae8ae9271da2e0ac0846bce3688d61689d1f7d50634094b8c53,fbd_rank_stability,1.0,__meta__,open_news_v1,6,83,complete,__meta__
__none__,evaluator_minilm__evaluator_mpnet,evaluator_minilm__evaluator_mpnet,"{""encoder_pair"": ""evaluator_minilm__evaluator_mpnet"", ""rank_entity_fields"": ""model_id"", ""rank_method"": ""spearman"", ""stratum:factor:corpus"": ""imdb_reviews"", ""stratum:factor:temperature"": 0.6, ""stratum:factor:top_p"": 0.8, ""stratum:prompt_id"": ""open_news_v1""}",66617b40cc5f9d0e29d0ba22dbab7a859750c4b1e50fcb778ab50989f98f79f6,fbd_rank_stability,0.942857142857143,__meta__,open_news_v1,6,83,complete,__meta__
__none__,evaluator_minilm__evaluator_mpnet,evaluator_minilm__evaluator_mpnet,"{""encoder_pair"": ""evaluator_minilm__evaluator_mpnet"", ""rank_entity_fields"": ""model_id"", ""rank_method"": ""spearman"", ""stratum:factor:corpus"": ""amazon_reviews"", ""stratum:factor:temperature"": 0.9, ""stratum:factor:top_p"": 0.8, ""stratum:prompt_id"": ""open_news_v1""}",b6fd4f7877853d3438b6bad416b3cd5a7f9069962b8ebb1ae47b0627551e4a55,fbd_rank_stability,1.0,__meta__,open_news_v1,6,83,complete,__meta__
__none__,evaluator_minilm__evaluator_mpnet,evaluator_minilm__evaluator_mpnet,"{""encoder_pair"": ""evaluator_minilm__evaluator_mpnet"", ""rank_entity_fields"": ""model_id"", ""rank_method"": ""spearman"", ""stratum:factor:corpus"": ""imdb_reviews"", ""stratum:factor:temperature"": 0.9, ""stratum:factor:top_p"": 0.8, ""stratum:prompt_id"": ""open_news_v1""}",34837b581c0770dd3924b5684f4074472d7025dff3e6cd36ab609b1890d3298e,fbd_rank_stability,0.942857142857143,__meta__,open_news_v1,6,83,complete,__meta__
__none__,evaluator_minilm__evaluator_mpnet,evaluator_minilm__evaluator_mpnet,"{""encoder_pair"": ""evaluator_minilm__evaluator_mpnet"", ""rank_entity_fields"": ""model_id"", ""rank_method"": ""spearman"", ""stratum:factor:corpus"": ""ag_news"", ""stratum:factor:temperature"": 0.6, ""stratum:factor:top_p"": 0.95, ""stratum:prompt_id"": ""open_news_v1""}",04fd0cb99ddb7e9d5d577d6469d797cfb5aeee93f2953e181aad4624a6633b00,fbd_rank_stability,1.0,__meta__,open_news_v1,6,83,complete,__meta__
__none__,evaluator_minilm__evaluator_mpnet,evaluator_minilm__evaluator_mpnet,"{""encoder_pair"": ""evaluator_minilm__evaluator_mpnet"", ""rank_entity_fields"": ""model_id"", ""rank_method"": ""spearman"", ""stratum:factor:corpus"": ""ag_news"", ""stratum:factor:temperature"": 0.9, ""stratum:factor:top_p"": 0.8, ""stratum:prompt_id"": ""open_news_v1""}",961c2baed36ec20417963364ee38153e3264ee38b6ea3259ee8fd32673fc965f,fbd_rank_stability,0.942857142857143,__meta__,open_news_v1,6,83,complete,__meta__
__none__,evaluator_minilm__evaluator_mpnet,evaluator_minilm__evaluator_mpnet,"{""encoder_pair"": ""evaluator_minilm__evaluator_mpnet"", ""rank_entity_fields"": ""model_id"", ""rank_method"": ""spearman"", ""stratum:factor:corpus"": ""dbpedia"", ""stratum:factor:temperature"": 0.3, ""stratum:factor:top_p"": 0.95, ""stratum:prompt_id"": ""open_news_v1""}",b7397148886274108d095508277a6173ab71f8787a283b8cb6b610f3e66ecfa5,fbd_rank_stability,0.7714285714285715,__meta__,open_news_v1,6,83,complete,__meta__
__none__,evaluator_minilm__evaluator_mpnet,evaluator_minilm__evaluator_mpnet,"{""encoder_pair"": ""evaluator_minilm__evaluator_mpnet"", ""rank_entity_fields"": ""model_id"", ""rank_method"": ""spearman"", ""stratum:factor:corpus"": ""amazon_reviews"", ""stratum:factor:temperature"": 0.3, ""stratum:factor:top_p"": 0.95, ""stratum:prompt_id"": ""open_news_v1""}",5c9c371334a2364f3fce073b37a36db7ff46e56303f9aa9ac90cf480e097832a,fbd_rank_stability,1.0,__meta__,open_news_v1,6,83,complete,__meta__
__none__,evaluator_minilm__evaluator_mpnet,evaluator_minilm__evaluator_mpnet,"{""encoder_pair"": ""evaluator_minilm__evaluator_mpnet"", ""rank_entity_fields"": ""model_id"", ""rank_method"": ""spearman"", ""stratum:factor:corpus"": ""yahoo_answers"", ""stratum:factor:temperature"": 0.9, ""stratum:factor:top_p"": 0.95, ""stratum:prompt_id"": ""open_news_v1""}",5ec4711d4dcd7979e0c4f60ae56b105449a3f47cb5497104c73892269b58cb38,fbd_rank_stability,1.0,__meta__,open_news_v1,6,83,complete,__meta__
__none__,evaluator_minilm__evaluator_mpnet,evaluator_minilm__evaluator_mpnet,"{""encoder_pair"": ""evaluator_minilm__evaluator_mpnet"", ""rank_entity_fields"": ""model_id"", ""rank_method"": ""spearman"", ""stratum:factor:corpus"": ""yahoo_answers"", ""stratum:factor:temperature"": 0.3, ""stratum:factor:top_p"": 0.95, ""stratum:prompt_id"": ""open_news_v1""}",769b2f53b62ce3fe93dbb00e3de9f01b5f2e3ce94a75544f4c5466893d3f3b7f,fbd_rank_stability,0.8285714285714287,__meta__,open_news_v1,6,83,complete,__meta__
__none__,evaluator_minilm__evaluator_mpnet,evaluator_minilm__evaluator_mpnet,"{""encoder_pair"": ""evaluator_minilm__evaluator_mpnet"", ""rank_entity_fields"": ""model_id"", ""rank_method"": ""spearman"", ""stratum:factor:corpus"": ""ag_news"", ""stratum:factor:temperature"": 0.9, ""stratum:factor:top_p"": 0.95, ""stratum:prompt_id"": ""open_news_v1""}",91a514ad824639a5c011c54afab8587d70af4a4a3ffe798e32419bf053bde2a2,fbd_rank_stability,1.0,__meta__,open_news_v1,6,83,complete,__meta__
__none__,evaluator_minilm__evaluator_mpnet,evaluator_minilm__evaluator_mpnet,"{""encoder_pair"": ""evaluator_minilm__evaluator_mpnet"", ""rank_entity_fields"": ""model_id"", ""rank_method"": ""spearman"", ""stratum:factor:corpus"": ""imdb_reviews"", ""stratum:factor:temperature"": 0.9, ""stratum:factor:top_p"": 0.95, ""stratum:prompt_id"": ""open_news_v1""}",bd52735c79d078ac1a8af94ca9fb2e1cc63db5ad1fb3bab765e508ee02354b1d,fbd_rank_stability,0.942857142857143,__meta__,open_news_v1,6,83,complete,__meta__
__none__,evaluator_minilm__evaluator_mpnet,evaluator_minilm__evaluator_mpnet,"{""encoder_pair"": ""evaluator_minilm__evaluator_mpnet"", ""rank_entity_fields"": ""model_id"", ""rank_method"": ""spearman"", ""stratum:factor:corpus"": ""dbpedia"", ""stratum:factor:temperature"": 0.3, ""stratum:factor:top_p"": 0.8, ""stratum:prompt_id"": ""open_news_v1""}",514f5278d7afec86c53d02e51866fe5f3933ebe413917f9341f11818416d7717,fbd_rank_stability,0.8285714285714287,__meta__,open_news_v1,6,83,complete,__meta__
__none__,evaluator_minilm__evaluator_mpnet,evaluator_minilm__evaluator_mpnet,"{""encoder_pair"": ""evaluator_minilm__evaluator_mpnet"", ""rank_entity_fields"": ""model_id"", ""rank_method"": ""spearman"", ""stratum:factor:corpus"": ""imdb_reviews"", ""stratum:factor:temperature"": 0.3, ""stratum:factor:top_p"": 0.8, ""stratum:prompt_id"": ""open_news_v1""}",c2fe09353246cc26697e436353b59f0b3be02bbc385b846a01c6e53d0062f9a3,fbd_rank_stability,0.942857142857143,__meta__,open_news_v1,6,83,complete,__meta__
__none__,evaluator_minilm__evaluator_mpnet,evaluator_minilm__evaluator_mpnet,"{""encoder_pair"": ""evaluator_minilm__evaluator_mpnet"", ""rank_entity_fields"": ""model_id"", ""rank_method"": ""spearman"", ""stratum:factor:corpus"": ""dbpedia"", ""stratum:factor:temperature"": 0.6, ""stratum:factor:top_p"": 0.8, ""stratum:prompt_id"": ""open_news_v1""}",14e8e92098b7c9eb5b05d28509529eb9b93472d0ad614e287f2b6c09b6117c41,fbd_rank_stability,0.942857142857143,__meta__,open_news_v1,6,97,complete,__meta__
__none__,evaluator_minilm__evaluator_mpnet,evaluator_minilm__evaluator_mpnet,"{""encoder_pair"": ""evaluator_minilm__evaluator_mpnet"", ""rank_entity_fields"": ""model_id"", ""rank_method"": ""spearman"", ""stratum:factor:corpus"": ""yahoo_answers"", ""stratum:factor:temperature"": 0.3, ""stratum:factor:top_p"": 0.8, ""stratum:prompt_id"": ""open_news_v1""}",9f0c2e0830217b466363761a8577c7ae4237808d8e40a201b4bc2d0b25f375a8,fbd_rank_stability,1.0,__meta__,open_news_v1,6,97,complete,__meta__
__none__,evaluator_minilm__evaluator_mpnet,evaluator_minilm__evaluator_mpnet,"{""encoder_pair"": ""evaluator_minilm__evaluator_mpnet"", ""rank_entity_fields"": ""model_id"", ""rank_method"": ""spearman"", ""stratum:factor:corpus"": ""yahoo_answers"", ""stratum:factor:temperature"": 0.6, ""stratum:factor:top_p"": 0.8, ""stratum:prompt_id"": ""open_news_v1""}",f63a47df22dbe962fd8f13070c0e13fd2c4f459e757a430643b34eeaa508994a,fbd_rank_stability,0.942857142857143,__meta__,open_news_v1,6,97,complete,__meta__
__none__,evaluator_minilm__evaluator_mpnet,evaluator_minilm__evaluator_mpnet,"{""encoder_pair"": ""evaluator_minilm__evaluator_mpnet"", ""rank_entity_fields"": ""model_id"", ""rank_method"": ""spearman"", ""stratum:factor:corpus"": ""yahoo_answers"", ""stratum:factor:temperature"": 0.9, ""stratum:factor:top_p"": 0.8, ""stratum:prompt_id"": ""open_news_v1""}",1b5142bbcaae2b34f541133c531f0c9866e0b9e19890ad0989d2fc3b8cb8e7d7,fbd_rank_stability,0.942857142857143,__meta__,open_news_v1,6,97,complete,__meta__
__none__,evaluator_minilm__evaluator_mpnet,evaluator_minilm__evaluator_mpnet,"{""encoder_pair"": ""evaluator_minilm__evaluator_mpnet"", ""rank_entity_fields"": ""model_id"", ""rank_method"": ""spearman"", ""stratum:factor:corpus"": ""imdb_reviews"", ""stratum:factor:temperature"": 0.3, ""stratum:factor:top_p"": 0.95, ""stratum:prompt_id"": ""open_news_v1""}",1076ebb3dad1171c93b359984dd9ec8d6651ec159543f20f3d79c31fbfc9376c,fbd_rank_stability,0.8285714285714287,__meta__,open_news_v1,6,97,complete,__meta__
__none__,evaluator_minilm__evaluator_mpnet,evaluator_minilm__evaluator_mpnet,"{""encoder_pair"": ""evaluator_minilm__evaluator_mpnet"", ""rank_entity_fields"": ""model_id"", ""rank_method"": ""spearman"", ""stratum:factor:corpus"": ""ag_news"", ""stratum:factor:temperature"": 0.3, ""stratum:factor:top_p"": 0.95, ""stratum:prompt_id"": ""open_news_v1""}",d2c46c70cde3a7126ad811ecf20d6575530c3db76014d8557e1245fc5805fc83,fbd_rank_stability,1.0,__meta__,open_news_v1,6,97,complete,__meta__
__none__,evaluator_minilm__evaluator_mpnet,evaluator_minilm__evaluator_mpnet,"{""encoder_pair"": ""evaluator_minilm__evaluator_mpnet"", ""rank_entity_fields"": ""model_id"", ""rank_method"": ""spearman"", ""stratum:factor:corpus"": ""amazon_reviews"", ""stratum:factor:temperature"": 0.9, ""stratum:factor:top_p"": 0.95, ""stratum:prompt_id"": ""open_news_v1""}",90534ded13406bfe7cb411f8b7ee4a344110327847695bb2d3853c94acf47472,fbd_rank_stability,1.0,__meta__,open_news_v1,6,97,complete,__meta__
__none__,evaluator_minilm__evaluator_mpnet,evaluator_minilm__evaluator_mpnet,"{""encoder_pair"": ""evaluator_minilm__evaluator_mpnet"", ""rank_entity_fields"": ""model_id"", ""rank_method"": ""spearman"", ""stratum:factor:corpus"": ""amazon_reviews"", ""stratum:factor:temperature"": 0.6, ""stratum:factor:top_p"": 0.8, ""stratum:prompt_id"": ""open_news_v1""}",80da9bfa46ed00bdba6e60c213313dcd1049348f66b292bd9c9ad41908949db4,fbd_rank_stability,0.942857142857143,__meta__,open_news_v1,6,97,complete,__meta__
__none__,evaluator_minilm__evaluator_mpnet,evaluator_minilm__evaluator_mpnet,"{""encoder_pair"": ""evaluator_minilm__evaluator_mpnet"", ""rank_entity_fields"": ""model_id"", ""rank_method"": ""spearman"", ""stratum:factor:corpus"": ""yahoo_answers"", ""stratum:factor:temperature"": 0.6, ""stratum:factor:top_p"": 0.95, ""stratum:prompt_id"": ""open_news_v1""}",4119839d5c97cb45443b739add054f72a1bae6b9d20155b488a2e36ed93fd4fc,fbd_rank_stability,1.0,__meta__,open_news_v1,6,97,complete,__meta__
__none__,evaluator_minilm__evaluator_mpnet,evaluator_minilm__evaluator_mpnet,"{""encoder_pair"": ""evaluator_minilm__evaluator_mpnet"", ""rank_entity_fields"": ""model_id"", ""rank_method"": ""spearman"", ""stratum:factor:corpus"": ""dbpedia"", ""stratum:factor:temperature"": 0.9, ""stratum:factor:top_p"": 0.8, ""stratum:prompt_id"": ""open_news_v1""}",084d6249ad2b2f026b6a059335f6f57d720c5981213bc6e6d5fd91c4debd1f64,fbd_rank_stability,0.942857142857143,__meta__,open_news_v1,6,97,complete,__meta__
__none__,evaluator_minilm__evaluator_mpnet,evaluator_minilm__evaluator_mpnet,"{""encoder_pair"": ""evaluator_minilm__evaluator_mpnet"", ""rank_entity_fields"": ""model_id"", ""rank_method"": ""spearman"", ""stratum:factor:corpus"": ""imdb_reviews"", ""stratum:factor:temperature"": 0.6, ""stratum:factor:top_p"": 0.95, ""stratum:prompt_id"": ""open_news_v1""}",49b3d92a0eaa977709509234827cb63718cfe6f8cba06ae9c4303d38452e6b90,fbd_rank_stability,0.942857142857143,__meta__,open_news_v1,6,97,complete,__meta__
__none__,evaluator_minilm__evaluator_mpnet,evaluator_minilm__evaluator_mpnet,"{""encoder_pair"": ""evaluator_minilm__evaluator_mpnet"", ""rank_entity_fields"": ""model_id"", ""rank_method"": ""spearman"", ""stratum:factor:corpus"": ""amazon_reviews"", ""stratum:factor:temperature"": 0.6, ""stratum:factor:top_p"": 0.95, ""stratum:prompt_id"": ""open_news_v1""}",2a9ae8aea32a58b6f30a23a3551f55882959102a942cc4b455efba36d18087e5,fbd_rank_stability,0.942857142857143,__meta__,open_news_v1,6,97,complete,__meta__
__none__,evaluator_minilm__evaluator_mpnet,evaluator_minilm__evaluator_mpnet,"{""encoder_pair"": ""evaluator_minilm__evaluator_mpnet"", ""rank_entity_fields"": ""model_id"", ""rank_method"": ""spearman"", ""stratum:factor:corpus"": ""dbpedia"", ""stratum:factor:temperature"": 0.9, ""stratum:factor:top_p"": 0.95, ""stratum:prompt_id"": ""open_news_v1""}",fec58c7f6190855f61d3891246934d9e25b55d54cfcb932f1823300435377c1d,fbd_rank_stability,0.942857142857143,__meta__,open_news_v1,6,97,complete,__meta__
__none__,evaluator_minilm__evaluator_mpnet,evaluator_minilm__evaluator_mpnet,"{""encoder_pair"": ""evaluator_minilm__evaluator_mpnet"", ""rank_entity_fields"": ""model_id"", ""rank_method"": ""spearman"", ""stratum:factor:corpus"": ""ag_news"", ""stratum:factor:temperature"": 0.3, ""stratum:factor:top_p"": 0.8, ""stratum:prompt_id"": ""open_news_v1""}",f17bce30b6dfb6379971ef2af373b089176b4085e259266688407aca1d778fc2,fbd_rank_stability,1.0,__meta__,open_news_v1,6,97,complete,__meta__
__none__,evaluator_minilm__evaluator_mpnet,evaluator_minilm__evaluator_mpnet,"{""encoder_pair"": ""evaluator_minilm__evaluator_mpnet"", ""rank_entity_fields"": ""model_id"", ""rank_method"": ""spearman"", ""stratum:factor:corpus"": ""dbpedia"", ""stratum:factor:temperature"": 0.6, ""stratum:factor:top_p"": 0.95, ""stratum:prompt_id"": ""open_news_v1""}",7ae23dbc0dbf643b878c35eb67766afb51123e8202bee7332d5d926082eb02f9,fbd_rank_stability,1.0,__meta__,open_news_v1,6,97,complete,__meta__
__none__,evaluator_minilm__evaluator_mpnet,evaluator_minilm__evaluator_mpnet,"{""encoder_pair"": ""evaluator_minilm__evaluator_mpnet"", ""rank_entity_fields"": ""model_id"", ""rank_method"": ""spearman"", ""stratum:factor:corpus"": ""amazon_reviews"", ""stratum:factor:temperature"": 0.3, ""stratum:factor:top_p"": 0.8, ""stratum:prompt_id"": ""open_news_v1""}",14a81e3d663fcd80cbe3adc522c50e5ad65912790ac502eed3ed27c99f7df0fb,fbd_rank_stability,1.0,__meta__,open_news_v1,6,97,complete,__meta__
__none__,evaluator_minilm__evaluator_mpnet,evaluator_minilm__evaluator_mpnet,"{""encoder_pair"": ""evaluator_minilm__evaluator_mpnet"", ""rank_entity_fields"": ""model_id"", ""rank_method"": ""spearman"", ""stratum:factor:corpus"": ""ag_news"", ""stratum:factor:temperature"": 0.6, ""stratum:factor:top_p"": 0.8, ""stratum:prompt_id"": ""open_news_v1""}",764b87d001e27855b068fdaaf26e7aaeabbc3001dadae1c0557e0adbee9b72f5,fbd_rank_stability,1.0,__meta__,open_news_v1,6,97,complete,__meta__
__none__,evaluator_minilm__evaluator_mpnet,evaluator_minilm__evaluator_mpnet,"{""encoder_pair"": ""evaluator_minilm__evaluator_mpnet"", ""rank_entity_fields"": ""model_id"", ""rank_method"": ""spearman"", ""stratum:factor:corpus"": ""imdb_reviews"", ""stratum:factor:temperature"": 0.6, ""stratum:factor:top_p"": 0.8, ""stratum:prompt_id"": ""open_news_v1""}",1dfae6ae469e2df058e98570cf99404b30d14acef90476bebaa28450121df5f8,fbd_rank_stability,0.8285714285714287,__meta__,open_news_v1,6,97,complete,__meta__
__none__,evaluator_minilm__evaluator_mpnet,evaluator_minilm__evaluator_mpnet,"{""encoder_pair"": ""evaluator_minilm__evaluator_mpnet"", ""rank_entity_fields"": ""model_id"", ""rank_method"": ""spearman"", ""stratum:factor:corpus"": ""amazon_reviews"", ""stratum:factor:temperature"": 0.9, ""stratum:factor:top_p"": 0.8, ""stratum:prompt_id"": ""open_news_v1""}",d4b9cf49b75415c9c2a4f0d71434e24244a7650d9af78a678b0531c389ec6200,fbd_rank_stability,0.942857142857143,__meta__,open_news_v1,6,97,complete,__meta__
__none__,evaluator_minilm__evaluator_mpnet,evaluator_minilm__evaluator_mpnet,"{""encoder_pair"": ""evaluator_minilm__evaluator_mpnet"", ""rank_entity_fields"": ""model_id"", ""rank_method"": ""spearman"", ""stratum:factor:corpus"": ""imdb_reviews"", ""stratum:factor:temperature"": 0.9, ""stratum:factor:top_p"": 0.8, ""stratum:prompt_id"": ""open_news_v1""}",45ff298803d5190b6440f2ba02e8ca8b1387648e5d26b3555224b2be13e49f90,fbd_rank_stability,1.0,__meta__,open_news_v1,6,97,complete,__meta__
__none__,evaluator_minilm__evaluator_mpnet,evaluator_minilm__evaluator_mpnet,"{""encoder_pair"": ""evaluator_minilm__evaluator_mpnet"", ""rank_entity_fields"": ""model_id"", ""rank_method"": ""spearman"", ""stratum:factor:corpus"": ""ag_news"", ""stratum:factor:temperature"": 0.6, ""stratum:factor:top_p"": 0.95, ""stratum:prompt_id"": ""open_news_v1""}",d33c49d0ea86cff7bab384d89373c7298e28d750d47e940de5adba8585129b59,fbd_rank_stability,0.942857142857143,__meta__,open_news_v1,6,97,complete,__meta__
__none__,evaluator_minilm__evaluator_mpnet,evaluator_minilm__evaluator_mpnet,"{""encoder_pair"": ""evaluator_minilm__evaluator_mpnet"", ""rank_entity_fields"": ""model_id"", ""rank_method"": ""spearman"", ""stratum:factor:corpus"": ""ag_news"", ""stratum:factor:temperature"": 0.9, ""stratum:factor:top_p"": 0.8, ""stratum:prompt_id"": ""open_news_v1""}",b6b1e610b680875040b5680f5656e94eddb68d3fc3b6077315f0504b9383ca6d,fbd_rank_stability,1.0,__meta__,open_news_v1,6,97,complete,__meta__
__none__,evaluator_minilm__evaluator_mpnet,evaluator_minilm__evaluator_mpnet,"{""encoder_pair"": ""evaluator_minilm__evaluator_mpnet"", ""rank_entity_fields"": ""model_id"", ""rank_method"": ""spearman"", ""stratum:factor:corpus"": ""dbpedia"", ""stratum:factor:temperature"": 0.3, ""stratum:factor:top_p"": 0.95, ""stratum:prompt_id"": ""open_news_v1""}",cda57184e0e023bd93b1eda375e7886e611e76134515017e4d9fbccaf1599f2c,fbd_rank_stability,0.942857142857143,__meta__,open_news_v1,6,97,complete,__meta__
__none__,evaluator_minilm__evaluator_mpnet,evaluator_minilm__evaluator_mpnet,"{""encoder_pair"": ""evaluator_minilm__evaluator_mpnet"", ""rank_entity_fields"": ""model_id"", ""rank_method"": ""spearman"", ""stratum:factor:corpus"": ""amazon_reviews"", ""stratum:factor:temperature"": 0.3, ""stratum:factor:top_p"": 0.95, ""stratum:prompt_id"": ""open_news_v1""}",ccc3f2ddc96a2a7d2af2baee83a63ce81e7458b6a892bcf6dbb732b7a4e41e31,fbd_rank_stability,0.8857142857142858,__meta__,open_news_v1,6,97,complete,__meta__
__none__,evaluator_minilm__evaluator_mpnet,evaluator_minilm__evaluator_mpnet,"{""encoder_pair"": ""evaluator_minilm__evaluator_mpnet"", ""rank_entity_fields"": ""model_id"", ""rank_method"": ""spearman"", ""stratum:factor:corpus"": ""yahoo_answers"", ""stratum:factor:temperature"": 0.9, ""stratum:factor:top_p"": 0.95, ""stratum:prompt_id"": ""open_news_v1""}",e903ed64b4aa553653bb9b8898b1b638e2e0a8194a78b8c68179b6b0c1c29f6f,fbd_rank_stability,0.942857142857143,__meta__,open_news_v1,6,97,complete,__meta__
__none__,evaluator_minilm__evaluator_mpnet,evaluator_minilm__evaluator_mpnet,"{""encoder_pair"": ""evaluator_minilm__evaluator_mpnet"", ""rank_entity_fields"": ""model_id"", ""rank_method"": ""spearman"", ""stratum:factor:corpus"": ""yahoo_answers"", ""stratum:factor:temperature"": 0.3, ""stratum:factor:top_p"": 0.95, ""stratum:prompt_id"": ""open_news_v1""}",5173e205acc543544b7047c9f39ebc1f1a438fb543278fd26f5a5d31ebcf99e6,fbd_rank_stability,0.942857142857143,__meta__,open_news_v1,6,97,complete,__meta__
__none__,evaluator_minilm__evaluator_mpnet,evaluator_minilm__evaluator_mpnet,"{""encoder_pair"": ""evaluator_minilm__evaluator_mpnet"", ""rank_entity_fields"": ""model_id"", ""rank_method"": ""spearman"", ""stratum:factor:corpus"": ""ag_news"", ""stratum:factor:temperature"": 0.9, ""stratum:factor:top_p"": 0.95, ""stratum:prompt_id"": ""open_news_v1""}",f08b11af674cd7d34bd609baf78a7e5fd463e4bd92fc605db6602ca7ee5c5389,fbd_rank_stability,1.0,__meta__,open_news_v1,6,97,complete,__meta__
__none__,evaluator_minilm__evaluator_mpnet,evaluator_minilm__evaluator_mpnet,"{""encoder_pair"": ""evaluator_minilm__evaluator_mpnet"", ""rank_entity_fields"": ""model_id"", ""rank_method"": ""spearman"", ""stratum:factor:corpus"": ""imdb_reviews"", ""stratum:factor:temperature"": 0.9, ""stratum:factor:top_p"": 0.95, ""stratum:prompt_id"": ""open_news_v1""}",657564e105644971dabec7a580d9c2013f101c16900c56f8cc0c4892499aaf9d,fbd_rank_stability,1.0,__meta__,open_news_v1,6,97,complete,__meta__
__none__,evaluator_minilm__evaluator_mpnet,evaluator_minilm__evaluator_mpnet,"{""encoder_pair"": ""evaluator_minilm__evaluator_mpnet"", ""rank_entity_fields"": ""model_id"", ""rank_method"": ""spearman"", ""stratum:factor:corpus"": ""dbpedia"", ""stratum:factor:temperature"": 0.3, ""stratum:factor:top_p"": 0.8, ""stratum:prompt_id"": ""open_news_v1""}",c20e3c674d52673bd112ec1296a0c15cbd8e882bc782bca3630ed5d8e860292c,fbd_rank_stability,0.942857142857143,__meta__,open_news_v1,6,97,complete,__meta__
__none__,evaluator_minilm__evaluator_mpnet,evaluator_minilm__evaluator_mpnet,"{""encoder_pair"": ""evaluator_minilm__evaluator_mpnet"", ""rank_entity_fields"": ""model_id"", ""rank_method"": ""spearman"", ""stratum:factor:corpus"": ""imdb_reviews"", ""stratum:factor:temperature"": 0.3, ""stratum:factor:top_p"": 0.8, ""stratum:prompt_id"": ""open_news_v1""}",828a689bff77266af7217aa2b29d172e535a6f3b305d561f771c419a6d5b52d9,fbd_rank_stability,1.0,__meta__,open_news_v1,6,97,complete,__meta__
__none__,evaluator_minilm__evaluator_mpnet,evaluator_minilm__evaluator_mpnet,"{""encoder_pair"": ""evaluator_minilm__evaluator_mpnet"", ""rank_entity_fields"": ""model_id"", ""rank_method"": ""spearman"", ""stratum:factor:corpus"": ""dbpedia"", ""stratum:factor:temperature"": 0.6, ""stratum:factor:top_p"": 0.8, ""stratum:prompt_id"": ""open_news_v1""}",f2e464175f887d0b16b796f1967eeeed9fe81e41c8e42423485cfdf02d383b70,mauve_reference_rank_stability,0.6,__meta__,open_news_v1,6,109,complete,__meta__
__none__,evaluator_minilm__evaluator_mpnet,evaluator_minilm__evaluator_mpnet,"{""encoder_pair"": ""evaluator_minilm__evaluator_mpnet"", ""rank_entity_fields"": ""model_id"", ""rank_method"": ""spearman"", ""stratum:factor:corpus"": ""yahoo_answers"", ""stratum:factor:temperature"": 0.3, ""stratum:factor:top_p"": 0.8, ""stratum:prompt_id"": ""open_news_v1""}",634bf1f6ce99c0b2df25f64f9c23f6b2a2f31c83c7b8b5fba0f7511949d5117e,mauve_reference_rank_stability,0.4918693768379647,__meta__,open_news_v1,6,109,complete,__meta__
__none__,evaluator_minilm__evaluator_mpnet,evaluator_minilm__evaluator_mpnet,"{""encoder_pair"": ""evaluator_minilm__evaluator_mpnet"", ""rank_entity_fields"": ""model_id"", ""rank_method"": ""spearman"", ""stratum:factor:corpus"": ""yahoo_answers"", ""stratum:factor:temperature"": 0.6, ""stratum:factor:top_p"": 0.8, ""stratum:prompt_id"": ""open_news_v1""}",dab1b24d43ae64184f66d796e3a21aaeb3be20929b7758cc5c7783178a1be33f,mauve_reference_rank_stability,0.7714285714285715,__meta__,open_news_v1,6,109,complete,__meta__
__none__,evaluator_minilm__evaluator_mpnet,evaluator_minilm__evaluator_mpnet,"{""encoder_pair"": ""evaluator_minilm__evaluator_mpnet"", ""rank_entity_fields"": ""model_id"", ""rank_method"": ""spearman"", ""stratum:factor:corpus"": ""yahoo_answers"", ""stratum:factor:temperature"": 0.9, ""stratum:factor:top_p"": 0.8, ""stratum:prompt_id"": ""open_news_v1""}",0afd78382bacf5538fad4c067e712163db8ff5307b76b0490b48955b575ac5dc,mauve_reference_rank_stability,0.942857142857143,__meta__,open_news_v1,6,109,complete,__meta__
__none__,evaluator_minilm__evaluator_mpnet,evaluator_minilm__evaluator_mpnet,"{""encoder_pair"": ""evaluator_minilm__evaluator_mpnet"", ""rank_entity_fields"": ""model_id"", ""rank_method"": ""spearman"", ""stratum:factor:corpus"": ""imdb_reviews"", ""stratum:factor:temperature"": 0.3, ""stratum:factor:top_p"": 0.95, ""stratum:prompt_id"": ""open_news_v1""}",9228abec59cd71b02a9dcfc9ab6e1bab7f18a4f533c6ad664b5a47029924eed4,mauve_reference_rank_stability,-0.028988551782622423,__meta__,open_news_v1,6,109,complete,__meta__
__none__,evaluator_minilm__evaluator_mpnet,evaluator_minilm__evaluator_mpnet,"{""encoder_pair"": ""evaluator_minilm__evaluator_mpnet"", ""rank_entity_fields"": ""model_id"", ""rank_method"": ""spearman"", ""stratum:factor:corpus"": ""ag_news"", ""stratum:factor:temperature"": 0.3, ""stratum:factor:top_p"": 0.95, ""stratum:prompt_id"": ""open_news_v1""}",12d69b2295bf10a8526279f1096160d7e66302817be0d1c63d6ea6f56e462f22,mauve_reference_rank_stability,0.6,__meta__,open_news_v1,6,109,complete,__meta__
__none__,evaluator_minilm__evaluator_mpnet,evaluator_minilm__evaluator_mpnet,"{""encoder_pair"": ""evaluator_minilm__evaluator_mpnet"", ""rank_entity_fields"": ""model_id"", ""rank_method"": ""spearman"", ""stratum:factor:corpus"": ""amazon_reviews"", ""stratum:factor:temperature"": 0.9, ""stratum:factor:top_p"": 0.95, ""stratum:prompt_id"": ""open_news_v1""}",736907e6bad8be8bf933d2ab0694e2495c9a42fe7077e07d7bf96998c01fa08d,mauve_reference_rank_stability,1.0,__meta__,open_news_v1,6,109,complete,__meta__
__none__,evaluator_minilm__evaluator_mpnet,evaluator_minilm__evaluator_mpnet,"{""encoder_pair"": ""evaluator_minilm__evaluator_mpnet"", ""rank_entity_fields"": ""model_id"", ""rank_method"": ""spearman"", ""stratum:factor:corpus"": ""amazon_reviews"", ""stratum:factor:temperature"": 0.6, ""stratum:factor:top_p"": 0.8, ""stratum:prompt_id"": ""open_news_v1""}",5f062af866c991a381e373b48b29a5beda248e82e9ce38bcc8a2263b766fb607,mauve_reference_rank_stability,0.8285714285714287,__meta__,open_news_v1,6,109,complete,__meta__
__none__,evaluator_minilm__evaluator_mpnet,evaluator_minilm__evaluator_mpnet,"{""encoder_pair"": ""evaluator_minilm__evaluator_mpnet"", ""rank_entity_fields"": ""model_id"", ""rank_method"": ""spearman"", ""stratum:factor:corpus"": ""yahoo_answers"", ""stratum:factor:temperature"": 0.6, ""stratum:factor:top_p"": 0.95, ""stratum:prompt_id"": ""open_news_v1""}",35bfdd051cdbb68fad322403788233262b8e09eba095bc4451abe3eacad6cc8d,mauve_reference_rank_stability,1.0,__meta__,open_news_v1,6,109,complete,__meta__
__none__,evaluator_minilm__evaluator_mpnet,evaluator_minilm__evaluator_mpnet,"{""encoder_pair"": ""evaluator_minilm__evaluator_mpnet"", ""rank_entity_fields"": ""model_id"", ""rank_method"": ""spearman"", ""stratum:factor:corpus"": ""dbpedia"", ""stratum:factor:temperature"": 0.9, ""stratum:factor:top_p"": 0.8, ""stratum:prompt_id"": ""open_news_v1""}",8d2e061f1363e2048d0477662ffcfcfd25a94a0065e3cc60978e3ce31c21ee9e,mauve_reference_rank_stability,0.8857142857142858,__meta__,open_news_v1,6,109,complete,__meta__
__none__,evaluator_minilm__evaluator_mpnet,evaluator_minilm__evaluator_mpnet,"{""encoder_pair"": ""evaluator_minilm__evaluator_mpnet"", ""rank_entity_fields"": ""model_id"", ""rank_method"": ""spearman"", ""stratum:factor:corpus"": ""imdb_reviews"", ""stratum:factor:temperature"": 0.6, ""stratum:factor:top_p"": 0.95, ""stratum:prompt_id"": ""open_news_v1""}",d2f3fa6db2edea873ff6f397ded1991653f63fc9bf6c9cb84b15cb04d7d788ca,mauve_reference_rank_stability,0.6,__meta__,open_news_v1,6,109,complete,__meta__
__none__,evaluator_minilm__evaluator_mpnet,evaluator_minilm__evaluator_mpnet,"{""encoder_pair"": ""evaluator_minilm__evaluator_mpnet"", ""rank_entity_fields"": ""model_id"", ""rank_method"": ""spearman"", ""stratum:factor:corpus"": ""amazon_reviews"", ""stratum:factor:temperature"": 0.6, ""stratum:factor:top_p"": 0.95, ""stratum:prompt_id"": ""open_news_v1""}",4cec12bf5b4a8f7849b380329d78caa60706c8c4ed183b7c98a558c3dad2374f,mauve_reference_rank_stability,1.0,__meta__,open_news_v1,6,109,complete,__meta__
__none__,evaluator_minilm__evaluator_mpnet,evaluator_minilm__evaluator_mpnet,"{""encoder_pair"": ""evaluator_minilm__evaluator_mpnet"", ""rank_entity_fields"": ""model_id"", ""rank_method"": ""spearman"", ""stratum:factor:corpus"": ""dbpedia"", ""stratum:factor:temperature"": 0.9, ""stratum:factor:top_p"": 0.95, ""stratum:prompt_id"": ""open_news_v1""}",ad1dda6ea825e3d87fe43aa61c5834ca219d3f7c1a1186d4cd83cf8ff678f774,mauve_reference_rank_stability,0.3142857142857143,__meta__,open_news_v1,6,109,complete,__meta__
__none__,evaluator_minilm__evaluator_mpnet,evaluator_minilm__evaluator_mpnet,"{""encoder_pair"": ""evaluator_minilm__evaluator_mpnet"", ""rank_entity_fields"": ""model_id"", ""rank_method"": ""spearman"", ""stratum:factor:corpus"": ""ag_news"", ""stratum:factor:temperature"": 0.3, ""stratum:factor:top_p"": 0.8, ""stratum:prompt_id"": ""open_news_v1""}",73dd12033c678c4b42a53b6fe81092102b90925b9f4a87c9bc19ae53566a9626,mauve_reference_rank_stability,0.8116794499134278,__meta__,open_news_v1,6,109,complete,__meta__
__none__,evaluator_minilm__evaluator_mpnet,evaluator_minilm__evaluator_mpnet,"{""encoder_pair"": ""evaluator_minilm__evaluator_mpnet"", ""rank_entity_fields"": ""model_id"", ""rank_method"": ""spearman"", ""stratum:factor:corpus"": ""dbpedia"", ""stratum:factor:temperature"": 0.6, ""stratum:factor:top_p"": 0.95, ""stratum:prompt_id"": ""open_news_v1""}",9193cfeed8cbfdd1a23f5d53ccd10705c54b165f39a8eb9d83fe3370d1f0a5a3,mauve_reference_rank_stability,0.48571428571428577,__meta__,open_news_v1,6,109,complete,__meta__
__none__,evaluator_minilm__evaluator_mpnet,evaluator_minilm__evaluator_mpnet,"{""encoder_pair"": ""evaluator_minilm__evaluator_mpnet"", ""rank_entity_fields"": ""model_id"", ""rank_method"": ""spearman"", ""stratum:factor:corpus"": ""amazon_reviews"", ""stratum:factor:temperature"": 0.3, ""stratum:factor:top_p"": 0.8, ""stratum:prompt_id"": ""open_news_v1""}",6499bcb7ffb43cd9880d575b517d069e0de91d9af7564ca97afef413c557bc0f,mauve_reference_rank_stability,0.3388226069985336,__meta__,open_news_v1,6,109,complete,__meta__
__none__,evaluator_minilm__evaluator_mpnet,evaluator_minilm__evaluator_mpnet,"{""encoder_pair"": ""evaluator_minilm__evaluator_mpnet"", ""rank_entity_fields"": ""model_id"", ""rank_method"": ""spearman"", ""stratum:factor:corpus"": ""ag_news"", ""stratum:factor:temperature"": 0.6, ""stratum:factor:top_p"": 0.8, ""stratum:prompt_id"": ""open_news_v1""}",af1a73f1739d3110f79bcd66861ee96801cba376b33c3b0eba12b13d8bf5e4b2,mauve_reference_rank_stability,0.942857142857143,__meta__,open_news_v1,6,109,complete,__meta__
__none__,evaluator_minilm__evaluator_mpnet,evaluator_minilm__evaluator_mpnet,"{""encoder_pair"": ""evaluator_minilm__evaluator_mpnet"", ""rank_entity_fields"": ""model_id"", ""rank_method"": ""spearman"", ""stratum:factor:corpus"": ""imdb_reviews"", ""stratum:factor:temperature"": 0.6, ""stratum:factor:top_p"": 0.8, ""stratum:prompt_id"": ""open_news_v1""}",10f7cf42eb9ab0485afc8a5773e9b28c66479c17da1eb8fb0a24671ef718bc11,mauve_reference_rank_stability,0.5428571428571429,__meta__,open_news_v1,6,109,complete,__meta__
__none__,evaluator_minilm__evaluator_mpnet,evaluator_minilm__evaluator_mpnet,"{""encoder_pair"": ""evaluator_minilm__evaluator_mpnet"", ""rank_entity_fields"": ""model_id"", ""rank_method"": ""spearman"", ""stratum:factor:corpus"": ""amazon_reviews"", ""stratum:factor:temperature"": 0.9, ""stratum:factor:top_p"": 0.8, ""stratum:prompt_id"": ""open_news_v1""}",17454da78febdd729379ee0702466837d4c84a243c9ebd8f3557b44e7e835818,mauve_reference_rank_stability,0.8857142857142858,__meta__,open_news_v1,6,109,complete,__meta__
__none__,evaluator_minilm__evaluator_mpnet,evaluator_minilm__evaluator_mpnet,"{""encoder_pair"": ""evaluator_minilm__evaluator_mpnet"", ""rank_entity_fields"": ""model_id"", ""rank_method"": ""spearman"", ""stratum:factor:corpus"": ""imdb_reviews"", ""stratum:factor:temperature"": 0.9, ""stratum:factor:top_p"": 0.8, ""stratum:prompt_id"": ""open_news_v1""}",57807975cc0e65eb7e1d22207c95b29be3edb294c5e1ac8826843d5ef1ffb6c1,mauve_reference_rank_stability,0.2571428571428572,__meta__,open_news_v1,6,109,complete,__meta__
__none__,evaluator_minilm__evaluator_mpnet,evaluator_minilm__evaluator_mpnet,"{""encoder_pair"": ""evaluator_minilm__evaluator_mpnet"", ""rank_entity_fields"": ""model_id"", ""rank_method"": ""spearman"", ""stratum:factor:corpus"": ""ag_news"", ""stratum:factor:temperature"": 0.6, ""stratum:factor:top_p"": 0.95, ""stratum:prompt_id"": ""open_news_v1""}",9d2e5dfde449104643c750e21d1267fac4f30eb0983c3a022953123469acb25a,mauve_reference_rank_stability,0.7714285714285715,__meta__,open_news_v1,6,109,complete,__meta__
__none__,evaluator_minilm__evaluator_mpnet,evaluator_minilm__evaluator_mpnet,"{""encoder_pair"": ""evaluator_minilm__evaluator_mpnet"", ""rank_entity_fields"": ""model_id"", ""rank_method"": ""spearman"", ""stratum:factor:corpus"": ""ag_news"", ""stratum:factor:temperature"": 0.9, ""stratum:factor:top_p"": 0.8, ""stratum:prompt_id"": ""open_news_v1""}",c24192ea4c0e5934f62a0c36b92e38a6ccf5c89a9d1556baae0e14208cef317f,mauve_reference_rank_stability,0.942857142857143,__meta__,open_news_v1,6,109,complete,__meta__
__none__,evaluator_minilm__evaluator_mpnet,evaluator_minilm__evaluator_mpnet,"{""encoder_pair"": ""evaluator_minilm__evaluator_mpnet"", ""rank_entity_fields"": ""model_id"", ""rank_method"": ""spearman"", ""stratum:factor:corpus"": ""dbpedia"", ""stratum:factor:temperature"": 0.3, ""stratum:factor:top_p"": 0.95, ""stratum:prompt_id"": ""open_news_v1""}",74d18ba62535f33d7ec635a6082adcf2eba640f180046c2b89a691c676021fa5,mauve_reference_rank_stability,0.3714285714285715,__meta__,open_news_v1,6,109,complete,__meta__
__none__,evaluator_minilm__evaluator_mpnet,evaluator_minilm__evaluator_mpnet,"{""encoder_pair"": ""evaluator_minilm__evaluator_mpnet"", ""rank_entity_fields"": ""model_id"", ""rank_method"": ""spearman"", ""stratum:factor:corpus"": ""amazon_reviews"", ""stratum:factor:temperature"": 0.3, ""stratum:factor:top_p"": 0.95, ""stratum:prompt_id"": ""open_news_v1""}",e3481e034093f6c730aab30f5ac659c4227363422cc6f9977775935ce36ed0a3,mauve_reference_rank_stability,0.942857142857143,__meta__,open_news_v1,6,109,complete,__meta__
__none__,evaluator_minilm__evaluator_mpnet,evaluator_minilm__evaluator_mpnet,"{""encoder_pair"": ""evaluator_minilm__evaluator_mpnet"", ""rank_entity_fields"": ""model_id"", ""rank_method"": ""spearman"", ""stratum:factor:corpus"": ""yahoo_answers"", ""stratum:factor:temperature"": 0.9, ""stratum:factor:top_p"": 0.95, ""stratum:prompt_id"": ""open_news_v1""}",d4d17b972e9e438a2cd4242724f9234700cf192cc481b47f7ee2da273107cba7,mauve_reference_rank_stability,1.0,__meta__,open_news_v1,6,109,complete,__meta__
__none__,evaluator_minilm__evaluator_mpnet,evaluator_minilm__evaluator_mpnet,"{""encoder_pair"": ""evaluator_minilm__evaluator_mpnet"", ""rank_entity_fields"": ""model_id"", ""rank_method"": ""spearman"", ""stratum:factor:corpus"": ""yahoo_answers"", ""stratum:factor:temperature"": 0.3, ""stratum:factor:top_p"": 0.95, ""stratum:prompt_id"": ""open_news_v1""}",e1f679847ad46ff5fd01467c66252b7f18e1a34302039afe54f4ad011792b611,mauve_reference_rank_stability,0.7142857142857143,__meta__,open_news_v1,6,109,complete,__meta__
__none__,evaluator_minilm__evaluator_mpnet,evaluator_minilm__evaluator_mpnet,"{""encoder_pair"": ""evaluator_minilm__evaluator_mpnet"", ""rank_entity_fields"": ""model_id"", ""rank_method"": ""spearman"", ""stratum:factor:corpus"": ""ag_news"", ""stratum:factor:temperature"": 0.9, ""stratum:factor:top_p"": 0.95, ""stratum:prompt_id"": ""open_news_v1""}",32c73d50711fb5d7fae37ab89091406674230971b0a26bb11875e51f6bcb6ba3,mauve_reference_rank_stability,0.942857142857143,__meta__,open_news_v1,6,109,complete,__meta__
__none__,evaluator_minilm__evaluator_mpnet,evaluator_minilm__evaluator_mpnet,"{""encoder_pair"": ""evaluator_minilm__evaluator_mpnet"", ""rank_entity_fields"": ""model_id"", ""rank_method"": ""spearman"", ""stratum:factor:corpus"": ""imdb_reviews"", ""stratum:factor:temperature"": 0.9, ""stratum:factor:top_p"": 0.95, ""stratum:prompt_id"": ""open_news_v1""}",2da98b49aca6c03cd84732bc10a7a34dacb0c0a1085eb8f5814b0d965d29f429,mauve_reference_rank_stability,-0.3714285714285715,__meta__,open_news_v1,6,109,complete,__meta__
__none__,evaluator_minilm__evaluator_mpnet,evaluator_minilm__evaluator_mpnet,"{""encoder_pair"": ""evaluator_minilm__evaluator_mpnet"", ""rank_entity_fields"": ""model_id"", ""rank_method"": ""spearman"", ""stratum:factor:corpus"": ""dbpedia"", ""stratum:factor:temperature"": 0.3, ""stratum:factor:top_p"": 0.8, ""stratum:prompt_id"": ""open_news_v1""}",dfe155db7c902bd9a8de502633df9969facca05b929021ff8f0836352d7fe85e,mauve_reference_rank_stability,0.5217939320872036,__meta__,open_news_v1,6,109,complete,__meta__
__none__,evaluator_minilm__evaluator_mpnet,evaluator_minilm__evaluator_mpnet,"{""encoder_pair"": ""evaluator_minilm__evaluator_mpnet"", ""rank_entity_fields"": ""model_id"", ""rank_method"": ""spearman"", ""stratum:factor:corpus"": ""imdb_reviews"", ""stratum:factor:temperature"": 0.3, ""stratum:factor:top_p"": 0.8, ""stratum:prompt_id"": ""open_news_v1""}",47c1c3227d6e801e7437966dcde16f13357236ab2aa1b277f1e30ad97044f8cc,mauve_reference_rank_stability,0.8406680016960504,__meta__,open_news_v1,6,109,complete,__meta__
__none__,evaluator_minilm__evaluator_mpnet,evaluator_minilm__evaluator_mpnet,"{""encoder_pair"": ""evaluator_minilm__evaluator_mpnet"", ""rank_entity_fields"": ""model_id"", ""rank_method"": ""spearman"", ""stratum:factor:corpus"": ""dbpedia"", ""stratum:factor:temperature"": 0.6, ""stratum:factor:top_p"": 0.8, ""stratum:prompt_id"": ""open_news_v1""}",3e67a55d9073b090cb9a9b995f970a241ec20fa01c8f1298131afb68e9fce2ac,mauve_reference_rank_stability,0.7714285714285715,__meta__,open_news_v1,6,17,complete,__meta__
__none__,evaluator_minilm__evaluator_mpnet,evaluator_minilm__evaluator_mpnet,"{""encoder_pair"": ""evaluator_minilm__evaluator_mpnet"", ""rank_entity_fields"": ""model_id"", ""rank_method"": ""spearman"", ""stratum:factor:corpus"": ""yahoo_answers"", ""stratum:factor:temperature"": 0.3, ""stratum:factor:top_p"": 0.8, ""stratum:prompt_id"": ""open_news_v1""}",c177e793bc7ef9182af6f29034a34115b9ee131655637931b29f591bed3eb5d2,mauve_reference_rank_stability,0.8857142857142858,__meta__,open_news_v1,6,17,complete,__meta__
__none__,evaluator_minilm__evaluator_mpnet,evaluator_minilm__evaluator_mpnet,"{""encoder_pair"": ""evaluator_minilm__evaluator_mpnet"", ""rank_entity_fields"": ""model_id"", ""rank_method"": ""spearman"", ""stratum:factor:corpus"": ""yahoo_answers"", ""stratum:factor:temperature"": 0.6, ""stratum:factor:top_p"": 0.8, ""stratum:prompt_id"": ""open_news_v1""}",54dd2996ba6f7658d0577608cad4d68c678cf8857dc5f46941f4ab36acafb86f,mauve_reference_rank_stability,0.48571428571428577,__meta__,open_news_v1,6,17,complete,__meta__
__none__,evaluator_minilm__evaluator_mpnet,evaluator_minilm__evaluator_mpnet,"{""encoder_pair"": ""evaluator_minilm__evaluator_mpnet"", ""rank_entity_fields"": ""model_id"", ""rank_method"": ""spearman"", ""stratum:factor:corpus"": ""yahoo_answers"", ""stratum:factor:temperature"": 0.9, ""stratum:factor:top_p"": 0.8, ""stratum:prompt_id"": ""open_news_v1""}",1afaf743cca7d1725fb62463bfb16c24618fe0b4dbf46edff680ad4969664d69,mauve_reference_rank_stability,0.8857142857142858,__meta__,open_news_v1,6,17,complete,__meta__
__none__,evaluator_minilm__evaluator_mpnet,evaluator_minilm__evaluator_mpnet,"{""encoder_pair"": ""evaluator_minilm__evaluator_mpnet"", ""rank_entity_fields"": ""model_id"", ""rank_method"": ""spearman"", ""stratum:factor:corpus"": ""imdb_reviews"", ""stratum:factor:temperature"": 0.3, ""stratum:factor:top_p"": 0.95, ""stratum:prompt_id"": ""open_news_v1""}",86ff9f9d3c2911f3f7932ad7aecf2ae9c6415211e19bfe789b9fa8bcc417ccba,mauve_reference_rank_stability,0.9856107606091623,__meta__,open_news_v1,6,17,complete,__meta__
__none__,evaluator_minilm__evaluator_mpnet,evaluator_minilm__evaluator_mpnet,"{""encoder_pair"": ""evaluator_minilm__evaluator_mpnet"", ""rank_entity_fields"": ""model_id"", ""rank_method"": ""spearman"", ""stratum:factor:corpus"": ""ag_news"", ""stratum:factor:temperature"": 0.3, ""stratum:factor:top_p"": 0.95, ""stratum:prompt_id"": ""open_news_v1""}",2c7740c87a0fd6e694f909403e4922699ac488379d382cb71b9440b3054254c2,mauve_reference_rank_stability,0.6,__meta__,open_news_v1,6,17,complete,__meta__
__none__,evaluator_minilm__evaluator_mpnet,evaluator_minilm__evaluator_mpnet,"{""encoder_pair"": ""evaluator_minilm__evaluator_mpnet"", ""rank_entity_fields"": ""model_id"", ""rank_method"": ""spearman"", ""stratum:factor:corpus"": ""amazon_reviews"", ""stratum:factor:temperature"": 0.9, ""stratum:factor:top_p"": 0.95, ""stratum:prompt_id"": ""open_news_v1""}",71f68f01bda113fc0ed78cf23fa9397a945aa710b0e1675969a00c789347b32e,mauve_reference_rank_stability,0.8857142857142858,__meta__,open_news_v1,6,17,complete,__meta__
__none__,evaluator_minilm__evaluator_mpnet,evaluator_minilm__evaluator_mpnet,"{""encoder_pair"": ""evaluator_minilm__evaluator_mpnet"", ""rank_entity_fields"": ""model_id"", ""rank_method"": ""spearman"", ""stratum:factor:corpus"": ""amazon_reviews"", ""stratum:factor:temperature"": 0.6, ""stratum:factor:top_p"": 0.8, ""stratum:prompt_id"": ""open_news_v1""}",6b283e659c78e5f16366a0d22d7361dc7e8c27d44ceff44eae17b4faac6a7d74,mauve_reference_rank_stability,0.3714285714285715,__meta__,open_news_v1,6,17,complete,__meta__
__none__,evaluator_minilm__evaluator_mpnet,evaluator_minilm__evaluator_mpnet,"{""encoder_pair"": ""evaluator_minilm__evaluator_mpnet"", ""rank_entity_fields"": ""model_id"", ""rank_method"": ""spearman"", ""stratum:factor:corpus"": ""yahoo_answers"", ""stratum:factor:temperature"": 0.6, ""stratum:factor:top_p"": 0.95, ""stratum:prompt_id"": ""open_news_v1""}",7598beaf0d85c02a7326c67840d66216f42d90c9b01099ff93ca3af6d5ce372e,mauve_reference_rank_stability,1.0,__meta__,open_news_v1,6,17,complete,__meta__
__none__,evaluator_minilm__evaluator_mpnet,evaluator_minilm__evaluator_mpnet,"{""encoder_pair"": ""evaluator_minilm__evaluator_mpnet"", ""rank_entity_fields"": ""model_id"", ""rank_method"": ""spearman"", ""stratum:factor:corpus"": ""dbpedia"", ""stratum:factor:temperature"": 0.9, ""stratum:factor:top_p"": 0.8, ""stratum:prompt_id"": ""open_news_v1""}",b724e1ebb6d388d852587ccb3154d460f2908f246240e4f4a47df4da6efdb34a,mauve_reference_rank_stability,0.7714285714285715,__meta__,open_news_v1,6,17,complete,__meta__
__none__,evaluator_minilm__evaluator_mpnet,evaluator_minilm__evaluator_mpnet,"{""encoder_pair"": ""evaluator_minilm__evaluator_mpnet"", ""rank_entity_fields"": ""model_id"", ""rank_method"": ""spearman"", ""stratum:factor:corpus"": ""imdb_reviews"", ""stratum:factor:temperature"": 0.6, ""stratum:factor:top_p"": 0.95, ""stratum:prompt_id"": ""open_news_v1""}",8eacef5424d4fc5232580a5d54bf685a1957d98f85928df2b77cdeace0504b64,mauve_reference_rank_stability,0.2571428571428572,__meta__,open_news_v1,6,17,complete,__meta__
__none__,evaluator_minilm__evaluator_mpnet,evaluator_minilm__evaluator_mpnet,"{""encoder_pair"": ""evaluator_minilm__evaluator_mpnet"", ""rank_entity_fields"": ""model_id"", ""rank_method"": ""spearman"", ""stratum:factor:corpus"": ""amazon_reviews"", ""stratum:factor:temperature"": 0.6, ""stratum:factor:top_p"": 0.95, ""stratum:prompt_id"": ""open_news_v1""}",b4dcb8dd1807a902de27c8e50630397c3c87dc5ee84eae402d90366cfc3264f7,mauve_reference_rank_stability,0.942857142857143,__meta__,open_news_v1,6,17,complete,__meta__
__none__,evaluator_minilm__evaluator_mpnet,evaluator_minilm__evaluator_mpnet,"{""encoder_pair"": ""evaluator_minilm__evaluator_mpnet"", ""rank_entity_fields"": ""model_id"", ""rank_method"": ""spearman"", ""stratum:factor:corpus"": ""dbpedia"", ""stratum:factor:temperature"": 0.9, ""stratum:factor:top_p"": 0.95, ""stratum:prompt_id"": ""open_news_v1""}",d1a3e3979bfcac8ea479012ef7269deba73af87f8d6fe146452a60c5618103ba,mauve_reference_rank_stability,0.6571428571428573,__meta__,open_news_v1,6,17,complete,__meta__
__none__,evaluator_minilm__evaluator_mpnet,evaluator_minilm__evaluator_mpnet,"{""encoder_pair"": ""evaluator_minilm__evaluator_mpnet"", ""rank_entity_fields"": ""model_id"", ""rank_method"": ""spearman"", ""stratum:factor:corpus"": ""ag_news"", ""stratum:factor:temperature"": 0.3, ""stratum:factor:top_p"": 0.8, ""stratum:prompt_id"": ""open_news_v1""}",4aee82a0bb8d2f4e2c14d05a96410de7e3f3381c6cb1f8343108b0e7d68dbe46,mauve_reference_rank_stability,0.3970588235294118,__meta__,open_news_v1,6,17,complete,__meta__
__none__,evaluator_minilm__evaluator_mpnet,evaluator_minilm__evaluator_mpnet,"{""encoder_pair"": ""evaluator_minilm__evaluator_mpnet"", ""rank_entity_fields"": ""model_id"", ""rank_method"": ""spearman"", ""stratum:factor:corpus"": ""dbpedia"", ""stratum:factor:temperature"": 0.6, ""stratum:factor:top_p"": 0.95, ""stratum:prompt_id"": ""open_news_v1""}",798419946d2795456e0ed791a23a387fdcacedc26c206a33758afabafa052c51,mauve_reference_rank_stability,0.6571428571428573,__meta__,open_news_v1,6,17,complete,__meta__
__none__,evaluator_minilm__evaluator_mpnet,evaluator_minilm__evaluator_mpnet,"{""encoder_pair"": ""evaluator_minilm__evaluator_mpnet"", ""rank_entity_fields"": ""model_id"", ""rank_method"": ""spearman"", ""stratum:factor:corpus"": ""amazon_reviews"", ""stratum:factor:temperature"": 0.3, ""stratum:factor:top_p"": 0.8, ""stratum:prompt_id"": ""open_news_v1""}",cddeb8ded101a8e2ee1477a2ba8828a623bb2f2bfa4e787d7f5a3e0ee341a922,mauve_reference_rank_stability,0.7700513795421218,__meta__,open_news_v1,6,17,complete,__meta__
__none__,evaluator_minilm__evaluator_mpnet,evaluator_minilm__evaluator_mpnet,"{""encoder_pair"": ""evaluator_minilm__evaluator_mpnet"", ""rank_entity_fields"": ""model_id"", ""rank_method"": ""spearman"", ""stratum:factor:corpus"": ""ag_news"", ""stratum:factor:temperature"": 0.6, ""stratum:factor:top_p"": 0.8, ""stratum:prompt_id"": ""open_news_v1""}",4785f31464a1f6480c215e7a01adc7110c83b008ae8b25b66c07145cec74ffda,mauve_reference_rank_stability,0.3714285714285715,__meta__,open_news_v1,6,17,complete,__meta__
__none__,evaluator_minilm__evaluator_mpnet,evaluator_minilm__evaluator_mpnet,"{""encoder_pair"": ""evaluator_minilm__evaluator_mpnet"", ""rank_entity_fields"": ""model_id"", ""rank_method"": ""spearman"", ""stratum:factor:corpus"": ""imdb_reviews"", ""stratum:factor:temperature"": 0.6, ""stratum:factor:top_p"": 0.8, ""stratum:prompt_id"": ""open_news_v1""}",97828d722b6faa96b56dd2bafe18e634a64f5eb97522cda48b7751daf7ac1fa8,mauve_reference_rank_stability,0.942857142857143,__meta__,open_news_v1,6,17,complete,__meta__
__none__,evaluator_minilm__evaluator_mpnet,evaluator_minilm__evaluator_mpnet,"{""encoder_pair"": ""evaluator_minilm__evaluator_mpnet"", ""rank_entity_fields"": ""model_id"", ""rank_method"": ""spearman"", ""stratum:factor:corpus"": ""amazon_reviews"", ""stratum:factor:temperature"": 0.9, ""stratum:factor:top_p"": 0.8, ""stratum:prompt_id"": ""open_news_v1""}",dbb2a2a3aa735d34349233d9cff82e2aea7276edb2ae0a1902f2f1f67fdb3ef4,mauve_reference_rank_stability,0.7714285714285715,__meta__,open_news_v1,6,17,complete,__meta__
__none__,evaluator_minilm__evaluator_mpnet,evaluator_minilm__evaluator_mpnet,"{""encoder_pair"": ""evaluator_minilm__evaluator_mpnet"", ""rank_entity_fields"": ""model_id"", ""rank_method"": ""spearman"", ""stratum:factor:corpus"": ""imdb_reviews"", ""stratum:factor:temperature"": 0.9, ""stratum:factor:top_p"": 0.8, ""stratum:prompt_id"": ""open_news_v1""}",197d5ab1b0d19d012244e2c86085e0eb0392ca8ddb6ff6671db228d80d685f1e,mauve_reference_rank_stability,0.08571428571428573,__meta__,open_news_v1,6,17,complete,__meta__
__none__,evaluator_minilm__evaluator_mpnet,evaluator_minilm__evaluator_mpnet,"{""encoder_pair"": ""evaluator_minilm__evaluator_mpnet"", ""rank_entity_fields"": ""model_id"", ""rank_method"": ""spearman"", ""stratum:factor:corpus"": ""ag_news"", ""stratum:factor:temperature"": 0.6, ""stratum:factor:top_p"": 0.95, ""stratum:prompt_id"": ""open_news_v1""}",9c5c2fd78139a84c8155e162f85aafe348a4a6759dfe14c701b0fec8c8fe6d46,mauve_reference_rank_stability,0.8285714285714287,__meta__,open_news_v1,6,17,complete,__meta__
__none__,evaluator_minilm__evaluator_mpnet,evaluator_minilm__evaluator_mpnet,"{""encoder_pair"": ""evaluator_minilm__evaluator_mpnet"", ""rank_entity_fields"": ""model_id"", ""rank_method"": ""spearman"", ""stratum:factor:corpus"": ""ag_news"", ""stratum:factor:temperature"": 0.9, ""stratum:factor:top_p"": 0.8, ""stratum:prompt_id"": ""open_news_v1""}",d6213ca1dbdd7c8097feb2025d6109ebd98475eb1a4df67364029cca358acf63,mauve_reference_rank_stability,0.7142857142857143,__meta__,open_news_v1,6,17,complete,__meta__
__none__,evaluator_minilm__evaluator_mpnet,evaluator_minilm__evaluator_mpnet,"{""encoder_pair"": ""evaluator_minilm__evaluator_mpnet"", ""rank_entity_fields"": ""model_id"", ""rank_method"": ""spearman"", ""stratum:factor:corpus"": ""dbpedia"", ""stratum:factor:temperature"": 0.3, ""stratum:factor:top_p"": 0.95, ""stratum:prompt_id"": ""open_news_v1""}",5d45f21af4ce777ae890b9a1b79dce64c5f4f0fcbc393a8d985ea6f6da17565c,mauve_reference_rank_stability,0.8116794499134279,__meta__,open_news_v1,6,17,complete,__meta__
__none__,evaluator_minilm__evaluator_mpnet,evaluator_minilm__evaluator_mpnet,"{""encoder_pair"": ""evaluator_minilm__evaluator_mpnet"", ""rank_entity_fields"": ""model_id"", ""rank_method"": ""spearman"", ""stratum:factor:corpus"": ""amazon_reviews"", ""stratum:factor:temperature"": 0.3, ""stratum:factor:top_p"": 0.95, ""stratum:prompt_id"": ""open_news_v1""}",33d0b5a61a34b399f426bc6ba711a44e0d260959f1145b2d063320a15ecac247,mauve_reference_rank_stability,0.942857142857143,__meta__,open_news_v1,6,17,complete,__meta__
__none__,evaluator_minilm__evaluator_mpnet,evaluator_minilm__evaluator_mpnet,"{""encoder_pair"": ""evaluator_minilm__evaluator_mpnet"", ""rank_entity_fields"": ""model_id"", ""rank_method"": ""spearman"", ""stratum:factor:corpus"": ""yahoo_answers"", ""stratum:factor:temperature"": 0.9, ""stratum:factor:top_p"": 0.95, ""stratum:prompt_id"": ""open_news_v1""}",5b1341deed5f93415acdb6d0c6f461288d044426d900903632be5a1f2c3df84f,mauve_reference_rank_stability,0.942857142857143,__meta__,open_news_v1,6,17,complete,__meta__
__none__,evaluator_minilm__evaluator_mpnet,evaluator_minilm__evaluator_mpnet,"{""encoder_pair"": ""evaluator_minilm__evaluator_mpnet"", ""rank_entity_fields"": ""model_id"", ""rank_method"": ""spearman"", ""stratum:factor:corpus"": ""yahoo_answers"", ""stratum:factor:temperature"": 0.3, ""stratum:factor:top_p"": 0.95, ""stratum:prompt_id"": ""open_news_v1""}",a62b28560d49e5336c197f58eaee09a07aca795abcac05c49a79226bd4dfa98a,mauve_reference_rank_stability,0.7714285714285715,__meta__,open_news_v1,6,17,complete,__meta__
__none__,evaluator_minilm__evaluator_mpnet,evaluator_minilm__evaluator_mpnet,"{""encoder_pair"": ""evaluator_minilm__evaluator_mpnet"", ""rank_entity_fields"": ""model_id"", ""rank_method"": ""spearman"", ""stratum:factor:corpus"": ""ag_news"", ""stratum:factor:temperature"": 0.9, ""stratum:factor:top_p"": 0.95, ""stratum:prompt_id"": ""open_news_v1""}",6b1bb99cbc71a1c013306b61e54df11eb26630acde1a54a018c3f4516b25f271,mauve_reference_rank_stability,0.942857142857143,__meta__,open_news_v1,6,17,complete,__meta__
__none__,evaluator_minilm__evaluator_mpnet,evaluator_minilm__evaluator_mpnet,"{""encoder_pair"": ""evaluator_minilm__evaluator_mpnet"", ""rank_entity_fields"": ""model_id"", ""rank_method"": ""spearman"", ""stratum:factor:corpus"": ""imdb_reviews"", ""stratum:factor:temperature"": 0.9, ""stratum:factor:top_p"": 0.95, ""stratum:prompt_id"": ""open_news_v1""}",1e41a952ec2d24c68886db11e0ec87419e9da14320c198bc648762a07f71ba3f,mauve_reference_rank_stability,-0.14285714285714288,__meta__,open_news_v1,6,17,complete,__meta__
__none__,evaluator_minilm__evaluator_mpnet,evaluator_minilm__evaluator_mpnet,"{""encoder_pair"": ""evaluator_minilm__evaluator_mpnet"", ""rank_entity_fields"": ""model_id"", ""rank_method"": ""spearman"", ""stratum:factor:corpus"": ""dbpedia"", ""stratum:factor:temperature"": 0.3, ""stratum:factor:top_p"": 0.8, ""stratum:prompt_id"": ""open_news_v1""}",9bf77aa47a4f4b24be681bb623cb3c627e053a03a83c3a96948f822e366b8583,mauve_reference_rank_stability,-0.046966821831386216,__meta__,open_news_v1,6,17,complete,__meta__
__none__,evaluator_minilm__evaluator_mpnet,evaluator_minilm__evaluator_mpnet,"{""encoder_pair"": ""evaluator_minilm__evaluator_mpnet"", ""rank_entity_fields"": ""model_id"", ""rank_method"": ""spearman"", ""stratum:factor:corpus"": ""imdb_reviews"", ""stratum:factor:temperature"": 0.3, ""stratum:factor:top_p"": 0.8, ""stratum:prompt_id"": ""open_news_v1""}",9edf0ba26b3eefecb03a75b808b5c583e8b75452fde44904a4eefb57b366472d,mauve_reference_rank_stability,0.7419354838709679,__meta__,open_news_v1,6,17,complete,__meta__
__none__,evaluator_minilm__evaluator_mpnet,evaluator_minilm__evaluator_mpnet,"{""encoder_pair"": ""evaluator_minilm__evaluator_mpnet"", ""rank_entity_fields"": ""model_id"", ""rank_method"": ""spearman"", ""stratum:factor:corpus"": ""dbpedia"", ""stratum:factor:temperature"": 0.6, ""stratum:factor:top_p"": 0.8, ""stratum:prompt_id"": ""open_news_v1""}",9052bf0e2da5794e8c4ac7535b9d7352f1436f442e26e01ffd1809fcdb1e2cdb,mauve_reference_rank_stability,0.8857142857142858,__meta__,open_news_v1,6,29,complete,__meta__
__none__,evaluator_minilm__evaluator_mpnet,evaluator_minilm__evaluator_mpnet,"{""encoder_pair"": ""evaluator_minilm__evaluator_mpnet"", ""rank_entity_fields"": ""model_id"", ""rank_method"": ""spearman"", ""stratum:factor:corpus"": ""yahoo_answers"", ""stratum:factor:temperature"": 0.3, ""stratum:factor:top_p"": 0.8, ""stratum:prompt_id"": ""open_news_v1""}",f787a1a481d73b0ecf88a231799688e1683cc2ad454054036aef79e1954070ab,mauve_reference_rank_stability,0.03225806451612903,__meta__,open_news_v1,6,29,complete,__meta__
__none__,evaluator_minilm__evaluator_mpnet,evaluator_minilm__evaluator_mpnet,"{""encoder_pair"": ""evaluator_minilm__evaluator_mpnet"", ""rank_entity_fields"": ""model_id"", ""rank_method"": ""spearman"", ""stratum:factor:corpus"": ""yahoo_answers"", ""stratum:factor:temperature"": 0.6, ""stratum:factor:top_p"": 0.8, ""stratum:prompt_id"": ""open_news_v1""}",c53cdfc6d7ad61624e0e221702436d6dcb4dff0f0b2658f43aaf4f48dd4049bf,mauve_reference_rank_stability,0.5797710356524484,__meta__,open_news_v1,6,29,complete,__meta__
__none__,evaluator_minilm__evaluator_mpnet,evaluator_minilm__evaluator_mpnet,"{""encoder_pair"": ""evaluator_minilm__evaluator_mpnet"", ""rank_entity_fields"": ""model_id"", ""rank_method"": ""spearman"", ""stratum:factor:corpus"": ""yahoo_answers"", ""stratum:factor:temperature"": 0.9, ""stratum:factor:top_p"": 0.8, ""stratum:prompt_id"": ""open_news_v1""}",4bec5a2a85d29ede624fc7047a0b23130dc91f22c009813bd690f4b5681cae72,mauve_reference_rank_stability,0.8857142857142858,__meta__,open_news_v1,6,29,complete,__meta__
__none__,evaluator_minilm__evaluator_mpnet,evaluator_minilm__evaluator_mpnet,"{""encoder_pair"": ""evaluator_minilm__evaluator_mpnet"", ""rank_entity_fields"": ""model_id"", ""rank_method"": ""spearman"", ""stratum:factor:corpus"": ""imdb_reviews"", ""stratum:factor:temperature"": 0.3, ""stratum:factor:top_p"": 0.95, ""stratum:prompt_id"": ""open_news_v1""}",cae8b614d1cbdd84af213bde5d9a79d2cd345ebe8bf6eedb95c24afc10e02123,mauve_reference_rank_stability,0.5428571428571429,__meta__,open_news_v1,6,29,complete,__meta__
__none__,evaluator_minilm__evaluator_mpnet,evaluator_minilm__evaluator_mpnet,"{""encoder_pair"": ""evaluator_minilm__evaluator_mpnet"", ""rank_entity_fields"": ""model_id"", ""rank_method"": ""spearman"", ""stratum:factor:corpus"": ""ag_news"", ""stratum:factor:temperature"": 0.3, ""stratum:factor:top_p"": 0.95, ""stratum:prompt_id"": ""open_news_v1""}",b7fd45fa23702a3e3dcfaa755188f95b7e82fece466907a1c9badacd6fb8b054,mauve_reference_rank_stability,0.942857142857143,__meta__,open_news_v1,6,29,complete,__meta__
__none__,evaluator_minilm__evaluator_mpnet,evaluator_minilm__evaluator_mpnet,"{""encoder_pair"": ""evaluator_minilm__evaluator_mpnet"", ""rank_entity_fields"": ""model_id"", ""rank_method"": ""spearman"", ""stratum:factor:corpus"": ""amazon_reviews"", ""stratum:factor:temperature"": 0.9, ""stratum:factor:top_p"": 0.95, ""stratum:prompt_id"": ""open_news_v1""}",745a4d71ecdcc9b22602a4c35c194b67f6e645556741ed20a2dd40743a4b43dd,mauve_reference_rank_stability,0.942857142857143,__meta__,open_news_v1,6,29,complete,__meta__
__none__,evaluator_minilm__evaluator_mpnet,evaluator_minilm__evaluator_mpnet,"{""encoder_pair"": ""evaluator_minilm__evaluator_mpnet"", ""rank_entity_fields"": ""model_id"", ""rank_method"": ""spearman"", ""stratum:factor:corpus"": ""amazon_reviews"", ""stratum:factor:temperature"": 0.6, ""stratum:factor:top_p"": 0.8, ""stratum:prompt_id"": ""open_news_v1""}",19a61c65e777c3e8b8c2c83336e95257c2a338419d5e22ebea285c4f22bb2a33,mauve_reference_rank_stability,0.7142857142857143,__meta__,open_news_v1,6,29,complete,__meta__
__none__,evaluator_minilm__evaluator_mpnet,evaluator_minilm__evaluator_mpnet,"{""encoder_pair"": ""evaluator_minilm__evaluator_mpnet"", ""rank_entity_fields"": ""model_id"", ""rank_method"": ""spearman"", ""stratum:factor:corpus"": ""yahoo_answers"", ""stratum:factor:temperature"": 0.6, ""stratum:factor:top_p"": 0.95, ""stratum:prompt_id"": ""open_news_v1""}",7998e8d40b2a04baa5a6c18a2ae789e89b2a51e6f8010289f66660f25c90d475,mauve_reference_rank_stability,0.8857142857142858,__meta__,open_news_v1,6,29,complete,__meta__
__none__,evaluator_minilm__evaluator_mpnet,evaluator_minilm__evaluator_mpnet,"{""encoder_pair"": ""evaluator_minilm__evaluator_mpnet"", ""rank_entity_fields"": ""model_id"", ""rank_method"": ""spearman"", ""stratum:factor:corpus"": ""dbpedia"", ""stratum:factor:temperature"": 0.9, ""stratum:factor:top_p"": 0.8, ""stratum:prompt_id"": ""open_news_v1""}",b0f5a569941f308e7c19b6d119cbfa55a649a7637f2490dfb9f7b404024e3afa,mauve_reference_rank_stability,0.942857142857143,__meta__,open_news_v1,6,29,complete,__meta__
__none__,evaluator_minilm__evaluator_mpnet,evaluator_minilm__evaluator_mpnet,"{""encoder_pair"": ""evaluator_minilm__evaluator_mpnet"", ""rank_entity_fields"": ""model_id"", ""rank_method"": ""spearman"", ""stratum:factor:corpus"": ""imdb_reviews"", ""stratum:factor:temperature"": 0.6, ""stratum:factor:top_p"": 0.95, ""stratum:prompt_id"": ""open_news_v1""}",94c6a6c8d8b4af699e3f5192b695720c8f5f01202f2ed65b75fa9c74071c7355,mauve_reference_rank_stability,0.7142857142857143,__meta__,open_news_v1,6,29,complete,__meta__
__none__,evaluator_minilm__evaluator_mpnet,evaluator_minilm__evaluator_mpnet,"{""encoder_pair"": ""evaluator_minilm__evaluator_mpnet"", ""rank_entity_fields"": ""model_id"", ""rank_method"": ""spearman"", ""stratum:factor:corpus"": ""amazon_reviews"", ""stratum:factor:temperature"": 0.6, ""stratum:factor:top_p"": 0.95, ""stratum:prompt_id"": ""open_news_v1""}",b17fe155128eb75a4446ab66b402510b34966f8f76e762d3450346affd2fd2fc,mauve_reference_rank_stability,0.8285714285714287,__meta__,open_news_v1,6,29,complete,__meta__
__none__,evaluator_minilm__evaluator_mpnet,evaluator_minilm__evaluator_mpnet,"{""encoder_pair"": ""evaluator_minilm__evaluator_mpnet"", ""rank_entity_fields"": ""model_id"", ""rank_method"": ""spearman"", ""stratum:factor:corpus"": ""dbpedia"", ""stratum:factor:temperature"": 0.9, ""stratum:factor:top_p"": 0.95, ""stratum:prompt_id"": ""open_news_v1""}",8c5a1cc5d0063955c0570e42d837b5f3d8eaaca58d0534f860e4e52f1a569edb,mauve_reference_rank_stability,0.6571428571428573,__meta__,open_news_v1,6,29,complete,__meta__
__none__,evaluator_minilm__evaluator_mpnet,evaluator_minilm__evaluator_mpnet,"{""encoder_pair"": ""evaluator_minilm__evaluator_mpnet"", ""rank_entity_fields"": ""model_id"", ""rank_method"": ""spearman"", ""stratum:factor:corpus"": ""ag_news"", ""stratum:factor:temperature"": 0.3, ""stratum:factor:top_p"": 0.8, ""stratum:prompt_id"": ""open_news_v1""}",3dcb0aa51272f18cbd8d8277c3a7efc5a06b57d41092a3651c7da09133b9b002,mauve_reference_rank_stability,0.942857142857143,__meta__,open_news_v1,6,29,complete,__meta__
__none__,evaluator_minilm__evaluator_mpnet,evaluator_minilm__evaluator_mpnet,"{""encoder_pair"": ""evaluator_minilm__evaluator_mpnet"", ""rank_entity_fields"": ""model_id"", ""rank_method"": ""spearman"", ""stratum:factor:corpus"": ""dbpedia"", ""stratum:factor:temperature"": 0.6, ""stratum:factor:top_p"": 0.95, ""stratum:prompt_id"": ""open_news_v1""}",e19fbed221637738e13c15615e241172c9e83d02bd1c3fa770d145884fde623d,mauve_reference_rank_stability,0.942857142857143,__meta__,open_news_v1,6,29,complete,__meta__
__none__,evaluator_minilm__evaluator_mpnet,evaluator_minilm__evaluator_mpnet,"{""encoder_pair"": ""evaluator_minilm__evaluator_mpnet"", ""rank_entity_fields"": ""model_id"", ""rank_method"": ""spearman"", ""stratum:factor:corpus"": ""amazon_reviews"", ""stratum:factor:temperature"": 0.3, ""stratum:factor:top_p"": 0.8, ""stratum:prompt_id"": ""open_news_v1""}",b967bcb701a41af37c9a41d99fba4341135497707f58df2a0ea9954be9974a94,mauve_reference_rank_stability,0.46966821831386213,__meta__,open_news_v1,6,29,complete,__meta__
__none__,evaluator_minilm__evaluator_mpnet,evaluator_minilm__evaluator_mpnet,"{""encoder_pair"": ""evaluator_minilm__evaluator_mpnet"", ""rank_entity_fields"": ""model_id"", ""rank_method"": ""spearman"", ""stratum:factor:corpus"": ""ag_news"", ""stratum:factor:temperature"": 0.6, ""stratum:factor:top_p"": 0.8, ""stratum:prompt_id"": ""open_news_v1""}",7a94e2f6fb5a9dcf019048c7214706957e9a9eba7c045ac8defbab2b81af283d,mauve_reference_rank_stability,0.8857142857142858,__meta__,open_news_v1,6,29,complete,__meta__
__none__,evaluator_minilm__evaluator_mpnet,evaluator_minilm__evaluator_mpnet,"{""encoder_pair"": ""evaluator_minilm__evaluator_mpnet"", ""rank_entity_fields"": ""model_id"", ""rank_method"": ""spearman"", ""stratum:factor:corpus"": ""imdb_reviews"", ""stratum:factor:temperature"": 0.6, ""stratum:factor:top_p"": 0.8, ""stratum:prompt_id"": ""open_news_v1""}",273dee6f10664d3a89f4e7936ef7ae83ee37d7935aa3e3ad81dc373c7a0b3fa8,mauve_reference_rank_stability,0.48571428571428577,__meta__,open_news_v1,6,29,complete,__meta__
__none__,evaluator_minilm__evaluator_mpnet,evaluator_minilm__evaluator_mpnet,"{""encoder_pair"": ""evaluator_minilm__evaluator_mpnet"", ""rank_entity_fields"": ""model_id"", ""rank_method"": ""spearman"", ""stratum:factor:corpus"": ""amazon_reviews"", ""stratum:factor:temperature"": 0.9, ""stratum:factor:top_p"": 0.8, ""stratum:prompt_id"": ""open_news_v1""}",dda7ea0bfb1fdb71f9609d098db4e6b4d1bbff114ec8fea3a7cd2ea25dc1e2a7,mauve_reference_rank_stability,1.0,__meta__,open_news_v1,6,29,complete,__meta__
__none__,evaluator_minilm__evaluator_mpnet,evaluator_minilm__evaluator_mpnet,"{""encoder_pair"": ""evaluator_minilm__evaluator_mpnet"", ""rank_entity_fields"": ""model_id"", ""rank_method"": ""spearman"", ""stratum:factor:corpus"": ""imdb_reviews"", ""stratum:factor:temperature"": 0.9, ""stratum:factor:top_p"": 0.8, ""stratum:prompt_id"": ""open_news_v1""}",a78a961099241b7b0e808e82e95f245b7f9f16f121fa6aa69a2e2b2838fc23f6,mauve_reference_rank_stability,0.3714285714285715,__meta__,open_news_v1,6,29,complete,__meta__
__none__,evaluator_minilm__evaluator_mpnet,evaluator_minilm__evaluator_mpnet,"{""encoder_pair"": ""evaluator_minilm__evaluator_mpnet"", ""rank_entity_fields"": ""model_id"", ""rank_method"": ""spearman"", ""stratum:factor:corpus"": ""ag_news"", ""stratum:factor:temperature"": 0.6, ""stratum:factor:top_p"": 0.95, ""stratum:prompt_id"": ""open_news_v1""}",f347d71d3b233f186774d664fea81a74ce8f6bed76aaddde6e4c792f832d5b6c,mauve_reference_rank_stability,0.8285714285714287,__meta__,open_news_v1,6,29,complete,__meta__
__none__,evaluator_minilm__evaluator_mpnet,evaluator_minilm__evaluator_mpnet,"{""encoder_pair"": ""evaluator_minilm__evaluator_mpnet"", ""rank_entity_fields"": ""model_id"", ""rank_method"": ""spearman"", ""stratum:factor:corpus"": ""ag_news"", ""stratum:factor:temperature"": 0.9, ""stratum:factor:top_p"": 0.8, ""stratum:prompt_id"": ""open_news_v1""}",def816cfc4e4d177309c284ec703b530fe740fb265d7f8ee4ce2a13beab512cb,mauve_reference_rank_stability,0.942857142857143,__meta__,open_news_v1,6,29,complete,__meta__
__none__,evaluator_minilm__evaluator_mpnet,evaluator_minilm__evaluator_mpnet,"{""encoder_pair"": ""evaluator_minilm__evaluator_mpnet"", ""rank_entity_fields"": ""model_id"", ""rank_method"": ""spearman"", ""stratum:factor:corpus"": ""dbpedia"", ""stratum:factor:temperature"": 0.3, ""stratum:factor:top_p"": 0.95, ""stratum:prompt_id"": ""open_news_v1""}",868360b239a8bd5694fffa4b80d7287a8f295c8297e91f6e78a40ebd3169e1ac,mauve_reference_rank_stability,0.942857142857143,__meta__,open_news_v1,6,29,complete,__meta__
__none__,evaluator_minilm__evaluator_mpnet,evaluator_minilm__evaluator_mpnet,"{""encoder_pair"": ""evaluator_minilm__evaluator_mpnet"", ""rank_entity_fields"": ""model_id"", ""rank_method"": ""spearman"", ""stratum:factor:corpus"": ""amazon_reviews"", ""stratum:factor:temperature"": 0.3, ""stratum:factor:top_p"": 0.95, ""stratum:prompt_id"": ""open_news_v1""}",72a0983d745e36b02fb7eb99d77c3e6e8fd7275bb5752fc4d68c097cb657c7de,mauve_reference_rank_stability,0.6667366910003157,__meta__,open_news_v1,6,29,complete,__meta__
__none__,evaluator_minilm__evaluator_mpnet,evaluator_minilm__evaluator_mpnet,"{""encoder_pair"": ""evaluator_minilm__evaluator_mpnet"", ""rank_entity_fields"": ""model_id"", ""rank_method"": ""spearman"", ""stratum:factor:corpus"": ""yahoo_answers"", ""stratum:factor:temperature"": 0.9, ""stratum:factor:top_p"": 0.95, ""stratum:prompt_id"": ""open_news_v1""}",853a23c2d91f74454a9693f397d20003becb2d49e70f1fc4904c0276d9782acf,mauve_reference_rank_stability,0.942857142857143,__meta__,open_news_v1,6,29,complete,__meta__
__none__,evaluator_minilm__evaluator_mpnet,evaluator_minilm__evaluator_mpnet,"{""encoder_pair"": ""evaluator_minilm__evaluator_mpnet"", ""rank_entity_fields"": ""model_id"", ""rank_method"": ""spearman"", ""stratum:factor:corpus"": ""yahoo_answers"", ""stratum:factor:temperature"": 0.3, ""stratum:factor:top_p"": 0.95, ""stratum:prompt_id"": ""open_news_v1""}",3fe4fa68ec707b1138b11f669e3ff14e8c570f2de501e98a4f6dd00709fc4c82,mauve_reference_rank_stability,0.6571428571428573,__meta__,open_news_v1,6,29,complete,__meta__
__none__,evaluator_minilm__evaluator_mpnet,evaluator_minilm__evaluator_mpnet,"{""encoder_pair"": ""evaluator_minilm__evaluator_mpnet"", ""rank_entity_fields"": ""model_id"", ""rank_method"": ""spearman"", ""stratum:factor:corpus"": ""ag_news"", ""stratum:factor:temperature"": 0.9, ""stratum:factor:top_p"": 0.95, ""stratum:prompt_id"": ""open_news_v1""}",bac86de604acbe667d7a272a8d3d17c8cd0ac70eff4398c728db15dc7e799df4,mauve_reference_rank_stability,0.48571428571428577,__meta__,open_news_v1,6,29,complete,__meta__
__none__,evaluator_minilm__evaluator_mpnet,evaluator_minilm__evaluator_mpnet,"{""encoder_pair"": ""evaluator_minilm__evaluator_mpnet"", ""rank_entity_fields"": ""model_id"", ""rank_method"": ""spearman"", ""stratum:factor:corpus"": ""imdb_reviews"", ""stratum:factor:temperature"": 0.9, ""stratum:factor:top_p"": 0.95, ""stratum:prompt_id"": ""open_news_v1""}",150f05d2d7a575d00d74a77f8cdc90023f2fe7b1c8e64d4cd2f3dec13ccc2f34,mauve_reference_rank_stability,0.3714285714285715,__meta__,open_news_v1,6,29,complete,__meta__
__none__,evaluator_minilm__evaluator_mpnet,evaluator_minilm__evaluator_mpnet,"{""encoder_pair"": ""evaluator_minilm__evaluator_mpnet"", ""rank_entity_fields"": ""model_id"", ""rank_method"": ""spearman"", ""stratum:factor:corpus"": ""dbpedia"", ""stratum:factor:temperature"": 0.3, ""stratum:factor:top_p"": 0.8, ""stratum:prompt_id"": ""open_news_v1""}",4dfa46b8b81f3c2d704d75909991c91c64bf4d23ff76c4a2817793ec39bf1fd3,mauve_reference_rank_stability,0.7463517925331651,__meta__,open_news_v1,6,29,complete,__meta__
__none__,evaluator_minilm__evaluator_mpnet,evaluator_minilm__evaluator_mpnet,"{""encoder_pair"": ""evaluator_minilm__evaluator_mpnet"", ""rank_entity_fields"": ""model_id"", ""rank_method"": ""spearman"", ""stratum:factor:corpus"": ""imdb_reviews"", ""stratum:factor:temperature"": 0.3, ""stratum:factor:top_p"": 0.8, ""stratum:prompt_id"": ""open_news_v1""}",0d0dca78fb1ef618d2cb12ae7759019985f91e242f3e1919a70a510693a57b5f,mauve_reference_rank_stability,0.5768179036829705,__meta__,open_news_v1,6,29,complete,__meta__
__none__,evaluator_minilm__evaluator_mpnet,evaluator_minilm__evaluator_mpnet,"{""encoder_pair"": ""evaluator_minilm__evaluator_mpnet"", ""rank_entity_fields"": ""model_id"", ""rank_method"": ""spearman"", ""stratum:factor:corpus"": ""dbpedia"", ""stratum:factor:temperature"": 0.6, ""stratum:factor:top_p"": 0.8, ""stratum:prompt_id"": ""open_news_v1""}",e9e3c2a5a84a60d4729691d057f508fd6d0e175e304c59f1e5a5e228aae61900,mauve_reference_rank_stability,0.8116794499134279,__meta__,open_news_v1,6,43,complete,__meta__
__none__,evaluator_minilm__evaluator_mpnet,evaluator_minilm__evaluator_mpnet,"{""encoder_pair"": ""evaluator_minilm__evaluator_mpnet"", ""rank_entity_fields"": ""model_id"", ""rank_method"": ""spearman"", ""stratum:factor:corpus"": ""yahoo_answers"", ""stratum:factor:temperature"": 0.3, ""stratum:factor:top_p"": 0.8, ""stratum:prompt_id"": ""open_news_v1""}",b5efc6aa7a0fcf0c73c986e40aaa1db192043ae89d54ce440e19cb5b4b96deb7,mauve_reference_rank_stability,0.7121212121212119,__meta__,open_news_v1,6,43,complete,__meta__
__none__,evaluator_minilm__evaluator_mpnet,evaluator_minilm__evaluator_mpnet,"{""encoder_pair"": ""evaluator_minilm__evaluator_mpnet"", ""rank_entity_fields"": ""model_id"", ""rank_method"": ""spearman"", ""stratum:factor:corpus"": ""yahoo_answers"", ""stratum:factor:temperature"": 0.6, ""stratum:factor:top_p"": 0.8, ""stratum:prompt_id"": ""open_news_v1""}",67ec183c6490627d38d46582f5a6ce1f763a4a6f4bf47f113f354a1965d6de4f,mauve_reference_rank_stability,0.9276336570439175,__meta__,open_news_v1,6,43,complete,__meta__
__none__,evaluator_minilm__evaluator_mpnet,evaluator_minilm__evaluator_mpnet,"{""encoder_pair"": ""evaluator_minilm__evaluator_mpnet"", ""rank_entity_fields"": ""model_id"", ""rank_method"": ""spearman"", ""stratum:factor:corpus"": ""yahoo_answers"", ""stratum:factor:temperature"": 0.9, ""stratum:factor:top_p"": 0.8, ""stratum:prompt_id"": ""open_news_v1""}",88a5a3c3666a5e1b77883d21d464169ed08d4387edd4284e6136bccdb8ce154b,mauve_reference_rank_stability,0.942857142857143,__meta__,open_news_v1,6,43,complete,__meta__
__none__,evaluator_minilm__evaluator_mpnet,evaluator_minilm__evaluator_mpnet,"{""encoder_pair"": ""evaluator_minilm__evaluator_mpnet"", ""rank_entity_fields"": ""model_id"", ""rank_method"": ""spearman"", ""stratum:factor:corpus"": ""imdb_reviews"", ""stratum:factor:temperature"": 0.3, ""stratum:factor:top_p"": 0.95, ""stratum:prompt_id"": ""open_news_v1""}",a8b3890148db2674215dc6d7819585e3d354f606c6973b4676d6d104d5f9ee1e,mauve_reference_rank_stability,0.0,__meta__,open_news_v1,6,43,complete,__meta__
__none__,evaluator_minilm__evaluator_mpnet,evaluator_minilm__evaluator_mpnet,"{""encoder_pair"": ""evaluator_minilm__evaluator_mpnet"", ""rank_entity_fields"": ""model_id"", ""rank_method"": ""spearman"", ""stratum:factor:corpus"": ""ag_news"", ""stratum:factor:temperature"": 0.3, ""stratum:factor:top_p"": 0.95, ""stratum:prompt_id"": ""open_news_v1""}",41cc30ac7272a48572e7c1b9459ddbd2bd4b32093d61b3eace297148b5b8ce3d,mauve_reference_rank_stability,0.942857142857143,__meta__,open_news_v1,6,43,complete,__meta__
__none__,evaluator_minilm__evaluator_mpnet,evaluator_minilm__evaluator_mpnet,"{""encoder_pair"": ""evaluator_minilm__evaluator_mpnet"", ""rank_entity_fields"": ""model_id"", ""rank_method"": ""spearman"", ""stratum:factor:corpus"": ""amazon_reviews"", ""stratum:factor:temperature"": 0.9, ""stratum:factor:top_p"": 0.95, ""stratum:prompt_id"": ""open_news_v1""}",7266b44e87a64720bbb0482456f67eb46f475c87543477e546a8c4599e1feda0,mauve_reference_rank_stability,0.942857142857143,__meta__,open_news_v1,6,43,complete,__meta__
__none__,evaluator_minilm__evaluator_mpnet,evaluator_minilm__evaluator_mpnet,"{""encoder_pair"": ""evaluator_minilm__evaluator_mpnet"", ""rank_entity_fields"": ""model_id"", ""rank_method"": ""spearman"", ""stratum:factor:corpus"": ""amazon_reviews"", ""stratum:factor:temperature"": 0.6, ""stratum:factor:top_p"": 0.8, ""stratum:prompt_id"": ""open_news_v1""}",36625041f043bd52f470f5715145c72b327aabf902f4d7692989ee88c11f0595,mauve_reference_rank_stability,0.8285714285714287,__meta__,open_news_v1,6,43,complete,__meta__
__none__,evaluator_minilm__evaluator_mpnet,evaluator_minilm__evaluator_mpnet,"{""encoder_pair"": ""evaluator_minilm__evaluator_mpnet"", ""rank_entity_fields"": ""model_id"", ""rank_method"": ""spearman"", ""stratum:factor:corpus"": ""yahoo_answers"", ""stratum:factor:temperature"": 0.6, ""stratum:factor:top_p"": 0.95, ""stratum:prompt_id"": ""open_news_v1""}",fb539a8e57efc193f1a2e59bf02dbf907253e49db87ccc5f5bef53e95fda28c2,mauve_reference_rank_stability,0.7142857142857143,__meta__,open_news_v1,6,43,complete,__meta__
__none__,evaluator_minilm__evaluator_mpnet,evaluator_minilm__evaluator_mpnet,"{""encoder_pair"": ""evaluator_minilm__evaluator_mpnet"", ""rank_entity_fields"": ""model_id"", ""rank_method"": ""spearman"", ""stratum:factor:corpus"": ""dbpedia"", ""stratum:factor:temperature"": 0.9, ""stratum:factor:top_p"": 0.8, ""stratum:prompt_id"": ""open_news_v1""}",74c4039b9d4172d4e43844a90c4e01edcc4dbe88c3aefdbb47a3d850595e8075,mauve_reference_rank_stability,0.7714285714285715,__meta__,open_news_v1,6,43,complete,__meta__
__none__,evaluator_minilm__evaluator_mpnet,evaluator_minilm__evaluator_mpnet,"{""encoder_pair"": ""evaluator_minilm__evaluator_mpnet"", ""rank_entity_fields"": ""model_id"", ""rank_method"": ""spearman"", ""stratum:factor:corpus"": ""imdb_reviews"", ""stratum:factor:temperature"": 0.6, ""stratum:factor:top_p"": 0.95, ""stratum:prompt_id"": ""open_news_v1""}",cb14e3b7826dc131e62b8d26df42e38f15e7e0c8e5d8da4d6b00a74928900e8f,mauve_reference_rank_stability,0.4285714285714286,__meta__,open_news_v1,6,43,complete,__meta__
__none__,evaluator_minilm__evaluator_mpnet,evaluator_minilm__evaluator_mpnet,"{""encoder_pair"": ""evaluator_minilm__evaluator_mpnet"", ""rank_entity_fields"": ""model_id"", ""rank_method"": ""spearman"", ""stratum:factor:corpus"": ""amazon_reviews"", ""stratum:factor:temperature"": 0.6, ""stratum:factor:top_p"": 0.95, ""stratum:prompt_id"": ""open_news_v1""}",45b677dfb0cc9abd8fba0569afda98462faefaa0d1828879f76ee54026d97a96,mauve_reference_rank_stability,0.08571428571428573,__meta__,open_news_v1,6,43,complete,__meta__
__none__,evaluator_minilm__evaluator_mpnet,evaluator_minilm__evaluator_mpnet,"{""encoder_pair"": ""evaluator_minilm__evaluator_mpnet"", ""rank_entity_fields"": ""model_id"", ""rank_method"": ""spearman"", ""stratum:factor:corpus"": ""dbpedia"", ""stratum:factor:temperature"": 0.9, ""stratum:factor:top_p"": 0.95, ""stratum:prompt_id"": ""open_news_v1""}",5158acc7f83d4c81e48a026d18612121c93f71a299304f20aa2e77f2d5099dd0,mauve_reference_rank_stability,0.7714285714285715,__meta__,open_news_v1,6,43,complete,__meta__
__none__,evaluator_minilm__evaluator_mpnet,evaluator_minilm__evaluator_mpnet,"{""encoder_pair"": ""evaluator_minilm__evaluator_mpnet"", ""rank_entity_fields"": ""model_id"", ""rank_method"": ""spearman"", ""stratum:factor:corpus"": ""ag_news"", ""stratum:factor:temperature"": 0.3, ""stratum:factor:top_p"": 0.8, ""stratum:prompt_id"": ""open_news_v1""}",0c8cd7f4c1b2162836593cb7246d0456fd0082d51b2daae17797c1f1cddc6415,mauve_reference_rank_stability,0.8406680016960504,__meta__,open_news_v1,6,43,complete,__meta__
__none__,evaluator_minilm__evaluator_mpnet,evaluator_minilm__evaluator_mpnet,"{""encoder_pair"": ""evaluator_minilm__evaluator_mpnet"", ""rank_entity_fields"": ""model_id"", ""rank_method"": ""spearman"", ""stratum:factor:corpus"": ""dbpedia"", ""stratum:factor:temperature"": 0.6, ""stratum:factor:top_p"": 0.95, ""stratum:prompt_id"": ""open_news_v1""}",2cbb19c1584be23e62b32dfb293cb039670e20b4a16ba204889973d6c907d383,mauve_reference_rank_stability,0.7142857142857143,__meta__,open_news_v1,6,43,complete,__meta__
__none__,evaluator_minilm__evaluator_mpnet,evaluator_minilm__evaluator_mpnet,"{""encoder_pair"": ""evaluator_minilm__evaluator_mpnet"", ""rank_entity_fields"": ""model_id"", ""rank_method"": ""spearman"", ""stratum:factor:corpus"": ""amazon_reviews"", ""stratum:factor:temperature"": 0.3, ""stratum:factor:top_p"": 0.8, ""stratum:prompt_id"": ""open_news_v1""}",3390c01fbf5df04f06a3b56462b13af295f98a9a221c8db6927102da0cc4e30d,mauve_reference_rank_stability,0.5075192189225523,__meta__,open_news_v1,6,43,complete,__meta__
__none__,evaluator_minilm__evaluator_mpnet,evaluator_minilm__evaluator_mpnet,"{""encoder_pair"": ""evaluator_minilm__evaluator_mpnet"", ""rank_entity_fields"": ""model_id"", ""rank_method"": ""spearman"", ""stratum:factor:corpus"": ""ag_news"", ""stratum:factor:temperature"": 0.6, ""stratum:factor:top_p"": 0.8, ""stratum:prompt_id"": ""open_news_v1""}",ec15821c486e722739c51c1ed9434f5538a3b6c494b6a10f6336c83a5c968f16,mauve_reference_rank_stability,0.8285714285714287,__meta__,open_news_v1,6,43,complete,__meta__
__none__,evaluator_minilm__evaluator_mpnet,evaluator_minilm__evaluator_mpnet,"{""encoder_pair"": ""evaluator_minilm__evaluator_mpnet"", ""rank_entity_fields"": ""model_id"", ""rank_method"": ""spearman"", ""stratum:factor:corpus"": ""imdb_reviews"", ""stratum:factor:temperature"": 0.6, ""stratum:factor:top_p"": 0.8, ""stratum:prompt_id"": ""open_news_v1""}",e8928fb46b8d7ba3afa95d97e259eba5f20655109e0c7d450047780371759986,mauve_reference_rank_stability,0.028571428571428574,__meta__,open_news_v1,6,43,complete,__meta__
__none__,evaluator_minilm__evaluator_mpnet,evaluator_minilm__evaluator_mpnet,"{""encoder_pair"": ""evaluator_minilm__evaluator_mpnet"", ""rank_entity_fields"": ""model_id"", ""rank_method"": ""spearman"", ""stratum:factor:corpus"": ""amazon_reviews"", ""stratum:factor:temperature"": 0.9, ""stratum:factor:top_p"": 0.8, ""stratum:prompt_id"": ""open_news_v1""}",185d1159d41e5b3b8f925c6964c3a9c072e75c7ef75ee0fa8b6de5361f89719a,mauve_reference_rank_stability,0.7714285714285715,__meta__,open_news_v1,6,43,complete,__meta__
__none__,evaluator_minilm__evaluator_mpnet,evaluator_minilm__evaluator_mpnet,"{""encoder_pair"": ""evaluator_minilm__evaluator_mpnet"", ""rank_entity_fields"": ""model_id"", ""rank_method"": ""spearman"", ""stratum:factor:corpus"": ""imdb_reviews"", ""stratum:factor:temperature"": 0.9, ""stratum:factor:top_p"": 0.8, ""stratum:prompt_id"": ""open_news_v1""}",a5056467de9835a642fe85de2d4bdd1c1666b8f0e604ffc37d4308409410ba1c,mauve_reference_rank_stability,0.2,__meta__,open_news_v1,6,43,complete,__meta__
__none__,evaluator_minilm__evaluator_mpnet,evaluator_minilm__evaluator_mpnet,"{""encoder_pair"": ""evaluator_minilm__evaluator_mpnet"", ""rank_entity_fields"": ""model_id"", ""rank_method"": ""spearman"", ""stratum:factor:corpus"": ""ag_news"", ""stratum:factor:temperature"": 0.6, ""stratum:factor:top_p"": 0.95, ""stratum:prompt_id"": ""open_news_v1""}",70c593bd2c7be3f60481eb69bac90b126b2fde51d42cfc534827ceff08e7928c,mauve_reference_rank_stability,1.0,__meta__,open_news_v1,6,43,complete,__meta__
__none__,evaluator_minilm__evaluator_mpnet,evaluator_minilm__evaluator_mpnet,"{""encoder_pair"": ""evaluator_minilm__evaluator_mpnet"", ""rank_entity_fields"": ""model_id"", ""rank_method"": ""spearman"", ""stratum:factor:corpus"": ""ag_news"", ""stratum:factor:temperature"": 0.9, ""stratum:factor:top_p"": 0.8, ""stratum:prompt_id"": ""open_news_v1""}",b0bc3fb8e363194cf12f24ecfdadce7f3cec74b647bb8941cba0469dea06ef86,mauve_reference_rank_stability,0.7714285714285715,__meta__,open_news_v1,6,43,complete,__meta__
__none__,evaluator_minilm__evaluator_mpnet,evaluator_minilm__evaluator_mpnet,"{""encoder_pair"": ""evaluator_minilm__evaluator_mpnet"", ""rank_entity_fields"": ""model_id"", ""rank_method"": ""spearman"", ""stratum:factor:corpus"": ""dbpedia"", ""stratum:factor:temperature"": 0.3, ""stratum:factor:top_p"": 0.95, ""stratum:prompt_id"": ""open_news_v1""}",3415ad54e65a0f3da5c4bc847c8730a57b80c6b07087f1ea65d1e88e6a7b4902,mauve_reference_rank_stability,0.7589709258986453,__meta__,open_news_v1,6,43,complete,__meta__
__none__,evaluator_minilm__evaluator_mpnet,evaluator_minilm__evaluator_mpnet,"{""encoder_pair"": ""evaluator_minilm__evaluator_mpnet"", ""rank_entity_fields"": ""model_id"", ""rank_method"": ""spearman"", ""stratum:factor:corpus"": ""amazon_reviews"", ""stratum:factor:temperature"": 0.3, ""stratum:factor:top_p"": 0.95, ""stratum:prompt_id"": ""open_news_v1""}",1109fe215b3da46f230603bacc3a18c1fcde9db7d91963c3c0fe668d29a01ee0,mauve_reference_rank_stability,0.7247137945655605,__meta__,open_news_v1,6,43,complete,__meta__
__none__,evaluator_minilm__evaluator_mpnet,evaluator_minilm__evaluator_mpnet,"{""encoder_pair"": ""evaluator_minilm__evaluator_mpnet"", ""rank_entity_fields"": ""model_id"", ""rank_method"": ""spearman"", ""stratum:factor:corpus"": ""yahoo_answers"", ""stratum:factor:temperature"": 0.9, ""stratum:factor:top_p"": 0.95, ""stratum:prompt_id"": ""open_news_v1""}",870fe29bbe96e34a14cc01aa11bd5fcc7d7469fbeb269ad6c77ae9ec21bd9ef4,mauve_reference_rank_stability,1.0,__meta__,open_news_v1,6,43,complete,__meta__
__none__,evaluator_minilm__evaluator_mpnet,evaluator_minilm__evaluator_mpnet,"{""encoder_pair"": ""evaluator_minilm__evaluator_mpnet"", ""rank_entity_fields"": ""model_id"", ""rank_method"": ""spearman"", ""stratum:factor:corpus"": ""yahoo_answers"", ""stratum:factor:temperature"": 0.3, ""stratum:factor:top_p"": 0.95, ""stratum:prompt_id"": ""open_news_v1""}",3ab28e5a0db54d6ed2b05bf15a1c0b395611a99f8005d4e376a3fea713483e65,mauve_reference_rank_stability,0.8285714285714287,__meta__,open_news_v1,6,43,complete,__meta__
__none__,evaluator_minilm__evaluator_mpnet,evaluator_minilm__evaluator_mpnet,"{""encoder_pair"": ""evaluator_minilm__evaluator_mpnet"", ""rank_entity_fields"": ""model_id"", ""rank_method"": ""spearman"", ""stratum:factor:corpus"": ""ag_news"", ""stratum:factor:temperature"": 0.9, ""stratum:factor:top_p"": 0.95, ""stratum:prompt_id"": ""open_news_v1""}",107236d0c8a99f8e7cf0b804ff38456bd6108ab875b8c62a85193c531ce8544a,mauve_reference_rank_stability,0.942857142857143,__meta__,open_news_v1,6,43,complete,__meta__
__none__,evaluator_minilm__evaluator_mpnet,evaluator_minilm__evaluator_mpnet,"{""encoder_pair"": ""evaluator_minilm__evaluator_mpnet"", ""rank_entity_fields"": ""model_id"", ""rank_method"": ""spearman"", ""stratum:factor:corpus"": ""imdb_reviews"", ""stratum:factor:temperature"": 0.9, ""stratum:factor:top_p"": 0.95, ""stratum:prompt_id"": ""open_news_v1""}",f5706ce496ef8b941d3a548e8510df9c48ad5801616f76ddd3b9bc8b01ae946f,mauve_reference_rank_stability,0.7714285714285715,__meta__,open_news_v1,6,43,complete,__meta__
__none__,evaluator_minilm__evaluator_mpnet,evaluator_minilm__evaluator_mpnet,"{""encoder_pair"": ""evaluator_minilm__evaluator_mpnet"", ""rank_entity_fields"": ""model_id"", ""rank_method"": ""spearman"", ""stratum:factor:corpus"": ""dbpedia"", ""stratum:factor:temperature"": 0.3, ""stratum:factor:top_p"": 0.8, ""stratum:prompt_id"": ""open_news_v1""}",c4e0440f92128c0806dba204185c8afd0c32648e6010e1e8ae645b7065731e2f,mauve_reference_rank_stability,0.9066928292470475,__meta__,open_news_v1,6,43,complete,__meta__
__none__,evaluator_minilm__evaluator_mpnet,evaluator_minilm__evaluator_mpnet,"{""encoder_pair"": ""evaluator_minilm__evaluator_mpnet"", ""rank_entity_fields"": ""model_id"", ""rank_method"": ""spearman"", ""stratum:factor:corpus"": ""imdb_reviews"", ""stratum:factor:temperature"": 0.3, ""stratum:factor:top_p"": 0.8, ""stratum:prompt_id"": ""open_news_v1""}",ada86dd3f2153597b789f1359b9ffc733c104f3a956247b2569b638c28758d17,mauve_reference_rank_stability,0.7714285714285715,__meta__,open_news_v1,6,43,complete,__meta__
__none__,evaluator_minilm__evaluator_mpnet,evaluator_minilm__evaluator_mpnet,"{""encoder_pair"": ""evaluator_minilm__evaluator_mpnet"", ""rank_entity_fields"": ""model_id"", ""rank_method"": ""spearman"", ""stratum:factor:corpus"": ""dbpedia"", ""stratum:factor:temperature"": 0.6, ""stratum:factor:top_p"": 0.8, ""stratum:prompt_id"": ""open_news_v1""}",e9676812c0d3ad0d5755184065d21bb7e307d4f76a04610292655c5189bdcdcc,mauve_reference_rank_stability,0.942857142857143,__meta__,open_news_v1,6,59,complete,__meta__
__none__,evaluator_minilm__evaluator_mpnet,evaluator_minilm__evaluator_mpnet,"{""encoder_pair"": ""evaluator_minilm__evaluator_mpnet"", ""rank_entity_fields"": ""model_id"", ""rank_method"": ""spearman"", ""stratum:factor:corpus"": ""yahoo_answers"", ""stratum:factor:temperature"": 0.3, ""stratum:factor:top_p"": 0.8, ""stratum:prompt_id"": ""open_news_v1""}",0359dfbd56e60fb54d0d69dd758f05f6f90c41b47bccc5b89afea3b736faafe5,mauve_reference_rank_stability,0.7463517925331651,__meta__,open_news_v1,6,59,complete,__meta__
__none__,evaluator_minilm__evaluator_mpnet,evaluator_minilm__evaluator_mpnet,"{""encoder_pair"": ""evaluator_minilm__evaluator_mpnet"", ""rank_entity_fields"": ""model_id"", ""rank_method"": ""spearman"", ""stratum:factor:corpus"": ""yahoo_answers"", ""stratum:factor:temperature"": 0.6, ""stratum:factor:top_p"": 0.8, ""stratum:prompt_id"": ""open_news_v1""}",409220465c1b7927452f806f7a5764914c523de2364e78f6d5950f01aecf2b40,mauve_reference_rank_stability,0.753702346348183,__meta__,open_news_v1,6,59,complete,__meta__
__none__,evaluator_minilm__evaluator_mpnet,evaluator_minilm__evaluator_mpnet,"{""encoder_pair"": ""evaluator_minilm__evaluator_mpnet"", ""rank_entity_fields"": ""model_id"", ""rank_method"": ""spearman"", ""stratum:factor:corpus"": ""yahoo_answers"", ""stratum:factor:temperature"": 0.9, ""stratum:factor:top_p"": 0.8, ""stratum:prompt_id"": ""open_news_v1""}",18293db52ee0fdbcb599f8aabdd71db71bc3253916cb4f5c8d90d45783d7a364,mauve_reference_rank_stability,0.942857142857143,__meta__,open_news_v1,6,59,complete,__meta__
__none__,evaluator_minilm__evaluator_mpnet,evaluator_minilm__evaluator_mpnet,"{""encoder_pair"": ""evaluator_minilm__evaluator_mpnet"", ""rank_entity_fields"": ""model_id"", ""rank_method"": ""spearman"", ""stratum:factor:corpus"": ""imdb_reviews"", ""stratum:factor:temperature"": 0.3, ""stratum:factor:top_p"": 0.95, ""stratum:prompt_id"": ""open_news_v1""}",59c3795785ad35e74d3c952c85ce6d718cb9b701f80e1289ccd2498b097c017e,mauve_reference_rank_stability,0.8285714285714287,__meta__,open_news_v1,6,59,complete,__meta__
__none__,evaluator_minilm__evaluator_mpnet,evaluator_minilm__evaluator_mpnet,"{""encoder_pair"": ""evaluator_minilm__evaluator_mpnet"", ""rank_entity_fields"": ""model_id"", ""rank_method"": ""spearman"", ""stratum:factor:corpus"": ""ag_news"", ""stratum:factor:temperature"": 0.3, ""stratum:factor:top_p"": 0.95, ""stratum:prompt_id"": ""open_news_v1""}",95d2c9f803bc6a88b08cc682268ef3d23f04b8ba88b387532b20f06bee15d132,mauve_reference_rank_stability,0.6571428571428573,__meta__,open_news_v1,6,59,complete,__meta__
__none__,evaluator_minilm__evaluator_mpnet,evaluator_minilm__evaluator_mpnet,"{""encoder_pair"": ""evaluator_minilm__evaluator_mpnet"", ""rank_entity_fields"": ""model_id"", ""rank_method"": ""spearman"", ""stratum:factor:corpus"": ""amazon_reviews"", ""stratum:factor:temperature"": 0.9, ""stratum:factor:top_p"": 0.95, ""stratum:prompt_id"": ""open_news_v1""}",a27980deae3f1287dfb1f5ce1921904b1abac4d86bdf58f3ed978d4b77b56b78,mauve_reference_rank_stability,0.7714285714285715,__meta__,open_news_v1,6,59,complete,__meta__
__none__,evaluator_minilm__evaluator_mpnet,evaluator_minilm__evaluator_mpnet,"{""encoder_pair"": ""evaluator_minilm__evaluator_mpnet"", ""rank_entity_fields"": ""model_id"", ""rank_method"": ""spearman"", ""stratum:factor:corpus"": ""amazon_reviews"", ""stratum:factor:temperature"": 0.6, ""stratum:factor:top_p"": 0.8, ""stratum:prompt_id"": ""open_news_v1""}",57138b5df702638db4fe118399b1637018c4e24db96d6bfc85982b8483578038,mauve_reference_rank_stability,0.7714285714285715,__meta__,open_news_v1,6,59,complete,__meta__
__none__,evaluator_minilm__evaluator_mpnet,evaluator_minilm__evaluator_mpnet,"{""encoder_pair"": ""evaluator_minilm__evaluator_mpnet"", ""rank_entity_fields"": ""model_id"", ""rank_method"": ""spearman"", ""stratum:factor:corpus"": ""yahoo_answers"", ""stratum:factor:temperature"": 0.6, ""stratum:factor:top_p"": 0.95, ""stratum:prompt_id"": ""open_news_v1""}",db329c49bf6ccbbbbae5245bc56b9de73ac917276f707bfaf2d5a4947450f1fb,mauve_reference_rank_stability,0.942857142857143,__meta__,open_news_v1,6,59,complete,__meta__
__none__,evaluator_minilm__evaluator_mpnet,evaluator_minilm__evaluator_mpnet,"{""encoder_pair"": ""evaluator_minilm__evaluator_mpnet"", ""rank_entity_fields"": ""model_id"", ""rank_method"": ""spearman"", ""stratum:factor:corpus"": ""dbpedia"", ""stratum:factor:temperature"": 0.9, ""stratum:factor:top_p"": 0.8, ""stratum:prompt_id"": ""open_news_v1""}",7daf23d19555111e196d2f8ca749355c1e57c001041cea7d9e46c79ae9573ac3,mauve_reference_rank_stability,0.7714285714285715,__meta__,open_news_v1,6,59,complete,__meta__
__none__,evaluator_minilm__evaluator_mpnet,evaluator_minilm__evaluator_mpnet,"{""encoder_pair"": ""evaluator_minilm__evaluator_mpnet"", ""rank_entity_fields"": ""model_id"", ""rank_method"": ""spearman"", ""stratum:factor:corpus"": ""imdb_reviews"", ""stratum:factor:temperature"": 0.6, ""stratum:factor:top_p"": 0.95, ""stratum:prompt_id"": ""open_news_v1""}",f30928872cd30013c7040d8d1880afc524d7abc1bb27c291f418d66015d3ee0c,mauve_reference_rank_stability,-0.08571428571428573,__meta__,open_news_v1,6,59,complete,__meta__
__none__,evaluator_minilm__evaluator_mpnet,evaluator_minilm__evaluator_mpnet,"{""encoder_pair"": ""evaluator_minilm__evaluator_mpnet"", ""rank_entity_fields"": ""model_id"", ""rank_method"": ""spearman"", ""stratum:factor:corpus"": ""amazon_reviews"", ""stratum:factor:temperature"": 0.6, ""stratum:factor:top_p"": 0.95, ""stratum:prompt_id"": ""open_news_v1""}",22937f4c39eafa1b133f394ebec620b9bd6b941cf863685bf4e9481999ca91e8,mauve_reference_rank_stability,0.7714285714285715,__meta__,open_news_v1,6,59,complete,__meta__
__none__,evaluator_minilm__evaluator_mpnet,evaluator_minilm__evaluator_mpnet,"{""encoder_pair"": ""evaluator_minilm__evaluator_mpnet"", ""rank_entity_fields"": ""model_id"", ""rank_method"": ""spearman"", ""stratum:factor:corpus"": ""dbpedia"", ""stratum:factor:temperature"": 0.9, ""stratum:factor:top_p"": 0.95, ""stratum:prompt_id"": ""open_news_v1""}",0fc3d9db015abce96908e6b8bd54704e258925b5e17dd79370f5d459d5914964,mauve_reference_rank_stability,0.942857142857143,__meta__,open_news_v1,6,59,complete,__meta__
__none__,evaluator_minilm__evaluator_mpnet,evaluator_minilm__evaluator_mpnet,"{""encoder_pair"": ""evaluator_minilm__evaluator_mpnet"", ""rank_entity_fields"": ""model_id"", ""rank_method"": ""spearman"", ""stratum:factor:corpus"": ""ag_news"", ""stratum:factor:temperature"": 0.3, ""stratum:factor:top_p"": 0.8, ""stratum:prompt_id"": ""open_news_v1""}",f81e94c1d0664851ef4b3089707a73c759e4206c8f56083cc66efe8fa6f13606,mauve_reference_rank_stability,0.8116794499134279,__meta__,open_news_v1,6,59,complete,__meta__
__none__,evaluator_minilm__evaluator_mpnet,evaluator_minilm__evaluator_mpnet,"{""encoder_pair"": ""evaluator_minilm__evaluator_mpnet"", ""rank_entity_fields"": ""model_id"", ""rank_method"": ""spearman"", ""stratum:factor:corpus"": ""dbpedia"", ""stratum:factor:temperature"": 0.6, ""stratum:factor:top_p"": 0.95, ""stratum:prompt_id"": ""open_news_v1""}",d3fc5c19b793bbbe64c6c889bd7909d2843c1a7424fc5283db09a9fe3675780c,mauve_reference_rank_stability,0.7714285714285715,__meta__,open_news_v1,6,59,complete,__meta__
__none__,evaluator_minilm__evaluator_mpnet,evaluator_minilm__evaluator_mpnet,"{""encoder_pair"": ""evaluator_minilm__evaluator_mpnet"", ""rank_entity_fields"": ""model_id"", ""rank_method"": ""spearman"", ""stratum:factor:corpus"": ""amazon_reviews"", ""stratum:factor:temperature"": 0.3, ""stratum:factor:top_p"": 0.8, ""stratum:prompt_id"": ""open_news_v1""}",8c5da001a86b719b64134c70eb70504c963f06aa6d793fb5c0f59ab9460adbb9,mauve_reference_rank_stability,0.0,__meta__,open_news_v1,6,59,complete,__meta__
__none__,evaluator_minilm__evaluator_mpnet,evaluator_minilm__evaluator_mpnet,"{""encoder_pair"": ""evaluator_minilm__evaluator_mpnet"", ""rank_entity_fields"": ""model_id"", ""rank_method"": ""spearman"", ""stratum:factor:corpus"": ""ag_news"", ""stratum:factor:temperature"": 0.6, ""stratum:factor:top_p"": 0.8, ""stratum:prompt_id"": ""open_news_v1""}",44e849783fcf80d576256e00d34bc93c4c349235c3f09fb792f7777eb72e851e,mauve_reference_rank_stability,0.942857142857143,__meta__,open_news_v1,6,59,complete,__meta__
__none__,evaluator_minilm__evaluator_mpnet,evaluator_minilm__evaluator_mpnet,"{""encoder_pair"": ""evaluator_minilm__evaluator_mpnet"", ""rank_entity_fields"": ""model_id"", ""rank_method"": ""spearman"", ""stratum:factor:corpus"": ""imdb_reviews"", ""stratum:factor:temperature"": 0.6, ""stratum:factor:top_p"": 0.8, ""stratum:prompt_id"": ""open_news_v1""}",04a5bfebd2dc34510b06ea3fe3ee1d84ad2ce805b9c30edb9b5969674d303afb,mauve_reference_rank_stability,0.3714285714285715,__meta__,open_news_v1,6,59,complete,__meta__
__none__,evaluator_minilm__evaluator_mpnet,evaluator_minilm__evaluator_mpnet,"{""encoder_pair"": ""evaluator_minilm__evaluator_mpnet"", ""rank_entity_fields"": ""model_id"", ""rank_method"": ""spearman"", ""stratum:factor:corpus"": ""amazon_reviews"", ""stratum:factor:temperature"": 0.9, ""stratum:factor:top_p"": 0.8, ""stratum:prompt_id"": ""open_news_v1""}",7bfab34ed1d1e2e3e0db01f5f2b12de545397a5d17bad0566a636f65b4851859,mauve_reference_rank_stability,1.0,__meta__,open_news_v1,6,59,complete,__meta__
__none__,evaluator_minilm__evaluator_mpnet,evaluator_minilm__evaluator_mpnet,"{""encoder_pair"": ""evaluator_minilm__evaluator_mpnet"", ""rank_entity_fields"": ""model_id"", ""rank_method"": ""spearman"", ""stratum:factor:corpus"": ""imdb_reviews"", ""stratum:factor:temperature"": 0.9, ""stratum:factor:top_p"": 0.8, ""stratum:prompt_id"": ""open_news_v1""}",c5e294b10da14709c6a1f0e4c71290c04cdb63b349cacbbe1e594ff86a794a76,mauve_reference_rank_stability,0.028571428571428574,__meta__,open_news_v1,6,59,complete,__meta__
__none__,evaluator_minilm__evaluator_mpnet,evaluator_minilm__evaluator_mpnet,"{""encoder_pair"": ""evaluator_minilm__evaluator_mpnet"", ""rank_entity_fields"": ""model_id"", ""rank_method"": ""spearman"", ""stratum:factor:corpus"": ""ag_news"", ""stratum:factor:temperature"": 0.6, ""stratum:factor:top_p"": 0.95, ""stratum:prompt_id"": ""open_news_v1""}",86d3a72eb419ec3b0a10721c1e5fb8d27e245142c1c00920f1da33da8c49b593,mauve_reference_rank_stability,0.3714285714285715,__meta__,open_news_v1,6,59,complete,__meta__
__none__,evaluator_minilm__evaluator_mpnet,evaluator_minilm__evaluator_mpnet,"{""encoder_pair"": ""evaluator_minilm__evaluator_mpnet"", ""rank_entity_fields"": ""model_id"", ""rank_method"": ""spearman"", ""stratum:factor:corpus"": ""ag_news"", ""stratum:factor:temperature"": 0.9, ""stratum:factor:top_p"": 0.8, ""stratum:prompt_id"": ""open_news_v1""}",3758e8be39a251698661c572e9da3b4c34a4f3d6b8c0d27da014859ba704381d,mauve_reference_rank_stability,1.0,__meta__,open_news_v1,6,59,complete,__meta__
__none__,evaluator_minilm__evaluator_mpnet,evaluator_minilm__evaluator_mpnet,"{""encoder_pair"": ""evaluator_minilm__evaluator_mpnet"", ""rank_entity_fields"": ""model_id"", ""rank_method"": ""spearman"", ""stratum:factor:corpus"": ""dbpedia"", ""stratum:factor:temperature"": 0.3, ""stratum:factor:top_p"": 0.95, ""stratum:prompt_id"": ""open_news_v1""}",711f72fcf1333b64f993f36a17c685c095bb157e77b6f69ab2e002d61749c197,mauve_reference_rank_stability,0.7714285714285715,__meta__,open_news_v1,6,59,complete,__meta__
__none__,evaluator_minilm__evaluator_mpnet,evaluator_minilm__evaluator_mpnet,"{""encoder_pair"": ""evaluator_minilm__evaluator_mpnet"", ""rank_entity_fields"": ""model_id"", ""rank_method"": ""spearman"", ""stratum:factor:corpus"": ""amazon_reviews"", ""stratum:factor:temperature"": 0.3, ""stratum:factor:top_p"": 0.95, ""stratum:prompt_id"": ""open_news_v1""}",60158e1eed6da6a88101fd22c6596e9c19bb4c2db1e7b3119cae2b3e36e463d9,mauve_reference_rank_stability,0.7142857142857143,__meta__,open_news_v1,6,59,complete,__meta__
__none__,evaluator_minilm__evaluator_mpnet,evaluator_minilm__evaluator_mpnet,"{""encoder_pair"": ""evaluator_minilm__evaluator_mpnet"", ""rank_entity_fields"": ""model_id"", ""rank_method"": ""spearman"", ""stratum:factor:corpus"": ""yahoo_answers"", ""stratum:factor:temperature"": 0.9, ""stratum:factor:top_p"": 0.95, ""stratum:prompt_id"": ""open_news_v1""}",74811fe3f47e8c8c5f4f713a5302e3dedf949882be7e558b3a2f647dc0de6a08,mauve_reference_rank_stability,0.6571428571428573,__meta__,open_news_v1,6,59,complete,__meta__
__none__,evaluator_minilm__evaluator_mpnet,evaluator_minilm__evaluator_mpnet,"{""encoder_pair"": ""evaluator_minilm__evaluator_mpnet"", ""rank_entity_fields"": ""model_id"", ""rank_method"": ""spearman"", ""stratum:factor:corpus"": ""yahoo_answers"", ""stratum:factor:temperature"": 0.3, ""stratum:factor:top_p"": 0.95, ""stratum:prompt_id"": ""open_news_v1""}",cbd6a8d65b3f82ed086838d32711b0aa07aac109d15fca886cb7d8d7b70b953d,mauve_reference_rank_stability,0.8285714285714287,__meta__,open_news_v1,6,59,complete,__meta__
__none__,evaluator_minilm__evaluator_mpnet,evaluator_minilm__evaluator_mpnet,"{""encoder_pair"": ""evaluator_minilm__evaluator_mpnet"", ""rank_entity_fields"": ""model_id"", ""rank_method"": ""spearman"", ""stratum:factor:corpus"": ""ag_news"", ""stratum:factor:temperature"": 0.9, ""stratum:factor:top_p"": 0.95, ""stratum:prompt_id"": ""open_news_v1""}",90c290faff356332e7fd7549b04753ddd00f9f0ee7c0e87d50c45872bef021c5,mauve_reference_rank_stability,0.942857142857143,__meta__,open_news_v1,6,59,complete,__meta__
__none__,evaluator_minilm__evaluator_mpnet,evaluator_minilm__evaluator_mpnet,"{""encoder_pair"": ""evaluator_minilm__evaluator_mpnet"", ""rank_entity_fields"": ""model_id"", ""rank_method"": ""spearman"", ""stratum:factor:corpus"": ""imdb_reviews"", ""stratum:factor:temperature"": 0.9, ""stratum:factor:top_p"": 0.95, ""stratum:prompt_id"": ""open_news_v1""}",2b7895ce64c8bbdaea3010bb9a1d7b62bdd56d9d543f9d015f77e5a24897e590,mauve_reference_rank_stability,0.6,__meta__,open_news_v1,6,59,complete,__meta__
__none__,evaluator_minilm__evaluator_mpnet,evaluator_minilm__evaluator_mpnet,"{""encoder_pair"": ""evaluator_minilm__evaluator_mpnet"", ""rank_entity_fields"": ""model_id"", ""rank_method"": ""spearman"", ""stratum:factor:corpus"": ""dbpedia"", ""stratum:factor:temperature"": 0.3, ""stratum:factor:top_p"": 0.8, ""stratum:prompt_id"": ""open_news_v1""}",247e3926aa11788540526b763bd99857773e10fdf0cf7db710f60e25ab32e99a,mauve_reference_rank_stability,0.08827348295047495,__meta__,open_news_v1,6,59,complete,__meta__
__none__,evaluator_minilm__evaluator_mpnet,evaluator_minilm__evaluator_mpnet,"{""encoder_pair"": ""evaluator_minilm__evaluator_mpnet"", ""rank_entity_fields"": ""model_id"", ""rank_method"": ""spearman"", ""stratum:factor:corpus"": ""imdb_reviews"", ""stratum:factor:temperature"": 0.3, ""stratum:factor:top_p"": 0.8, ""stratum:prompt_id"": ""open_news_v1""}",b490fca77f6a7ba5a28f15f25afb82e97cabb400fb942ed66d0fc49e2ddef276,mauve_reference_rank_stability,0.8823529411764706,__meta__,open_news_v1,6,59,complete,__meta__
__none__,evaluator_minilm__evaluator_mpnet,evaluator_minilm__evaluator_mpnet,"{""encoder_pair"": ""evaluator_minilm__evaluator_mpnet"", ""rank_entity_fields"": ""model_id"", ""rank_method"": ""spearman"", ""stratum:factor:corpus"": ""dbpedia"", ""stratum:factor:temperature"": 0.6, ""stratum:factor:top_p"": 0.8, ""stratum:prompt_id"": ""open_news_v1""}",68922ef78cefd8f0cc3f76395713750526d2bfe108615012a48c48124b1045b9,mauve_reference_rank_stability,0.8116794499134279,__meta__,open_news_v1,6,71,complete,__meta__
__none__,evaluator_minilm__evaluator_mpnet,evaluator_minilm__evaluator_mpnet,"{""encoder_pair"": ""evaluator_minilm__evaluator_mpnet"", ""rank_entity_fields"": ""model_id"", ""rank_method"": ""spearman"", ""stratum:factor:corpus"": ""yahoo_answers"", ""stratum:factor:temperature"": 0.3, ""stratum:factor:top_p"": 0.8, ""stratum:prompt_id"": ""open_news_v1""}",a19d7d10df37efbd3c9d1ade1c14af51e07ed42d3b89e091c1c78cbcceb8c4ed,mauve_reference_rank_stability,0.8060599359358183,__meta__,open_news_v1,6,71,complete,__meta__
__none__,evaluator_minilm__evaluator_mpnet,evaluator_minilm__evaluator_mpnet,"{""encoder_pair"": ""evaluator_minilm__evaluator_mpnet"", ""rank_entity_fields"": ""model_id"", ""rank_method"": ""spearman"", ""stratum:factor:corpus"": ""yahoo_answers"", ""stratum:factor:temperature"": 0.6, ""stratum:factor:top_p"": 0.8, ""stratum:prompt_id"": ""open_news_v1""}",497b6d6632a506e5a95245d0656fcb5302bc5dc7aade7a0cd98664f72f7234c5,mauve_reference_rank_stability,0.6571428571428573,__meta__,open_news_v1,6,71,complete,__meta__
__none__,evaluator_minilm__evaluator_mpnet,evaluator_minilm__evaluator_mpnet,"{""encoder_pair"": ""evaluator_minilm__evaluator_mpnet"", ""rank_entity_fields"": ""model_id"", ""rank_method"": ""spearman"", ""stratum:factor:corpus"": ""yahoo_answers"", ""stratum:factor:temperature"": 0.9, ""stratum:factor:top_p"": 0.8, ""stratum:prompt_id"": ""open_news_v1""}",1f618bea30c068d7d296d194046e81455ec6d0ac881cf7be730fb9c98edc0519,mauve_reference_rank_stability,1.0,__meta__,open_news_v1,6,71,complete,__meta__
__none__,evaluator_minilm__evaluator_mpnet,evaluator_minilm__evaluator_mpnet,"{""encoder_pair"": ""evaluator_minilm__evaluator_mpnet"", ""rank_entity_fields"": ""model_id"", ""rank_method"": ""spearman"", ""stratum:factor:corpus"": ""imdb_reviews"", ""stratum:factor:temperature"": 0.3, ""stratum:factor:top_p"": 0.95, ""stratum:prompt_id"": ""open_news_v1""}",47e6865fd078dc4d888be1cee9662e35cea3d83311c72392abb605f49b1b448d,mauve_reference_rank_stability,0.8857142857142858,__meta__,open_news_v1,6,71,complete,__meta__
__none__,evaluator_minilm__evaluator_mpnet,evaluator_minilm__evaluator_mpnet,"{""encoder_pair"": ""evaluator_minilm__evaluator_mpnet"", ""rank_entity_fields"": ""model_id"", ""rank_method"": ""spearman"", ""stratum:factor:corpus"": ""ag_news"", ""stratum:factor:temperature"": 0.3, ""stratum:factor:top_p"": 0.95, ""stratum:prompt_id"": ""open_news_v1""}",1bd11bfc5330b9fccd9845a65755cc8f0f8a4b296a7cd81d5f2e7769fbe57ae6,mauve_reference_rank_stability,0.942857142857143,__meta__,open_news_v1,6,71,complete,__meta__
__none__,evaluator_minilm__evaluator_mpnet,evaluator_minilm__evaluator_mpnet,"{""encoder_pair"": ""evaluator_minilm__evaluator_mpnet"", ""rank_entity_fields"": ""model_id"", ""rank_method"": ""spearman"", ""stratum:factor:corpus"": ""amazon_reviews"", ""stratum:factor:temperature"": 0.9, ""stratum:factor:top_p"": 0.95, ""stratum:prompt_id"": ""open_news_v1""}",07af627ebc7ccdde8a4a71a60294b449251f6c28e1fe26991cfaaf8ffb8d5e4a,mauve_reference_rank_stability,0.942857142857143,__meta__,open_news_v1,6,71,complete,__meta__
__none__,evaluator_minilm__evaluator_mpnet,evaluator_minilm__evaluator_mpnet,"{""encoder_pair"": ""evaluator_minilm__evaluator_mpnet"", ""rank_entity_fields"": ""model_id"", ""rank_method"": ""spearman"", ""stratum:factor:corpus"": ""amazon_reviews"", ""stratum:factor:temperature"": 0.6, ""stratum:factor:top_p"": 0.8, ""stratum:prompt_id"": ""open_news_v1""}",9d568f4e80e1a7db45317613e746b642a34c45149dc83d6e0f711427dc7d489a,mauve_reference_rank_stability,0.942857142857143,__meta__,open_news_v1,6,71,complete,__meta__
__none__,evaluator_minilm__evaluator_mpnet,evaluator_minilm__evaluator_mpnet,"{""encoder_pair"": ""evaluator_minilm__evaluator_mpnet"", ""rank_entity_fields"": ""model_id"", ""rank_method"": ""spearman"", ""stratum:factor:corpus"": ""yahoo_answers"", ""stratum:factor:temperature"": 0.6, ""stratum:factor:top_p"": 0.95, ""stratum:prompt_id"": ""open_news_v1""}",379ffbbe015ac28b62cac61b6fff5374de462718216408ee96815e1782470d70,mauve_reference_rank_stability,0.5428571428571429,__meta__,open_news_v1,6,71,complete,__meta__
__none__,evaluator_minilm__evaluator_mpnet,evaluator_minilm__evaluator_mpnet,"{""encoder_pair"": ""evaluator_minilm__evaluator_mpnet"", ""rank_entity_fields"": ""model_id"", ""rank_method"": ""spearman"", ""stratum:factor:corpus"": ""dbpedia"", ""stratum:factor:temperature"": 0.9, ""stratum:factor:top_p"": 0.8, ""stratum:prompt_id"": ""open_news_v1""}",b593d5add47f957e7bb3c86d42c14bc8a12788ac14a99d3d8ca82c1991b1520d,mauve_reference_rank_stability,0.942857142857143,__meta__,open_news_v1,6,71,complete,__meta__
__none__,evaluator_minilm__evaluator_mpnet,evaluator_minilm__evaluator_mpnet,"{""encoder_pair"": ""evaluator_minilm__evaluator_mpnet"", ""rank_entity_fields"": ""model_id"", ""rank_method"": ""spearman"", ""stratum:factor:corpus"": ""imdb_reviews"", ""stratum:factor:temperature"": 0.6, ""stratum:factor:top_p"": 0.95, ""stratum:prompt_id"": ""open_news_v1""}",9a8c35b9719dbc70e4f0fc50327f46f6eb3eabcda4561ea3b6a3d61da658f70e,mauve_reference_rank_stability,0.6,__meta__,open_news_v1,6,71,complete,__meta__
__none__,evaluator_minilm__evaluator_mpnet,evaluator_minilm__evaluator_mpnet,"{""encoder_pair"": ""evaluator_minilm__evaluator_mpnet"", ""rank_entity_fields"": ""model_id"", ""rank_method"": ""spearman"", ""stratum:factor:corpus"": ""amazon_reviews"", ""stratum:factor:temperature"": 0.6, ""stratum:factor:top_p"": 0.95, ""stratum:prompt_id"": ""open_news_v1""}",05522b8f3c5c5602624e6cb211b80bb728f8efc7223fc2cae2c70d3ad0fc1760,mauve_reference_rank_stability,0.5428571428571429,__meta__,open_news_v1,6,71,complete,__meta__
__none__,evaluator_minilm__evaluator_mpnet,evaluator_minilm__evaluator_mpnet,"{""encoder_pair"": ""evaluator_minilm__evaluator_mpnet"", ""rank_entity_fields"": ""model_id"", ""rank_method"": ""spearman"", ""stratum:factor:corpus"": ""dbpedia"", ""stratum:factor:temperature"": 0.9, ""stratum:factor:top_p"": 0.95, ""stratum:prompt_id"": ""open_news_v1""}",0eadf9602d0a0194682f848228a0f904b81cf0c681f15a103fc2909608c0d810,mauve_reference_rank_stability,0.6,__meta__,open_news_v1,6,71,complete,__meta__
__none__,evaluator_minilm__evaluator_mpnet,evaluator_minilm__evaluator_mpnet,"{""encoder_pair"": ""evaluator_minilm__evaluator_mpnet"", ""rank_entity_fields"": ""model_id"", ""rank_method"": ""spearman"", ""stratum:factor:corpus"": ""ag_news"", ""stratum:factor:temperature"": 0.3, ""stratum:factor:top_p"": 0.8, ""stratum:prompt_id"": ""open_news_v1""}",b3cf3cd911d5568ac2b8a9cb3af1623651c946a3aaba37303dc53a8b839b1acc,mauve_reference_rank_stability,1.0,__meta__,open_news_v1,6,71,complete,__meta__
__none__,evaluator_minilm__evaluator_mpnet,evaluator_minilm__evaluator_mpnet,"{""encoder_pair"": ""evaluator_minilm__evaluator_mpnet"", ""rank_entity_fields"": ""model_id"", ""rank_method"": ""spearman"", ""stratum:factor:corpus"": ""dbpedia"", ""stratum:factor:temperature"": 0.6, ""stratum:factor:top_p"": 0.95, ""stratum:prompt_id"": ""open_news_v1""}",051daaa5dc1aa69e089ad2255ae6bf886595b0b365560105bc18ff8ed4ca133f,mauve_reference_rank_stability,0.7714285714285715,__meta__,open_news_v1,6,71,complete,__meta__
__none__,evaluator_minilm__evaluator_mpnet,evaluator_minilm__evaluator_mpnet,"{""encoder_pair"": ""evaluator_minilm__evaluator_mpnet"", ""rank_entity_fields"": ""model_id"", ""rank_method"": ""spearman"", ""stratum:factor:corpus"": ""amazon_reviews"", ""stratum:factor:temperature"": 0.3, ""stratum:factor:top_p"": 0.8, ""stratum:prompt_id"": ""open_news_v1""}",0ef2be60ffd90f78559e008143cc4852b1a4c6d192b986cf4f5b402fea09f958,mauve_reference_rank_stability,0.7356123579206245,__meta__,open_news_v1,6,71,complete,__meta__
__none__,evaluator_minilm__evaluator_mpnet,evaluator_minilm__evaluator_mpnet,"{""encoder_pair"": ""evaluator_minilm__evaluator_mpnet"", ""rank_entity_fields"": ""model_id"", ""rank_method"": ""spearman"", ""stratum:factor:corpus"": ""ag_news"", ""stratum:factor:temperature"": 0.6, ""stratum:factor:top_p"": 0.8, ""stratum:prompt_id"": ""open_news_v1""}",ce8e65cf2819dbfefedf4e85a7b8ad31709193d4eb6be289dedba2a651aa4ac5,mauve_reference_rank_stability,0.5428571428571429,__meta__,open_news_v1,6,71,complete,__meta__
__none__,evaluator_minilm__evaluator_mpnet,evaluator_minilm__evaluator_mpnet,"{""encoder_pair"": ""evaluator_minilm__evaluator_mpnet"", ""rank_entity_fields"": ""model_id"", ""rank_method"": ""spearman"", ""stratum:factor:corpus"": ""imdb_reviews"", ""stratum:factor:temperature"": 0.6, ""stratum:factor:top_p"": 0.8, ""stratum:prompt_id"": ""open_news_v1""}",226c78538ea28d1624231db3d6972a14606d8ec2a8dc0884e293b64037e0ece8,mauve_reference_rank_stability,0.14285714285714288,__meta__,open_news_v1,6,71,complete,__meta__
__none__,evaluator_minilm__evaluator_mpnet,evaluator_minilm__evaluator_mpnet,"{""encoder_pair"": ""evaluator_minilm__evaluator_mpnet"", ""rank_entity_fields"": ""model_id"", ""rank_method"": ""spearman"", ""stratum:factor:corpus"": ""amazon_reviews"", ""stratum:factor:temperature"": 0.9, ""stratum:factor:top_p"": 0.8, ""stratum:prompt_id"": ""open_news_v1""}",7401bb4c448d9a84423ab63c7839b22c4b27a487a150e058408c0db679bad094,mauve_reference_rank_stability,0.8857142857142858,__meta__,open_news_v1,6,71,complete,__meta__
__none__,evaluator_minilm__evaluator_mpnet,evaluator_minilm__evaluator_mpnet,"{""encoder_pair"": ""evaluator_minilm__evaluator_mpnet"", ""rank_entity_fields"": ""model_id"", ""rank_method"": ""spearman"", ""stratum:factor:corpus"": ""imdb_reviews"", ""stratum:factor:temperature"": 0.9, ""stratum:factor:top_p"": 0.8, ""stratum:prompt_id"": ""open_news_v1""}",3ec050b4fc87c564014ad07da0b6d6e174efbbd5a1f36baf5b0a3d5f105fa768,mauve_reference_rank_stability,0.5428571428571429,__meta__,open_news_v1,6,71,complete,__meta__
__none__,evaluator_minilm__evaluator_mpnet,evaluator_minilm__evaluator_mpnet,"{""encoder_pair"": ""evaluator_minilm__evaluator_mpnet"", ""rank_entity_fields"": ""model_id"", ""rank_method"": ""spearman"", ""stratum:factor:corpus"": ""ag_news"", ""stratum:factor:temperature"": 0.6, ""stratum:factor:top_p"": 0.95, ""stratum:prompt_id"": ""open_news_v1""}",201558ad04fa9de24697ecc7423cf91fa4dac54816ae66703a49b20ecad4839a,mauve_reference_rank_stability,0.942857142857143,__meta__,open_news_v1,6,71,complete,__meta__
__none__,evaluator_minilm__evaluator_mpnet,evaluator_minilm__evaluator_mpnet,"{""encoder_pair"": ""evaluator_minilm__evaluator_mpnet"", ""rank_entity_fields"": ""model_id"", ""rank_method"": ""spearman"", ""stratum:factor:corpus"": ""ag_news"", ""stratum:factor:temperature"": 0.9, ""stratum:factor:top_p"": 0.8, ""stratum:prompt_id"": ""open_news_v1""}",46fa9176f1a7d6fc69d8b07e6eb7427b4bdc811fd3611d95a2ba76e4b59f84e4,mauve_reference_rank_stability,0.7714285714285715,__meta__,open_news_v1,6,71,complete,__meta__
__none__,evaluator_minilm__evaluator_mpnet,evaluator_minilm__evaluator_mpnet,"{""encoder_pair"": ""evaluator_minilm__evaluator_mpnet"", ""rank_entity_fields"": ""model_id"", ""rank_method"": ""spearman"", ""stratum:factor:corpus"": ""dbpedia"", ""stratum:factor:temperature"": 0.3, ""stratum:factor:top_p"": 0.95, ""stratum:prompt_id"": ""open_news_v1""}",247ae40e4d23953385b5e678c24b0ecab8f85d8be97049efb180b668f01b365b,mauve_reference_rank_stability,-0.14285714285714288,__meta__,open_news_v1,6,71,complete,__meta__
__none__,evaluator_minilm__evaluator_mpnet,evaluator_minilm__evaluator_mpnet,"{""encoder_pair"": ""evaluator_minilm__evaluator_mpnet"", ""rank_entity_fields"": ""model_id"", ""rank_method"": ""spearman"", ""stratum:factor:corpus"": ""amazon_reviews"", ""stratum:factor:temperature"": 0.3, ""stratum:factor:top_p"": 0.95, ""stratum:prompt_id"": ""open_news_v1""}",e83d2807b4c60e6579c065afe95a46ec7e4404daa1b61890a49e0ec41caa8c6d,mauve_reference_rank_stability,0.5217939320872036,__meta__,open_news_v1,6,71,complete,__meta__
__none__,evaluator_minilm__evaluator_mpnet,evaluator_minilm__evaluator_mpnet,"{""encoder_pair"": ""evaluator_minilm__evaluator_mpnet"", ""rank_entity_fields"": ""model_id"", ""rank_method"": ""spearman"", ""stratum:factor:corpus"": ""yahoo_answers"", ""stratum:factor:temperature"": 0.9, ""stratum:factor:top_p"": 0.95, ""stratum:prompt_id"": ""open_news_v1""}",4c7f9932d9d81d114044219233d82cc2b84c11422e68236b4d075f5956ba87b8,mauve_reference_rank_stability,1.0,__meta__,open_news_v1,6,71,complete,__meta__
__none__,evaluator_minilm__evaluator_mpnet,evaluator_minilm__evaluator_mpnet,"{""encoder_pair"": ""evaluator_minilm__evaluator_mpnet"", ""rank_entity_fields"": ""model_id"", ""rank_method"": ""spearman"", ""stratum:factor:corpus"": ""yahoo_answers"", ""stratum:factor:temperature"": 0.3, ""stratum:factor:top_p"": 0.95, ""stratum:prompt_id"": ""open_news_v1""}",e888893a3843682c85a74ebddc4d28301e224cd261154d20a0204192050db62d,mauve_reference_rank_stability,0.9276336570439175,__meta__,open_news_v1,6,71,complete,__meta__
__none__,evaluator_minilm__evaluator_mpnet,evaluator_minilm__evaluator_mpnet,"{""encoder_pair"": ""evaluator_minilm__evaluator_mpnet"", ""rank_entity_fields"": ""model_id"", ""rank_method"": ""spearman"", ""stratum:factor:corpus"": ""ag_news"", ""stratum:factor:temperature"": 0.9, ""stratum:factor:top_p"": 0.95, ""stratum:prompt_id"": ""open_news_v1""}",a83344e44a2afa1ac5fb1c6b1017f4be352a890bf6a7cb41f6991c109ea58ed2,mauve_reference_rank_stability,1.0,__meta__,open_news_v1,6,71,complete,__meta__
__none__,evaluator_minilm__evaluator_mpnet,evaluator_minilm__evaluator_mpnet,"{""encoder_pair"": ""evaluator_minilm__evaluator_mpnet"", ""rank_entity_fields"": ""model_id"", ""rank_method"": ""spearman"", ""stratum:factor:corpus"": ""imdb_reviews"", ""stratum:factor:temperature"": 0.9, ""stratum:factor:top_p"": 0.95, ""stratum:prompt_id"": ""open_news_v1""}",597bc23541864f14c5acb2ec29b6e7ad9a747bfda24ad3716cd08aafc957649d,mauve_reference_rank_stability,-0.3714285714285715,__meta__,open_news_v1,6,71,complete,__meta__
__none__,evaluator_minilm__evaluator_mpnet,evaluator_minilm__evaluator_mpnet,"{""encoder_pair"": ""evaluator_minilm__evaluator_mpnet"", ""rank_entity_fields"": ""model_id"", ""rank_method"": ""spearman"", ""stratum:factor:corpus"": ""dbpedia"", ""stratum:factor:temperature"": 0.3, ""stratum:factor:top_p"": 0.8, ""stratum:prompt_id"": ""open_news_v1""}",a7d81e75e020b74d382abe1476a3c42beba4ed42e29e300e90e0fe52377499c5,mauve_reference_rank_stability,0.42874646285627205,__meta__,open_news_v1,6,71,complete,__meta__
__none__,evaluator_minilm__evaluator_mpnet,evaluator_minilm__evaluator_mpnet,"{""encoder_pair"": ""evaluator_minilm__evaluator_mpnet"", ""rank_entity_fields"": ""model_id"", ""rank_method"": ""spearman"", ""stratum:factor:corpus"": ""imdb_reviews"", ""stratum:factor:temperature"": 0.3, ""stratum:factor:top_p"": 0.8, ""stratum:prompt_id"": ""open_news_v1""}",407e315981e2aeffb116faf38eb40d20e4586eafc14db3074efe00ffcefa1e96,mauve_reference_rank_stability,0.954863710632231,__meta__,open_news_v1,6,71,complete,__meta__
__none__,evaluator_minilm__evaluator_mpnet,evaluator_minilm__evaluator_mpnet,"{""encoder_pair"": ""evaluator_minilm__evaluator_mpnet"", ""rank_entity_fields"": ""model_id"", ""rank_method"": ""spearman"", ""stratum:factor:corpus"": ""dbpedia"", ""stratum:factor:temperature"": 0.6, ""stratum:factor:top_p"": 0.8, ""stratum:prompt_id"": ""open_news_v1""}",da0e244ceb724804d1beac9db74889a709fde1e08745ba86cfb307876b8303e3,mauve_reference_rank_stability,0.8857142857142858,__meta__,open_news_v1,6,83,complete,__meta__
__none__,evaluator_minilm__evaluator_mpnet,evaluator_minilm__evaluator_mpnet,"{""encoder_pair"": ""evaluator_minilm__evaluator_mpnet"", ""rank_entity_fields"": ""model_id"", ""rank_method"": ""spearman"", ""stratum:factor:corpus"": ""yahoo_answers"", ""stratum:factor:temperature"": 0.3, ""stratum:factor:top_p"": 0.8, ""stratum:prompt_id"": ""open_news_v1""}",d79436b698699045510c1f4c2b975a9c989746dade23191e5b27e9db003d9ea9,mauve_reference_rank_stability,0.12712834523274563,__meta__,open_news_v1,6,83,complete,__meta__
__none__,evaluator_minilm__evaluator_mpnet,evaluator_minilm__evaluator_mpnet,"{""encoder_pair"": ""evaluator_minilm__evaluator_mpnet"", ""rank_entity_fields"": ""model_id"", ""rank_method"": ""spearman"", ""stratum:factor:corpus"": ""yahoo_answers"", ""stratum:factor:temperature"": 0.6, ""stratum:factor:top_p"": 0.8, ""stratum:prompt_id"": ""open_news_v1""}",fbc7746c7181a101ab83261232af396f5be5217175ead4fb35eca81784a4462a,mauve_reference_rank_stability,0.942857142857143,__meta__,open_news_v1,6,83,complete,__meta__
__none__,evaluator_minilm__evaluator_mpnet,evaluator_minilm__evaluator_mpnet,"{""encoder_pair"": ""evaluator_minilm__evaluator_mpnet"", ""rank_entity_fields"": ""model_id"", ""rank_method"": ""spearman"", ""stratum:factor:corpus"": ""yahoo_answers"", ""stratum:factor:temperature"": 0.9, ""stratum:factor:top_p"": 0.8, ""stratum:prompt_id"": ""open_news_v1""}",8691e1884af3df7487cdf13e575ea37cbf92301f513d440785d7b65418e4f2be,mauve_reference_rank_stability,0.942857142857143,__meta__,open_news_v1,6,83,complete,__meta__
__none__,evaluator_minilm__evaluator_mpnet,evaluator_minilm__evaluator_mpnet,"{""encoder_pair"": ""evaluator_minilm__evaluator_mpnet"", ""rank_entity_fields"": ""model_id"", ""rank_method"": ""spearman"", ""stratum:factor:corpus"": ""imdb_reviews"", ""stratum:factor:temperature"": 0.3, ""stratum:factor:top_p"": 0.95, ""stratum:prompt_id"": ""open_news_v1""}",d2808cc1138549717c96ef573cebf6a0003fd9f564dc0a6e1b41788dce6991f9,mauve_reference_rank_stability,0.4285714285714286,__meta__,open_news_v1,6,83,complete,__meta__
__none__,evaluator_minilm__evaluator_mpnet,evaluator_minilm__evaluator_mpnet,"{""encoder_pair"": ""evaluator_minilm__evaluator_mpnet"", ""rank_entity_fields"": ""model_id"", ""rank_method"": ""spearman"", ""stratum:factor:corpus"": ""ag_news"", ""stratum:factor:temperature"": 0.3, ""stratum:factor:top_p"": 0.95, ""stratum:prompt_id"": ""open_news_v1""}",ee1a3dd6d7429670f11540459d59f9dac30142d9c4fde627ec8fb39d036e11ea,mauve_reference_rank_stability,0.942857142857143,__meta__,open_news_v1,6,83,complete,__meta__
__none__,evaluator_minilm__evaluator_mpnet,evaluator_minilm__evaluator_mpnet,"{""encoder_pair"": ""evaluator_minilm__evaluator_mpnet"", ""rank_entity_fields"": ""model_id"", ""rank_method"": ""spearman"", ""stratum:factor:corpus"": ""amazon_reviews"", ""stratum:factor:temperature"": 0.9, ""stratum:factor:top_p"": 0.95, ""stratum:prompt_id"": ""open_news_v1""}",aeb9630f77fff18f039a32ee4c11cd53f1f6d7d0e1b72a8b183fc19ced2dea1c,mauve_reference_rank_stability,0.942857142857143,__meta__,open_news_v1,6,83,complete,__meta__
__none__,evaluator_minilm__evaluator_mpnet,evaluator_minilm__evaluator_mpnet,"{""encoder_pair"": ""evaluator_minilm__evaluator_mpnet"", ""rank_entity_fields"": ""model_id"", ""rank_method"": ""spearman"", ""stratum:factor:corpus"": ""amazon_reviews"", ""stratum:factor:temperature"": 0.6, ""stratum:factor:top_p"": 0.8, ""stratum:prompt_id"": ""open_news_v1""}",657cbb5523d5f5fa064862774d3fa20c6b014cf48c5e4843633fd98c41eea0be,mauve_reference_rank_stability,0.14285714285714288,__meta__,open_news_v1,6,83,complete,__meta__
__none__,evaluator_minilm__evaluator_mpnet,evaluator_minilm__evaluator_mpnet,"{""encoder_pair"": ""evaluator_minilm__evaluator_mpnet"", ""rank_entity_fields"": ""model_id"", ""rank_method"": ""spearman"", ""stratum:factor:corpus"": ""yahoo_answers"", ""stratum:factor:temperature"": 0.6, ""stratum:factor:top_p"": 0.95, ""stratum:prompt_id"": ""open_news_v1""}",578be41943f97c5896af668205d2fbea47baf977a2ae3cba481915b3f4f93b73,mauve_reference_rank_stability,0.8285714285714287,__meta__,open_news_v1,6,83,complete,__meta__
__none__,evaluator_minilm__evaluator_mpnet,evaluator_minilm__evaluator_mpnet,"{""encoder_pair"": ""evaluator_minilm__evaluator_mpnet"", ""rank_entity_fields"": ""model_id"", ""rank_method"": ""spearman"", ""stratum:factor:corpus"": ""dbpedia"", ""stratum:factor:temperature"": 0.9, ""stratum:factor:top_p"": 0.8, ""stratum:prompt_id"": ""open_news_v1""}",d6c6b74a8a27c2d11b988cd9219ff4e759b0b7fba27907439c39906ac8468f36,mauve_reference_rank_stability,0.14285714285714288,__meta__,open_news_v1,6,83,complete,__meta__
__none__,evaluator_minilm__evaluator_mpnet,evaluator_minilm__evaluator_mpnet,"{""encoder_pair"": ""evaluator_minilm__evaluator_mpnet"", ""rank_entity_fields"": ""model_id"", ""rank_method"": ""spearman"", ""stratum:factor:corpus"": ""imdb_reviews"", ""stratum:factor:temperature"": 0.6, ""stratum:factor:top_p"": 0.95, ""stratum:prompt_id"": ""open_news_v1""}",910dc80fcd2dbf22b5163c9c28349958fb57be2df9af71c0659d431b5b80184b,mauve_reference_rank_stability,0.3142857142857143,__meta__,open_news_v1,6,83,complete,__meta__
__none__,evaluator_minilm__evaluator_mpnet,evaluator_minilm__evaluator_mpnet,"{""encoder_pair"": ""evaluator_minilm__evaluator_mpnet"", ""rank_entity_fields"": ""model_id"", ""rank_method"": ""spearman"", ""stratum:factor:corpus"": ""amazon_reviews"", ""stratum:factor:temperature"": 0.6, ""stratum:factor:top_p"": 0.95, ""stratum:prompt_id"": ""open_news_v1""}",fb4b707835a57a28c9b7183c53ea094b1acd1ca38a9e5209e8373a1235a96179,mauve_reference_rank_stability,0.8285714285714287,__meta__,open_news_v1,6,83,complete,__meta__
__none__,evaluator_minilm__evaluator_mpnet,evaluator_minilm__evaluator_mpnet,"{""encoder_pair"": ""evaluator_minilm__evaluator_mpnet"", ""rank_entity_fields"": ""model_id"", ""rank_method"": ""spearman"", ""stratum:factor:corpus"": ""dbpedia"", ""stratum:factor:temperature"": 0.9, ""stratum:factor:top_p"": 0.95, ""stratum:prompt_id"": ""open_news_v1""}",2b7c3d3e6ecc4021e0fcd558136849809126a3fdf0a7be19c6e2dd2944cf96e4,mauve_reference_rank_stability,0.6571428571428573,__meta__,open_news_v1,6,83,complete,__meta__
__none__,evaluator_minilm__evaluator_mpnet,evaluator_minilm__evaluator_mpnet,"{""encoder_pair"": ""evaluator_minilm__evaluator_mpnet"", ""rank_entity_fields"": ""model_id"", ""rank_method"": ""spearman"", ""stratum:factor:corpus"": ""ag_news"", ""stratum:factor:temperature"": 0.3, ""stratum:factor:top_p"": 0.8, ""stratum:prompt_id"": ""open_news_v1""}",17ecdf894f296c3824bf2ebab7c4a1ee7f051a54c848e21b3e0243e32938fb34,mauve_reference_rank_stability,0.7714285714285715,__meta__,open_news_v1,6,83,complete,__meta__
__none__,evaluator_minilm__evaluator_mpnet,evaluator_minilm__evaluator_mpnet,"{""encoder_pair"": ""evaluator_minilm__evaluator_mpnet"", ""rank_entity_fields"": ""model_id"", ""rank_method"": ""spearman"", ""stratum:factor:corpus"": ""dbpedia"", ""stratum:factor:temperature"": 0.6, ""stratum:factor:top_p"": 0.95, ""stratum:prompt_id"": ""open_news_v1""}",2ae3545d80941903b2825c7d46eab5163849f06ca9e0fb9dd134c4b200a5c70a,mauve_reference_rank_stability,0.8285714285714287,__meta__,open_news_v1,6,83,complete,__meta__
__none__,evaluator_minilm__evaluator_mpnet,evaluator_minilm__evaluator_mpnet,"{""encoder_pair"": ""evaluator_minilm__evaluator_mpnet"", ""rank_entity_fields"": ""model_id"", ""rank_method"": ""spearman"", ""stratum:factor:corpus"": ""amazon_reviews"", ""stratum:factor:temperature"": 0.3, ""stratum:factor:top_p"": 0.8, ""stratum:prompt_id"": ""open_news_v1""}",bcf1542a76c21ba43e28775b5529deb4d9f027eb403a5661686c0e4d3c64e2a3,mauve_reference_rank_stability,0.9710083124552245,__meta__,open_news_v1,6,83,complete,__meta__
__none__,evaluator_minilm__evaluator_mpnet,evaluator_minilm__evaluator_mpnet,"{""encoder_pair"": ""evaluator_minilm__evaluator_mpnet"", ""rank_entity_fields"": ""model_id"", ""rank_method"": ""spearman"", ""stratum:factor:corpus"": ""ag_news"", ""stratum:factor:temperature"": 0.6, ""stratum:factor:top_p"": 0.8, ""stratum:prompt_id"": ""open_news_v1""}",f6c72b19db3fd465da8a94a0aec5783ae422438a91340e438336c6a6470e1d96,mauve_reference_rank_stability,0.8857142857142858,__meta__,open_news_v1,6,83,complete,__meta__
__none__,evaluator_minilm__evaluator_mpnet,evaluator_minilm__evaluator_mpnet,"{""encoder_pair"": ""evaluator_minilm__evaluator_mpnet"", ""rank_entity_fields"": ""model_id"", ""rank_method"": ""spearman"", ""stratum:factor:corpus"": ""imdb_reviews"", ""stratum:factor:temperature"": 0.6, ""stratum:factor:top_p"": 0.8, ""stratum:prompt_id"": ""open_news_v1""}",48bdf2d552839b0dbce32c9b24f498deeb7d2e56e7757c96ae4391375092ab56,mauve_reference_rank_stability,1.0,__meta__,open_news_v1,6,83,complete,__meta__
__none__,evaluator_minilm__evaluator_mpnet,evaluator_minilm__evaluator_mpnet,"{""encoder_pair"": ""evaluator_minilm__evaluator_mpnet"", ""rank_entity_fields"": ""model_id"", ""rank_method"": ""spearman"", ""stratum:factor:corpus"": ""amazon_reviews"", ""stratum:factor:temperature"": 0.9, ""stratum:factor:top_p"": 0.8, ""stratum:prompt_id"": ""open_news_v1""}",486d3eae4d8e085a1d2c7fc2eceb652b605be89e52a3f0e424525744d152bd1b,mauve_reference_rank_stability,0.3714285714285715,__meta__,open_news_v1,6,83,complete,__meta__
__none__,evaluator_minilm__evaluator_mpnet,evaluator_minilm__evaluator_mpnet,"{""encoder_pair"": ""evaluator_minilm__evaluator_mpnet"", ""rank_entity_fields"": ""model_id"", ""rank_method"": ""spearman"", ""stratum:factor:corpus"": ""imdb_reviews"", ""stratum:factor:temperature"": 0.9, ""stratum:factor:top_p"": 0.8, ""stratum:prompt_id"": ""open_news_v1""}",0cbf39febfd90392fdc9e531dc5e0fb037a556afd5956599beb3b17c5ce07fb3,mauve_reference_rank_stability,0.7714285714285715,__meta__,open_news_v1,6,83,complete,__meta__
__none__,evaluator_minilm__evaluator_mpnet,evaluator_minilm__evaluator_mpnet,"{""encoder_pair"": ""evaluator_minilm__evaluator_mpnet"", ""rank_entity_fields"": ""model_id"", ""rank_method"": ""spearman"", ""stratum:factor:corpus"": ""ag_news"", ""stratum:factor:temperature"": 0.6, ""stratum:factor:top_p"": 0.95, ""stratum:prompt_id"": ""open_news_v1""}",e2624d06bd08b41e5293a0f5149e8fef0eb9ed0f895aeba1a450938e791a12b7,mauve_reference_rank_stability,0.8857142857142858,__meta__,open_news_v1,6,83,complete,__meta__
__none__,evaluator_minilm__evaluator_mpnet,evaluator_minilm__evaluator_mpnet,"{""encoder_pair"": ""evaluator_minilm__evaluator_mpnet"", ""rank_entity_fields"": ""model_id"", ""rank_method"": ""spearman"", ""stratum:factor:corpus"": ""ag_news"", ""stratum:factor:temperature"": 0.9, ""stratum:factor:top_p"": 0.8, ""stratum:prompt_id"": ""open_news_v1""}",cad426c6cf7fec8578c0070296a63802f0f60abbea32cacc962513812c3a06bd,mauve_reference_rank_stability,0.8857142857142858,__meta__,open_news_v1,6,83,complete,__meta__
__none__,evaluator_minilm__evaluator_mpnet,evaluator_minilm__evaluator_mpnet,"{""encoder_pair"": ""evaluator_minilm__evaluator_mpnet"", ""rank_entity_fields"": ""model_id"", ""rank_method"": ""spearman"", ""stratum:factor:corpus"": ""dbpedia"", ""stratum:factor:temperature"": 0.3, ""stratum:factor:top_p"": 0.95, ""stratum:prompt_id"": ""open_news_v1""}",c9a89ee7c7591cbd0433122f255b94a49329141fdf629115fc9ba748adf74183,mauve_reference_rank_stability,0.7714285714285715,__meta__,open_news_v1,6,83,complete,__meta__
__none__,evaluator_minilm__evaluator_mpnet,evaluator_minilm__evaluator_mpnet,"{""encoder_pair"": ""evaluator_minilm__evaluator_mpnet"", ""rank_entity_fields"": ""model_id"", ""rank_method"": ""spearman"", ""stratum:factor:corpus"": ""amazon_reviews"", ""stratum:factor:temperature"": 0.3, ""stratum:factor:top_p"": 0.95, ""stratum:prompt_id"": ""open_news_v1""}",9994f099f26a969c386337e0a227184cc54239e160cd919af75c8b9c20c7962b,mauve_reference_rank_stability,0.3714285714285715,__meta__,open_news_v1,6,83,complete,__meta__
__none__,evaluator_minilm__evaluator_mpnet,evaluator_minilm__evaluator_mpnet,"{""encoder_pair"": ""evaluator_minilm__evaluator_mpnet"", ""rank_entity_fields"": ""model_id"", ""rank_method"": ""spearman"", ""stratum:factor:corpus"": ""yahoo_answers"", ""stratum:factor:temperature"": 0.9, ""stratum:factor:top_p"": 0.95, ""stratum:prompt_id"": ""open_news_v1""}",af4d6b43fef07c52f7d3a4a29e1f44b02baa828220d49e820f1406551129b11f,mauve_reference_rank_stability,0.942857142857143,__meta__,open_news_v1,6,83,complete,__meta__
__none__,evaluator_minilm__evaluator_mpnet,evaluator_minilm__evaluator_mpnet,"{""encoder_pair"": ""evaluator_minilm__evaluator_mpnet"", ""rank_entity_fields"": ""model_id"", ""rank_method"": ""spearman"", ""stratum:factor:corpus"": ""yahoo_answers"", ""stratum:factor:temperature"": 0.3, ""stratum:factor:top_p"": 0.95, ""stratum:prompt_id"": ""open_news_v1""}",237081d9d1c5d5b6429360d7b9db0e12e0a0fee5040ad8d21aec967e4d21cf40,mauve_reference_rank_stability,0.9856107606091624,__meta__,open_news_v1,6,83,complete,__meta__
__none__,evaluator_minilm__evaluator_mpnet,evaluator_minilm__evaluator_mpnet,"{""encoder_pair"": ""evaluator_minilm__evaluator_mpnet"", ""rank_entity_fields"": ""model_id"", ""rank_method"": ""spearman"", ""stratum:factor:corpus"": ""ag_news"", ""stratum:factor:temperature"": 0.9, ""stratum:factor:top_p"": 0.95, ""stratum:prompt_id"": ""open_news_v1""}",da24141910854ba43ef9e7b91cc14f736f76b62c1a3955c50c9fb9b625fe190e,mauve_reference_rank_stability,0.942857142857143,__meta__,open_news_v1,6,83,complete,__meta__
__none__,evaluator_minilm__evaluator_mpnet,evaluator_minilm__evaluator_mpnet,"{""encoder_pair"": ""evaluator_minilm__evaluator_mpnet"", ""rank_entity_fields"": ""model_id"", ""rank_method"": ""spearman"", ""stratum:factor:corpus"": ""imdb_reviews"", ""stratum:factor:temperature"": 0.9, ""stratum:factor:top_p"": 0.95, ""stratum:prompt_id"": ""open_news_v1""}",4be6f86ba49707a619719a969faa171c8061c50cbfc64ba98d4eac2790350b3e,mauve_reference_rank_stability,0.6,__meta__,open_news_v1,6,83,complete,__meta__
__none__,evaluator_minilm__evaluator_mpnet,evaluator_minilm__evaluator_mpnet,"{""encoder_pair"": ""evaluator_minilm__evaluator_mpnet"", ""rank_entity_fields"": ""model_id"", ""rank_method"": ""spearman"", ""stratum:factor:corpus"": ""dbpedia"", ""stratum:factor:temperature"": 0.3, ""stratum:factor:top_p"": 0.8, ""stratum:prompt_id"": ""open_news_v1""}",8577d7c5e02e7745c9f8a7f8a3f7d2c6203f10204f6e7d1cd6fc9957d6522616,mauve_reference_rank_stability,-0.3110855084191276,__meta__,open_news_v1,6,83,complete,__meta__
__none__,evaluator_minilm__evaluator_mpnet,evaluator_minilm__evaluator_mpnet,"{""encoder_pair"": ""evaluator_minilm__evaluator_mpnet"", ""rank_entity_fields"": ""model_id"", ""rank_method"": ""spearman"", ""stratum:factor:corpus"": ""imdb_reviews"", ""stratum:factor:temperature"": 0.3, ""stratum:factor:top_p"": 0.8, ""stratum:prompt_id"": ""open_news_v1""}",ce18720f367f85c99cee9cf2031be04422757899a3e27fb5aecd920cebcf6e0b,mauve_reference_rank_stability,0.9354838709677421,__meta__,open_news_v1,6,83,complete,__meta__
__none__,evaluator_minilm__evaluator_mpnet,evaluator_minilm__evaluator_mpnet,"{""encoder_pair"": ""evaluator_minilm__evaluator_mpnet"", ""rank_entity_fields"": ""model_id"", ""rank_method"": ""spearman"", ""stratum:factor:corpus"": ""dbpedia"", ""stratum:factor:temperature"": 0.6, ""stratum:factor:top_p"": 0.8, ""stratum:prompt_id"": ""open_news_v1""}",baebe81f867b9bc077ba86fbe7ffc43125a2ee33361a1ef32c8ddf739a666ec8,mauve_reference_rank_stability,0.942857142857143,__meta__,open_news_v1,6,97,complete,__meta__
__none__,evaluator_minilm__evaluator_mpnet,evaluator_minilm__evaluator_mpnet,"{""encoder_pair"": ""evaluator_minilm__evaluator_mpnet"", ""rank_entity_fields"": ""model_id"", ""rank_method"": ""spearman"", ""stratum:factor:corpus"": ""yahoo_answers"", ""stratum:factor:temperature"": 0.3, ""stratum:factor:top_p"": 0.8, ""stratum:prompt_id"": ""open_news_v1""}",ddd220fa3271156699bf0667c4c0be4a01031e11ec80a346bb4d0859e2008749,mauve_reference_rank_stability,-0.014705882352941178,__meta__,open_news_v1,6,97,complete,__meta__
__none__,evaluator_minilm__evaluator_mpnet,evaluator_minilm__evaluator_mpnet,"{""encoder_pair"": ""evaluator_minilm__evaluator_mpnet"", ""rank_entity_fields"": ""model_id"", ""rank_method"": ""spearman"", ""stratum:factor:corpus"": ""yahoo_answers"", ""stratum:factor:temperature"": 0.6, ""stratum:factor:top_p"": 0.8, ""stratum:prompt_id"": ""open_news_v1""}",b43e70dc4367dc0a05d2f6baaaff1a3a40d827053446bdc3b0663dab76f6e887,mauve_reference_rank_stability,0.7142857142857143,__meta__,open_news_v1,6,97,complete,__meta__
__none__,evaluator_minilm__evaluator_mpnet,evaluator_minilm__evaluator_mpnet,"{""encoder_pair"": ""evaluator_minilm__evaluator_mpnet"", ""rank_entity_fields"": ""model_id"", ""rank_method"": ""spearman"", ""stratum:factor:corpus"": ""yahoo_answers"", ""stratum:factor:temperature"": 0.9, ""stratum:factor:top_p"": 0.8, ""stratum:prompt_id"": ""open_news_v1""}",8b73a49686ce2085a85667e1333e06d63bd46586cdccb5b95f27a39e4051b3ed,mauve_reference_rank_stability,1.0,__meta__,open_news_v1,6,97,complete,__meta__
__none__,evaluator_minilm__evaluator_mpnet,evaluator_minilm__evaluator_mpnet,"{""encoder_pair"": ""evaluator_minilm__evaluator_mpnet"", ""rank_entity_fields"": ""model_id"", ""rank_method"": ""spearman"", ""stratum:factor:corpus"": ""imdb_reviews"", ""stratum:factor:temperature"": 0.3, ""stratum:factor:top_p"": 0.95, ""stratum:prompt_id"": ""open_news_v1""}",bda92c44ccaf203290882b063fb50851713d7e4e138e909160091e3c9c8076ad,mauve_reference_rank_stability,0.6,__meta__,open_news_v1,6,97,complete,__meta__
__none__,evaluator_minilm__evaluator_mpnet,evaluator_minilm__evaluator_mpnet,"{""encoder_pair"": ""evaluator_minilm__evaluator_mpnet"", ""rank_entity_fields"": ""model_id"", ""rank_method"": ""spearman"", ""stratum:factor:corpus"": ""ag_news"", ""stratum:factor:temperature"": 0.3, ""stratum:factor:top_p"": 0.95, ""stratum:prompt_id"": ""open_news_v1""}",9ed109589091200e0fc5cf1394f498636bd0f083c80f701dbf45db5d9a50afc1,mauve_reference_rank_stability,0.8857142857142858,__meta__,open_news_v1,6,97,complete,__meta__
__none__,evaluator_minilm__evaluator_mpnet,evaluator_minilm__evaluator_mpnet,"{""encoder_pair"": ""evaluator_minilm__evaluator_mpnet"", ""rank_entity_fields"": ""model_id"", ""rank_method"": ""spearman"", ""stratum:factor:corpus"": ""amazon_reviews"", ""stratum:factor:temperature"": 0.9, ""stratum:factor:top_p"": 0.95, ""stratum:prompt_id"": ""open_news_v1""}",082f62ad2b19d6146a1bfecc4d7884c2ed658bc341ed9c98c3646cb205f7b6b0,mauve_reference_rank_stability,0.5428571428571429,__meta__,open_news_v1,6,97,complete,__meta__
__none__,evaluator_minilm__evaluator_mpnet,evaluator_minilm__evaluator_mpnet,"{""encoder_pair"": ""evaluator_minilm__evaluator_mpnet"", ""rank_entity_fields"": ""model_id"", ""rank_method"": ""spearman"", ""stratum:factor:corpus"": ""amazon_reviews"", ""stratum:factor:temperature"": 0.6, ""stratum:factor:top_p"": 0.8, ""stratum:prompt_id"": ""open_news_v1""}",afd5e6890b8e3e37791d1b340b70476934b7ef8fa99751de2190ac44a8ebe2d8,mauve_reference_rank_stability,0.4285714285714286,__meta__,open_news_v1,6,97,complete,__meta__
__none__,evaluator_minilm__evaluator_mpnet,evaluator_minilm__evaluator_mpnet,"{""encoder_pair"": ""evaluator_minilm__evaluator_mpnet"", ""rank_entity_fields"": ""model_id"", ""rank_method"": ""spearman"", ""stratum:factor:corpus"": ""yahoo_answers"", ""stratum:factor:temperature"": 0.6, ""stratum:factor:top_p"": 0.95, ""stratum:prompt_id"": ""open_news_v1""}",4b777e543414638537cf167f31eb3d0e54a0066baa03f6c4b26424c903c55cee,mauve_reference_rank_stability,0.8857142857142858,__meta__,open_news_v1,6,97,complete,__meta__
__none__,evaluator_minilm__evaluator_mpnet,evaluator_minilm__evaluator_mpnet,"{""encoder_pair"": ""evaluator_minilm__evaluator_mpnet"", ""rank_entity_fields"": ""model_id"", ""rank_method"": ""spearman"", ""stratum:factor:corpus"": ""dbpedia"", ""stratum:factor:temperature"": 0.9, ""stratum:factor:top_p"": 0.8, ""stratum:prompt_id"": ""open_news_v1""}",6c4ddba6d8f0eb61be1a1026e34397f33ccdd23c6876f8157f19cff198824ef4,mauve_reference_rank_stability,0.942857142857143,__meta__,open_news_v1,6,97,complete,__meta__
__none__,evaluator_minilm__evaluator_mpnet,evaluator_minilm__evaluator_mpnet,"{""encoder_pair"": ""evaluator_minilm__evaluator_mpnet"", ""rank_entity_fields"": ""model_id"", ""rank_method"": ""spearman"", ""stratum:factor:corpus"": ""imdb_reviews"", ""stratum:factor:temperature"": 0.6, ""stratum:factor:top_p"": 0.95, ""stratum:prompt_id"": ""open_news_v1""}",e0d8f41aa317d180d0a985eec7826d5739ab1722f4441638fed1b9e490429d99,mauve_reference_rank_stability,0.7714285714285715,__meta__,open_news_v1,6,97,complete,__meta__
__none__,evaluator_minilm__evaluator_mpnet,evaluator_minilm__evaluator_mpnet,"{""encoder_pair"": ""evaluator_minilm__evaluator_mpnet"", ""rank_entity_fields"": ""model_id"", ""rank_method"": ""spearman"", ""stratum:factor:corpus"": ""amazon_reviews"", ""stratum:factor:temperature"": 0.6, ""stratum:factor:top_p"": 0.95, ""stratum:prompt_id"": ""open_news_v1""}",958cb2dbaebf349ac31faeb5638b6cb7d6036373afef566bc049ff406a511684,mauve_reference_rank_stability,0.7142857142857143,__meta__,open_news_v1,6,97,complete,__meta__
__none__,evaluator_minilm__evaluator_mpnet,evaluator_minilm__evaluator_mpnet,"{""encoder_pair"": ""evaluator_minilm__evaluator_mpnet"", ""rank_entity_fields"": ""model_id"", ""rank_method"": ""spearman"", ""stratum:factor:corpus"": ""dbpedia"", ""stratum:factor:temperature"": 0.9, ""stratum:factor:top_p"": 0.95, ""stratum:prompt_id"": ""open_news_v1""}",c337ce4695bac4bb2e697468d8f9ff3553cd9bb060c3660d8f8dbe983e5ec435,mauve_reference_rank_stability,0.8285714285714287,__meta__,open_news_v1,6,97,complete,__meta__
__none__,evaluator_minilm__evaluator_mpnet,evaluator_minilm__evaluator_mpnet,"{""encoder_pair"": ""evaluator_minilm__evaluator_mpnet"", ""rank_entity_fields"": ""model_id"", ""rank_method"": ""spearman"", ""stratum:factor:corpus"": ""ag_news"", ""stratum:factor:temperature"": 0.3, ""stratum:factor:top_p"": 0.8, ""stratum:prompt_id"": ""open_news_v1""}",71e016029e9fb248e0f9f0c93dff9be7690b25ac2ac4dc8c4fbe73b8cc077609,mauve_reference_rank_stability,0.942857142857143,__meta__,open_news_v1,6,97,complete,__meta__
__none__,evaluator_minilm__evaluator_mpnet,evaluator_minilm__evaluator_mpnet,"{""encoder_pair"": ""evaluator_minilm__evaluator_mpnet"", ""rank_entity_fields"": ""model_id"", ""rank_method"": ""spearman"", ""stratum:factor:corpus"": ""dbpedia"", ""stratum:factor:temperature"": 0.6, ""stratum:factor:top_p"": 0.95, ""stratum:prompt_id"": ""open_news_v1""}",f0d79ffb63caaf724dad6942c621b8e70f60bc2093d0943d9b8ffd146d6265c6,mauve_reference_rank_stability,0.7714285714285715,__meta__,open_news_v1,6,97,complete,__meta__
__none__,evaluator_minilm__evaluator_mpnet,evaluator_minilm__evaluator_mpnet,"{""encoder_pair"": ""evaluator_minilm__evaluator_mpnet"", ""rank_entity_fields"": ""model_id"", ""rank_method"": ""spearman"", ""stratum:factor:corpus"": ""amazon_reviews"", ""stratum:factor:temperature"": 0.3, ""stratum:factor:top_p"": 0.8, ""stratum:prompt_id"": ""open_news_v1""}",65217dd7be16c0f247320a10d8ee56bbc9c38128510c33a6975d977832a59b39,mauve_reference_rank_stability,0.5882352941176471,__meta__,open_news_v1,6,97,complete,__meta__
__none__,evaluator_minilm__evaluator_mpnet,evaluator_minilm__evaluator_mpnet,"{""encoder_pair"": ""evaluator_minilm__evaluator_mpnet"", ""rank_entity_fields"": ""model_id"", ""rank_method"": ""spearman"", ""stratum:factor:corpus"": ""ag_news"", ""stratum:factor:temperature"": 0.6, ""stratum:factor:top_p"": 0.8, ""stratum:prompt_id"": ""open_news_v1""}",075ac28c76075d0ffe28bcbdc27725f04b698b8b2cd5b0a74899c384b5497bdc,mauve_reference_rank_stability,0.3142857142857143,__meta__,open_news_v1,6,97,complete,__meta__
__none__,evaluator_minilm__evaluator_mpnet,evaluator_minilm__evaluator_mpnet,"{""encoder_pair"": ""evaluator_minilm__evaluator_mpnet"", ""rank_entity_fields"": ""model_id"", ""rank_method"": ""spearman"", ""stratum:factor:corpus"": ""imdb_reviews"", ""stratum:factor:temperature"": 0.6, ""stratum:factor:top_p"": 0.8, ""stratum:prompt_id"": ""open_news_v1""}",7dec968dce888153454684189a8543c6d6a4b0fe4a6d8ad00b594216b4363758,mauve_reference_rank_stability,0.7142857142857143,__meta__,open_news_v1,6,97,complete,__meta__
__none__,evaluator_minilm__evaluator_mpnet,evaluator_minilm__evaluator_mpnet,"{""encoder_pair"": ""evaluator_minilm__evaluator_mpnet"", ""rank_entity_fields"": ""model_id"", ""rank_method"": ""spearman"", ""stratum:factor:corpus"": ""amazon_reviews"", ""stratum:factor:temperature"": 0.9, ""stratum:factor:top_p"": 0.8, ""stratum:prompt_id"": ""open_news_v1""}",c20ed25146bc76b10f979deb4c591ed7483aa62563500b5ebe58ed283b2c203b,mauve_reference_rank_stability,0.942857142857143,__meta__,open_news_v1,6,97,complete,__meta__
__none__,evaluator_minilm__evaluator_mpnet,evaluator_minilm__evaluator_mpnet,"{""encoder_pair"": ""evaluator_minilm__evaluator_mpnet"", ""rank_entity_fields"": ""model_id"", ""rank_method"": ""spearman"", ""stratum:factor:corpus"": ""imdb_reviews"", ""stratum:factor:temperature"": 0.9, ""stratum:factor:top_p"": 0.8, ""stratum:prompt_id"": ""open_news_v1""}",2f921b68f0e13b3bc28887b61e20fe17f0e7a01cefbb51d10b597edc7f2224d1,mauve_reference_rank_stability,0.6,__meta__,open_news_v1,6,97,complete,__meta__
__none__,evaluator_minilm__evaluator_mpnet,evaluator_minilm__evaluator_mpnet,"{""encoder_pair"": ""evaluator_minilm__evaluator_mpnet"", ""rank_entity_fields"": ""model_id"", ""rank_method"": ""spearman"", ""stratum:factor:corpus"": ""ag_news"", ""stratum:factor:temperature"": 0.6, ""stratum:factor:top_p"": 0.95, ""stratum:prompt_id"": ""open_news_v1""}",3fe0173b4f28f7c299e5683c8bb66d7c3ecee6bbb79bb483145969f2ccfa26bf,mauve_reference_rank_stability,0.942857142857143,__meta__,open_news_v1,6,97,complete,__meta__
__none__,evaluator_minilm__evaluator_mpnet,evaluator_minilm__evaluator_mpnet,"{""encoder_pair"": ""evaluator_minilm__evaluator_mpnet"", ""rank_entity_fields"": ""model_id"", ""rank_method"": ""spearman"", ""stratum:factor:corpus"": ""ag_news"", ""stratum:factor:temperature"": 0.9, ""stratum:factor:top_p"": 0.8, ""stratum:prompt_id"": ""open_news_v1""}",a964193e1421d83f9eb2c6cf1f9e76141338f8b40cbd69e99778a29cd14a0e55,mauve_reference_rank_stability,0.8285714285714287,__meta__,open_news_v1,6,97,complete,__meta__
__none__,evaluator_minilm__evaluator_mpnet,evaluator_minilm__evaluator_mpnet,"{""encoder_pair"": ""evaluator_minilm__evaluator_mpnet"", ""rank_entity_fields"": ""model_id"", ""rank_method"": ""spearman"", ""stratum:factor:corpus"": ""dbpedia"", ""stratum:factor:temperature"": 0.3, ""stratum:factor:top_p"": 0.95, ""stratum:prompt_id"": ""open_news_v1""}",a39d3ed909d03822a319f305514d832f3b63c0110035edc819119d3441dfd933,mauve_reference_rank_stability,0.5428571428571429,__meta__,open_news_v1,6,97,complete,__meta__
__none__,evaluator_minilm__evaluator_mpnet,evaluator_minilm__evaluator_mpnet,"{""encoder_pair"": ""evaluator_minilm__evaluator_mpnet"", ""rank_entity_fields"": ""model_id"", ""rank_method"": ""spearman"", ""stratum:factor:corpus"": ""amazon_reviews"", ""stratum:factor:temperature"": 0.3, ""stratum:factor:top_p"": 0.95, ""stratum:prompt_id"": ""open_news_v1""}",4f348734285e406b7bede0f09371c77eb6d90ed129c41edbf262debe1ea998a1,mauve_reference_rank_stability,0.5161002296110789,__meta__,open_news_v1,6,97,complete,__meta__
__none__,evaluator_minilm__evaluator_mpnet,evaluator_minilm__evaluator_mpnet,"{""encoder_pair"": ""evaluator_minilm__evaluator_mpnet"", ""rank_entity_fields"": ""model_id"", ""rank_method"": ""spearman"", ""stratum:factor:corpus"": ""yahoo_answers"", ""stratum:factor:temperature"": 0.9, ""stratum:factor:top_p"": 0.95, ""stratum:prompt_id"": ""open_news_v1""}",09916377fc95eeafff010c4a406a2ab211e0f74c01abbd4123de1050a806b62a,mauve_reference_rank_stability,0.942857142857143,__meta__,open_news_v1,6,97,complete,__meta__
__none__,evaluator_minilm__evaluator_mpnet,evaluator_minilm__evaluator_mpnet,"{""encoder_pair"": ""evaluator_minilm__evaluator_mpnet"", ""rank_entity_fields"": ""model_id"", ""rank_method"": ""spearman"", ""stratum:factor:corpus"": ""yahoo_answers"", ""stratum:factor:temperature"": 0.3, ""stratum:factor:top_p"": 0.95, ""stratum:prompt_id"": ""open_news_v1""}",78154032fd66b4040b864c02e4178817e55e8a9c6ba907a74c78dfa25deb9cee,mauve_reference_rank_stability,0.6571428571428573,__meta__,open_news_v1,6,97,complete,__meta__
__none__,evaluator_minilm__evaluator_mpnet,evaluator_minilm__evaluator_mpnet,"{""encoder_pair"": ""evaluator_minilm__evaluator_mpnet"", ""rank_entity_fields"": ""model_id"", ""rank_method"": ""spearman"", ""stratum:factor:corpus"": ""ag_news"", ""stratum:factor:temperature"": 0.9, ""stratum:factor:top_p"": 0.95, ""stratum:prompt_id"": ""open_news_v1""}",1b6fc0e8ddb53bc96eda6b6e9aacbf84fc6d95678fd641a172ec5de64933dd5f,mauve_reference_rank_stability,0.8857142857142858,__meta__,open_news_v1,6,97,complete,__meta__
__none__,evaluator_minilm__evaluator_mpnet,evaluator_minilm__evaluator_mpnet,"{""encoder_pair"": ""evaluator_minilm__evaluator_mpnet"", ""rank_entity_fields"": ""model_id"", ""rank_method"": ""spearman"", ""stratum:factor:corpus"": ""imdb_reviews"", ""stratum:factor:temperature"": 0.9, ""stratum:factor:top_p"": 0.95, ""stratum:prompt_id"": ""open_news_v1""}",ad8dbea0d099d6a16347b62b31f0a6579805b28bf81021afde444644090e8e36,mauve_reference_rank_stability,0.2571428571428572,__meta__,open_news_v1,6,97,complete,__meta__
__none__,evaluator_minilm__evaluator_mpnet,evaluator_minilm__evaluator_mpnet,"{""encoder_pair"": ""evaluator_minilm__evaluator_mpnet"", ""rank_entity_fields"": ""model_id"", ""rank_method"": ""spearman"", ""stratum:factor:corpus"": ""dbpedia"", ""stratum:factor:temperature"": 0.3, ""stratum:factor:top_p"": 0.8, ""stratum:prompt_id"": ""open_news_v1""}",c626b0ff7670842ca3213d0fc14ab265ede7ffb80ef3fbf8d24c688683bcf432,mauve_reference_rank_stability,0.8703882797784891,__meta__,open_news_v1,6,97,complete,__meta__
__none__,evaluator_minilm__evaluator_mpnet,evaluator_minilm__evaluator_mpnet,"{""encoder_pair"": ""evaluator_minilm__evaluator_mpnet"", ""rank_entity_fields"": ""model_id"", ""rank_method"": ""spearman"", ""stratum:factor:corpus"": ""imdb_reviews"", ""stratum:factor:temperature"": 0.3, ""stratum:factor:top_p"": 0.8, ""stratum:prompt_id"": ""open_news_v1""}",5349bdd14e3f7f87a54781bd927fd252e55d2a9d48d4faad963654430416b915,mauve_reference_rank_stability,0.2571428571428572,__meta__,open_news_v1,6,97,complete,__meta__
__none__,evaluator_minilm__evaluator_mpnet,evaluator_minilm__evaluator_mpnet,"{""encoder_pair"": ""evaluator_minilm__evaluator_mpnet"", ""rank_difference"": ""fbd - mauve_reference"", ""rank_entity_fields"": ""model_id"", ""rank_method"": ""spearman"", ""stratum:factor:corpus"": ""dbpedia"", ""stratum:factor:temperature"": 0.6, ""stratum:factor:top_p"": 0.8, ""stratum:prompt_id"": ""open_news_v1""}",675727f59111ebe43ad930f11f6f1e91657fce93362cf2ba84f9312cc450bf4d,fbd_stability_advantage,0.34285714285714297,__meta__,open_news_v1,6,109,complete,__meta__
__none__,evaluator_minilm__evaluator_mpnet,evaluator_minilm__evaluator_mpnet,"{""encoder_pair"": ""evaluator_minilm__evaluator_mpnet"", ""rank_difference"": ""fbd - mauve_reference"", ""rank_entity_fields"": ""model_id"", ""rank_method"": ""spearman"", ""stratum:factor:corpus"": ""yahoo_answers"", ""stratum:factor:temperature"": 0.3, ""stratum:factor:top_p"": 0.8, ""stratum:prompt_id"": ""open_news_v1""}",75777f225411322075bdbb8e60b7295e702cfbf4057962bb8b619588d973141b,fbd_stability_advantage,0.10813062316203526,__meta__,open_news_v1,6,109,complete,__meta__
__none__,evaluator_minilm__evaluator_mpnet,evaluator_minilm__evaluator_mpnet,"{""encoder_pair"": ""evaluator_minilm__evaluator_mpnet"", ""rank_difference"": ""fbd - mauve_reference"", ""rank_entity_fields"": ""model_id"", ""rank_method"": ""spearman"", ""stratum:factor:corpus"": ""yahoo_answers"", ""stratum:factor:temperature"": 0.6, ""stratum:factor:top_p"": 0.8, ""stratum:prompt_id"": ""open_news_v1""}",87844440241e3d8f9046c5c5dcc579a0115b1d427cad75508e1732130404b337,fbd_stability_advantage,0.17142857142857149,__meta__,open_news_v1,6,109,complete,__meta__
__none__,evaluator_minilm__evaluator_mpnet,evaluator_minilm__evaluator_mpnet,"{""encoder_pair"": ""evaluator_minilm__evaluator_mpnet"", ""rank_difference"": ""fbd - mauve_reference"", ""rank_entity_fields"": ""model_id"", ""rank_method"": ""spearman"", ""stratum:factor:corpus"": ""yahoo_answers"", ""stratum:factor:temperature"": 0.9, ""stratum:factor:top_p"": 0.8, ""stratum:prompt_id"": ""open_news_v1""}",dd33a112c0506487fdc12903443057ac60b30a7ae0cce864d089bf3ae820741b,fbd_stability_advantage,0.05714285714285705,__meta__,open_news_v1,6,109,complete,__meta__
__none__,evaluator_minilm__evaluator_mpnet,evaluator_minilm__evaluator_mpnet,"{""encoder_pair"": ""evaluator_minilm__evaluator_mpnet"", ""rank_difference"": ""fbd - mauve_reference"", ""rank_entity_fields"": ""model_id"", ""rank_method"": ""spearman"", ""stratum:factor:corpus"": ""imdb_reviews"", ""stratum:factor:temperature"": 0.3, ""stratum:factor:top_p"": 0.95, ""stratum:prompt_id"": ""open_news_v1""}",bc93a4f988111eac43069fe20f0cdc267e59e08835ee41fb19c74ea026934e5e,fbd_stability_advantage,0.8575599803540511,__meta__,open_news_v1,6,109,complete,__meta__
__none__,evaluator_minilm__evaluator_mpnet,evaluator_minilm__evaluator_mpnet,"{""encoder_pair"": ""evaluator_minilm__evaluator_mpnet"", ""rank_difference"": ""fbd - mauve_reference"", ""rank_entity_fields"": ""model_id"", ""rank_method"": ""spearman"", ""stratum:factor:corpus"": ""ag_news"", ""stratum:factor:temperature"": 0.3, ""stratum:factor:top_p"": 0.95, ""stratum:prompt_id"": ""open_news_v1""}",e87042d0f94ca1450b104aace58ff128d14dc651114a09bd7209a8dc9aa0a755,fbd_stability_advantage,0.34285714285714297,__meta__,open_news_v1,6,109,complete,__meta__
__none__,evaluator_minilm__evaluator_mpnet,evaluator_minilm__evaluator_mpnet,"{""encoder_pair"": ""evaluator_minilm__evaluator_mpnet"", ""rank_difference"": ""fbd - mauve_reference"", ""rank_entity_fields"": ""model_id"", ""rank_method"": ""spearman"", ""stratum:factor:corpus"": ""amazon_reviews"", ""stratum:factor:temperature"": 0.9, ""stratum:factor:top_p"": 0.95, ""stratum:prompt_id"": ""open_news_v1""}",f418152281aa988fb1fe891c5eabdb5a6f780a7e2de6cd8579a7930edc4c0507,fbd_stability_advantage,-0.05714285714285705,__meta__,open_news_v1,6,109,complete,__meta__
__none__,evaluator_minilm__evaluator_mpnet,evaluator_minilm__evaluator_mpnet,"{""encoder_pair"": ""evaluator_minilm__evaluator_mpnet"", ""rank_difference"": ""fbd - mauve_reference"", ""rank_entity_fields"": ""model_id"", ""rank_method"": ""spearman"", ""stratum:factor:corpus"": ""amazon_reviews"", ""stratum:factor:temperature"": 0.6, ""stratum:factor:top_p"": 0.8, ""stratum:prompt_id"": ""open_news_v1""}",7e74653d1dca5a24e27bb362d9d4fc5bced627c08f8c9f80e1c400b746ec5f75,fbd_stability_advantage,0.11428571428571421,__meta__,open_news_v1,6,109,complete,__meta__
__none__,evaluator_minilm__evaluator_mpnet,evaluator_minilm__evaluator_mpnet,"{""encoder_pair"": ""evaluator_minilm__evaluator_mpnet"", ""rank_difference"": ""fbd - mauve_reference"", ""rank_entity_fields"": ""model_id"", ""rank_method"": ""spearman"", ""stratum:factor:corpus"": ""yahoo_answers"", ""stratum:factor:temperature"": 0.6, ""stratum:factor:top_p"": 0.95, ""stratum:prompt_id"": ""open_news_v1""}",2e12a44ed5399dcf80f440f05410350a100403a53bf7533ec0b62d5dfac2abc7,fbd_stability_advantage,0.0,__meta__,open_news_v1,6,109,complete,__meta__
__none__,evaluator_minilm__evaluator_mpnet,evaluator_minilm__evaluator_mpnet,"{""encoder_pair"": ""evaluator_minilm__evaluator_mpnet"", ""rank_difference"": ""fbd - mauve_reference"", ""rank_entity_fields"": ""model_id"", ""rank_method"": ""spearman"", ""stratum:factor:corpus"": ""dbpedia"", ""stratum:factor:temperature"": 0.9, ""stratum:factor:top_p"": 0.8, ""stratum:prompt_id"": ""open_news_v1""}",0b7fa78e06a1c74b20bbef76d8f8e1748d04f0c3316733058b88d110e364e644,fbd_stability_advantage,0.11428571428571421,__meta__,open_news_v1,6,109,complete,__meta__
__none__,evaluator_minilm__evaluator_mpnet,evaluator_minilm__evaluator_mpnet,"{""encoder_pair"": ""evaluator_minilm__evaluator_mpnet"", ""rank_difference"": ""fbd - mauve_reference"", ""rank_entity_fields"": ""model_id"", ""rank_method"": ""spearman"", ""stratum:factor:corpus"": ""imdb_reviews"", ""stratum:factor:temperature"": 0.6, ""stratum:factor:top_p"": 0.95, ""stratum:prompt_id"": ""open_news_v1""}",d3aee74151fdb5a3d994a24e90e7cdba11dae08aa0023a3765a0bc34b1f878af,fbd_stability_advantage,0.4,__meta__,open_news_v1,6,109,complete,__meta__
__none__,evaluator_minilm__evaluator_mpnet,evaluator_minilm__evaluator_mpnet,"{""encoder_pair"": ""evaluator_minilm__evaluator_mpnet"", ""rank_difference"": ""fbd - mauve_reference"", ""rank_entity_fields"": ""model_id"", ""rank_method"": ""spearman"", ""stratum:factor:corpus"": ""amazon_reviews"", ""stratum:factor:temperature"": 0.6, ""stratum:factor:top_p"": 0.95, ""stratum:prompt_id"": ""open_news_v1""}",81df19b6271fc0a98acacd4c1ea97eae393deed69a1122f8673d2b96c5adb405,fbd_stability_advantage,0.0,__meta__,open_news_v1,6,109,complete,__meta__
__none__,evaluator_minilm__evaluator_mpnet,evaluator_minilm__evaluator_mpnet,"{""encoder_pair"": ""evaluator_minilm__evaluator_mpnet"", ""rank_difference"": ""fbd - mauve_reference"", ""rank_entity_fields"": ""model_id"", ""rank_method"": ""spearman"", ""stratum:factor:corpus"": ""dbpedia"", ""stratum:factor:temperature"": 0.9, ""stratum:factor:top_p"": 0.95, ""stratum:prompt_id"": ""open_news_v1""}",a92550e2d78942350c16fb1ce321254ba9589b882046206eb47cef157e78cf4c,fbd_stability_advantage,0.6285714285714287,__meta__,open_news_v1,6,109,complete,__meta__
__none__,evaluator_minilm__evaluator_mpnet,evaluator_minilm__evaluator_mpnet,"{""encoder_pair"": ""evaluator_minilm__evaluator_mpnet"", ""rank_difference"": ""fbd - mauve_reference"", ""rank_entity_fields"": ""model_id"", ""rank_method"": ""spearman"", ""stratum:factor:corpus"": ""ag_news"", ""stratum:factor:temperature"": 0.3, ""stratum:factor:top_p"": 0.8, ""stratum:prompt_id"": ""open_news_v1""}",aa32420f25016e5fc3209a8e00d32b589488eb8b403ce52ecdf9d004e302bf1e,fbd_stability_advantage,0.18832055008657222,__meta__,open_news_v1,6,109,complete,__meta__
__none__,evaluator_minilm__evaluator_mpnet,evaluator_minilm__evaluator_mpnet,"{""encoder_pair"": ""evaluator_minilm__evaluator_mpnet"", ""rank_difference"": ""fbd - mauve_reference"", ""rank_entity_fields"": ""model_id"", ""rank_method"": ""spearman"", ""stratum:factor:corpus"": ""dbpedia"", ""stratum:factor:temperature"": 0.6, ""stratum:factor:top_p"": 0.95, ""stratum:prompt_id"": ""open_news_v1""}",f655260e083a4e7bbe55ad0f0d05a115d3b926e393815f82ff55f292a8adf26d,fbd_stability_advantage,0.34285714285714297,__meta__,open_news_v1,6,109,complete,__meta__
__none__,evaluator_minilm__evaluator_mpnet,evaluator_minilm__evaluator_mpnet,"{""encoder_pair"": ""evaluator_minilm__evaluator_mpnet"", ""rank_difference"": ""fbd - mauve_reference"", ""rank_entity_fields"": ""model_id"", ""rank_method"": ""spearman"", ""stratum:factor:corpus"": ""amazon_reviews"", ""stratum:factor:temperature"": 0.3, ""stratum:factor:top_p"": 0.8, ""stratum:prompt_id"": ""open_news_v1""}",2198b2e39fb38ad9cf7b9839013b9189ae50e057e48c978cd73daeb9d03d0cfd,fbd_stability_advantage,0.6040345358586093,__meta__,open_news_v1,6,109,complete,__meta__
__none__,evaluator_minilm__evaluator_mpnet,evaluator_minilm__evaluator_mpnet,"{""encoder_pair"": ""evaluator_minilm__evaluator_mpnet"", ""rank_difference"": ""fbd - mauve_reference"", ""rank_entity_fields"": ""model_id"", ""rank_method"": ""spearman"", ""stratum:factor:corpus"": ""ag_news"", ""stratum:factor:temperature"": 0.6, ""stratum:factor:top_p"": 0.8, ""stratum:prompt_id"": ""open_news_v1""}",8f4b9049baf1e058535794d8b71d872da9c4b349766cdd86e8718a943d9a35c7,fbd_stability_advantage,0.05714285714285705,__meta__,open_news_v1,6,109,complete,__meta__
__none__,evaluator_minilm__evaluator_mpnet,evaluator_minilm__evaluator_mpnet,"{""encoder_pair"": ""evaluator_minilm__evaluator_mpnet"", ""rank_difference"": ""fbd - mauve_reference"", ""rank_entity_fields"": ""model_id"", ""rank_method"": ""spearman"", ""stratum:factor:corpus"": ""imdb_reviews"", ""stratum:factor:temperature"": 0.6, ""stratum:factor:top_p"": 0.8, ""stratum:prompt_id"": ""open_news_v1""}",391e1d3d2abdaa500c2b136f41d77861cbf805f67bffaa43e125555c1d7d4b0b,fbd_stability_advantage,0.4,__meta__,open_news_v1,6,109,complete,__meta__
__none__,evaluator_minilm__evaluator_mpnet,evaluator_minilm__evaluator_mpnet,"{""encoder_pair"": ""evaluator_minilm__evaluator_mpnet"", ""rank_difference"": ""fbd - mauve_reference"", ""rank_entity_fields"": ""model_id"", ""rank_method"": ""spearman"", ""stratum:factor:corpus"": ""amazon_reviews"", ""stratum:factor:temperature"": 0.9, ""stratum:factor:top_p"": 0.8, ""stratum:prompt_id"": ""open_news_v1""}",6b93db1180ca8bf9f9906c2c2957bf2d41a48788f6ae1e9b9d8b8fbffbb23497,fbd_stability_advantage,0.11428571428571421,__meta__,open_news_v1,6,109,complete,__meta__
__none__,evaluator_minilm__evaluator_mpnet,evaluator_minilm__evaluator_mpnet,"{""encoder_pair"": ""evaluator_minilm__evaluator_mpnet"", ""rank_difference"": ""fbd - mauve_reference"", ""rank_entity_fields"": ""model_id"", ""rank_method"": ""spearman"", ""stratum:factor:corpus"": ""imdb_reviews"", ""stratum:factor:temperature"": 0.9, ""stratum:factor:top_p"": 0.8, ""stratum:prompt_id"": ""open_news_v1""}",6cbf53e4fd7d60fb4aea336301a6a144b84bbb2d2f1f73b294a659844cbdbcff,fbd_stability_advantage,0.6857142857142857,__meta__,open_news_v1,6,109,complete,__meta__
__none__,evaluator_minilm__evaluator_mpnet,evaluator_minilm__evaluator_mpnet,"{""encoder_pair"": ""evaluator_minilm__evaluator_mpnet"", ""rank_difference"": ""fbd - mauve_reference"", ""rank_entity_fields"": ""model_id"", ""rank_method"": ""spearman"", ""stratum:factor:corpus"": ""ag_news"", ""stratum:factor:temperature"": 0.6, ""stratum:factor:top_p"": 0.95, ""stratum:prompt_id"": ""open_news_v1""}",8b91a2f940f8d4d38da05c870b19ce4ef8e54eecd94aa9b200764028a4d60cbc,fbd_stability_advantage,0.22857142857142854,__meta__,open_news_v1,6,109,complete,__meta__
__none__,evaluator_minilm__evaluator_mpnet,evaluator_minilm__evaluator_mpnet,"{""encoder_pair"": ""evaluator_minilm__evaluator_mpnet"", ""rank_difference"": ""fbd - mauve_reference"", ""rank_entity_fields"": ""model_id"", ""rank_method"": ""spearman"", ""stratum:factor:corpus"": ""ag_news"", ""stratum:factor:temperature"": 0.9, ""stratum:factor:top_p"": 0.8, ""stratum:prompt_id"": ""open_news_v1""}",cd543127d53125595d9c171a6bbe396dc656d7b63b0d9b01cd6010cbfeca9a77,fbd_stability_advantage,0.0,__meta__,open_news_v1,6,109,complete,__meta__
__none__,evaluator_minilm__evaluator_mpnet,evaluator_minilm__evaluator_mpnet,"{""encoder_pair"": ""evaluator_minilm__evaluator_mpnet"", ""rank_difference"": ""fbd - mauve_reference"", ""rank_entity_fields"": ""model_id"", ""rank_method"": ""spearman"", ""stratum:factor:corpus"": ""dbpedia"", ""stratum:factor:temperature"": 0.3, ""stratum:factor:top_p"": 0.95, ""stratum:prompt_id"": ""open_news_v1""}",dc85e12f75971e0d55248e6840011a3f86f2eec6ddde6a3b63a183175b564e2b,fbd_stability_advantage,0.39999999999999997,__meta__,open_news_v1,6,109,complete,__meta__
__none__,evaluator_minilm__evaluator_mpnet,evaluator_minilm__evaluator_mpnet,"{""encoder_pair"": ""evaluator_minilm__evaluator_mpnet"", ""rank_difference"": ""fbd - mauve_reference"", ""rank_entity_fields"": ""model_id"", ""rank_method"": ""spearman"", ""stratum:factor:corpus"": ""amazon_reviews"", ""stratum:factor:temperature"": 0.3, ""stratum:factor:top_p"": 0.95, ""stratum:prompt_id"": ""open_news_v1""}",3adf9e47d2eddf8dd38cb31b7e2c2c652e023dee4de967762780db6c4823b0b5,fbd_stability_advantage,0.0,__meta__,open_news_v1,6,109,complete,__meta__
__none__,evaluator_minilm__evaluator_mpnet,evaluator_minilm__evaluator_mpnet,"{""encoder_pair"": ""evaluator_minilm__evaluator_mpnet"", ""rank_difference"": ""fbd - mauve_reference"", ""rank_entity_fields"": ""model_id"", ""rank_method"": ""spearman"", ""stratum:factor:corpus"": ""yahoo_answers"", ""stratum:factor:temperature"": 0.9, ""stratum:factor:top_p"": 0.95, ""stratum:prompt_id"": ""open_news_v1""}",d5ee82355aab5265c6328798b1f22281b3484a05043dc2c1863850ae5a0bb757,fbd_stability_advantage,-0.05714285714285705,__meta__,open_news_v1,6,109,complete,__meta__
__none__,evaluator_minilm__evaluator_mpnet,evaluator_minilm__evaluator_mpnet,"{""encoder_pair"": ""evaluator_minilm__evaluator_mpnet"", ""rank_difference"": ""fbd - mauve_reference"", ""rank_entity_fields"": ""model_id"", ""rank_method"": ""spearman"", ""stratum:factor:corpus"": ""yahoo_answers"", ""stratum:factor:temperature"": 0.3, ""stratum:factor:top_p"": 0.95, ""stratum:prompt_id"": ""open_news_v1""}",4ec1ac21e0dfbbfecf639999276a808aa642983787879ea6a974193860a338d9,fbd_stability_advantage,0.22857142857142865,__meta__,open_news_v1,6,109,complete,__meta__
__none__,evaluator_minilm__evaluator_mpnet,evaluator_minilm__evaluator_mpnet,"{""encoder_pair"": ""evaluator_minilm__evaluator_mpnet"", ""rank_difference"": ""fbd - mauve_reference"", ""rank_entity_fields"": ""model_id"", ""rank_method"": ""spearman"", ""stratum:factor:corpus"": ""ag_news"", ""stratum:factor:temperature"": 0.9, ""stratum:factor:top_p"": 0.95, ""stratum:prompt_id"": ""open_news_v1""}",de1dc49bfafe2b19eaf3646f42e597e9ed8a44fce6f1d1bc2dbd258512f70f3e,fbd_stability_advantage,0.05714285714285705,__meta__,open_news_v1,6,109,complete,__meta__
__none__,evaluator_minilm__evaluator_mpnet,evaluator_minilm__evaluator_mpnet,"{""encoder_pair"": ""evaluator_minilm__evaluator_mpnet"", ""rank_difference"": ""fbd - mauve_reference"", ""rank_entity_fields"": ""model_id"", ""rank_method"": ""spearman"", ""stratum:factor:corpus"": ""imdb_reviews"", ""stratum:factor:temperature"": 0.9, ""stratum:factor:top_p"": 0.95, ""stratum:prompt_id"": ""open_news_v1""}",8a337962c9800d9ae7cdda639c0930220d700c878334e82486d50fcd367337e8,fbd_stability_advantage,1.3142857142857145,__meta__,open_news_v1,6,109,complete,__meta__
__none__,evaluator_minilm__evaluator_mpnet,evaluator_minilm__evaluator_mpnet,"{""encoder_pair"": ""evaluator_minilm__evaluator_mpnet"", ""rank_difference"": ""fbd - mauve_reference"", ""rank_entity_fields"": ""model_id"", ""rank_method"": ""spearman"", ""stratum:factor:corpus"": ""dbpedia"", ""stratum:factor:temperature"": 0.3, ""stratum:factor:top_p"": 0.8, ""stratum:prompt_id"": ""open_news_v1""}",53918635cc2cc5e3b97b9c6c0111eb676b3c69d07c77793ba16a50c40d807838,fbd_stability_advantage,0.42106321076993936,__meta__,open_news_v1,6,109,complete,__meta__
__none__,evaluator_minilm__evaluator_mpnet,evaluator_minilm__evaluator_mpnet,"{""encoder_pair"": ""evaluator_minilm__evaluator_mpnet"", ""rank_difference"": ""fbd - mauve_reference"", ""rank_entity_fields"": ""model_id"", ""rank_method"": ""spearman"", ""stratum:factor:corpus"": ""imdb_reviews"", ""stratum:factor:temperature"": 0.3, ""stratum:factor:top_p"": 0.8, ""stratum:prompt_id"": ""open_news_v1""}",b8614bf9fee34fbed2b107531a17ddd66834db31c7ac76c47d3218bce41764aa,fbd_stability_advantage,0.10218914116109257,__meta__,open_news_v1,6,109,complete,__meta__
__none__,evaluator_minilm__evaluator_mpnet,evaluator_minilm__evaluator_mpnet,"{""encoder_pair"": ""evaluator_minilm__evaluator_mpnet"", ""rank_difference"": ""fbd - mauve_reference"", ""rank_entity_fields"": ""model_id"", ""rank_method"": ""spearman"", ""stratum:factor:corpus"": ""dbpedia"", ""stratum:factor:temperature"": 0.6, ""stratum:factor:top_p"": 0.8, ""stratum:prompt_id"": ""open_news_v1""}",6cdd65ce6fbe3e332036ceb12f52b7c2d22e660b5447243d2a1f595589ebf660,fbd_stability_advantage,0.17142857142857149,__meta__,open_news_v1,6,17,complete,__meta__
__none__,evaluator_minilm__evaluator_mpnet,evaluator_minilm__evaluator_mpnet,"{""encoder_pair"": ""evaluator_minilm__evaluator_mpnet"", ""rank_difference"": ""fbd - mauve_reference"", ""rank_entity_fields"": ""model_id"", ""rank_method"": ""spearman"", ""stratum:factor:corpus"": ""yahoo_answers"", ""stratum:factor:temperature"": 0.3, ""stratum:factor:top_p"": 0.8, ""stratum:prompt_id"": ""open_news_v1""}",b4ca571ca4a999034a94711e16c114367e84036d50a48b638522079ddccdee99,fbd_stability_advantage,-0.05714285714285705,__meta__,open_news_v1,6,17,complete,__meta__
__none__,evaluator_minilm__evaluator_mpnet,evaluator_minilm__evaluator_mpnet,"{""encoder_pair"": ""evaluator_minilm__evaluator_mpnet"", ""rank_difference"": ""fbd - mauve_reference"", ""rank_entity_fields"": ""model_id"", ""rank_method"": ""spearman"", ""stratum:factor:corpus"": ""yahoo_answers"", ""stratum:factor:temperature"": 0.6, ""stratum:factor:top_p"": 0.8, ""stratum:prompt_id"": ""open_news_v1""}",e39002f60efb1d87048e9201f87e19af6129eb0c2ba3c5715a83fbe1df71ca67,fbd_stability_advantage,0.4571428571428572,__meta__,open_news_v1,6,17,complete,__meta__
__none__,evaluator_minilm__evaluator_mpnet,evaluator_minilm__evaluator_mpnet,"{""encoder_pair"": ""evaluator_minilm__evaluator_mpnet"", ""rank_difference"": ""fbd - mauve_reference"", ""rank_entity_fields"": ""model_id"", ""rank_method"": ""spearman"", ""stratum:factor:corpus"": ""yahoo_answers"", ""stratum:factor:temperature"": 0.9, ""stratum:factor:top_p"": 0.8, ""stratum:prompt_id"": ""open_news_v1""}",92576c1a8e0a28817c97279e5bcbb9c2154ebe44ee2c3d559ac19d9fa1ac2a02,fbd_stability_advantage,0.05714285714285716,__meta__,open_news_v1,6,17,complete,__meta__
__none__,evaluator_minilm__evaluator_mpnet,evaluator_minilm__evaluator_mpnet,"{""encoder_pair"": ""evaluator_minilm__evaluator_mpnet"", ""rank_difference"": ""fbd - mauve_reference"", ""rank_entity_fields"": ""model_id"", ""rank_method"": ""spearman"", ""stratum:factor:corpus"": ""imdb_reviews"", ""stratum:factor:temperature"": 0.3, ""stratum:factor:top_p"": 0.95, ""stratum:prompt_id"": ""open_news_v1""}",ae1f4bcc5a282cc21d9352fc5bbe46809bd73863de008f15ff8c0c6765a53347,fbd_stability_advantage,-0.04275361775201936,__meta__,open_news_v1,6,17,complete,__meta__
__none__,evaluator_minilm__evaluator_mpnet,evaluator_minilm__evaluator_mpnet,"{""encoder_pair"": ""evaluator_minilm__evaluator_mpnet"", ""rank_difference"": ""fbd - mauve_reference"", ""rank_entity_fields"": ""model_id"", ""rank_method"": ""spearman"", ""stratum:factor:corpus"": ""ag_news"", ""stratum:factor:temperature"": 0.3, ""stratum:factor:top_p"": 0.95, ""stratum:prompt_id"": ""open_news_v1""}",b21b42dce8387b21fe5e1c99a3eb82925e0e114e0fb3ef12a073eaed5d28a580,fbd_stability_advantage,0.2857142857142858,__meta__,open_news_v1,6,17,complete,__meta__
__none__,evaluator_minilm__evaluator_mpnet,evaluator_minilm__evaluator_mpnet,"{""encoder_pair"": ""evaluator_minilm__evaluator_mpnet"", ""rank_difference"": ""fbd - mauve_reference"", ""rank_entity_fields"": ""model_id"", ""rank_method"": ""spearman"", ""stratum:factor:corpus"": ""amazon_reviews"", ""stratum:factor:temperature"": 0.9, ""stratum:factor:top_p"": 0.95, ""stratum:prompt_id"": ""open_news_v1""}",36dfe2504341cdc502ae881760d1fb720a13e238f76a107960c85ed1c81118bb,fbd_stability_advantage,0.11428571428571421,__meta__,open_news_v1,6,17,complete,__meta__
__none__,evaluator_minilm__evaluator_mpnet,evaluator_minilm__evaluator_mpnet,"{""encoder_pair"": ""evaluator_minilm__evaluator_mpnet"", ""rank_difference"": ""fbd - mauve_reference"", ""rank_entity_fields"": ""model_id"", ""rank_method"": ""spearman"", ""stratum:factor:corpus"": ""amazon_reviews"", ""stratum:factor:temperature"": 0.6, ""stratum:factor:top_p"": 0.8, ""stratum:prompt_id"": ""open_news_v1""}",a643673755cdbfcaf400ac98fb53d1a40dec040c24526eb77d34578d3777dc88,fbd_stability_advantage,0.5714285714285714,__meta__,open_news_v1,6,17,complete,__meta__
__none__,evaluator_minilm__evaluator_mpnet,evaluator_minilm__evaluator_mpnet,"{""encoder_pair"": ""evaluator_minilm__evaluator_mpnet"", ""rank_difference"": ""fbd - mauve_reference"", ""rank_entity_fields"": ""model_id"", ""rank_method"": ""spearman"", ""stratum:factor:corpus"": ""yahoo_answers"", ""stratum:factor:temperature"": 0.6, ""stratum:factor:top_p"": 0.95, ""stratum:prompt_id"": ""open_news_v1""}",61a88d2767b613406d20927a02ab66c4c5ad82b46efcf749190e93017e205c40,fbd_stability_advantage,0.0,__meta__,open_news_v1,6,17,complete,__meta__
__none__,evaluator_minilm__evaluator_mpnet,evaluator_minilm__evaluator_mpnet,"{""encoder_pair"": ""evaluator_minilm__evaluator_mpnet"", ""rank_difference"": ""fbd - mauve_reference"", ""rank_entity_fields"": ""model_id"", ""rank_method"": ""spearman"", ""stratum:factor:corpus"": ""dbpedia"", ""stratum:factor:temperature"": 0.9, ""stratum:factor:top_p"": 0.8, ""stratum:prompt_id"": ""open_news_v1""}",8bdfb5438e09d67bb69793c954d8d702fd9e345dfd807de55cd8f8a6f0f7b702,fbd_stability_advantage,0.05714285714285727,__meta__,open_news_v1,6,17,complete,__meta__
__none__,evaluator_minilm__evaluator_mpnet,evaluator_minilm__evaluator_mpnet,"{""encoder_pair"": ""evaluator_minilm__evaluator_mpnet"", ""rank_difference"": ""fbd - mauve_reference"", ""rank_entity_fields"": ""model_id"", ""rank_method"": ""spearman"", ""stratum:factor:corpus"": ""imdb_reviews"", ""stratum:factor:temperature"": 0.6, ""stratum:factor:top_p"": 0.95, ""stratum:prompt_id"": ""open_news_v1""}",4e710e0dc7ab051bc77ed61c4de522f2ff6f2d92e0a9c8a44bfe6bfc878cfa14,fbd_stability_advantage,0.7428571428571429,__meta__,open_news_v1,6,17,complete,__meta__
__none__,evaluator_minilm__evaluator_mpnet,evaluator_minilm__evaluator_mpnet,"{""encoder_pair"": ""evaluator_minilm__evaluator_mpnet"", ""rank_difference"": ""fbd - mauve_reference"", ""rank_entity_fields"": ""model_id"", ""rank_method"": ""spearman"", ""stratum:factor:corpus"": ""amazon_reviews"", ""stratum:factor:temperature"": 0.6, ""stratum:factor:top_p"": 0.95, ""stratum:prompt_id"": ""open_news_v1""}",a13822351962e979d40d8c731b61e3ede0552a75c6dce413585ce0e5b567d3ee,fbd_stability_advantage,0.0,__meta__,open_news_v1,6,17,complete,__meta__
__none__,evaluator_minilm__evaluator_mpnet,evaluator_minilm__evaluator_mpnet,"{""encoder_pair"": ""evaluator_minilm__evaluator_mpnet"", ""rank_difference"": ""fbd - mauve_reference"", ""rank_entity_fields"": ""model_id"", ""rank_method"": ""spearman"", ""stratum:factor:corpus"": ""dbpedia"", ""stratum:factor:temperature"": 0.9, ""stratum:factor:top_p"": 0.95, ""stratum:prompt_id"": ""open_news_v1""}",856e76dac3b34f79048b82045b159d5e20d056f2a1646ab307c941574f8eda4d,fbd_stability_advantage,0.34285714285714275,__meta__,open_news_v1,6,17,complete,__meta__
__none__,evaluator_minilm__evaluator_mpnet,evaluator_minilm__evaluator_mpnet,"{""encoder_pair"": ""evaluator_minilm__evaluator_mpnet"", ""rank_difference"": ""fbd - mauve_reference"", ""rank_entity_fields"": ""model_id"", ""rank_method"": ""spearman"", ""stratum:factor:corpus"": ""ag_news"", ""stratum:factor:temperature"": 0.3, ""stratum:factor:top_p"": 0.8, ""stratum:prompt_id"": ""open_news_v1""}",236e1e53fc077cd49c6884744f9f888cf106b713642eab51493844f7fbe67cc4,fbd_stability_advantage,0.5457983193277312,__meta__,open_news_v1,6,17,complete,__meta__
__none__,evaluator_minilm__evaluator_mpnet,evaluator_minilm__evaluator_mpnet,"{""encoder_pair"": ""evaluator_minilm__evaluator_mpnet"", ""rank_difference"": ""fbd - mauve_reference"", ""rank_entity_fields"": ""model_id"", ""rank_method"": ""spearman"", ""stratum:factor:corpus"": ""dbpedia"", ""stratum:factor:temperature"": 0.6, ""stratum:factor:top_p"": 0.95, ""stratum:prompt_id"": ""open_news_v1""}",e20061a942c4729048229550eb66b8a74b598cc5eab5dd6a582b0e03aec2295d,fbd_stability_advantage,0.2857142857142857,__meta__,open_news_v1,6,17,complete,__meta__
__none__,evaluator_minilm__evaluator_mpnet,evaluator_minilm__evaluator_mpnet,"{""encoder_pair"": ""evaluator_minilm__evaluator_mpnet"", ""rank_difference"": ""fbd - mauve_reference"", ""rank_entity_fields"": ""model_id"", ""rank_method"": ""spearman"", ""stratum:factor:corpus"": ""amazon_reviews"", ""stratum:factor:temperature"": 0.3, ""stratum:factor:top_p"": 0.8, ""stratum:prompt_id"": ""open_news_v1""}",eee9be5ee3b643f38abd6e913fbe542f1ae9021b695d6d3415f7763c57457b57,fbd_stability_advantage,0.22994862045787823,__meta__,open_news_v1,6,17,complete,__meta__
__none__,evaluator_minilm__evaluator_mpnet,evaluator_minilm__evaluator_mpnet,"{""encoder_pair"": ""evaluator_minilm__evaluator_mpnet"", ""rank_difference"": ""fbd - mauve_reference"", ""rank_entity_fields"": ""model_id"", ""rank_method"": ""spearman"", ""stratum:factor:corpus"": ""ag_news"", ""stratum:factor:temperature"": 0.6, ""stratum:factor:top_p"": 0.8, ""stratum:prompt_id"": ""open_news_v1""}",c4828cee1172cdf9e85879bd92947441fe93f3e37233dbacdecf1b0f3d52f462,fbd_stability_advantage,0.6285714285714286,__meta__,open_news_v1,6,17,complete,__meta__
__none__,evaluator_minilm__evaluator_mpnet,evaluator_minilm__evaluator_mpnet,"{""encoder_pair"": ""evaluator_minilm__evaluator_mpnet"", ""rank_difference"": ""fbd - mauve_reference"", ""rank_entity_fields"": ""model_id"", ""rank_method"": ""spearman"", ""stratum:factor:corpus"": ""imdb_reviews"", ""stratum:factor:temperature"": 0.6, ""stratum:factor:top_p"": 0.8, ""stratum:prompt_id"": ""open_news_v1""}",da62168819661a04a240ebdb6c221ce730bfae60f36742318e0b481c2b37a043,fbd_stability_advantage,0.0,__meta__,open_news_v1,6,17,complete,__meta__
__none__,evaluator_minilm__evaluator_mpnet,evaluator_minilm__evaluator_mpnet,"{""encoder_pair"": ""evaluator_minilm__evaluator_mpnet"", ""rank_difference"": ""fbd - mauve_reference"", ""rank_entity_fields"": ""model_id"", ""rank_method"": ""spearman"", ""stratum:factor:corpus"": ""amazon_reviews"", ""stratum:factor:temperature"": 0.9, ""stratum:factor:top_p"": 0.8, ""stratum:prompt_id"": ""open_news_v1""}",741d3f1dfe792aec6566344a5da7a3391a49ce5ca072a3f7f5df2643f8ba7a5b,fbd_stability_advantage,0.22857142857142854,__meta__,open_news_v1,6,17,complete,__meta__
__none__,evaluator_minilm__evaluator_mpnet,evaluator_minilm__evaluator_mpnet,"{""encoder_pair"": ""evaluator_minilm__evaluator_mpnet"", ""rank_difference"": ""fbd - mauve_reference"", ""rank_entity_fields"": ""model_id"", ""rank_method"": ""spearman"", ""stratum:factor:corpus"": ""imdb_reviews"", ""stratum:factor:temperature"": 0.9, ""stratum:factor:top_p"": 0.8, ""stratum:prompt_id"": ""open_news_v1""}",6fe7452eab5b6999d1de87b1764505a36808e20c3cc8c66a0dba85dc0e16eff2,fbd_stability_advantage,0.9142857142857143,__meta__,open_news_v1,6,17,complete,__meta__
__none__,evaluator_minilm__evaluator_mpnet,evaluator_minilm__evaluator_mpnet,"{""encoder_pair"": ""evaluator_minilm__evaluator_mpnet"", ""rank_difference"": ""fbd - mauve_reference"", ""rank_entity_fields"": ""model_id"", ""rank_method"": ""spearman"", ""stratum:factor:corpus"": ""ag_news"", ""stratum:factor:temperature"": 0.6, ""stratum:factor:top_p"": 0.95, ""stratum:prompt_id"": ""open_news_v1""}",31b663b81e0945453e36c58035266bfb2467a1402c94939cf4ad320921cb160c,fbd_stability_advantage,0.11428571428571421,__meta__,open_news_v1,6,17,complete,__meta__
__none__,evaluator_minilm__evaluator_mpnet,evaluator_minilm__evaluator_mpnet,"{""encoder_pair"": ""evaluator_minilm__evaluator_mpnet"", ""rank_difference"": ""fbd - mauve_reference"", ""rank_entity_fields"": ""model_id"", ""rank_method"": ""spearman"", ""stratum:factor:corpus"": ""ag_news"", ""stratum:factor:temperature"": 0.9, ""stratum:factor:top_p"": 0.8, ""stratum:prompt_id"": ""open_news_v1""}",99658b033d1664f10d518a7753e073c5b48ae83b1c532c8b5b43f7b46d7469e6,fbd_stability_advantage,0.2857142857142857,__meta__,open_news_v1,6,17,complete,__meta__
__none__,evaluator_minilm__evaluator_mpnet,evaluator_minilm__evaluator_mpnet,"{""encoder_pair"": ""evaluator_minilm__evaluator_mpnet"", ""rank_difference"": ""fbd - mauve_reference"", ""rank_entity_fields"": ""model_id"", ""rank_method"": ""spearman"", ""stratum:factor:corpus"": ""dbpedia"", ""stratum:factor:temperature"": 0.3, ""stratum:factor:top_p"": 0.95, ""stratum:prompt_id"": ""open_news_v1""}",9b7755e0dc82cf48c90b1f15f07381261fe1045d12ada4a93a82178cdc37bc3d,fbd_stability_advantage,-0.04025087848485642,__meta__,open_news_v1,6,17,complete,__meta__
__none__,evaluator_minilm__evaluator_mpnet,evaluator_minilm__evaluator_mpnet,"{""encoder_pair"": ""evaluator_minilm__evaluator_mpnet"", ""rank_difference"": ""fbd - mauve_reference"", ""rank_entity_fields"": ""model_id"", ""rank_method"": ""spearman"", ""stratum:factor:corpus"": ""amazon_reviews"", ""stratum:factor:temperature"": 0.3, ""stratum:factor:top_p"": 0.95, ""stratum:prompt_id"": ""open_news_v1""}",69bd2376a87fb167b5eae13b9b71b489bb3806d78808528eee903e28fa456e17,fbd_stability_advantage,0.05714285714285705,__meta__,open_news_v1,6,17,complete,__meta__
__none__,evaluator_minilm__evaluator_mpnet,evaluator_minilm__evaluator_mpnet,"{""encoder_pair"": ""evaluator_minilm__evaluator_mpnet"", ""rank_difference"": ""fbd - mauve_reference"", ""rank_entity_fields"": ""model_id"", ""rank_method"": ""spearman"", ""stratum:factor:corpus"": ""yahoo_answers"", ""stratum:factor:temperature"": 0.9, ""stratum:factor:top_p"": 0.95, ""stratum:prompt_id"": ""open_news_v1""}",b666ccffab7a827f0b687fecaffd30e389fa93f044667d2b1ef0391d472928a6,fbd_stability_advantage,0.0,__meta__,open_news_v1,6,17,complete,__meta__
__none__,evaluator_minilm__evaluator_mpnet,evaluator_minilm__evaluator_mpnet,"{""encoder_pair"": ""evaluator_minilm__evaluator_mpnet"", ""rank_difference"": ""fbd - mauve_reference"", ""rank_entity_fields"": ""model_id"", ""rank_method"": ""spearman"", ""stratum:factor:corpus"": ""yahoo_answers"", ""stratum:factor:temperature"": 0.3, ""stratum:factor:top_p"": 0.95, ""stratum:prompt_id"": ""open_news_v1""}",23835ea2d9762d3524a59a94ffc6589be54670e67ae45a1c6afbd006daf538a1,fbd_stability_advantage,0.17142857142857149,__meta__,open_news_v1,6,17,complete,__meta__
__none__,evaluator_minilm__evaluator_mpnet,evaluator_minilm__evaluator_mpnet,"{""encoder_pair"": ""evaluator_minilm__evaluator_mpnet"", ""rank_difference"": ""fbd - mauve_reference"", ""rank_entity_fields"": ""model_id"", ""rank_method"": ""spearman"", ""stratum:factor:corpus"": ""ag_news"", ""stratum:factor:temperature"": 0.9, ""stratum:factor:top_p"": 0.95, ""stratum:prompt_id"": ""open_news_v1""}",07a875934bf5fbcaba5d3b8ad5a10d25ee6ccb196d48fecc9bd6724311180d50,fbd_stability_advantage,0.05714285714285705,__meta__,open_news_v1,6,17,complete,__meta__
__none__,evaluator_minilm__evaluator_mpnet,evaluator_minilm__evaluator_mpnet,"{""encoder_pair"": ""evaluator_minilm__evaluator_mpnet"", ""rank_difference"": ""fbd - mauve_reference"", ""rank_entity_fields"": ""model_id"", ""rank_method"": ""spearman"", ""stratum:factor:corpus"": ""imdb_reviews"", ""stratum:factor:temperature"": 0.9, ""stratum:factor:top_p"": 0.95, ""stratum:prompt_id"": ""open_news_v1""}",c8a6130edbbbdaf4c238671bba718fd82869773cd4bbdcc6522d93fd801a715e,fbd_stability_advantage,1.1428571428571428,__meta__,open_news_v1,6,17,complete,__meta__
__none__,evaluator_minilm__evaluator_mpnet,evaluator_minilm__evaluator_mpnet,"{""encoder_pair"": ""evaluator_minilm__evaluator_mpnet"", ""rank_difference"": ""fbd - mauve_reference"", ""rank_entity_fields"": ""model_id"", ""rank_method"": ""spearman"", ""stratum:factor:corpus"": ""dbpedia"", ""stratum:factor:temperature"": 0.3, ""stratum:factor:top_p"": 0.8, ""stratum:prompt_id"": ""open_news_v1""}",8590f0211c4061c31c4b6eec43e9091f733cbba4bb238077b5c1d37fba87381c,fbd_stability_advantage,0.8183953932599577,__meta__,open_news_v1,6,17,complete,__meta__
__none__,evaluator_minilm__evaluator_mpnet,evaluator_minilm__evaluator_mpnet,"{""encoder_pair"": ""evaluator_minilm__evaluator_mpnet"", ""rank_difference"": ""fbd - mauve_reference"", ""rank_entity_fields"": ""model_id"", ""rank_method"": ""spearman"", ""stratum:factor:corpus"": ""imdb_reviews"", ""stratum:factor:temperature"": 0.3, ""stratum:factor:top_p"": 0.8, ""stratum:prompt_id"": ""open_news_v1""}",64292d6dd43ae93d4e38cfd8b10e31e7ef951422f6a45161dff7047751ac6071,fbd_stability_advantage,0.08663594470046088,__meta__,open_news_v1,6,17,complete,__meta__
__none__,evaluator_minilm__evaluator_mpnet,evaluator_minilm__evaluator_mpnet,"{""encoder_pair"": ""evaluator_minilm__evaluator_mpnet"", ""rank_difference"": ""fbd - mauve_reference"", ""rank_entity_fields"": ""model_id"", ""rank_method"": ""spearman"", ""stratum:factor:corpus"": ""dbpedia"", ""stratum:factor:temperature"": 0.6, ""stratum:factor:top_p"": 0.8, ""stratum:prompt_id"": ""open_news_v1""}",d870b95e22a36951c516729e524d6efaa549a1ec1584717cc909721acef7a886,fbd_stability_advantage,0.0,__meta__,open_news_v1,6,29,complete,__meta__
__none__,evaluator_minilm__evaluator_mpnet,evaluator_minilm__evaluator_mpnet,"{""encoder_pair"": ""evaluator_minilm__evaluator_mpnet"", ""rank_difference"": ""fbd - mauve_reference"", ""rank_entity_fields"": ""model_id"", ""rank_method"": ""spearman"", ""stratum:factor:corpus"": ""yahoo_answers"", ""stratum:factor:temperature"": 0.3, ""stratum:factor:top_p"": 0.8, ""stratum:prompt_id"": ""open_news_v1""}",4341436d1a1486ebbb939b07985bf47ee190b6a4afe95e3729d8f288a0fdf0d6,fbd_stability_advantage,0.8534562211981568,__meta__,open_news_v1,6,29,complete,__meta__
__none__,evaluator_minilm__evaluator_mpnet,evaluator_minilm__evaluator_mpnet,"{""encoder_pair"": ""evaluator_minilm__evaluator_mpnet"", ""rank_difference"": ""fbd - mauve_reference"", ""rank_entity_fields"": ""model_id"", ""rank_method"": ""spearman"", ""stratum:factor:corpus"": ""yahoo_answers"", ""stratum:factor:temperature"": 0.6, ""stratum:factor:top_p"": 0.8, ""stratum:prompt_id"": ""open_news_v1""}",21c95042a9fa380f009cbaa480314dc2ce26fffd3844ff76226acb8bd6fea1a3,fbd_stability_advantage,0.3630861072046946,__meta__,open_news_v1,6,29,complete,__meta__
__none__,evaluator_minilm__evaluator_mpnet,evaluator_minilm__evaluator_mpnet,"{""encoder_pair"": ""evaluator_minilm__evaluator_mpnet"", ""rank_difference"": ""fbd - mauve_reference"", ""rank_entity_fields"": ""model_id"", ""rank_method"": ""spearman"", ""stratum:factor:corpus"": ""yahoo_answers"", ""stratum:factor:temperature"": 0.9, ""stratum:factor:top_p"": 0.8, ""stratum:prompt_id"": ""open_news_v1""}",75cc24eab6c6fa9ace573f567695a76170f0b6828e5b6bd04450d89f212e78ef,fbd_stability_advantage,0.11428571428571421,__meta__,open_news_v1,6,29,complete,__meta__
__none__,evaluator_minilm__evaluator_mpnet,evaluator_minilm__evaluator_mpnet,"{""encoder_pair"": ""evaluator_minilm__evaluator_mpnet"", ""rank_difference"": ""fbd - mauve_reference"", ""rank_entity_fields"": ""model_id"", ""rank_method"": ""spearman"", ""stratum:factor:corpus"": ""imdb_reviews"", ""stratum:factor:temperature"": 0.3, ""stratum:factor:top_p"": 0.95, ""stratum:prompt_id"": ""open_news_v1""}",c4c6c1ec15883bc87a726b679f1713f5c4ec39f3c2e1463410d3fd879b7e564e,fbd_stability_advantage,0.4,__meta__,open_news_v1,6,29,complete,__meta__
__none__,evaluator_minilm__evaluator_mpnet,evaluator_minilm__evaluator_mpnet,"{""encoder_pair"": ""evaluator_minilm__evaluator_mpnet"", ""rank_difference"": ""fbd - mauve_reference"", ""rank_entity_fields"": ""model_id"", ""rank_method"": ""spearman"", ""stratum:factor:corpus"": ""ag_news"", ""stratum:factor:temperature"": 0.3, ""stratum:factor:top_p"": 0.95, ""stratum:prompt_id"": ""open_news_v1""}",fae410435dbe3742a1ddeb985cc4b3a5d5886342cdcb268013f7276dab5178b0,fbd_stability_advantage,0.05714285714285705,__meta__,open_news_v1,6,29,complete,__meta__
__none__,evaluator_minilm__evaluator_mpnet,evaluator_minilm__evaluator_mpnet,"{""encoder_pair"": ""evaluator_minilm__evaluator_mpnet"", ""rank_difference"": ""fbd - mauve_reference"", ""rank_entity_fields"": ""model_id"", ""rank_method"": ""spearman"", ""stratum:factor:corpus"": ""amazon_reviews"", ""stratum:factor:temperature"": 0.9, ""stratum:factor:top_p"": 0.95, ""stratum:prompt_id"": ""open_news_v1""}",9d94e8cf6a9c32da03673c91955db010b9faf4091954d6e1f06473b02c521b9f,fbd_stability_advantage,0.05714285714285705,__meta__,open_news_v1,6,29,complete,__meta__
__none__,evaluator_minilm__evaluator_mpnet,evaluator_minilm__evaluator_mpnet,"{""encoder_pair"": ""evaluator_minilm__evaluator_mpnet"", ""rank_difference"": ""fbd - mauve_reference"", ""rank_entity_fields"": ""model_id"", ""rank_method"": ""spearman"", ""stratum:factor:corpus"": ""amazon_reviews"", ""stratum:factor:temperature"": 0.6, ""stratum:factor:top_p"": 0.8, ""stratum:prompt_id"": ""open_news_v1""}",06cd1bbef31874dede485ae41158be19af75e9926602bfe88292145c2730495a,fbd_stability_advantage,0.22857142857142865,__meta__,open_news_v1,6,29,complete,__meta__
__none__,evaluator_minilm__evaluator_mpnet,evaluator_minilm__evaluator_mpnet,"{""encoder_pair"": ""evaluator_minilm__evaluator_mpnet"", ""rank_difference"": ""fbd - mauve_reference"", ""rank_entity_fields"": ""model_id"", ""rank_method"": ""spearman"", ""stratum:factor:corpus"": ""yahoo_answers"", ""stratum:factor:temperature"": 0.6, ""stratum:factor:top_p"": 0.95, ""stratum:prompt_id"": ""open_news_v1""}",7b5949b79ec1ce5f0bc2549915afb0cec4805a3a549e3fbcd3119135ede7b908,fbd_stability_advantage,-0.05714285714285705,__meta__,open_news_v1,6,29,complete,__meta__
__none__,evaluator_minilm__evaluator_mpnet,evaluator_minilm__evaluator_mpnet,"{""encoder_pair"": ""evaluator_minilm__evaluator_mpnet"", ""rank_difference"": ""fbd - mauve_reference"", ""rank_entity_fields"": ""model_id"", ""rank_method"": ""spearman"", ""stratum:factor:corpus"": ""dbpedia"", ""stratum:factor:temperature"": 0.9, ""stratum:factor:top_p"": 0.8, ""stratum:prompt_id"": ""open_news_v1""}",84464cb812b91836a070c3b61210b2658635f57193505a66da2f51eb25f433bd,fbd_stability_advantage,0.0,__meta__,open_news_v1,6,29,complete,__meta__
__none__,evaluator_minilm__evaluator_mpnet,evaluator_minilm__evaluator_mpnet,"{""encoder_pair"": ""evaluator_minilm__evaluator_mpnet"", ""rank_difference"": ""fbd - mauve_reference"", ""rank_entity_fields"": ""model_id"", ""rank_method"": ""spearman"", ""stratum:factor:corpus"": ""imdb_reviews"", ""stratum:factor:temperature"": 0.6, ""stratum:factor:top_p"": 0.95, ""stratum:prompt_id"": ""open_news_v1""}",ddfb81e6f2d23262d1113c6dbfff3ef048020a586245f9373647b8c7cf7642b0,fbd_stability_advantage,0.2857142857142857,__meta__,open_news_v1,6,29,complete,__meta__
__none__,evaluator_minilm__evaluator_mpnet,evaluator_minilm__evaluator_mpnet,"{""encoder_pair"": ""evaluator_minilm__evaluator_mpnet"", ""rank_difference"": ""fbd - mauve_reference"", ""rank_entity_fields"": ""model_id"", ""rank_method"": ""spearman"", ""stratum:factor:corpus"": ""amazon_reviews"", ""stratum:factor:temperature"": 0.6, ""stratum:factor:top_p"": 0.95, ""stratum:prompt_id"": ""open_news_v1""}",e05c7e9ad88bf09475a8d21efe573ae26a1af311ba54fc37cd230660cc4d2272,fbd_stability_advantage,-0.05714285714285727,__meta__,open_news_v1,6,29,complete,__meta__
__none__,evaluator_minilm__evaluator_mpnet,evaluator_minilm__evaluator_mpnet,"{""encoder_pair"": ""evaluator_minilm__evaluator_mpnet"", ""rank_difference"": ""fbd - mauve_reference"", ""rank_entity_fields"": ""model_id"", ""rank_method"": ""spearman"", ""stratum:factor:corpus"": ""dbpedia"", ""stratum:factor:temperature"": 0.9, ""stratum:factor:top_p"": 0.95, ""stratum:prompt_id"": ""open_news_v1""}",ec59268ab473a6f0f9b73ea3033052d00e386fa75ac212039ae5bc0756f950fa,fbd_stability_advantage,0.17142857142857149,__meta__,open_news_v1,6,29,complete,__meta__
__none__,evaluator_minilm__evaluator_mpnet,evaluator_minilm__evaluator_mpnet,"{""encoder_pair"": ""evaluator_minilm__evaluator_mpnet"", ""rank_difference"": ""fbd - mauve_reference"", ""rank_entity_fields"": ""model_id"", ""rank_method"": ""spearman"", ""stratum:factor:corpus"": ""ag_news"", ""stratum:factor:temperature"": 0.3, ""stratum:factor:top_p"": 0.8, ""stratum:prompt_id"": ""open_news_v1""}",cc74b0b999ee7c3c45154784a26d91a27e210a59d330b48a97ffa5acad2f99c0,fbd_stability_advantage,0.0,__meta__,open_news_v1,6,29,complete,__meta__
__none__,evaluator_minilm__evaluator_mpnet,evaluator_minilm__evaluator_mpnet,"{""encoder_pair"": ""evaluator_minilm__evaluator_mpnet"", ""rank_difference"": ""fbd - mauve_reference"", ""rank_entity_fields"": ""model_id"", ""rank_method"": ""spearman"", ""stratum:factor:corpus"": ""dbpedia"", ""stratum:factor:temperature"": 0.6, ""stratum:factor:top_p"": 0.95, ""stratum:prompt_id"": ""open_news_v1""}",3cde31c4d51e4bc8862c88b45069afd5746d186ceadcbf89716e8acc1389aefd,fbd_stability_advantage,-0.05714285714285716,__meta__,open_news_v1,6,29,complete,__meta__
__none__,evaluator_minilm__evaluator_mpnet,evaluator_minilm__evaluator_mpnet,"{""encoder_pair"": ""evaluator_minilm__evaluator_mpnet"", ""rank_difference"": ""fbd - mauve_reference"", ""rank_entity_fields"": ""model_id"", ""rank_method"": ""spearman"", ""stratum:factor:corpus"": ""amazon_reviews"", ""stratum:factor:temperature"": 0.3, ""stratum:factor:top_p"": 0.8, ""stratum:prompt_id"": ""open_news_v1""}",2ff1b62e8d1819ef044cd27e395ef3b9cc46c4b874bf64060dbf4377e43f748e,fbd_stability_advantage,0.5303317816861379,__meta__,open_news_v1,6,29,complete,__meta__
__none__,evaluator_minilm__evaluator_mpnet,evaluator_minilm__evaluator_mpnet,"{""encoder_pair"": ""evaluator_minilm__evaluator_mpnet"", ""rank_difference"": ""fbd - mauve_reference"", ""rank_entity_fields"": ""model_id"", ""rank_method"": ""spearman"", ""stratum:factor:corpus"": ""ag_news"", ""stratum:factor:temperature"": 0.6, ""stratum:factor:top_p"": 0.8, ""stratum:prompt_id"": ""open_news_v1""}",19925a1e6586c2633f20ddc2267e8f8c3da1ed9bc449c0d0859aed2517fd69e3,fbd_stability_advantage,0.11428571428571421,__meta__,open_news_v1,6,29,complete,__meta__
__none__,evaluator_minilm__evaluator_mpnet,evaluator_minilm__evaluator_mpnet,"{""encoder_pair"": ""evaluator_minilm__evaluator_mpnet"", ""rank_difference"": ""fbd - mauve_reference"", ""rank_entity_fields"": ""model_id"", ""rank_method"": ""spearman"", ""stratum:factor:corpus"": ""imdb_reviews"", ""stratum:factor:temperature"": 0.6, ""stratum:factor:top_p"": 0.8, ""stratum:prompt_id"": ""open_news_v1""}",94c542731ac648eb684027d75e90f551351ffc41b4ce3e04b4cf5e33ce24aa87,fbd_stability_advantage,0.4571428571428572,__meta__,open_news_v1,6,29,complete,__meta__
__none__,evaluator_minilm__evaluator_mpnet,evaluator_minilm__evaluator_mpnet,"{""encoder_pair"": ""evaluator_minilm__evaluator_mpnet"", ""rank_difference"": ""fbd - mauve_reference"", ""rank_entity_fields"": ""model_id"", ""rank_method"": ""spearman"", ""stratum:factor:corpus"": ""amazon_reviews"", ""stratum:factor:temperature"": 0.9, ""stratum:factor:top_p"": 0.8, ""stratum:prompt_id"": ""open_news_v1""}",e15df2553309c86289255c8c69eb33c7b085f10230f3f39edf86ff8deb4146cd,fbd_stability_advantage,0.0,__meta__,open_news_v1,6,29,complete,__meta__
__none__,evaluator_minilm__evaluator_mpnet,evaluator_minilm__evaluator_mpnet,"{""encoder_pair"": ""evaluator_minilm__evaluator_mpnet"", ""rank_difference"": ""fbd - mauve_reference"", ""rank_entity_fields"": ""model_id"", ""rank_method"": ""spearman"", ""stratum:factor:corpus"": ""imdb_reviews"", ""stratum:factor:temperature"": 0.9, ""stratum:factor:top_p"": 0.8, ""stratum:prompt_id"": ""open_news_v1""}",326598159d4d010e8940bd6687491e21fa524a154ef2a940fb09e16067ce698c,fbd_stability_advantage,0.5714285714285714,__meta__,open_news_v1,6,29,complete,__meta__
__none__,evaluator_minilm__evaluator_mpnet,evaluator_minilm__evaluator_mpnet,"{""encoder_pair"": ""evaluator_minilm__evaluator_mpnet"", ""rank_difference"": ""fbd - mauve_reference"", ""rank_entity_fields"": ""model_id"", ""rank_method"": ""spearman"", ""stratum:factor:corpus"": ""ag_news"", ""stratum:factor:temperature"": 0.6, ""stratum:factor:top_p"": 0.95, ""stratum:prompt_id"": ""open_news_v1""}",a87c459ffb3c890d1f7e61bbb371f1b4d33497d8de68cf8300610494f7db7cb6,fbd_stability_advantage,0.11428571428571421,__meta__,open_news_v1,6,29,complete,__meta__
__none__,evaluator_minilm__evaluator_mpnet,evaluator_minilm__evaluator_mpnet,"{""encoder_pair"": ""evaluator_minilm__evaluator_mpnet"", ""rank_difference"": ""fbd - mauve_reference"", ""rank_entity_fields"": ""model_id"", ""rank_method"": ""spearman"", ""stratum:factor:corpus"": ""ag_news"", ""stratum:factor:temperature"": 0.9, ""stratum:factor:top_p"": 0.8, ""stratum:prompt_id"": ""open_news_v1""}",b0a98ce5102b6d66d7675bdf7af36801f6d9ca284440a24d071b3e70e6204018,fbd_stability_advantage,0.0,__meta__,open_news_v1,6,29,complete,__meta__
__none__,evaluator_minilm__evaluator_mpnet,evaluator_minilm__evaluator_mpnet,"{""encoder_pair"": ""evaluator_minilm__evaluator_mpnet"", ""rank_difference"": ""fbd - mauve_reference"", ""rank_entity_fields"": ""model_id"", ""rank_method"": ""spearman"", ""stratum:factor:corpus"": ""dbpedia"", ""stratum:factor:temperature"": 0.3, ""stratum:factor:top_p"": 0.95, ""stratum:prompt_id"": ""open_news_v1""}",f02a601e1ff260c14b869b3320f6a84e46198157a05e3ad27e19c1b7d5aa18c8,fbd_stability_advantage,-0.17142857142857149,__meta__,open_news_v1,6,29,complete,__meta__
__none__,evaluator_minilm__evaluator_mpnet,evaluator_minilm__evaluator_mpnet,"{""encoder_pair"": ""evaluator_minilm__evaluator_mpnet"", ""rank_difference"": ""fbd - mauve_reference"", ""rank_entity_fields"": ""model_id"", ""rank_method"": ""spearman"", ""stratum:factor:corpus"": ""amazon_reviews"", ""stratum:factor:temperature"": 0.3, ""stratum:factor:top_p"": 0.95, ""stratum:prompt_id"": ""open_news_v1""}",058d6ca1b8e948520349d5c8800b6d36168eaf8aa8ed90caf7bfe8d417823d2a,fbd_stability_advantage,0.2761204518568272,__meta__,open_news_v1,6,29,complete,__meta__
__none__,evaluator_minilm__evaluator_mpnet,evaluator_minilm__evaluator_mpnet,"{""encoder_pair"": ""evaluator_minilm__evaluator_mpnet"", ""rank_difference"": ""fbd - mauve_reference"", ""rank_entity_fields"": ""model_id"", ""rank_method"": ""spearman"", ""stratum:factor:corpus"": ""yahoo_answers"", ""stratum:factor:temperature"": 0.9, ""stratum:factor:top_p"": 0.95, ""stratum:prompt_id"": ""open_news_v1""}",d8ac97036ef5eb903df3ceb64b0db6d8c434e271aea16ad358460c58c5340bb1,fbd_stability_advantage,0.05714285714285705,__meta__,open_news_v1,6,29,complete,__meta__
__none__,evaluator_minilm__evaluator_mpnet,evaluator_minilm__evaluator_mpnet,"{""encoder_pair"": ""evaluator_minilm__evaluator_mpnet"", ""rank_difference"": ""fbd - mauve_reference"", ""rank_entity_fields"": ""model_id"", ""rank_method"": ""spearman"", ""stratum:factor:corpus"": ""yahoo_answers"", ""stratum:factor:temperature"": 0.3, ""stratum:factor:top_p"": 0.95, ""stratum:prompt_id"": ""open_news_v1""}",0c6172d9549116ffaa836d9267032c267fe5e9810565d3c1d1f9e80aae2533c5,fbd_stability_advantage,0.17142857142857149,__meta__,open_news_v1,6,29,complete,__meta__
__none__,evaluator_minilm__evaluator_mpnet,evaluator_minilm__evaluator_mpnet,"{""encoder_pair"": ""evaluator_minilm__evaluator_mpnet"", ""rank_difference"": ""fbd - mauve_reference"", ""rank_entity_fields"": ""model_id"", ""rank_method"": ""spearman"", ""stratum:factor:corpus"": ""ag_news"", ""stratum:factor:temperature"": 0.9, ""stratum:factor:top_p"": 0.95, ""stratum:prompt_id"": ""open_news_v1""}",d966aa921e3dbeaad05895685b3b464abb8791ed17f282b32f663acc89142ad5,fbd_stability_advantage,0.5142857142857142,__meta__,open_news_v1,6,29,complete,__meta__
__none__,evaluator_minilm__evaluator_mpnet,evaluator_minilm__evaluator_mpnet,"{""encoder_pair"": ""evaluator_minilm__evaluator_mpnet"", ""rank_difference"": ""fbd - mauve_reference"", ""rank_entity_fields"": ""model_id"", ""rank_method"": ""spearman"", ""stratum:factor:corpus"": ""imdb_reviews"", ""stratum:factor:temperature"": 0.9, ""stratum:factor:top_p"": 0.95, ""stratum:prompt_id"": ""open_news_v1""}",13b65bb9a374b09f449078ec116c3107daf4c37a215bddec0291e7bd47ea353c,fbd_stability_advantage,0.6285714285714286,__meta__,open_news_v1,6,29,complete,__meta__
__none__,evaluator_minilm__evaluator_mpnet,evaluator_minilm__evaluator_mpnet,"{""encoder_pair"": ""evaluator_minilm__evaluator_mpnet"", ""rank_difference"": ""fbd - mauve_reference"", ""rank_entity_fields"": ""model_id"", ""rank_method"": ""spearman"", ""stratum:factor:corpus"": ""dbpedia"", ""stratum:factor:temperature"": 0.3, ""stratum:factor:top_p"": 0.8, ""stratum:prompt_id"": ""open_news_v1""}",377f9ce151cb72b63a1a1319b197b9480904594b55f82dd5afea986309bf30bc,fbd_stability_advantage,0.1393624931811207,__meta__,open_news_v1,6,29,complete,__meta__
__none__,evaluator_minilm__evaluator_mpnet,evaluator_minilm__evaluator_mpnet,"{""encoder_pair"": ""evaluator_minilm__evaluator_mpnet"", ""rank_difference"": ""fbd - mauve_reference"", ""rank_entity_fields"": ""model_id"", ""rank_method"": ""spearman"", ""stratum:factor:corpus"": ""imdb_reviews"", ""stratum:factor:temperature"": 0.3, ""stratum:factor:top_p"": 0.8, ""stratum:prompt_id"": ""open_news_v1""}",4f132351b4a0f785a6d424b23fd092dfc85767450ce6763f6743f957f0cb49b0,fbd_stability_advantage,0.4231820963170295,__meta__,open_news_v1,6,29,complete,__meta__
__none__,evaluator_minilm__evaluator_mpnet,evaluator_minilm__evaluator_mpnet,"{""encoder_pair"": ""evaluator_minilm__evaluator_mpnet"", ""rank_difference"": ""fbd - mauve_reference"", ""rank_entity_fields"": ""model_id"", ""rank_method"": ""spearman"", ""stratum:factor:corpus"": ""dbpedia"", ""stratum:factor:temperature"": 0.6, ""stratum:factor:top_p"": 0.8, ""stratum:prompt_id"": ""open_news_v1""}",09f08a8fe91ddedf052d974b48a6c8363d532c9bbe675553cfbef3405b83d598,fbd_stability_advantage,0.13117769294371506,__meta__,open_news_v1,6,43,complete,__meta__
__none__,evaluator_minilm__evaluator_mpnet,evaluator_minilm__evaluator_mpnet,"{""encoder_pair"": ""evaluator_minilm__evaluator_mpnet"", ""rank_difference"": ""fbd - mauve_reference"", ""rank_entity_fields"": ""model_id"", ""rank_method"": ""spearman"", ""stratum:factor:corpus"": ""yahoo_answers"", ""stratum:factor:temperature"": 0.3, ""stratum:factor:top_p"": 0.8, ""stratum:prompt_id"": ""open_news_v1""}",f466f078ea9b1ccaee328ca3aba4b85532c8a3911059f6a6ac9445d860d3b104,fbd_stability_advantage,0.23073593073593102,__meta__,open_news_v1,6,43,complete,__meta__
__none__,evaluator_minilm__evaluator_mpnet,evaluator_minilm__evaluator_mpnet,"{""encoder_pair"": ""evaluator_minilm__evaluator_mpnet"", ""rank_difference"": ""fbd - mauve_reference"", ""rank_entity_fields"": ""model_id"", ""rank_method"": ""spearman"", ""stratum:factor:corpus"": ""yahoo_answers"", ""stratum:factor:temperature"": 0.6, ""stratum:factor:top_p"": 0.8, ""stratum:prompt_id"": ""open_news_v1""}",6f73c48c1fa4430edc7feebccd86d815700180743848f1aa376fc2d8ab1787f5,fbd_stability_advantage,-0.0990622284724888,__meta__,open_news_v1,6,43,complete,__meta__
__none__,evaluator_minilm__evaluator_mpnet,evaluator_minilm__evaluator_mpnet,"{""encoder_pair"": ""evaluator_minilm__evaluator_mpnet"", ""rank_difference"": ""fbd - mauve_reference"", ""rank_entity_fields"": ""model_id"", ""rank_method"": ""spearman"", ""stratum:factor:corpus"": ""yahoo_answers"", ""stratum:factor:temperature"": 0.9, ""stratum:factor:top_p"": 0.8, ""stratum:prompt_id"": ""open_news_v1""}",868402a7645c613ace4ea4833ea027413027a629da31fbae995cfcedcb5088f1,fbd_stability_advantage,0.05714285714285705,__meta__,open_news_v1,6,43,complete,__meta__
__none__,evaluator_minilm__evaluator_mpnet,evaluator_minilm__evaluator_mpnet,"{""encoder_pair"": ""evaluator_minilm__evaluator_mpnet"", ""rank_difference"": ""fbd - mauve_reference"", ""rank_entity_fields"": ""model_id"", ""rank_method"": ""spearman"", ""stratum:factor:corpus"": ""imdb_reviews"", ""stratum:factor:temperature"": 0.3, ""stratum:factor:top_p"": 0.95, ""stratum:prompt_id"": ""open_news_v1""}",d42e21171dc8ccc60bfbce134670984a1bfab9989d34cfc1a920719a986af9a0,fbd_stability_advantage,1.0,__meta__,open_news_v1,6,43,complete,__meta__
__none__,evaluator_minilm__evaluator_mpnet,evaluator_minilm__evaluator_mpnet,"{""encoder_pair"": ""evaluator_minilm__evaluator_mpnet"", ""rank_difference"": ""fbd - mauve_reference"", ""rank_entity_fields"": ""model_id"", ""rank_method"": ""spearman"", ""stratum:factor:corpus"": ""ag_news"", ""stratum:factor:temperature"": 0.3, ""stratum:factor:top_p"": 0.95, ""stratum:prompt_id"": ""open_news_v1""}",22a70193d4be6a684c4c92139b0aab44d3dd36e9774aa4950f9936670a986323,fbd_stability_advantage,0.05714285714285705,__meta__,open_news_v1,6,43,complete,__meta__
__none__,evaluator_minilm__evaluator_mpnet,evaluator_minilm__evaluator_mpnet,"{""encoder_pair"": ""evaluator_minilm__evaluator_mpnet"", ""rank_difference"": ""fbd - mauve_reference"", ""rank_entity_fields"": ""model_id"", ""rank_method"": ""spearman"", ""stratum:factor:corpus"": ""amazon_reviews"", ""stratum:factor:temperature"": 0.9, ""stratum:factor:top_p"": 0.95, ""stratum:prompt_id"": ""open_news_v1""}",3bf6f2abf0226cc4bf403343f481ebcce2ddaa87bd8df4efa308c02107849f24,fbd_stability_advantage,0.0,__meta__,open_news_v1,6,43,complete,__meta__
__none__,evaluator_minilm__evaluator_mpnet,evaluator_minilm__evaluator_mpnet,"{""encoder_pair"": ""evaluator_minilm__evaluator_mpnet"", ""rank_difference"": ""fbd - mauve_reference"", ""rank_entity_fields"": ""model_id"", ""rank_method"": ""spearman"", ""stratum:factor:corpus"": ""amazon_reviews"", ""stratum:factor:temperature"": 0.6, ""stratum:factor:top_p"": 0.8, ""stratum:prompt_id"": ""open_news_v1""}",c98f921e8485874dcab781eb3aced842deac7c858dbc4532e31ad54a8cd0d01b,fbd_stability_advantage,0.17142857142857126,__meta__,open_news_v1,6,43,complete,__meta__
__none__,evaluator_minilm__evaluator_mpnet,evaluator_minilm__evaluator_mpnet,"{""encoder_pair"": ""evaluator_minilm__evaluator_mpnet"", ""rank_difference"": ""fbd - mauve_reference"", ""rank_entity_fields"": ""model_id"", ""rank_method"": ""spearman"", ""stratum:factor:corpus"": ""yahoo_answers"", ""stratum:factor:temperature"": 0.6, ""stratum:factor:top_p"": 0.95, ""stratum:prompt_id"": ""open_news_v1""}",a7c465c8598e2a416d3a8ac9bf13c692fcc3b7437578f669dfee08373d044df5,fbd_stability_advantage,0.22857142857142865,__meta__,open_news_v1,6,43,complete,__meta__
__none__,evaluator_minilm__evaluator_mpnet,evaluator_minilm__evaluator_mpnet,"{""encoder_pair"": ""evaluator_minilm__evaluator_mpnet"", ""rank_difference"": ""fbd - mauve_reference"", ""rank_entity_fields"": ""model_id"", ""rank_method"": ""spearman"", ""stratum:factor:corpus"": ""dbpedia"", ""stratum:factor:temperature"": 0.9, ""stratum:factor:top_p"": 0.8, ""stratum:prompt_id"": ""open_news_v1""}",53fe73290a1701f9ec583f136876547308221e0acb0f4a1ac8654302b87618e9,fbd_stability_advantage,0.11428571428571432,__meta__,open_news_v1,6,43,complete,__meta__
__none__,evaluator_minilm__evaluator_mpnet,evaluator_minilm__evaluator_mpnet,"{""encoder_pair"": ""evaluator_minilm__evaluator_mpnet"", ""rank_difference"": ""fbd - mauve_reference"", ""rank_entity_fields"": ""model_id"", ""rank_method"": ""spearman"", ""stratum:factor:corpus"": ""imdb_reviews"", ""stratum:factor:temperature"": 0.6, ""stratum:factor:top_p"": 0.95, ""stratum:prompt_id"": ""open_news_v1""}",9e42ee16070e1e3d27f00e814a438e9c7453753836e43c6ae645a34b42c78525,fbd_stability_advantage,0.5142857142857143,__meta__,open_news_v1,6,43,complete,__meta__
__none__,evaluator_minilm__evaluator_mpnet,evaluator_minilm__evaluator_mpnet,"{""encoder_pair"": ""evaluator_minilm__evaluator_mpnet"", ""rank_difference"": ""fbd - mauve_reference"", ""rank_entity_fields"": ""model_id"", ""rank_method"": ""spearman"", ""stratum:factor:corpus"": ""amazon_reviews"", ""stratum:factor:temperature"": 0.6, ""stratum:factor:top_p"": 0.95, ""stratum:prompt_id"": ""open_news_v1""}",87982a63f0bd06d89ef141a847d73958ebcae42781f1bb77fcd5dee405608871,fbd_stability_advantage,0.9142857142857143,__meta__,open_news_v1,6,43,complete,__meta__
__none__,evaluator_minilm__evaluator_mpnet,evaluator_minilm__evaluator_mpnet,"{""encoder_pair"": ""evaluator_minilm__evaluator_mpnet"", ""rank_difference"": ""fbd - mauve_reference"", ""rank_entity_fields"": ""model_id"", ""rank_method"": ""spearman"", ""stratum:factor:corpus"": ""dbpedia"", ""stratum:factor:temperature"": 0.9, ""stratum:factor:top_p"": 0.95, ""stratum:prompt_id"": ""open_news_v1""}",c63d21856601bb5597f787f44edc2d792522f513bfc6aaa3d2928ee95174fb25,fbd_stability_advantage,0.17142857142857149,__meta__,open_news_v1,6,43,complete,__meta__
__none__,evaluator_minilm__evaluator_mpnet,evaluator_minilm__evaluator_mpnet,"{""encoder_pair"": ""evaluator_minilm__evaluator_mpnet"", ""rank_difference"": ""fbd - mauve_reference"", ""rank_entity_fields"": ""model_id"", ""rank_method"": ""spearman"", ""stratum:factor:corpus"": ""ag_news"", ""stratum:factor:temperature"": 0.3, ""stratum:factor:top_p"": 0.8, ""stratum:prompt_id"": ""open_news_v1""}",885aedec4882f73d3be278d2c188e1756368c70ec5d16ba3428ac23c1e9a5054,fbd_stability_advantage,0.10218914116109257,__meta__,open_news_v1,6,43,complete,__meta__
__none__,evaluator_minilm__evaluator_mpnet,evaluator_minilm__evaluator_mpnet,"{""encoder_pair"": ""evaluator_minilm__evaluator_mpnet"", ""rank_difference"": ""fbd - mauve_reference"", ""rank_entity_fields"": ""model_id"", ""rank_method"": ""spearman"", ""stratum:factor:corpus"": ""dbpedia"", ""stratum:factor:temperature"": 0.6, ""stratum:factor:top_p"": 0.95, ""stratum:prompt_id"": ""open_news_v1""}",bb58cab58e4696aacda3f24b5a3ab067a9c28e6859c05dc567257fb5b3b1a60e,fbd_stability_advantage,0.2857142857142857,__meta__,open_news_v1,6,43,complete,__meta__
__none__,evaluator_minilm__evaluator_mpnet,evaluator_minilm__evaluator_mpnet,"{""encoder_pair"": ""evaluator_minilm__evaluator_mpnet"", ""rank_difference"": ""fbd - mauve_reference"", ""rank_entity_fields"": ""model_id"", ""rank_method"": ""spearman"", ""stratum:factor:corpus"": ""amazon_reviews"", ""stratum:factor:temperature"": 0.3, ""stratum:factor:top_p"": 0.8, ""stratum:prompt_id"": ""open_news_v1""}",e978d47cc643ebb752751768a758749cc0ca23ebaae9df5e0f353151e82c8838,fbd_stability_advantage,0.49248078107744775,__meta__,open_news_v1,6,43,complete,__meta__
__none__,evaluator_minilm__evaluator_mpnet,evaluator_minilm__evaluator_mpnet,"{""encoder_pair"": ""evaluator_minilm__evaluator_mpnet"", ""rank_difference"": ""fbd - mauve_reference"", ""rank_entity_fields"": ""model_id"", ""rank_method"": ""spearman"", ""stratum:factor:corpus"": ""ag_news"", ""stratum:factor:temperature"": 0.6, ""stratum:factor:top_p"": 0.8, ""stratum:prompt_id"": ""open_news_v1""}",30137ec70d85e39d592096675250797b14c7211d82daeb3e047fb3444d756c1d,fbd_stability_advantage,0.17142857142857126,__meta__,open_news_v1,6,43,complete,__meta__
__none__,evaluator_minilm__evaluator_mpnet,evaluator_minilm__evaluator_mpnet,"{""encoder_pair"": ""evaluator_minilm__evaluator_mpnet"", ""rank_difference"": ""fbd - mauve_reference"", ""rank_entity_fields"": ""model_id"", ""rank_method"": ""spearman"", ""stratum:factor:corpus"": ""imdb_reviews"", ""stratum:factor:temperature"": 0.6, ""stratum:factor:top_p"": 0.8, ""stratum:prompt_id"": ""open_news_v1""}",b5127761b1ffd06b64bb3135b2654f83258a65d02b887596e3da94a13edf69b6,fbd_stability_advantage,0.9142857142857144,__meta__,open_news_v1,6,43,complete,__meta__
__none__,evaluator_minilm__evaluator_mpnet,evaluator_minilm__evaluator_mpnet,"{""encoder_pair"": ""evaluator_minilm__evaluator_mpnet"", ""rank_difference"": ""fbd - mauve_reference"", ""rank_entity_fields"": ""model_id"", ""rank_method"": ""spearman"", ""stratum:factor:corpus"": ""amazon_reviews"", ""stratum:factor:temperature"": 0.9, ""stratum:factor:top_p"": 0.8, ""stratum:prompt_id"": ""open_news_v1""}",879ab18e926d8a1804a247b8a696165fc96fb2df62e915d1053efd184b275a9a,fbd_stability_advantage,0.22857142857142854,__meta__,open_news_v1,6,43,complete,__meta__
__none__,evaluator_minilm__evaluator_mpnet,evaluator_minilm__evaluator_mpnet,"{""encoder_pair"": ""evaluator_minilm__evaluator_mpnet"", ""rank_difference"": ""fbd - mauve_reference"", ""rank_entity_fields"": ""model_id"", ""rank_method"": ""spearman"", ""stratum:factor:corpus"": ""imdb_reviews"", ""stratum:factor:temperature"": 0.9, ""stratum:factor:top_p"": 0.8, ""stratum:prompt_id"": ""open_news_v1""}",d857b389c1b9b1a421279767236d5db8b9ae761bde2a26cb887f3bd27641da49,fbd_stability_advantage,0.8,__meta__,open_news_v1,6,43,complete,__meta__
__none__,evaluator_minilm__evaluator_mpnet,evaluator_minilm__evaluator_mpnet,"{""encoder_pair"": ""evaluator_minilm__evaluator_mpnet"", ""rank_difference"": ""fbd - mauve_reference"", ""rank_entity_fields"": ""model_id"", ""rank_method"": ""spearman"", ""stratum:factor:corpus"": ""ag_news"", ""stratum:factor:temperature"": 0.6, ""stratum:factor:top_p"": 0.95, ""stratum:prompt_id"": ""open_news_v1""}",c9dbfc9fecfe42672605d84f7dc8aa83760ac9a17013b6ba947bf24b08a583b8,fbd_stability_advantage,0.0,__meta__,open_news_v1,6,43,complete,__meta__
__none__,evaluator_minilm__evaluator_mpnet,evaluator_minilm__evaluator_mpnet,"{""encoder_pair"": ""evaluator_minilm__evaluator_mpnet"", ""rank_difference"": ""fbd - mauve_reference"", ""rank_entity_fields"": ""model_id"", ""rank_method"": ""spearman"", ""stratum:factor:corpus"": ""ag_news"", ""stratum:factor:temperature"": 0.9, ""stratum:factor:top_p"": 0.8, ""stratum:prompt_id"": ""open_news_v1""}",17f89e76b98ab6196a9b8d61466d32162aa7be1ecb4d52ea51b4a1562cc9ec31,fbd_stability_advantage,0.22857142857142854,__meta__,open_news_v1,6,43,complete,__meta__
__none__,evaluator_minilm__evaluator_mpnet,evaluator_minilm__evaluator_mpnet,"{""encoder_pair"": ""evaluator_minilm__evaluator_mpnet"", ""rank_difference"": ""fbd - mauve_reference"", ""rank_entity_fields"": ""model_id"", ""rank_method"": ""spearman"", ""stratum:factor:corpus"": ""dbpedia"", ""stratum:factor:temperature"": 0.3, ""stratum:factor:top_p"": 0.95, ""stratum:prompt_id"": ""open_news_v1""}",8dfd0fcb78ef08a7353988c265a443fbaad2db4f71e27e18f810525a4beea08b,fbd_stability_advantage,0.0696005026727834,__meta__,open_news_v1,6,43,complete,__meta__
__none__,evaluator_minilm__evaluator_mpnet,evaluator_minilm__evaluator_mpnet,"{""encoder_pair"": ""evaluator_minilm__evaluator_mpnet"", ""rank_difference"": ""fbd - mauve_reference"", ""rank_entity_fields"": ""model_id"", ""rank_method"": ""spearman"", ""stratum:factor:corpus"": ""amazon_reviews"", ""stratum:factor:temperature"": 0.3, ""stratum:factor:top_p"": 0.95, ""stratum:prompt_id"": ""open_news_v1""}",5f5d3e8cf7dfcbc616577d4af3229b70da028715c39f764b32c75310b67173ee,fbd_stability_advantage,0.21814334829158244,__meta__,open_news_v1,6,43,complete,__meta__
__none__,evaluator_minilm__evaluator_mpnet,evaluator_minilm__evaluator_mpnet,"{""encoder_pair"": ""evaluator_minilm__evaluator_mpnet"", ""rank_difference"": ""fbd - mauve_reference"", ""rank_entity_fields"": ""model_id"", ""rank_method"": ""spearman"", ""stratum:factor:corpus"": ""yahoo_answers"", ""stratum:factor:temperature"": 0.9, ""stratum:factor:top_p"": 0.95, ""stratum:prompt_id"": ""open_news_v1""}",1a04f58571bb153485d3dccf1331daf7a22cf4972cd356e486daa1f4addb0197,fbd_stability_advantage,-0.05714285714285705,__meta__,open_news_v1,6,43,complete,__meta__
__none__,evaluator_minilm__evaluator_mpnet,evaluator_minilm__evaluator_mpnet,"{""encoder_pair"": ""evaluator_minilm__evaluator_mpnet"", ""rank_difference"": ""fbd - mauve_reference"", ""rank_entity_fields"": ""model_id"", ""rank_method"": ""spearman"", ""stratum:factor:corpus"": ""yahoo_answers"", ""stratum:factor:temperature"": 0.3, ""stratum:factor:top_p"": 0.95, ""stratum:prompt_id"": ""open_news_v1""}",8ed4c2d7d6b21da98d899ed40fb206b752dbb47f24f26a81147859f26a9e396f,fbd_stability_advantage,0.11428571428571421,__meta__,open_news_v1,6,43,complete,__meta__
__none__,evaluator_minilm__evaluator_mpnet,evaluator_minilm__evaluator_mpnet,"{""encoder_pair"": ""evaluator_minilm__evaluator_mpnet"", ""rank_difference"": ""fbd - mauve_reference"", ""rank_entity_fields"": ""model_id"", ""rank_method"": ""spearman"", ""stratum:factor:corpus"": ""ag_news"", ""stratum:factor:temperature"": 0.9, ""stratum:factor:top_p"": 0.95, ""stratum:prompt_id"": ""open_news_v1""}",b67f915676047061ea7890c238a79626228c15ef1cb39be17f186e12ae245794,fbd_stability_advantage,0.0,__meta__,open_news_v1,6,43,complete,__meta__
__none__,evaluator_minilm__evaluator_mpnet,evaluator_minilm__evaluator_mpnet,"{""encoder_pair"": ""evaluator_minilm__evaluator_mpnet"", ""rank_difference"": ""fbd - mauve_reference"", ""rank_entity_fields"": ""model_id"", ""rank_method"": ""spearman"", ""stratum:factor:corpus"": ""imdb_reviews"", ""stratum:factor:temperature"": 0.9, ""stratum:factor:top_p"": 0.95, ""stratum:prompt_id"": ""open_news_v1""}",9c0feb05a0f816042dbace56a4b44f81ad46c5de6d30748b118af5a8233340ce,fbd_stability_advantage,0.17142857142857149,__meta__,open_news_v1,6,43,complete,__meta__
__none__,evaluator_minilm__evaluator_mpnet,evaluator_minilm__evaluator_mpnet,"{""encoder_pair"": ""evaluator_minilm__evaluator_mpnet"", ""rank_difference"": ""fbd - mauve_reference"", ""rank_entity_fields"": ""model_id"", ""rank_method"": ""spearman"", ""stratum:factor:corpus"": ""dbpedia"", ""stratum:factor:temperature"": 0.3, ""stratum:factor:top_p"": 0.8, ""stratum:prompt_id"": ""open_news_v1""}",91a82b9b832791b517dd48f471fa96345e2b762c034123c72dd15bfedd5da38e,fbd_stability_advantage,-0.13526425781847606,__meta__,open_news_v1,6,43,complete,__meta__
__none__,evaluator_minilm__evaluator_mpnet,evaluator_minilm__evaluator_mpnet,"{""encoder_pair"": ""evaluator_minilm__evaluator_mpnet"", ""rank_difference"": ""fbd - mauve_reference"", ""rank_entity_fields"": ""model_id"", ""rank_method"": ""spearman"", ""stratum:factor:corpus"": ""imdb_reviews"", ""stratum:factor:temperature"": 0.3, ""stratum:factor:top_p"": 0.8, ""stratum:prompt_id"": ""open_news_v1""}",d1958703925acf953ccec1bb1f58dfaf951c4b4ca3493d63263cbf0dc8e53dc8,fbd_stability_advantage,0.22857142857142854,__meta__,open_news_v1,6,43,complete,__meta__
__none__,evaluator_minilm__evaluator_mpnet,evaluator_minilm__evaluator_mpnet,"{""encoder_pair"": ""evaluator_minilm__evaluator_mpnet"", ""rank_difference"": ""fbd - mauve_reference"", ""rank_entity_fields"": ""model_id"", ""rank_method"": ""spearman"", ""stratum:factor:corpus"": ""dbpedia"", ""stratum:factor:temperature"": 0.6, ""stratum:factor:top_p"": 0.8, ""stratum:prompt_id"": ""open_news_v1""}",e9dc2f293d905bc80462bd0a91130520a3d522a9930d4876eddc9f21569e4586,fbd_stability_advantage,-0.17142857142857149,__meta__,open_news_v1,6,59,complete,__meta__
__none__,evaluator_minilm__evaluator_mpnet,evaluator_minilm__evaluator_mpnet,"{""encoder_pair"": ""evaluator_minilm__evaluator_mpnet"", ""rank_difference"": ""fbd - mauve_reference"", ""rank_entity_fields"": ""model_id"", ""rank_method"": ""spearman"", ""stratum:factor:corpus"": ""yahoo_answers"", ""stratum:factor:temperature"": 0.3, ""stratum:factor:top_p"": 0.8, ""stratum:prompt_id"": ""open_news_v1""}",d93757a7b9520d377617a71926f6b5e3a13057b5c42f2c908f7757779826b9e3,fbd_stability_advantage,0.19650535032397787,__meta__,open_news_v1,6,59,complete,__meta__
__none__,evaluator_minilm__evaluator_mpnet,evaluator_minilm__evaluator_mpnet,"{""encoder_pair"": ""evaluator_minilm__evaluator_mpnet"", ""rank_difference"": ""fbd - mauve_reference"", ""rank_entity_fields"": ""model_id"", ""rank_method"": ""spearman"", ""stratum:factor:corpus"": ""yahoo_answers"", ""stratum:factor:temperature"": 0.6, ""stratum:factor:top_p"": 0.8, ""stratum:prompt_id"": ""open_news_v1""}",941ba3032181973a7504a4f07e0a05e6f7fb5d7d62a52e65269d32bb727f1bf1,fbd_stability_advantage,0.07486908222324573,__meta__,open_news_v1,6,59,complete,__meta__
__none__,evaluator_minilm__evaluator_mpnet,evaluator_minilm__evaluator_mpnet,"{""encoder_pair"": ""evaluator_minilm__evaluator_mpnet"", ""rank_difference"": ""fbd - mauve_reference"", ""rank_entity_fields"": ""model_id"", ""rank_method"": ""spearman"", ""stratum:factor:corpus"": ""yahoo_answers"", ""stratum:factor:temperature"": 0.9, ""stratum:factor:top_p"": 0.8, ""stratum:prompt_id"": ""open_news_v1""}",fb2af89a29779d8370da04e84404f4b741514ba290e1c592fa20672834a5a52e,fbd_stability_advantage,0.0,__meta__,open_news_v1,6,59,complete,__meta__
__none__,evaluator_minilm__evaluator_mpnet,evaluator_minilm__evaluator_mpnet,"{""encoder_pair"": ""evaluator_minilm__evaluator_mpnet"", ""rank_difference"": ""fbd - mauve_reference"", ""rank_entity_fields"": ""model_id"", ""rank_method"": ""spearman"", ""stratum:factor:corpus"": ""imdb_reviews"", ""stratum:factor:temperature"": 0.3, ""stratum:factor:top_p"": 0.95, ""stratum:prompt_id"": ""open_news_v1""}",9bb5b799e3475a044e007e03990f229bd1893918ec70e9e6e6ac80880645328c,fbd_stability_advantage,-0.22857142857142876,__meta__,open_news_v1,6,59,complete,__meta__
__none__,evaluator_minilm__evaluator_mpnet,evaluator_minilm__evaluator_mpnet,"{""encoder_pair"": ""evaluator_minilm__evaluator_mpnet"", ""rank_difference"": ""fbd - mauve_reference"", ""rank_entity_fields"": ""model_id"", ""rank_method"": ""spearman"", ""stratum:factor:corpus"": ""ag_news"", ""stratum:factor:temperature"": 0.3, ""stratum:factor:top_p"": 0.95, ""stratum:prompt_id"": ""open_news_v1""}",25eb5489e980b90d25b67016ebf667cf6879b286d88aef476480653cd104ab4c,fbd_stability_advantage,0.34285714285714275,__meta__,open_news_v1,6,59,complete,__meta__
__none__,evaluator_minilm__evaluator_mpnet,evaluator_minilm__evaluator_mpnet,"{""encoder_pair"": ""evaluator_minilm__evaluator_mpnet"", ""rank_difference"": ""fbd - mauve_reference"", ""rank_entity_fields"": ""model_id"", ""rank_method"": ""spearman"", ""stratum:factor:corpus"": ""amazon_reviews"", ""stratum:factor:temperature"": 0.9, ""stratum:factor:top_p"": 0.95, ""stratum:prompt_id"": ""open_news_v1""}",ad9949e0c3db7c6b0af756a5bf48aec2dc961629e3a2a54a3ee5eb19450daa96,fbd_stability_advantage,0.22857142857142854,__meta__,open_news_v1,6,59,complete,__meta__
__none__,evaluator_minilm__evaluator_mpnet,evaluator_minilm__evaluator_mpnet,"{""encoder_pair"": ""evaluator_minilm__evaluator_mpnet"", ""rank_difference"": ""fbd - mauve_reference"", ""rank_entity_fields"": ""model_id"", ""rank_method"": ""spearman"", ""stratum:factor:corpus"": ""amazon_reviews"", ""stratum:factor:temperature"": 0.6, ""stratum:factor:top_p"": 0.8, ""stratum:prompt_id"": ""open_news_v1""}",5b148b31a25071aa80931f01afb72f07b5473bcef4c74fb342cd10c5a39af4f7,fbd_stability_advantage,0.0,__meta__,open_news_v1,6,59,complete,__meta__
__none__,evaluator_minilm__evaluator_mpnet,evaluator_minilm__evaluator_mpnet,"{""encoder_pair"": ""evaluator_minilm__evaluator_mpnet"", ""rank_difference"": ""fbd - mauve_reference"", ""rank_entity_fields"": ""model_id"", ""rank_method"": ""spearman"", ""stratum:factor:corpus"": ""yahoo_answers"", ""stratum:factor:temperature"": 0.6, ""stratum:factor:top_p"": 0.95, ""stratum:prompt_id"": ""open_news_v1""}",19ac559262631ceca3eb0172852d4fe02a8105597c7b7ef817a7e63a6b25d364,fbd_stability_advantage,0.0,__meta__,open_news_v1,6,59,complete,__meta__
__none__,evaluator_minilm__evaluator_mpnet,evaluator_minilm__evaluator_mpnet,"{""encoder_pair"": ""evaluator_minilm__evaluator_mpnet"", ""rank_difference"": ""fbd - mauve_reference"", ""rank_entity_fields"": ""model_id"", ""rank_method"": ""spearman"", ""stratum:factor:corpus"": ""dbpedia"", ""stratum:factor:temperature"": 0.9, ""stratum:factor:top_p"": 0.8, ""stratum:prompt_id"": ""open_news_v1""}",b5b92a697c6ac7b88803c9269306ed7c0a15c140b1cac2e84fcf2e0a935ad249,fbd_stability_advantage,0.17142857142857149,__meta__,open_news_v1,6,59,complete,__meta__
__none__,evaluator_minilm__evaluator_mpnet,evaluator_minilm__evaluator_mpnet,"{""encoder_pair"": ""evaluator_minilm__evaluator_mpnet"", ""rank_difference"": ""fbd - mauve_reference"", ""rank_entity_fields"": ""model_id"", ""rank_method"": ""spearman"", ""stratum:factor:corpus"": ""imdb_reviews"", ""stratum:factor:temperature"": 0.6, ""stratum:factor:top_p"": 0.95, ""stratum:prompt_id"": ""open_news_v1""}",7616454890c53d274ece378f02dd46c81576c087f0c22f140066023f0a0fa938,fbd_stability_advantage,1.0857142857142856,__meta__,open_news_v1,6,59,complete,__meta__
__none__,evaluator_minilm__evaluator_mpnet,evaluator_minilm__evaluator_mpnet,"{""encoder_pair"": ""evaluator_minilm__evaluator_mpnet"", ""rank_difference"": ""fbd - mauve_reference"", ""rank_entity_fields"": ""model_id"", ""rank_method"": ""spearman"", ""stratum:factor:corpus"": ""amazon_reviews"", ""stratum:factor:temperature"": 0.6, ""stratum:factor:top_p"": 0.95, ""stratum:prompt_id"": ""open_news_v1""}",0e0c43e46dabc5096dd39f87ebb4a05671797822483d9710d00f28c454062716,fbd_stability_advantage,0.17142857142857149,__meta__,open_news_v1,6,59,complete,__meta__
__none__,evaluator_minilm__evaluator_mpnet,evaluator_minilm__evaluator_mpnet,"{""encoder_pair"": ""evaluator_minilm__evaluator_mpnet"", ""rank_difference"": ""fbd - mauve_reference"", ""rank_entity_fields"": ""model_id"", ""rank_method"": ""spearman"", ""stratum:factor:corpus"": ""dbpedia"", ""stratum:factor:temperature"": 0.9, ""stratum:factor:top_p"": 0.95, ""stratum:prompt_id"": ""open_news_v1""}",e6daad3b71479abd73f38b05865d6e79e87ebd7a12e97b15083f854682f1d0e4,fbd_stability_advantage,0.05714285714285705,__meta__,open_news_v1,6,59,complete,__meta__
__none__,evaluator_minilm__evaluator_mpnet,evaluator_minilm__evaluator_mpnet,"{""encoder_pair"": ""evaluator_minilm__evaluator_mpnet"", ""rank_difference"": ""fbd - mauve_reference"", ""rank_entity_fields"": ""model_id"", ""rank_method"": ""spearman"", ""stratum:factor:corpus"": ""ag_news"", ""stratum:factor:temperature"": 0.3, ""stratum:factor:top_p"": 0.8, ""stratum:prompt_id"": ""open_news_v1""}",56752d246a621a86976e0ffe8ec663abb9aaa44add7686d5e0aad049d32a6c0e,fbd_stability_advantage,0.1883205500865721,__meta__,open_news_v1,6,59,complete,__meta__
__none__,evaluator_minilm__evaluator_mpnet,evaluator_minilm__evaluator_mpnet,"{""encoder_pair"": ""evaluator_minilm__evaluator_mpnet"", ""rank_difference"": ""fbd - mauve_reference"", ""rank_entity_fields"": ""model_id"", ""rank_method"": ""spearman"", ""stratum:factor:corpus"": ""dbpedia"", ""stratum:factor:temperature"": 0.6, ""stratum:factor:top_p"": 0.95, ""stratum:prompt_id"": ""open_news_v1""}",156c7758f9e9a541ce91add67b3c84939cfe7b26d50b79523c25a39f91d37ee7,fbd_stability_advantage,0.05714285714285727,__meta__,open_news_v1,6,59,complete,__meta__
__none__,evaluator_minilm__evaluator_mpnet,evaluator_minilm__evaluator_mpnet,"{""encoder_pair"": ""evaluator_minilm__evaluator_mpnet"", ""rank_difference"": ""fbd - mauve_reference"", ""rank_entity_fields"": ""model_id"", ""rank_method"": ""spearman"", ""stratum:factor:corpus"": ""amazon_reviews"", ""stratum:factor:temperature"": 0.3, ""stratum:factor:top_p"": 0.8, ""stratum:prompt_id"": ""open_news_v1""}",35a50fffc83b3f3de0d7ee391a5b52d30f8315643d437116bc65fabf300c4323,fbd_stability_advantage,1.0,__meta__,open_news_v1,6,59,complete,__meta__
__none__,evaluator_minilm__evaluator_mpnet,evaluator_minilm__evaluator_mpnet,"{""encoder_pair"": ""evaluator_minilm__evaluator_mpnet"", ""rank_difference"": ""fbd - mauve_reference"", ""rank_entity_fields"": ""model_id"", ""rank_method"": ""spearman"", ""stratum:factor:corpus"": ""ag_news"", ""stratum:factor:temperature"": 0.6, ""stratum:factor:top_p"": 0.8, ""stratum:prompt_id"": ""open_news_v1""}",a4cc6c4ccd1ba8761468a627d6b172cb74d6fb771c87315e993e2b65f2cd51eb,fbd_stability_advantage,0.0,__meta__,open_news_v1,6,59,complete,__meta__
__none__,evaluator_minilm__evaluator_mpnet,evaluator_minilm__evaluator_mpnet,"{""encoder_pair"": ""evaluator_minilm__evaluator_mpnet"", ""rank_difference"": ""fbd - mauve_reference"", ""rank_entity_fields"": ""model_id"", ""rank_method"": ""spearman"", ""stratum:factor:corpus"": ""imdb_reviews"", ""stratum:factor:temperature"": 0.6, ""stratum:factor:top_p"": 0.8, ""stratum:prompt_id"": ""open_news_v1""}",02345853aa927f3879df97ac3fcb2ee898357e3d0ffe46c6dc094b9de9d26c18,fbd_stability_advantage,0.5714285714285714,__meta__,open_news_v1,6,59,complete,__meta__
__none__,evaluator_minilm__evaluator_mpnet,evaluator_minilm__evaluator_mpnet,"{""encoder_pair"": ""evaluator_minilm__evaluator_mpnet"", ""rank_difference"": ""fbd - mauve_reference"", ""rank_entity_fields"": ""model_id"", ""rank_method"": ""spearman"", ""stratum:factor:corpus"": ""amazon_reviews"", ""stratum:factor:temperature"": 0.9, ""stratum:factor:top_p"": 0.8, ""stratum:prompt_id"": ""open_news_v1""}",81ddf6e68885c3e719e54911f46e6c56356eb8a74bd3971b5ded8316e6bdd95e,fbd_stability_advantage,-0.2857142857142857,__meta__,open_news_v1,6,59,complete,__meta__
__none__,evaluator_minilm__evaluator_mpnet,evaluator_minilm__evaluator_mpnet,"{""encoder_pair"": ""evaluator_minilm__evaluator_mpnet"", ""rank_difference"": ""fbd - mauve_reference"", ""rank_entity_fields"": ""model_id"", ""rank_method"": ""spearman"", ""stratum:factor:corpus"": ""imdb_reviews"", ""stratum:factor:temperature"": 0.9, ""stratum:factor:top_p"": 0.8, ""stratum:prompt_id"": ""open_news_v1""}",856e6ec0bd0d0c397e05bf0cdc84ae8757dfe930419c4d26aed22a56659e58e5,fbd_stability_advantage,0.9714285714285714,__meta__,open_news_v1,6,59,complete,__meta__
__none__,evaluator_minilm__evaluator_mpnet,evaluator_minilm__evaluator_mpnet,"{""encoder_pair"": ""evaluator_minilm__evaluator_mpnet"", ""rank_difference"": ""fbd - mauve_reference"", ""rank_entity_fields"": ""model_id"", ""rank_method"": ""spearman"", ""stratum:factor:corpus"": ""ag_news"", ""stratum:factor:temperature"": 0.6, ""stratum:factor:top_p"": 0.95, ""stratum:prompt_id"": ""open_news_v1""}",a9fde002264dda0cfe12588b08df45c07e7d0624d24becdb15fc1a159ffe49d9,fbd_stability_advantage,0.6285714285714286,__meta__,open_news_v1,6,59,complete,__meta__
__none__,evaluator_minilm__evaluator_mpnet,evaluator_minilm__evaluator_mpnet,"{""encoder_pair"": ""evaluator_minilm__evaluator_mpnet"", ""rank_difference"": ""fbd - mauve_reference"", ""rank_entity_fields"": ""model_id"", ""rank_method"": ""spearman"", ""stratum:factor:corpus"": ""ag_news"", ""stratum:factor:temperature"": 0.9, ""stratum:factor:top_p"": 0.8, ""stratum:prompt_id"": ""open_news_v1""}",d0f1130c73fe36b4eb5ae5a6c4442c80e2fb10bf02ffacd34a8c775201e91340,fbd_stability_advantage,-0.05714285714285705,__meta__,open_news_v1,6,59,complete,__meta__
__none__,evaluator_minilm__evaluator_mpnet,evaluator_minilm__evaluator_mpnet,"{""encoder_pair"": ""evaluator_minilm__evaluator_mpnet"", ""rank_difference"": ""fbd - mauve_reference"", ""rank_entity_fields"": ""model_id"", ""rank_method"": ""spearman"", ""stratum:factor:corpus"": ""dbpedia"", ""stratum:factor:temperature"": 0.3, ""stratum:factor:top_p"": 0.95, ""stratum:prompt_id"": ""open_news_v1""}",427a4f60bc5b20c8b0a6d5d8ccc90732a5803b3cbd21371ba73e69ea7d51f35c,fbd_stability_advantage,-0.22857142857142854,__meta__,open_news_v1,6,59,complete,__meta__
__none__,evaluator_minilm__evaluator_mpnet,evaluator_minilm__evaluator_mpnet,"{""encoder_pair"": ""evaluator_minilm__evaluator_mpnet"", ""rank_difference"": ""fbd - mauve_reference"", ""rank_entity_fields"": ""model_id"", ""rank_method"": ""spearman"", ""stratum:factor:corpus"": ""amazon_reviews"", ""stratum:factor:temperature"": 0.3, ""stratum:factor:top_p"": 0.95, ""stratum:prompt_id"": ""open_news_v1""}",3232af70f5aa42886de4cffeafda8a1adf7dc5bc8437b4483ea490cb10b86692,fbd_stability_advantage,0.2857142857142857,__meta__,open_news_v1,6,59,complete,__meta__
__none__,evaluator_minilm__evaluator_mpnet,evaluator_minilm__evaluator_mpnet,"{""encoder_pair"": ""evaluator_minilm__evaluator_mpnet"", ""rank_difference"": ""fbd - mauve_reference"", ""rank_entity_fields"": ""model_id"", ""rank_method"": ""spearman"", ""stratum:factor:corpus"": ""yahoo_answers"", ""stratum:factor:temperature"": 0.9, ""stratum:factor:top_p"": 0.95, ""stratum:prompt_id"": ""open_news_v1""}",f82a31efbf85f303184b207bbd7f97079922730e8ddc444cdeb7c8f484a8a862,fbd_stability_advantage,0.2857142857142857,__meta__,open_news_v1,6,59,complete,__meta__
__none__,evaluator_minilm__evaluator_mpnet,evaluator_minilm__evaluator_mpnet,"{""encoder_pair"": ""evaluator_minilm__evaluator_mpnet"", ""rank_difference"": ""fbd - mauve_reference"", ""rank_entity_fields"": ""model_id"", ""rank_method"": ""spearman"", ""stratum:factor:corpus"": ""yahoo_answers"", ""stratum:factor:temperature"": 0.3, ""stratum:factor:top_p"": 0.95, ""stratum:prompt_id"": ""open_news_v1""}",66b1e6b65427c76c9bde7e4ea71408755264b2030828e2a99bb0c813d7867c12,fbd_stability_advantage,0.17142857142857126,__meta__,open_news_v1,6,59,complete,__meta__
__none__,evaluator_minilm__evaluator_mpnet,evaluator_minilm__evaluator_mpnet,"{""encoder_pair"": ""evaluator_minilm__evaluator_mpnet"", ""rank_difference"": ""fbd - mauve_reference"", ""rank_entity_fields"": ""model_id"", ""rank_method"": ""spearman"", ""stratum:factor:corpus"": ""ag_news"", ""stratum:factor:temperature"": 0.9, ""stratum:factor:top_p"": 0.95, ""stratum:prompt_id"": ""open_news_v1""}",6f4056d929fcd5e0e2916a617712aba059f81608d4e52e6b0fea999b4b291de8,fbd_stability_advantage,0.05714285714285705,__meta__,open_news_v1,6,59,complete,__meta__
__none__,evaluator_minilm__evaluator_mpnet,evaluator_minilm__evaluator_mpnet,"{""encoder_pair"": ""evaluator_minilm__evaluator_mpnet"", ""rank_difference"": ""fbd - mauve_reference"", ""rank_entity_fields"": ""model_id"", ""rank_method"": ""spearman"", ""stratum:factor:corpus"": ""imdb_reviews"", ""stratum:factor:temperature"": 0.9, ""stratum:factor:top_p"": 0.95, ""stratum:prompt_id"": ""open_news_v1""}",384aa57b22220f86addf2d2eb996bab7a1bbdc3318bf05c339247317368ed3dc,fbd_stability_advantage,0.4,__meta__,open_news_v1,6,59,complete,__meta__
__none__,evaluator_minilm__evaluator_mpnet,evaluator_minilm__evaluator_mpnet,"{""encoder_pair"": ""evaluator_minilm__evaluator_mpnet"", ""rank_difference"": ""fbd - mauve_reference"", ""rank_entity_fields"": ""model_id"", ""rank_method"": ""spearman"", ""stratum:factor:corpus"": ""dbpedia"", ""stratum:factor:temperature"": 0.3, ""stratum:factor:top_p"": 0.8, ""stratum:prompt_id"": ""open_news_v1""}",7829687f6f1fb97a2c8894fb541ce0bf7307f4a7142d91331e04821d75c68d14,fbd_stability_advantage,0.7974408027638108,__meta__,open_news_v1,6,59,complete,__meta__
__none__,evaluator_minilm__evaluator_mpnet,evaluator_minilm__evaluator_mpnet,"{""encoder_pair"": ""evaluator_minilm__evaluator_mpnet"", ""rank_difference"": ""fbd - mauve_reference"", ""rank_entity_fields"": ""model_id"", ""rank_method"": ""spearman"", ""stratum:factor:corpus"": ""imdb_reviews"", ""stratum:factor:temperature"": 0.3, ""stratum:factor:top_p"": 0.8, ""stratum:prompt_id"": ""open_news_v1""}",c6a770b67d2e035fa4486e681f43226de3d07f90c8f74118616e9ec4d1096707,fbd_stability_advantage,0.06050420168067239,__meta__,open_news_v1,6,59,complete,__meta__
__none__,evaluator_minilm__evaluator_mpnet,evaluator_minilm__evaluator_mpnet,"{""encoder_pair"": ""evaluator_minilm__evaluator_mpnet"", ""rank_difference"": ""fbd - mauve_reference"", ""rank_entity_fields"": ""model_id"", ""rank_method"": ""spearman"", ""stratum:factor:corpus"": ""dbpedia"", ""stratum:factor:temperature"": 0.6, ""stratum:factor:top_p"": 0.8, ""stratum:prompt_id"": ""open_news_v1""}",0da2772af88f6a1ab135bda95e25ce2242548042f0b23c9f9d55033d006ad9d0,fbd_stability_advantage,0.13117769294371506,__meta__,open_news_v1,6,71,complete,__meta__
__none__,evaluator_minilm__evaluator_mpnet,evaluator_minilm__evaluator_mpnet,"{""encoder_pair"": ""evaluator_minilm__evaluator_mpnet"", ""rank_difference"": ""fbd - mauve_reference"", ""rank_entity_fields"": ""model_id"", ""rank_method"": ""spearman"", ""stratum:factor:corpus"": ""yahoo_answers"", ""stratum:factor:temperature"": 0.3, ""stratum:factor:top_p"": 0.8, ""stratum:prompt_id"": ""open_news_v1""}",554996ed2951a03c1793abadceda0e274be5b73061f0a5d68ca022ec18452f9a,fbd_stability_advantage,0.022511492635610475,__meta__,open_news_v1,6,71,complete,__meta__
__none__,evaluator_minilm__evaluator_mpnet,evaluator_minilm__evaluator_mpnet,"{""encoder_pair"": ""evaluator_minilm__evaluator_mpnet"", ""rank_difference"": ""fbd - mauve_reference"", ""rank_entity_fields"": ""model_id"", ""rank_method"": ""spearman"", ""stratum:factor:corpus"": ""yahoo_answers"", ""stratum:factor:temperature"": 0.6, ""stratum:factor:top_p"": 0.8, ""stratum:prompt_id"": ""open_news_v1""}",cfea40e2095b523980ef2e657670ca288d5cff463b4b74594e94a48a013c0e2d,fbd_stability_advantage,0.2857142857142857,__meta__,open_news_v1,6,71,complete,__meta__
__none__,evaluator_minilm__evaluator_mpnet,evaluator_minilm__evaluator_mpnet,"{""encoder_pair"": ""evaluator_minilm__evaluator_mpnet"", ""rank_difference"": ""fbd - mauve_reference"", ""rank_entity_fields"": ""model_id"", ""rank_method"": ""spearman"", ""stratum:factor:corpus"": ""yahoo_answers"", ""stratum:factor:temperature"": 0.9, ""stratum:factor:top_p"": 0.8, ""stratum:prompt_id"": ""open_news_v1""}",0f754dd871f95a703b09c3fac91e6d12204c290cd76324511296036aa52b2796,fbd_stability_advantage,0.0,__meta__,open_news_v1,6,71,complete,__meta__
__none__,evaluator_minilm__evaluator_mpnet,evaluator_minilm__evaluator_mpnet,"{""encoder_pair"": ""evaluator_minilm__evaluator_mpnet"", ""rank_difference"": ""fbd - mauve_reference"", ""rank_entity_fields"": ""model_id"", ""rank_method"": ""spearman"", ""stratum:factor:corpus"": ""imdb_reviews"", ""stratum:factor:temperature"": 0.3, ""stratum:factor:top_p"": 0.95, ""stratum:prompt_id"": ""open_news_v1""}",df45a0f91a92d1b70fef59656f3d4420915423dbb96b0a42d33d7bddfd5b9ad3,fbd_stability_advantage,0.11428571428571421,__meta__,open_news_v1,6,71,complete,__meta__
__none__,evaluator_minilm__evaluator_mpnet,evaluator_minilm__evaluator_mpnet,"{""encoder_pair"": ""evaluator_minilm__evaluator_mpnet"", ""rank_difference"": ""fbd - mauve_reference"", ""rank_entity_fields"": ""model_id"", ""rank_method"": ""spearman"", ""stratum:factor:corpus"": ""ag_news"", ""stratum:factor:temperature"": 0.3, ""stratum:factor:top_p"": 0.95, ""stratum:prompt_id"": ""open_news_v1""}",cf5d68e09ffa1f1e42d2fc8b743872a43ad7e113766f9a80915b5a2b521d9c20,fbd_stability_advantage,0.05714285714285705,__meta__,open_news_v1,6,71,complete,__meta__
__none__,evaluator_minilm__evaluator_mpnet,evaluator_minilm__evaluator_mpnet,"{""encoder_pair"": ""evaluator_minilm__evaluator_mpnet"", ""rank_difference"": ""fbd - mauve_reference"", ""rank_entity_fields"": ""model_id"", ""rank_method"": ""spearman"", ""stratum:factor:corpus"": ""amazon_reviews"", ""stratum:factor:temperature"": 0.9, ""stratum:factor:top_p"": 0.95, ""stratum:prompt_id"": ""open_news_v1""}",0e3b0150f546c5871d94f6df3da6876d54e373ef384d8a7045fc50389f72bbd0,fbd_stability_advantage,0.05714285714285705,__meta__,open_news_v1,6,71,complete,__meta__
__none__,evaluator_minilm__evaluator_mpnet,evaluator_minilm__evaluator_mpnet,"{""encoder_pair"": ""evaluator_minilm__evaluator_mpnet"", ""rank_difference"": ""fbd - mauve_reference"", ""rank_entity_fields"": ""model_id"", ""rank_method"": ""spearman"", ""stratum:factor:corpus"": ""amazon_reviews"", ""stratum:factor:temperature"": 0.6, ""stratum:factor:top_p"": 0.8, ""stratum:prompt_id"": ""open_news_v1""}",b3f6e54c5b69cd270578be5f31718da2777988d01d217b61d8e68168c848c275,fbd_stability_advantage,0.05714285714285705,__meta__,open_news_v1,6,71,complete,__meta__
__none__,evaluator_minilm__evaluator_mpnet,evaluator_minilm__evaluator_mpnet,"{""encoder_pair"": ""evaluator_minilm__evaluator_mpnet"", ""rank_difference"": ""fbd - mauve_reference"", ""rank_entity_fields"": ""model_id"", ""rank_method"": ""spearman"", ""stratum:factor:corpus"": ""yahoo_answers"", ""stratum:factor:temperature"": 0.6, ""stratum:factor:top_p"": 0.95, ""stratum:prompt_id"": ""open_news_v1""}",611ea16fc45b6fead6032b057eefd3795c4e4ae4a6ed693a1c2ffbb7747738a7,fbd_stability_advantage,0.4571428571428571,__meta__,open_news_v1,6,71,complete,__meta__
__none__,evaluator_minilm__evaluator_mpnet,evaluator_minilm__evaluator_mpnet,"{""encoder_pair"": ""evaluator_minilm__evaluator_mpnet"", ""rank_difference"": ""fbd - mauve_reference"", ""rank_entity_fields"": ""model_id"", ""rank_method"": ""spearman"", ""stratum:factor:corpus"": ""dbpedia"", ""stratum:factor:temperature"": 0.9, ""stratum:factor:top_p"": 0.8, ""stratum:prompt_id"": ""open_news_v1""}",d214f6b200189c189c3c8351dfcf65999f321d8e66be1cdbbbc98376375c0468,fbd_stability_advantage,0.0,__meta__,open_news_v1,6,71,complete,__meta__
__none__,evaluator_minilm__evaluator_mpnet,evaluator_minilm__evaluator_mpnet,"{""encoder_pair"": ""evaluator_minilm__evaluator_mpnet"", ""rank_difference"": ""fbd - mauve_reference"", ""rank_entity_fields"": ""model_id"", ""rank_method"": ""spearman"", ""stratum:factor:corpus"": ""imdb_reviews"", ""stratum:factor:temperature"": 0.6, ""stratum:factor:top_p"": 0.95, ""stratum:prompt_id"": ""open_news_v1""}",0fd4c592afce6173a1410574be1b5061ca400f2179576c7fa1bf0e0dda865687,fbd_stability_advantage,0.4,__meta__,open_news_v1,6,71,complete,__meta__
__none__,evaluator_minilm__evaluator_mpnet,evaluator_minilm__evaluator_mpnet,"{""encoder_pair"": ""evaluator_minilm__evaluator_mpnet"", ""rank_difference"": ""fbd - mauve_reference"", ""rank_entity_fields"": ""model_id"", ""rank_method"": ""spearman"", ""stratum:factor:corpus"": ""amazon_reviews"", ""stratum:factor:temperature"": 0.6, ""stratum:factor:top_p"": 0.95, ""stratum:prompt_id"": ""open_news_v1""}",832f255acc6ecd95e45727f5157da2bbf231dcd83de6c5e74d85fea7dd011fd1,fbd_stability_advantage,0.4571428571428571,__meta__,open_news_v1,6,71,complete,__meta__
__none__,evaluator_minilm__evaluator_mpnet,evaluator_minilm__evaluator_mpnet,"{""encoder_pair"": ""evaluator_minilm__evaluator_mpnet"", ""rank_difference"": ""fbd - mauve_reference"", ""rank_entity_fields"": ""model_id"", ""rank_method"": ""spearman"", ""stratum:factor:corpus"": ""dbpedia"", ""stratum:factor:temperature"": 0.9, ""stratum:factor:top_p"": 0.95, ""stratum:prompt_id"": ""open_news_v1""}",146acd3204ab2feff6b4cbf2616222e21deeb4a889be01d2908e5296d09283c3,fbd_stability_advantage,0.22857142857142876,__meta__,open_news_v1,6,71,complete,__meta__
__none__,evaluator_minilm__evaluator_mpnet,evaluator_minilm__evaluator_mpnet,"{""encoder_pair"": ""evaluator_minilm__evaluator_mpnet"", ""rank_difference"": ""fbd - mauve_reference"", ""rank_entity_fields"": ""model_id"", ""rank_method"": ""spearman"", ""stratum:factor:corpus"": ""ag_news"", ""stratum:factor:temperature"": 0.3, ""stratum:factor:top_p"": 0.8, ""stratum:prompt_id"": ""open_news_v1""}",5bb75c91a3b23c87e94bb10e837a7709e64fa729b289859d4d46eea0b665bcea,fbd_stability_advantage,-0.05714285714285705,__meta__,open_news_v1,6,71,complete,__meta__
__none__,evaluator_minilm__evaluator_mpnet,evaluator_minilm__evaluator_mpnet,"{""encoder_pair"": ""evaluator_minilm__evaluator_mpnet"", ""rank_difference"": ""fbd - mauve_reference"", ""rank_entity_fields"": ""model_id"", ""rank_method"": ""spearman"", ""stratum:factor:corpus"": ""dbpedia"", ""stratum:factor:temperature"": 0.6, ""stratum:factor:top_p"": 0.95, ""stratum:prompt_id"": ""open_news_v1""}",a9d4a84bc0e1f20014bbcc1cc837e0d80051a2cb8692d2c29f1e3e3dc2721a73,fbd_stability_advantage,0.22857142857142854,__meta__,open_news_v1,6,71,complete,__meta__
__none__,evaluator_minilm__evaluator_mpnet,evaluator_minilm__evaluator_mpnet,"{""encoder_pair"": ""evaluator_minilm__evaluator_mpnet"", ""rank_difference"": ""fbd - mauve_reference"", ""rank_entity_fields"": ""model_id"", ""rank_method"": ""spearman"", ""stratum:factor:corpus"": ""amazon_reviews"", ""stratum:factor:temperature"": 0.3, ""stratum:factor:top_p"": 0.8, ""stratum:prompt_id"": ""open_news_v1""}",3793ed08cfeeccc507abb60951353ce7aa81d5ec156a3098371109b6232547b9,fbd_stability_advantage,0.20724478493651843,__meta__,open_news_v1,6,71,complete,__meta__
__none__,evaluator_minilm__evaluator_mpnet,evaluator_minilm__evaluator_mpnet,"{""encoder_pair"": ""evaluator_minilm__evaluator_mpnet"", ""rank_difference"": ""fbd - mauve_reference"", ""rank_entity_fields"": ""model_id"", ""rank_method"": ""spearman"", ""stratum:factor:corpus"": ""ag_news"", ""stratum:factor:temperature"": 0.6, ""stratum:factor:top_p"": 0.8, ""stratum:prompt_id"": ""open_news_v1""}",4651f8e092682a90431c41b897ff80e44ae8a49ab6dced9bbd966d98170b3731,fbd_stability_advantage,0.4,__meta__,open_news_v1,6,71,complete,__meta__
__none__,evaluator_minilm__evaluator_mpnet,evaluator_minilm__evaluator_mpnet,"{""encoder_pair"": ""evaluator_minilm__evaluator_mpnet"", ""rank_difference"": ""fbd - mauve_reference"", ""rank_entity_fields"": ""model_id"", ""rank_method"": ""spearman"", ""stratum:factor:corpus"": ""imdb_reviews"", ""stratum:factor:temperature"": 0.6, ""stratum:factor:top_p"": 0.8, ""stratum:prompt_id"": ""open_news_v1""}",77ad71afdaffd7834f53005bad0a116ea75b0acaa1be68457f55d72661c171ca,fbd_stability_advantage,0.7428571428571429,__meta__,open_news_v1,6,71,complete,__meta__
__none__,evaluator_minilm__evaluator_mpnet,evaluator_minilm__evaluator_mpnet,"{""encoder_pair"": ""evaluator_minilm__evaluator_mpnet"", ""rank_difference"": ""fbd - mauve_reference"", ""rank_entity_fields"": ""model_id"", ""rank_method"": ""spearman"", ""stratum:factor:corpus"": ""amazon_reviews"", ""stratum:factor:temperature"": 0.9, ""stratum:factor:top_p"": 0.8, ""stratum:prompt_id"": ""open_news_v1""}",4ba727b9cd422260fa79b44dbc5a30777387d9e3c758acee2a22444559a4e4fc,fbd_stability_advantage,0.11428571428571421,__meta__,open_news_v1,6,71,complete,__meta__
__none__,evaluator_minilm__evaluator_mpnet,evaluator_minilm__evaluator_mpnet,"{""encoder_pair"": ""evaluator_minilm__evaluator_mpnet"", ""rank_difference"": ""fbd - mauve_reference"", ""rank_entity_fields"": ""model_id"", ""rank_method"": ""spearman"", ""stratum:factor:corpus"": ""imdb_reviews"", ""stratum:factor:temperature"": 0.9, ""stratum:factor:top_p"": 0.8, ""stratum:prompt_id"": ""open_news_v1""}",6bd36bc79f2e808228e9428404b12d8b5c13732783517196f62780eaaacbddce,fbd_stability_advantage,0.4,__meta__,open_news_v1,6,71,complete,__meta__
__none__,evaluator_minilm__evaluator_mpnet,evaluator_minilm__evaluator_mpnet,"{""encoder_pair"": ""evaluator_minilm__evaluator_mpnet"", ""rank_difference"": ""fbd - mauve_reference"", ""rank_entity_fields"": ""model_id"", ""rank_method"": ""spearman"", ""stratum:factor:corpus"": ""ag_news"", ""stratum:factor:temperature"": 0.6, ""stratum:factor:top_p"": 0.95, ""stratum:prompt_id"": ""open_news_v1""}",826f65a9c4f55d4b8e5adffd824e09b98427a5ea8f234e8974e61216e8baedae,fbd_stability_advantage,0.05714285714285705,__meta__,open_news_v1,6,71,complete,__meta__
__none__,evaluator_minilm__evaluator_mpnet,evaluator_minilm__evaluator_mpnet,"{""encoder_pair"": ""evaluator_minilm__evaluator_mpnet"", ""rank_difference"": ""fbd - mauve_reference"", ""rank_entity_fields"": ""model_id"", ""rank_method"": ""spearman"", ""stratum:factor:corpus"": ""ag_news"", ""stratum:factor:temperature"": 0.9, ""stratum:factor:top_p"": 0.8, ""stratum:prompt_id"": ""open_news_v1""}",7ae415384f2cde1339c39ad4e9058133bd36054e4b63c2e02bb921f4b02eaf65,fbd_stability_advantage,0.22857142857142854,__meta__,open_news_v1,6,71,complete,__meta__
__none__,evaluator_minilm__evaluator_mpnet,evaluator_minilm__evaluator_mpnet,"{""encoder_pair"": ""evaluator_minilm__evaluator_mpnet"", ""rank_difference"": ""fbd - mauve_reference"", ""rank_entity_fields"": ""model_id"", ""rank_method"": ""spearman"", ""stratum:factor:corpus"": ""dbpedia"", ""stratum:factor:temperature"": 0.3, ""stratum:factor:top_p"": 0.95, ""stratum:prompt_id"": ""open_news_v1""}",1a9c2250bb6391e72d68e915fe834d01dc9b9c4a44e7e965e4089b4052472ada,fbd_stability_advantage,0.8000000000000002,__meta__,open_news_v1,6,71,complete,__meta__
__none__,evaluator_minilm__evaluator_mpnet,evaluator_minilm__evaluator_mpnet,"{""encoder_pair"": ""evaluator_minilm__evaluator_mpnet"", ""rank_difference"": ""fbd - mauve_reference"", ""rank_entity_fields"": ""model_id"", ""rank_method"": ""spearman"", ""stratum:factor:corpus"": ""amazon_reviews"", ""stratum:factor:temperature"": 0.3, ""stratum:factor:top_p"": 0.95, ""stratum:prompt_id"": ""open_news_v1""}",2be868692b5cd0f5f73b3d12a76b8b093103ba3041c45ccb6c75bf0b43841574,fbd_stability_advantage,0.4782060679127964,__meta__,open_news_v1,6,71,complete,__meta__
__none__,evaluator_minilm__evaluator_mpnet,evaluator_minilm__evaluator_mpnet,"{""encoder_pair"": ""evaluator_minilm__evaluator_mpnet"", ""rank_difference"": ""fbd - mauve_reference"", ""rank_entity_fields"": ""model_id"", ""rank_method"": ""spearman"", ""stratum:factor:corpus"": ""yahoo_answers"", ""stratum:factor:temperature"": 0.9, ""stratum:factor:top_p"": 0.95, ""stratum:prompt_id"": ""open_news_v1""}",2a4308d46f67b10e0814a5285e178053cb86dd12a6708c1c1ffda95ee90bf861,fbd_stability_advantage,-0.22857142857142854,__meta__,open_news_v1,6,71,complete,__meta__
__none__,evaluator_minilm__evaluator_mpnet,evaluator_minilm__evaluator_mpnet,"{""encoder_pair"": ""evaluator_minilm__evaluator_mpnet"", ""rank_difference"": ""fbd - mauve_reference"", ""rank_entity_fields"": ""model_id"", ""rank_method"": ""spearman"", ""stratum:factor:corpus"": ""yahoo_answers"", ""stratum:factor:temperature"": 0.3, ""stratum:factor:top_p"": 0.95, ""stratum:prompt_id"": ""open_news_v1""}",630420255d968e0e584a5dd7656418f52010cce4c25e793fe7815b979c30f893,fbd_stability_advantage,-0.15620508561534607,__meta__,open_news_v1,6,71,complete,__meta__
__none__,evaluator_minilm__evaluator_mpnet,evaluator_minilm__evaluator_mpnet,"{""encoder_pair"": ""evaluator_minilm__evaluator_mpnet"", ""rank_difference"": ""fbd - mauve_reference"", ""rank_entity_fields"": ""model_id"", ""rank_method"": ""spearman"", ""stratum:factor:corpus"": ""ag_news"", ""stratum:factor:temperature"": 0.9, ""stratum:factor:top_p"": 0.95, ""stratum:prompt_id"": ""open_news_v1""}",a3f1b156b6e376f48675084d9dbe08767cfe18d4a3fac604fb3165b1e08a44e3,fbd_stability_advantage,0.0,__meta__,open_news_v1,6,71,complete,__meta__
__none__,evaluator_minilm__evaluator_mpnet,evaluator_minilm__evaluator_mpnet,"{""encoder_pair"": ""evaluator_minilm__evaluator_mpnet"", ""rank_difference"": ""fbd - mauve_reference"", ""rank_entity_fields"": ""model_id"", ""rank_method"": ""spearman"", ""stratum:factor:corpus"": ""imdb_reviews"", ""stratum:factor:temperature"": 0.9, ""stratum:factor:top_p"": 0.95, ""stratum:prompt_id"": ""open_news_v1""}",03a1d232c3619051f4517960f74ba0fba19c96cd91e6068f018849475c0683e0,fbd_stability_advantage,1.3714285714285714,__meta__,open_news_v1,6,71,complete,__meta__
__none__,evaluator_minilm__evaluator_mpnet,evaluator_minilm__evaluator_mpnet,"{""encoder_pair"": ""evaluator_minilm__evaluator_mpnet"", ""rank_difference"": ""fbd - mauve_reference"", ""rank_entity_fields"": ""model_id"", ""rank_method"": ""spearman"", ""stratum:factor:corpus"": ""dbpedia"", ""stratum:factor:temperature"": 0.3, ""stratum:factor:top_p"": 0.8, ""stratum:prompt_id"": ""open_news_v1""}",ef19443036984f65b1bd760181ad3870a0b607f0e755c05eacbe6bff9e95f6e9,fbd_stability_advantage,0.3998249657151567,__meta__,open_news_v1,6,71,complete,__meta__
__none__,evaluator_minilm__evaluator_mpnet,evaluator_minilm__evaluator_mpnet,"{""encoder_pair"": ""evaluator_minilm__evaluator_mpnet"", ""rank_difference"": ""fbd - mauve_reference"", ""rank_entity_fields"": ""model_id"", ""rank_method"": ""spearman"", ""stratum:factor:corpus"": ""imdb_reviews"", ""stratum:factor:temperature"": 0.3, ""stratum:factor:top_p"": 0.8, ""stratum:prompt_id"": ""open_news_v1""}",3037177f9b8e1488024f1765b0f0b6f7c3857d63b773a957e35fe7b38558bdb2,fbd_stability_advantage,0.045136289367769034,__meta__,open_news_v1,6,71,complete,__meta__
__none__,evaluator_minilm__evaluator_mpnet,evaluator_minilm__evaluator_mpnet,"{""encoder_pair"": ""evaluator_minilm__evaluator_mpnet"", ""rank_difference"": ""fbd - mauve_reference"", ""rank_entity_fields"": ""model_id"", ""rank_method"": ""spearman"", ""stratum:factor:corpus"": ""dbpedia"", ""stratum:factor:temperature"": 0.6, ""stratum:factor:top_p"": 0.8, ""stratum:prompt_id"": ""open_news_v1""}",a90358cd0e356805d4b7864c1d73a894cd681b7d1ed8ca9229a119d2f066500f,fbd_stability_advantage,-0.11428571428571432,__meta__,open_news_v1,6,83,complete,__meta__
__none__,evaluator_minilm__evaluator_mpnet,evaluator_minilm__evaluator_mpnet,"{""encoder_pair"": ""evaluator_minilm__evaluator_mpnet"", ""rank_difference"": ""fbd - mauve_reference"", ""rank_entity_fields"": ""model_id"", ""rank_method"": ""spearman"", ""stratum:factor:corpus"": ""yahoo_answers"", ""stratum:factor:temperature"": 0.3, ""stratum:factor:top_p"": 0.8, ""stratum:prompt_id"": ""open_news_v1""}",05f130d4e3bfdb490cb4c4e9268ed8bd0f39a9bc44625d64e572998830861a0c,fbd_stability_advantage,0.8157287976243973,__meta__,open_news_v1,6,83,complete,__meta__
__none__,evaluator_minilm__evaluator_mpnet,evaluator_minilm__evaluator_mpnet,"{""encoder_pair"": ""evaluator_minilm__evaluator_mpnet"", ""rank_difference"": ""fbd - mauve_reference"", ""rank_entity_fields"": ""model_id"", ""rank_method"": ""spearman"", ""stratum:factor:corpus"": ""yahoo_answers"", ""stratum:factor:temperature"": 0.6, ""stratum:factor:top_p"": 0.8, ""stratum:prompt_id"": ""open_news_v1""}",47b22db7dd59743e329421b2d5ca3d864dcda530a0ac2dc76378a7f3753471d0,fbd_stability_advantage,0.0,__meta__,open_news_v1,6,83,complete,__meta__
__none__,evaluator_minilm__evaluator_mpnet,evaluator_minilm__evaluator_mpnet,"{""encoder_pair"": ""evaluator_minilm__evaluator_mpnet"", ""rank_difference"": ""fbd - mauve_reference"", ""rank_entity_fields"": ""model_id"", ""rank_method"": ""spearman"", ""stratum:factor:corpus"": ""yahoo_answers"", ""stratum:factor:temperature"": 0.9, ""stratum:factor:top_p"": 0.8, ""stratum:prompt_id"": ""open_news_v1""}",96bab20cd2c83b9aa179a5f2cfe4d82aa5ce3d8cc32d0325db2fefac7bcf5c1c,fbd_stability_advantage,0.05714285714285705,__meta__,open_news_v1,6,83,complete,__meta__
__none__,evaluator_minilm__evaluator_mpnet,evaluator_minilm__evaluator_mpnet,"{""encoder_pair"": ""evaluator_minilm__evaluator_mpnet"", ""rank_difference"": ""fbd - mauve_reference"", ""rank_entity_fields"": ""model_id"", ""rank_method"": ""spearman"", ""stratum:factor:corpus"": ""imdb_reviews"", ""stratum:factor:temperature"": 0.3, ""stratum:factor:top_p"": 0.95, ""stratum:prompt_id"": ""open_news_v1""}",82349d090ca9f5e40769f8e7a8295afe1157aa41bcb99eee42b01e4470bcb4c3,fbd_stability_advantage,0.40000000000000013,__meta__,open_news_v1,6,83,complete,__meta__
__none__,evaluator_minilm__evaluator_mpnet,evaluator_minilm__evaluator_mpnet,"{""encoder_pair"": ""evaluator_minilm__evaluator_mpnet"", ""rank_difference"": ""fbd - mauve_reference"", ""rank_entity_fields"": ""model_id"", ""rank_method"": ""spearman"", ""stratum:factor:corpus"": ""ag_news"", ""stratum:factor:temperature"": 0.3, ""stratum:factor:top_p"": 0.95, ""stratum:prompt_id"": ""open_news_v1""}",82f350a2d6806b99c5fce78ad85ad175b89c8f42b20bb67f6af8ade1a6ffd6fa,fbd_stability_advantage,0.05714285714285705,__meta__,open_news_v1,6,83,complete,__meta__
__none__,evaluator_minilm__evaluator_mpnet,evaluator_minilm__evaluator_mpnet,"{""encoder_pair"": ""evaluator_minilm__evaluator_mpnet"", ""rank_difference"": ""fbd - mauve_reference"", ""rank_entity_fields"": ""model_id"", ""rank_method"": ""spearman"", ""stratum:factor:corpus"": ""amazon_reviews"", ""stratum:factor:temperature"": 0.9, ""stratum:factor:top_p"": 0.95, ""stratum:prompt_id"": ""open_news_v1""}",b9735f03446d62e36cc482f343b6cf0ba8dc4893f76658b56758407e8e7911c9,fbd_stability_advantage,0.0,__meta__,open_news_v1,6,83,complete,__meta__
__none__,evaluator_minilm__evaluator_mpnet,evaluator_minilm__evaluator_mpnet,"{""encoder_pair"": ""evaluator_minilm__evaluator_mpnet"", ""rank_difference"": ""fbd - mauve_reference"", ""rank_entity_fields"": ""model_id"", ""rank_method"": ""spearman"", ""stratum:factor:corpus"": ""amazon_reviews"", ""stratum:factor:temperature"": 0.6, ""stratum:factor:top_p"": 0.8, ""stratum:prompt_id"": ""open_news_v1""}",54cfe33825f152fbd9a292fd7a779e0b5d945285e0de76e04e5b22bc5e7be25e,fbd_stability_advantage,0.8,__meta__,open_news_v1,6,83,complete,__meta__
__none__,evaluator_minilm__evaluator_mpnet,evaluator_minilm__evaluator_mpnet,"{""encoder_pair"": ""evaluator_minilm__evaluator_mpnet"", ""rank_difference"": ""fbd - mauve_reference"", ""rank_entity_fields"": ""model_id"", ""rank_method"": ""spearman"", ""stratum:factor:corpus"": ""yahoo_answers"", ""stratum:factor:temperature"": 0.6, ""stratum:factor:top_p"": 0.95, ""stratum:prompt_id"": ""open_news_v1""}",ec232b88631aee19b02b5e6d983ee7d082d8e4dd128a00cae6445e0f2219b78c,fbd_stability_advantage,0.11428571428571421,__meta__,open_news_v1,6,83,complete,__meta__
__none__,evaluator_minilm__evaluator_mpnet,evaluator_minilm__evaluator_mpnet,"{""encoder_pair"": ""evaluator_minilm__evaluator_mpnet"", ""rank_difference"": ""fbd - mauve_reference"", ""rank_entity_fields"": ""model_id"", ""rank_method"": ""spearman"", ""stratum:factor:corpus"": ""dbpedia"", ""stratum:factor:temperature"": 0.9, ""stratum:factor:top_p"": 0.8, ""stratum:prompt_id"": ""open_news_v1""}",919390024ac751c295389701040ba1e2774259261fc3039664aa1871c1e20da8,fbd_stability_advantage,0.6857142857142858,__meta__,open_news_v1,6,83,complete,__meta__
__none__,evaluator_minilm__evaluator_mpnet,evaluator_minilm__evaluator_mpnet,"{""encoder_pair"": ""evaluator_minilm__evaluator_mpnet"", ""rank_difference"": ""fbd - mauve_reference"", ""rank_entity_fields"": ""model_id"", ""rank_method"": ""spearman"", ""stratum:factor:corpus"": ""imdb_reviews"", ""stratum:factor:temperature"": 0.6, ""stratum:factor:top_p"": 0.95, ""stratum:prompt_id"": ""open_news_v1""}",0c5312353d2ca44893049a97d7422be4f3f1ee32c9d545cfb0f8951a08a652bb,fbd_stability_advantage,0.6285714285714287,__meta__,open_news_v1,6,83,complete,__meta__
__none__,evaluator_minilm__evaluator_mpnet,evaluator_minilm__evaluator_mpnet,"{""encoder_pair"": ""evaluator_minilm__evaluator_mpnet"", ""rank_difference"": ""fbd - mauve_reference"", ""rank_entity_fields"": ""model_id"", ""rank_method"": ""spearman"", ""stratum:factor:corpus"": ""amazon_reviews"", ""stratum:factor:temperature"": 0.6, ""stratum:factor:top_p"": 0.95, ""stratum:prompt_id"": ""open_news_v1""}",293ceadc0e504163d14b547136b80ec6ed3cbc7452ab80c4b66f30cb1500fe4c,fbd_stability_advantage,0.11428571428571421,__meta__,open_news_v1,6,83,complete,__meta__
__none__,evaluator_minilm__evaluator_mpnet,evaluator_minilm__evaluator_mpnet,"{""encoder_pair"": ""evaluator_minilm__evaluator_mpnet"", ""rank_difference"": ""fbd - mauve_reference"", ""rank_entity_fields"": ""model_id"", ""rank_method"": ""spearman"", ""stratum:factor:corpus"": ""dbpedia"", ""stratum:factor:temperature"": 0.9, ""stratum:factor:top_p"": 0.95, ""stratum:prompt_id"": ""open_news_v1""}",13d9216fc5e7696242b1efe6509d6a9d6e1811370e1efb4a72b1723a1308d286,fbd_stability_advantage,0.34285714285714275,__meta__,open_news_v1,6,83,complete,__meta__
__none__,evaluator_minilm__evaluator_mpnet,evaluator_minilm__evaluator_mpnet,"{""encoder_pair"": ""evaluator_minilm__evaluator_mpnet"", ""rank_difference"": ""fbd - mauve_reference"", ""rank_entity_fields"": ""model_id"", ""rank_method"": ""spearman"", ""stratum:factor:corpus"": ""ag_news"", ""stratum:factor:temperature"": 0.3, ""stratum:factor:top_p"": 0.8, ""stratum:prompt_id"": ""open_news_v1""}",7beeac8dba57c6407e7a0527175b87ed0507533bec32597a715494ea644b4096,fbd_stability_advantage,0.17142857142857149,__meta__,open_news_v1,6,83,complete,__meta__
__none__,evaluator_minilm__evaluator_mpnet,evaluator_minilm__evaluator_mpnet,"{""encoder_pair"": ""evaluator_minilm__evaluator_mpnet"", ""rank_difference"": ""fbd - mauve_reference"", ""rank_entity_fields"": ""model_id"", ""rank_method"": ""spearman"", ""stratum:factor:corpus"": ""dbpedia"", ""stratum:factor:temperature"": 0.6, ""stratum:factor:top_p"": 0.95, ""stratum:prompt_id"": ""open_news_v1""}",adec7fab5b1cf808eeaa84dec7aa01884df4bb225fc2256442aa4b2b05d33c37,fbd_stability_advantage,0.0,__meta__,open_news_v1,6,83,complete,__meta__
__none__,evaluator_minilm__evaluator_mpnet,evaluator_minilm__evaluator_mpnet,"{""encoder_pair"": ""evaluator_minilm__evaluator_mpnet"", ""rank_difference"": ""fbd - mauve_reference"", ""rank_entity_fields"": ""model_id"", ""rank_method"": ""spearman"", ""stratum:factor:corpus"": ""amazon_reviews"", ""stratum:factor:temperature"": 0.3, ""stratum:factor:top_p"": 0.8, ""stratum:prompt_id"": ""open_news_v1""}",3f57fa10ef1032256be26e5efa4567bea607cccc38f3e39ffaa56db18a2d498a,fbd_stability_advantage,0.028991687544775546,__meta__,open_news_v1,6,83,complete,__meta__
__none__,evaluator_minilm__evaluator_mpnet,evaluator_minilm__evaluator_mpnet,"{""encoder_pair"": ""evaluator_minilm__evaluator_mpnet"", ""rank_difference"": ""fbd - mauve_reference"", ""rank_entity_fields"": ""model_id"", ""rank_method"": ""spearman"", ""stratum:factor:corpus"": ""ag_news"", ""stratum:factor:temperature"": 0.6, ""stratum:factor:top_p"": 0.8, ""stratum:prompt_id"": ""open_news_v1""}",7ed57a4845fd62cfabcb598e4a3e379375da0bb293d9cf6e2eee96b09a86eb71,fbd_stability_advantage,0.11428571428571421,__meta__,open_news_v1,6,83,complete,__meta__
__none__,evaluator_minilm__evaluator_mpnet,evaluator_minilm__evaluator_mpnet,"{""encoder_pair"": ""evaluator_minilm__evaluator_mpnet"", ""rank_difference"": ""fbd - mauve_reference"", ""rank_entity_fields"": ""model_id"", ""rank_method"": ""spearman"", ""stratum:factor:corpus"": ""imdb_reviews"", ""stratum:factor:temperature"": 0.6, ""stratum:factor:top_p"": 0.8, ""stratum:prompt_id"": ""open_news_v1""}",9f7b7d8c39fa6d93cded45aab59a415b49037f9fe69524e89babfc993e3e9f0b,fbd_stability_advantage,-0.05714285714285705,__meta__,open_news_v1,6,83,complete,__meta__
__none__,evaluator_minilm__evaluator_mpnet,evaluator_minilm__evaluator_mpnet,"{""encoder_pair"": ""evaluator_minilm__evaluator_mpnet"", ""rank_difference"": ""fbd - mauve_reference"", ""rank_entity_fields"": ""model_id"", ""rank_method"": ""spearman"", ""stratum:factor:corpus"": ""amazon_reviews"", ""stratum:factor:temperature"": 0.9, ""stratum:factor:top_p"": 0.8, ""stratum:prompt_id"": ""open_news_v1""}",e570b617519652812ee9e3b6c82e85fa90e5ba2af61e04789877fae89d9a1bba,fbd_stability_advantage,0.6285714285714286,__meta__,open_news_v1,6,83,complete,__meta__
__none__,evaluator_minilm__evaluator_mpnet,evaluator_minilm__evaluator_mpnet,"{""encoder_pair"": ""evaluator_minilm__evaluator_mpnet"", ""rank_difference"": ""fbd - mauve_reference"", ""rank_entity_fields"": ""model_id"", ""rank_method"": ""spearman"", ""stratum:factor:corpus"": ""imdb_reviews"", ""stratum:factor:temperature"": 0.9, ""stratum:factor:top_p"": 0.8, ""stratum:prompt_id"": ""open_news_v1""}",722844933ad906de043551b5ddd1a3b1cd10f442b4b40c42585f49604982d21a,fbd_stability_advantage,0.17142857142857149,__meta__,open_news_v1,6,83,complete,__meta__
__none__,evaluator_minilm__evaluator_mpnet,evaluator_minilm__evaluator_mpnet,"{""encoder_pair"": ""evaluator_minilm__evaluator_mpnet"", ""rank_difference"": ""fbd - mauve_reference"", ""rank_entity_fields"": ""model_id"", ""rank_method"": ""spearman"", ""stratum:factor:corpus"": ""ag_news"", ""stratum:factor:temperature"": 0.6, ""stratum:factor:top_p"": 0.95, ""stratum:prompt_id"": ""open_news_v1""}",ce126943a9208210c198fa1510fee5c2dfee2a1dbfc5528f6c678aa79556d52c,fbd_stability_advantage,0.11428571428571421,__meta__,open_news_v1,6,83,complete,__meta__
__none__,evaluator_minilm__evaluator_mpnet,evaluator_minilm__evaluator_mpnet,"{""encoder_pair"": ""evaluator_minilm__evaluator_mpnet"", ""rank_difference"": ""fbd - mauve_reference"", ""rank_entity_fields"": ""model_id"", ""rank_method"": ""spearman"", ""stratum:factor:corpus"": ""ag_news"", ""stratum:factor:temperature"": 0.9, ""stratum:factor:top_p"": 0.8, ""stratum:prompt_id"": ""open_news_v1""}",72bdaebd9ac409ed91c29e124d0cac14ff18544fa1ffcced1f788991f08ada9d,fbd_stability_advantage,0.05714285714285716,__meta__,open_news_v1,6,83,complete,__meta__
__none__,evaluator_minilm__evaluator_mpnet,evaluator_minilm__evaluator_mpnet,"{""encoder_pair"": ""evaluator_minilm__evaluator_mpnet"", ""rank_difference"": ""fbd - mauve_reference"", ""rank_entity_fields"": ""model_id"", ""rank_method"": ""spearman"", ""stratum:factor:corpus"": ""dbpedia"", ""stratum:factor:temperature"": 0.3, ""stratum:factor:top_p"": 0.95, ""stratum:prompt_id"": ""open_news_v1""}",cbb351c2edc720c512b0387798de329082d4c1805edd1fe3eb7bf6593cdf4421,fbd_stability_advantage,0.0,__meta__,open_news_v1,6,83,complete,__meta__
__none__,evaluator_minilm__evaluator_mpnet,evaluator_minilm__evaluator_mpnet,"{""encoder_pair"": ""evaluator_minilm__evaluator_mpnet"", ""rank_difference"": ""fbd - mauve_reference"", ""rank_entity_fields"": ""model_id"", ""rank_method"": ""spearman"", ""stratum:factor:corpus"": ""amazon_reviews"", ""stratum:factor:temperature"": 0.3, ""stratum:factor:top_p"": 0.95, ""stratum:prompt_id"": ""open_news_v1""}",548c56cff3afd383a5a3b4cbfd493a2230bb0925131777d1c8325f049a4677cc,fbd_stability_advantage,0.6285714285714286,__meta__,open_news_v1,6,83,complete,__meta__
__none__,evaluator_minilm__evaluator_mpnet,evaluator_minilm__evaluator_mpnet,"{""encoder_pair"": ""evaluator_minilm__evaluator_mpnet"", ""rank_difference"": ""fbd - mauve_reference"", ""rank_entity_fields"": ""model_id"", ""rank_method"": ""spearman"", ""stratum:factor:corpus"": ""yahoo_answers"", ""stratum:factor:temperature"": 0.9, ""stratum:factor:top_p"": 0.95, ""stratum:prompt_id"": ""open_news_v1""}",7b7f85680b5b32b1a66f576bcf5576fa49efcc15c5ac3ab5880026fac6e4dc9d,fbd_stability_advantage,0.05714285714285705,__meta__,open_news_v1,6,83,complete,__meta__
__none__,evaluator_minilm__evaluator_mpnet,evaluator_minilm__evaluator_mpnet,"{""encoder_pair"": ""evaluator_minilm__evaluator_mpnet"", ""rank_difference"": ""fbd - mauve_reference"", ""rank_entity_fields"": ""model_id"", ""rank_method"": ""spearman"", ""stratum:factor:corpus"": ""yahoo_answers"", ""stratum:factor:temperature"": 0.3, ""stratum:factor:top_p"": 0.95, ""stratum:prompt_id"": ""open_news_v1""}",9e7a2ba5dea658b6074b6943b2f57fe654cb67011e282c1c91ea96a1b24542e6,fbd_stability_advantage,-0.15703933203773368,__meta__,open_news_v1,6,83,complete,__meta__
__none__,evaluator_minilm__evaluator_mpnet,evaluator_minilm__evaluator_mpnet,"{""encoder_pair"": ""evaluator_minilm__evaluator_mpnet"", ""rank_difference"": ""fbd - mauve_reference"", ""rank_entity_fields"": ""model_id"", ""rank_method"": ""spearman"", ""stratum:factor:corpus"": ""ag_news"", ""stratum:factor:temperature"": 0.9, ""stratum:factor:top_p"": 0.95, ""stratum:prompt_id"": ""open_news_v1""}",b17dd103c306c753aaf86d13424e97c6435548a944014d30aa34c131272a6f13,fbd_stability_advantage,0.05714285714285705,__meta__,open_news_v1,6,83,complete,__meta__
__none__,evaluator_minilm__evaluator_mpnet,evaluator_minilm__evaluator_mpnet,"{""encoder_pair"": ""evaluator_minilm__evaluator_mpnet"", ""rank_difference"": ""fbd - mauve_reference"", ""rank_entity_fields"": ""model_id"", ""rank_method"": ""spearman"", ""stratum:factor:corpus"": ""imdb_reviews"", ""stratum:factor:temperature"": 0.9, ""stratum:factor:top_p"": 0.95, ""stratum:prompt_id"": ""open_news_v1""}",5bd205711063cf3d65e61bd70d8c3a185a49715e075782515f73c5d4ea6eb539,fbd_stability_advantage,0.34285714285714297,__meta__,open_news_v1,6,83,complete,__meta__
__none__,evaluator_minilm__evaluator_mpnet,evaluator_minilm__evaluator_mpnet,"{""encoder_pair"": ""evaluator_minilm__evaluator_mpnet"", ""rank_difference"": ""fbd - mauve_reference"", ""rank_entity_fields"": ""model_id"", ""rank_method"": ""spearman"", ""stratum:factor:corpus"": ""dbpedia"", ""stratum:factor:temperature"": 0.3, ""stratum:factor:top_p"": 0.8, ""stratum:prompt_id"": ""open_news_v1""}",a1b550ab9f77980813cc13d109cf435a6605227ec7e504077957c592eb83b013,fbd_stability_advantage,1.1396569369905563,__meta__,open_news_v1,6,83,complete,__meta__
__none__,evaluator_minilm__evaluator_mpnet,evaluator_minilm__evaluator_mpnet,"{""encoder_pair"": ""evaluator_minilm__evaluator_mpnet"", ""rank_difference"": ""fbd - mauve_reference"", ""rank_entity_fields"": ""model_id"", ""rank_method"": ""spearman"", ""stratum:factor:corpus"": ""imdb_reviews"", ""stratum:factor:temperature"": 0.3, ""stratum:factor:top_p"": 0.8, ""stratum:prompt_id"": ""open_news_v1""}",a3bd19b2656d5b4b470ce30ec3c054f413ab9e16c5ce466758cc653c11387739,fbd_stability_advantage,0.007373271889400845,__meta__,open_news_v1,6,83,complete,__meta__
__none__,evaluator_minilm__evaluator_mpnet,evaluator_minilm__evaluator_mpnet,"{""encoder_pair"": ""evaluator_minilm__evaluator_mpnet"", ""rank_difference"": ""fbd - mauve_reference"", ""rank_entity_fields"": ""model_id"", ""rank_method"": ""spearman"", ""stratum:factor:corpus"": ""dbpedia"", ""stratum:factor:temperature"": 0.6, ""stratum:factor:top_p"": 0.8, ""stratum:prompt_id"": ""open_news_v1""}",8d0c7076042e53bcf2c814c4c6426a486a28c0d80ef6f2897fbbc8fd3c480f4b,fbd_stability_advantage,0.0,__meta__,open_news_v1,6,97,complete,__meta__
__none__,evaluator_minilm__evaluator_mpnet,evaluator_minilm__evaluator_mpnet,"{""encoder_pair"": ""evaluator_minilm__evaluator_mpnet"", ""rank_difference"": ""fbd - mauve_reference"", ""rank_entity_fields"": ""model_id"", ""rank_method"": ""spearman"", ""stratum:factor:corpus"": ""yahoo_answers"", ""stratum:factor:temperature"": 0.3, ""stratum:factor:top_p"": 0.8, ""stratum:prompt_id"": ""open_news_v1""}",c2855752decdd531ba2c64a0f5315cb73f81a70308b58987cff39ffc7ad669b4,fbd_stability_advantage,1.0147058823529411,__meta__,open_news_v1,6,97,complete,__meta__
__none__,evaluator_minilm__evaluator_mpnet,evaluator_minilm__evaluator_mpnet,"{""encoder_pair"": ""evaluator_minilm__evaluator_mpnet"", ""rank_difference"": ""fbd - mauve_reference"", ""rank_entity_fields"": ""model_id"", ""rank_method"": ""spearman"", ""stratum:factor:corpus"": ""yahoo_answers"", ""stratum:factor:temperature"": 0.6, ""stratum:factor:top_p"": 0.8, ""stratum:prompt_id"": ""open_news_v1""}",894145ea607b2883da7ac5c7149bf0703dbfae6206149d3e534dd0ec3767b16f,fbd_stability_advantage,0.22857142857142865,__meta__,open_news_v1,6,97,complete,__meta__
__none__,evaluator_minilm__evaluator_mpnet,evaluator_minilm__evaluator_mpnet,"{""encoder_pair"": ""evaluator_minilm__evaluator_mpnet"", ""rank_difference"": ""fbd - mauve_reference"", ""rank_entity_fields"": ""model_id"", ""rank_method"": ""spearman"", ""stratum:factor:corpus"": ""yahoo_answers"", ""stratum:factor:temperature"": 0.9, ""stratum:factor:top_p"": 0.8, ""stratum:prompt_id"": ""open_news_v1""}",7d09d8f69a39b23261388396dd7ea111a25ee74121a6deba359044b1678bda9d,fbd_stability_advantage,-0.05714285714285705,__meta__,open_news_v1,6,97,complete,__meta__
__none__,evaluator_minilm__evaluator_mpnet,evaluator_minilm__evaluator_mpnet,"{""encoder_pair"": ""evaluator_minilm__evaluator_mpnet"", ""rank_difference"": ""fbd - mauve_reference"", ""rank_entity_fields"": ""model_id"", ""rank_method"": ""spearman"", ""stratum:factor:corpus"": ""imdb_reviews"", ""stratum:factor:temperature"": 0.3, ""stratum:factor:top_p"": 0.95, ""stratum:prompt_id"": ""open_news_v1""}",4251ed079ebca6db2d699fddd6abdfb5a333717d338c2c9541e2f7b86f0e1444,fbd_stability_advantage,0.22857142857142876,__meta__,open_news_v1,6,97,complete,__meta__
__none__,evaluator_minilm__evaluator_mpnet,evaluator_minilm__evaluator_mpnet,"{""encoder_pair"": ""evaluator_minilm__evaluator_mpnet"", ""rank_difference"": ""fbd - mauve_reference"", ""rank_entity_fields"": ""model_id"", ""rank_method"": ""spearman"", ""stratum:factor:corpus"": ""ag_news"", ""stratum:factor:temperature"": 0.3, ""stratum:factor:top_p"": 0.95, ""stratum:prompt_id"": ""open_news_v1""}",f9bc2ba64f0b0934b8706b0ba0f0ba41af857b7d015d8a45985fc063ac53dc43,fbd_stability_advantage,0.11428571428571421,__meta__,open_news_v1,6,97,complete,__meta__
__none__,evaluator_minilm__evaluator_mpnet,evaluator_minilm__evaluator_mpnet,"{""encoder_pair"": ""evaluator_minilm__evaluator_mpnet"", ""rank_difference"": ""fbd - mauve_reference"", ""rank_entity_fields"": ""model_id"", ""rank_method"": ""spearman"", ""stratum:factor:corpus"": ""amazon_reviews"", ""stratum:factor:temperature"": 0.9, ""stratum:factor:top_p"": 0.95, ""stratum:prompt_id"": ""open_news_v1""}",0cd02b30089fc507a2e89cf083514af3e3b833561ae8bbb59e1dea49725cab1c,fbd_stability_advantage,0.4571428571428571,__meta__,open_news_v1,6,97,complete,__meta__
__none__,evaluator_minilm__evaluator_mpnet,evaluator_minilm__evaluator_mpnet,"{""encoder_pair"": ""evaluator_minilm__evaluator_mpnet"", ""rank_difference"": ""fbd - mauve_reference"", ""rank_entity_fields"": ""model_id"", ""rank_method"": ""spearman"", ""stratum:factor:corpus"": ""amazon_reviews"", ""stratum:factor:temperature"": 0.6, ""stratum:factor:top_p"": 0.8, ""stratum:prompt_id"": ""open_news_v1""}",8adb986bd81532b17a87f60e52c3998805eb0779cbe0c79a858718033dd850ea,fbd_stability_advantage,0.5142857142857143,__meta__,open_news_v1,6,97,complete,__meta__
__none__,evaluator_minilm__evaluator_mpnet,evaluator_minilm__evaluator_mpnet,"{""encoder_pair"": ""evaluator_minilm__evaluator_mpnet"", ""rank_difference"": ""fbd - mauve_reference"", ""rank_entity_fields"": ""model_id"", ""rank_method"": ""spearman"", ""stratum:factor:corpus"": ""yahoo_answers"", ""stratum:factor:temperature"": 0.6, ""stratum:factor:top_p"": 0.95, ""stratum:prompt_id"": ""open_news_v1""}",d3e1f1fa72275c75b47919187781a31168cd503af23c3f34a976f2ac2f18ca02,fbd_stability_advantage,0.11428571428571421,__meta__,open_news_v1,6,97,complete,__meta__
__none__,evaluator_minilm__evaluator_mpnet,evaluator_minilm__evaluator_mpnet,"{""encoder_pair"": ""evaluator_minilm__evaluator_mpnet"", ""rank_difference"": ""fbd - mauve_reference"", ""rank_entity_fields"": ""model_id"", ""rank_method"": ""spearman"", ""stratum:factor:corpus"": ""dbpedia"", ""stratum:factor:temperature"": 0.9, ""stratum:factor:top_p"": 0.8, ""stratum:prompt_id"": ""open_news_v1""}",c0d3eb2b773b6ccaa4ab3f5e7268b9cbd1aa9fb5a601674284489d544483f380,fbd_stability_advantage,0.0,__meta__,open_news_v1,6,97,complete,__meta__
__none__,evaluator_minilm__evaluator_mpnet,evaluator_minilm__evaluator_mpnet,"{""encoder_pair"": ""evaluator_minilm__evaluator_mpnet"", ""rank_difference"": ""fbd - mauve_reference"", ""rank_entity_fields"": ""model_id"", ""rank_method"": ""spearman"", ""stratum:factor:corpus"": ""imdb_reviews"", ""stratum:factor:temperature"": 0.6, ""stratum:factor:top_p"": 0.95, ""stratum:prompt_id"": ""open_news_v1""}",1dc3972ca4295a02034c73cf2b38773703bf70ca3e601d814e62887d1cf3463e,fbd_stability_advantage,0.17142857142857149,__meta__,open_news_v1,6,97,complete,__meta__
__none__,evaluator_minilm__evaluator_mpnet,evaluator_minilm__evaluator_mpnet,"{""encoder_pair"": ""evaluator_minilm__evaluator_mpnet"", ""rank_difference"": ""fbd - mauve_reference"", ""rank_entity_fields"": ""model_id"", ""rank_method"": ""spearman"", ""stratum:factor:corpus"": ""amazon_reviews"", ""stratum:factor:temperature"": 0.6, ""stratum:factor:top_p"": 0.95, ""stratum:prompt_id"": ""open_news_v1""}",b00270d7d5343f6398abc1a437e1f7ffee87a1766a108a03e12ae6e0f1be9b61,fbd_stability_advantage,0.22857142857142865,__meta__,open_news_v1,6,97,complete,__meta__
__none__,evaluator_minilm__evaluator_mpnet,evaluator_minilm__evaluator_mpnet,"{""encoder_pair"": ""evaluator_minilm__evaluator_mpnet"", ""rank_difference"": ""fbd - mauve_reference"", ""rank_entity_fields"": ""model_id"", ""rank_method"": ""spearman"", ""stratum:factor:corpus"": ""dbpedia"", ""stratum:factor:temperature"": 0.9, ""stratum:factor:top_p"": 0.95, ""stratum:prompt_id"": ""open_news_v1""}",6f5ad7cd6e2de191f90dbaf56628fc1a84d68049e19140aa03d4fe7124a11cef,fbd_stability_advantage,0.11428571428571421,__meta__,open_news_v1,6,97,complete,__meta__
__none__,evaluator_minilm__evaluator_mpnet,evaluator_minilm__evaluator_mpnet,"{""encoder_pair"": ""evaluator_minilm__evaluator_mpnet"", ""rank_difference"": ""fbd - mauve_reference"", ""rank_entity_fields"": ""model_id"", ""rank_method"": ""spearman"", ""stratum:factor:corpus"": ""ag_news"", ""stratum:factor:temperature"": 0.3, ""stratum:factor:top_p"": 0.8, ""stratum:prompt_id"": ""open_news_v1""}",bfb07a35c83301f0e59a9b3794951dfc4cdf68402a0593b854f29ea0df52334d,fbd_stability_advantage,0.05714285714285705,__meta__,open_news_v1,6,97,complete,__meta__
__none__,evaluator_minilm__evaluator_mpnet,evaluator_minilm__evaluator_mpnet,"{""encoder_pair"": ""evaluator_minilm__evaluator_mpnet"", ""rank_difference"": ""fbd - mauve_reference"", ""rank_entity_fields"": ""model_id"", ""rank_method"": ""spearman"", ""stratum:factor:corpus"": ""dbpedia"", ""stratum:factor:temperature"": 0.6, ""stratum:factor:top_p"": 0.95, ""stratum:prompt_id"": ""open_news_v1""}",065ae866522083bf1612b00a5b91d9631327a32faf0d6cbd1d1cf3e4312e0841,fbd_stability_advantage,0.22857142857142854,__meta__,open_news_v1,6,97,complete,__meta__
__none__,evaluator_minilm__evaluator_mpnet,evaluator_minilm__evaluator_mpnet,"{""encoder_pair"": ""evaluator_minilm__evaluator_mpnet"", ""rank_difference"": ""fbd - mauve_reference"", ""rank_entity_fields"": ""model_id"", ""rank_method"": ""spearman"", ""stratum:factor:corpus"": ""amazon_reviews"", ""stratum:factor:temperature"": 0.3, ""stratum:factor:top_p"": 0.8, ""stratum:prompt_id"": ""open_news_v1""}",d9b665baec27bb8250478ddc3751657cf86cc4e4bc3df91aca834980b2fcd48e,fbd_stability_advantage,0.4117647058823529,__meta__,open_news_v1,6,97,complete,__meta__
__none__,evaluator_minilm__evaluator_mpnet,evaluator_minilm__evaluator_mpnet,"{""encoder_pair"": ""evaluator_minilm__evaluator_mpnet"", ""rank_difference"": ""fbd - mauve_reference"", ""rank_entity_fields"": ""model_id"", ""rank_method"": ""spearman"", ""stratum:factor:corpus"": ""ag_news"", ""stratum:factor:temperature"": 0.6, ""stratum:factor:top_p"": 0.8, ""stratum:prompt_id"": ""open_news_v1""}",5998e1bcd2eb32893c09f81d558533955a5771c87a014c63818ed335f34a4572,fbd_stability_advantage,0.6857142857142857,__meta__,open_news_v1,6,97,complete,__meta__
__none__,evaluator_minilm__evaluator_mpnet,evaluator_minilm__evaluator_mpnet,"{""encoder_pair"": ""evaluator_minilm__evaluator_mpnet"", ""rank_difference"": ""fbd - mauve_reference"", ""rank_entity_fields"": ""model_id"", ""rank_method"": ""spearman"", ""stratum:factor:corpus"": ""imdb_reviews"", ""stratum:factor:temperature"": 0.6, ""stratum:factor:top_p"": 0.8, ""stratum:prompt_id"": ""open_news_v1""}",71e74b2e201bf6fb6b922c0965c6d53b93733e062146b5ea085d831e064cd0f3,fbd_stability_advantage,0.11428571428571443,__meta__,open_news_v1,6,97,complete,__meta__
__none__,evaluator_minilm__evaluator_mpnet,evaluator_minilm__evaluator_mpnet,"{""encoder_pair"": ""evaluator_minilm__evaluator_mpnet"", ""rank_difference"": ""fbd - mauve_reference"", ""rank_entity_fields"": ""model_id"", ""rank_method"": ""spearman"", ""stratum:factor:corpus"": ""amazon_reviews"", ""stratum:factor:temperature"": 0.9, ""stratum:factor:top_p"": 0.8, ""stratum:prompt_id"": ""open_news_v1""}",14510add7c3201918c36bc2a697511f81dddac6013d24f227258240922e424d9,fbd_stability_advantage,0.0,__meta__,open_news_v1,6,97,complete,__meta__
__none__,evaluator_minilm__evaluator_mpnet,evaluator_minilm__evaluator_mpnet,"{""encoder_pair"": ""evaluator_minilm__evaluator_mpnet"", ""rank_difference"": ""fbd - mauve_reference"", ""rank_entity_fields"": ""model_id"", ""rank_method"": ""spearman"", ""stratum:factor:corpus"": ""imdb_reviews"", ""stratum:factor:temperature"": 0.9, ""stratum:factor:top_p"": 0.8, ""stratum:prompt_id"": ""open_news_v1""}",1b920514af1bfaec1b5febb74732e151d202739ece85c4da5aee17862d21d633,fbd_stability_advantage,0.4,__meta__,open_news_v1,6,97,complete,__meta__
__none__,evaluator_minilm__evaluator_mpnet,evaluator_minilm__evaluator_mpnet,"{""encoder_pair"": ""evaluator_minilm__evaluator_mpnet"", ""rank_difference"": ""fbd - mauve_reference"", ""rank_entity_fields"": ""model_id"", ""rank_method"": ""spearman"", ""stratum:factor:corpus"": ""ag_news"", ""stratum:factor:temperature"": 0.6, ""stratum:factor:top_p"": 0.95, ""stratum:prompt_id"": ""open_news_v1""}",c019701c1c5ebc736201c3cae2136244ddf07b28339f454268dc5c931da7c367,fbd_stability_advantage,0.0,__meta__,open_news_v1,6,97,complete,__meta__
__none__,evaluator_minilm__evaluator_mpnet,evaluator_minilm__evaluator_mpnet,"{""encoder_pair"": ""evaluator_minilm__evaluator_mpnet"", ""rank_difference"": ""fbd - mauve_reference"", ""rank_entity_fields"": ""model_id"", ""rank_method"": ""spearman"", ""stratum:factor:corpus"": ""ag_news"", ""stratum:factor:temperature"": 0.9, ""stratum:factor:top_p"": 0.8, ""stratum:prompt_id"": ""open_news_v1""}",b3004c08f0e7ab261a2c6102e868efe16960ecb9b80f18122c9ffae8ad2d472c,fbd_stability_advantage,0.17142857142857126,__meta__,open_news_v1,6,97,complete,__meta__
__none__,evaluator_minilm__evaluator_mpnet,evaluator_minilm__evaluator_mpnet,"{""encoder_pair"": ""evaluator_minilm__evaluator_mpnet"", ""rank_difference"": ""fbd - mauve_reference"", ""rank_entity_fields"": ""model_id"", ""rank_method"": ""spearman"", ""stratum:factor:corpus"": ""dbpedia"", ""stratum:factor:temperature"": 0.3, ""stratum:factor:top_p"": 0.95, ""stratum:prompt_id"": ""open_news_v1""}",7c62b250f29cc71c3f3e151747483bf61cb16a1782888086bbe8c9b6549e0f0f,fbd_stability_advantage,0.4,__meta__,open_news_v1,6,97,complete,__meta__
__none__,evaluator_minilm__evaluator_mpnet,evaluator_minilm__evaluator_mpnet,"{""encoder_pair"": ""evaluator_minilm__evaluator_mpnet"", ""rank_difference"": ""fbd - mauve_reference"", ""rank_entity_fields"": ""model_id"", ""rank_method"": ""spearman"", ""stratum:factor:corpus"": ""amazon_reviews"", ""stratum:factor:temperature"": 0.3, ""stratum:factor:top_p"": 0.95, ""stratum:prompt_id"": ""open_news_v1""}",96970dabca372d32560c1aa77df813df9f0f9cfca9002d2c74382eb31738c5a1,fbd_stability_advantage,0.36961405610320686,__meta__,open_news_v1,6,97,complete,__meta__
__none__,evaluator_minilm__evaluator_mpnet,evaluator_minilm__evaluator_mpnet,"{""encoder_pair"": ""evaluator_minilm__evaluator_mpnet"", ""rank_difference"": ""fbd - mauve_reference"", ""rank_entity_fields"": ""model_id"", ""rank_method"": ""spearman"", ""stratum:factor:corpus"": ""yahoo_answers"", ""stratum:factor:temperature"": 0.9, ""stratum:factor:top_p"": 0.95, ""stratum:prompt_id"": ""open_news_v1""}",358cf85085acddd35cd453bbc64749b01ca2f4b7ccace8e115f924c666402f28,fbd_stability_advantage,0.0,__meta__,open_news_v1,6,97,complete,__meta__
__none__,evaluator_minilm__evaluator_mpnet,evaluator_minilm__evaluator_mpnet,"{""encoder_pair"": ""evaluator_minilm__evaluator_mpnet"", ""rank_difference"": ""fbd - mauve_reference"", ""rank_entity_fields"": ""model_id"", ""rank_method"": ""spearman"", ""stratum:factor:corpus"": ""yahoo_answers"", ""stratum:factor:temperature"": 0.3, ""stratum:factor:top_p"": 0.95, ""stratum:prompt_id"": ""open_news_v1""}",e8d480312f7eb3ad3b38bd309adbc48445c6ce7e4085f3dd13e0ca12ed4bad15,fbd_stability_advantage,0.2857142857142857,__meta__,open_news_v1,6,97,complete,__meta__
__none__,evaluator_minilm__evaluator_mpnet,evaluator_minilm__evaluator_mpnet,"{""encoder_pair"": ""evaluator_minilm__evaluator_mpnet"", ""rank_difference"": ""fbd - mauve_reference"", ""rank_entity_fields"": ""model_id"", ""rank_method"": ""spearman"", ""stratum:factor:corpus"": ""ag_news"", ""stratum:factor:temperature"": 0.9, ""stratum:factor:top_p"": 0.95, ""stratum:prompt_id"": ""open_news_v1""}",d5c6835ce1a05298f6f9ce1292b09f98b308f1054e559924c014727bd9e004bf,fbd_stability_advantage,0.11428571428571421,__meta__,open_news_v1,6,97,complete,__meta__
__none__,evaluator_minilm__evaluator_mpnet,evaluator_minilm__evaluator_mpnet,"{""encoder_pair"": ""evaluator_minilm__evaluator_mpnet"", ""rank_difference"": ""fbd - mauve_reference"", ""rank_entity_fields"": ""model_id"", ""rank_method"": ""spearman"", ""stratum:factor:corpus"": ""imdb_reviews"", ""stratum:factor:temperature"": 0.9, ""stratum:factor:top_p"": 0.95, ""stratum:prompt_id"": ""open_news_v1""}",d065579d54b25af196271ecd7bef969622444d638f6f7046c2622170bf92bbd1,fbd_stability_advantage,0.7428571428571429,__meta__,open_news_v1,6,97,complete,__meta__
__none__,evaluator_minilm__evaluator_mpnet,evaluator_minilm__evaluator_mpnet,"{""encoder_pair"": ""evaluator_minilm__evaluator_mpnet"", ""rank_difference"": ""fbd - mauve_reference"", ""rank_entity_fields"": ""model_id"", ""rank_method"": ""spearman"", ""stratum:factor:corpus"": ""dbpedia"", ""stratum:factor:temperature"": 0.3, ""stratum:factor:top_p"": 0.8, ""stratum:prompt_id"": ""open_news_v1""}",092bf9d8a11439b64ea93096956c953a4ad11379db760fb6d20dd19d88528340,fbd_stability_advantage,0.07246886307865386,__meta__,open_news_v1,6,97,complete,__meta__
__none__,evaluator_minilm__evaluator_mpnet,evaluator_minilm__evaluator_mpnet,"{""encoder_pair"": ""evaluator_minilm__evaluator_mpnet"", ""rank_difference"": ""fbd - mauve_reference"", ""rank_entity_fields"": ""model_id"", ""rank_method"": ""spearman"", ""stratum:factor:corpus"": ""imdb_reviews"", ""stratum:factor:temperature"": 0.3, ""stratum:factor:top_p"": 0.8, ""stratum:prompt_id"": ""open_news_v1""}",c77d21ff49b2a881c930dcf2c3b483047afa9369d0aedaaef3e9090384ed2f8f,fbd_stability_advantage,0.7428571428571429,__meta__,open_news_v1,6,97,complete,__meta__
__none__,evaluator_minilm__evaluator_mpnet,evaluator_minilm__evaluator_mpnet,"{""encoder_pair"": ""evaluator_minilm__evaluator_mpnet"", ""rank_entity_fields"": ""model_id"", ""rank_method"": ""kendall_tau_b"", ""stratum:factor:corpus"": ""dbpedia"", ""stratum:factor:temperature"": 0.6, ""stratum:factor:top_p"": 0.8, ""stratum:prompt_id"": ""open_news_v1""}",66ef01419adb2c144d34b0b3aa6ee53f6986241224a10acb2125a3d1f8fd095d,fbd_rank_kendall_sensitivity,0.8666666666666666,__meta__,open_news_v1,6,109,complete,__meta__
__none__,evaluator_minilm__evaluator_mpnet,evaluator_minilm__evaluator_mpnet,"{""encoder_pair"": ""evaluator_minilm__evaluator_mpnet"", ""rank_entity_fields"": ""model_id"", ""rank_method"": ""kendall_tau_b"", ""stratum:factor:corpus"": ""yahoo_answers"", ""stratum:factor:temperature"": 0.3, ""stratum:factor:top_p"": 0.8, ""stratum:prompt_id"": ""open_news_v1""}",a9acfb54ecf8dbc91a8e919e11f1391c39372062cfbfe5c4720578728d9170dd,fbd_rank_kendall_sensitivity,0.4666666666666666,__meta__,open_news_v1,6,109,complete,__meta__
__none__,evaluator_minilm__evaluator_mpnet,evaluator_minilm__evaluator_mpnet,"{""encoder_pair"": ""evaluator_minilm__evaluator_mpnet"", ""rank_entity_fields"": ""model_id"", ""rank_method"": ""kendall_tau_b"", ""stratum:factor:corpus"": ""yahoo_answers"", ""stratum:factor:temperature"": 0.6, ""stratum:factor:top_p"": 0.8, ""stratum:prompt_id"": ""open_news_v1""}",64e06dcd7fa8afc628b446b2cf1e3e1c7bdfe8d1c15d8065ec866370e1af23b5,fbd_rank_kendall_sensitivity,0.8666666666666666,__meta__,open_news_v1,6,109,complete,__meta__
__none__,evaluator_minilm__evaluator_mpnet,evaluator_minilm__evaluator_mpnet,"{""encoder_pair"": ""evaluator_minilm__evaluator_mpnet"", ""rank_entity_fields"": ""model_id"", ""rank_method"": ""kendall_tau_b"", ""stratum:factor:corpus"": ""yahoo_answers"", ""stratum:factor:temperature"": 0.9, ""stratum:factor:top_p"": 0.8, ""stratum:prompt_id"": ""open_news_v1""}",63f5742407701ec7d63560f33c9abf94e84be8299a61f34a00202ea685b61fed,fbd_rank_kendall_sensitivity,0.9999999999999999,__meta__,open_news_v1,6,109,complete,__meta__
__none__,evaluator_minilm__evaluator_mpnet,evaluator_minilm__evaluator_mpnet,"{""encoder_pair"": ""evaluator_minilm__evaluator_mpnet"", ""rank_entity_fields"": ""model_id"", ""rank_method"": ""kendall_tau_b"", ""stratum:factor:corpus"": ""imdb_reviews"", ""stratum:factor:temperature"": 0.3, ""stratum:factor:top_p"": 0.95, ""stratum:prompt_id"": ""open_news_v1""}",699dd0a9c6af85eda49f1b928fea46e01210095dd0a09c969b6842f6107fab0c,fbd_rank_kendall_sensitivity,0.7333333333333333,__meta__,open_news_v1,6,109,complete,__meta__
__none__,evaluator_minilm__evaluator_mpnet,evaluator_minilm__evaluator_mpnet,"{""encoder_pair"": ""evaluator_minilm__evaluator_mpnet"", ""rank_entity_fields"": ""model_id"", ""rank_method"": ""kendall_tau_b"", ""stratum:factor:corpus"": ""ag_news"", ""stratum:factor:temperature"": 0.3, ""stratum:factor:top_p"": 0.95, ""stratum:prompt_id"": ""open_news_v1""}",a54d3942d2201fce624b398f9e3e97628b6055e80b19126e3e2b1118048bc92f,fbd_rank_kendall_sensitivity,0.8666666666666666,__meta__,open_news_v1,6,109,complete,__meta__
__none__,evaluator_minilm__evaluator_mpnet,evaluator_minilm__evaluator_mpnet,"{""encoder_pair"": ""evaluator_minilm__evaluator_mpnet"", ""rank_entity_fields"": ""model_id"", ""rank_method"": ""kendall_tau_b"", ""stratum:factor:corpus"": ""amazon_reviews"", ""stratum:factor:temperature"": 0.9, ""stratum:factor:top_p"": 0.95, ""stratum:prompt_id"": ""open_news_v1""}",357cc54b3f20cd10718db66c60ebef8b344e60532c6d7363a7ee98b4413c9d22,fbd_rank_kendall_sensitivity,0.8666666666666666,__meta__,open_news_v1,6,109,complete,__meta__
__none__,evaluator_minilm__evaluator_mpnet,evaluator_minilm__evaluator_mpnet,"{""encoder_pair"": ""evaluator_minilm__evaluator_mpnet"", ""rank_entity_fields"": ""model_id"", ""rank_method"": ""kendall_tau_b"", ""stratum:factor:corpus"": ""amazon_reviews"", ""stratum:factor:temperature"": 0.6, ""stratum:factor:top_p"": 0.8, ""stratum:prompt_id"": ""open_news_v1""}",c4c9db2b77285c91509995cb219c35f239ea60125237c530aa2367176353886e,fbd_rank_kendall_sensitivity,0.8666666666666666,__meta__,open_news_v1,6,109,complete,__meta__
__none__,evaluator_minilm__evaluator_mpnet,evaluator_minilm__evaluator_mpnet,"{""encoder_pair"": ""evaluator_minilm__evaluator_mpnet"", ""rank_entity_fields"": ""model_id"", ""rank_method"": ""kendall_tau_b"", ""stratum:factor:corpus"": ""yahoo_answers"", ""stratum:factor:temperature"": 0.6, ""stratum:factor:top_p"": 0.95, ""stratum:prompt_id"": ""open_news_v1""}",158e6cbd9e7734a3b33bee0fd7f27238f00574501fc14cd1549aed312291bb1e,fbd_rank_kendall_sensitivity,0.9999999999999999,__meta__,open_news_v1,6,109,complete,__meta__
__none__,evaluator_minilm__evaluator_mpnet,evaluator_minilm__evaluator_mpnet,"{""encoder_pair"": ""evaluator_minilm__evaluator_mpnet"", ""rank_entity_fields"": ""model_id"", ""rank_method"": ""kendall_tau_b"", ""stratum:factor:corpus"": ""dbpedia"", ""stratum:factor:temperature"": 0.9, ""stratum:factor:top_p"": 0.8, ""stratum:prompt_id"": ""open_news_v1""}",73df997733914472ff4dd07c9e480b8a01480db97a436c2e8f858fd4c0728961,fbd_rank_kendall_sensitivity,0.9999999999999999,__meta__,open_news_v1,6,109,complete,__meta__
__none__,evaluator_minilm__evaluator_mpnet,evaluator_minilm__evaluator_mpnet,"{""encoder_pair"": ""evaluator_minilm__evaluator_mpnet"", ""rank_entity_fields"": ""model_id"", ""rank_method"": ""kendall_tau_b"", ""stratum:factor:corpus"": ""imdb_reviews"", ""stratum:factor:temperature"": 0.6, ""stratum:factor:top_p"": 0.95, ""stratum:prompt_id"": ""open_news_v1""}",b601f03539e30037afcfc1531b54633ec3693d340bd5fc01dcdfa640c71ac6e8,fbd_rank_kendall_sensitivity,0.9999999999999999,__meta__,open_news_v1,6,109,complete,__meta__
__none__,evaluator_minilm__evaluator_mpnet,evaluator_minilm__evaluator_mpnet,"{""encoder_pair"": ""evaluator_minilm__evaluator_mpnet"", ""rank_entity_fields"": ""model_id"", ""rank_method"": ""kendall_tau_b"", ""stratum:factor:corpus"": ""amazon_reviews"", ""stratum:factor:temperature"": 0.6, ""stratum:factor:top_p"": 0.95, ""stratum:prompt_id"": ""open_news_v1""}",7d800cb78dc5e7ea51b28fcecbbae715fb8ad83cc0481529f1f00d4b10642ee1,fbd_rank_kendall_sensitivity,0.9999999999999999,__meta__,open_news_v1,6,109,complete,__meta__
__none__,evaluator_minilm__evaluator_mpnet,evaluator_minilm__evaluator_mpnet,"{""encoder_pair"": ""evaluator_minilm__evaluator_mpnet"", ""rank_entity_fields"": ""model_id"", ""rank_method"": ""kendall_tau_b"", ""stratum:factor:corpus"": ""dbpedia"", ""stratum:factor:temperature"": 0.9, ""stratum:factor:top_p"": 0.95, ""stratum:prompt_id"": ""open_news_v1""}",07df4d469af31af33468dac9a218e543b96aa17db34417e6cd8afbc78659c7da,fbd_rank_kendall_sensitivity,0.8666666666666666,__meta__,open_news_v1,6,109,complete,__meta__
__none__,evaluator_minilm__evaluator_mpnet,evaluator_minilm__evaluator_mpnet,"{""encoder_pair"": ""evaluator_minilm__evaluator_mpnet"", ""rank_entity_fields"": ""model_id"", ""rank_method"": ""kendall_tau_b"", ""stratum:factor:corpus"": ""ag_news"", ""stratum:factor:temperature"": 0.3, ""stratum:factor:top_p"": 0.8, ""stratum:prompt_id"": ""open_news_v1""}",0ea82c0986793d8fa4b176458ac5f42be94958c785b636d51cc384ace40c168d,fbd_rank_kendall_sensitivity,0.9999999999999999,__meta__,open_news_v1,6,109,complete,__meta__
__none__,evaluator_minilm__evaluator_mpnet,evaluator_minilm__evaluator_mpnet,"{""encoder_pair"": ""evaluator_minilm__evaluator_mpnet"", ""rank_entity_fields"": ""model_id"", ""rank_method"": ""kendall_tau_b"", ""stratum:factor:corpus"": ""dbpedia"", ""stratum:factor:temperature"": 0.6, ""stratum:factor:top_p"": 0.95, ""stratum:prompt_id"": ""open_news_v1""}",80a8cac249fc911f98049f8dfa375817ccc64683199380bccc5e29cdb28c1cfa,fbd_rank_kendall_sensitivity,0.7333333333333333,__meta__,open_news_v1,6,109,complete,__meta__
__none__,evaluator_minilm__evaluator_mpnet,evaluator_minilm__evaluator_mpnet,"{""encoder_pair"": ""evaluator_minilm__evaluator_mpnet"", ""rank_entity_fields"": ""model_id"", ""rank_method"": ""kendall_tau_b"", ""stratum:factor:corpus"": ""amazon_reviews"", ""stratum:factor:temperature"": 0.3, ""stratum:factor:top_p"": 0.8, ""stratum:prompt_id"": ""open_news_v1""}",2fd42825e363483636828ac8c2a8f3eaaf4d7c0ba56c766ecb067f2947611b7d,fbd_rank_kendall_sensitivity,0.8666666666666666,__meta__,open_news_v1,6,109,complete,__meta__
__none__,evaluator_minilm__evaluator_mpnet,evaluator_minilm__evaluator_mpnet,"{""encoder_pair"": ""evaluator_minilm__evaluator_mpnet"", ""rank_entity_fields"": ""model_id"", ""rank_method"": ""kendall_tau_b"", ""stratum:factor:corpus"": ""ag_news"", ""stratum:factor:temperature"": 0.6, ""stratum:factor:top_p"": 0.8, ""stratum:prompt_id"": ""open_news_v1""}",34ce9891a7539eb238c56653445fc05e5a6ea4e37a12f9648d0aad6f8895209a,fbd_rank_kendall_sensitivity,0.9999999999999999,__meta__,open_news_v1,6,109,complete,__meta__
__none__,evaluator_minilm__evaluator_mpnet,evaluator_minilm__evaluator_mpnet,"{""encoder_pair"": ""evaluator_minilm__evaluator_mpnet"", ""rank_entity_fields"": ""model_id"", ""rank_method"": ""kendall_tau_b"", ""stratum:factor:corpus"": ""imdb_reviews"", ""stratum:factor:temperature"": 0.6, ""stratum:factor:top_p"": 0.8, ""stratum:prompt_id"": ""open_news_v1""}",e93be29be48515a6895d1000c621f2eb62c7be44970826ca25bc0b4da5e2212f,fbd_rank_kendall_sensitivity,0.8666666666666666,__meta__,open_news_v1,6,109,complete,__meta__
__none__,evaluator_minilm__evaluator_mpnet,evaluator_minilm__evaluator_mpnet,"{""encoder_pair"": ""evaluator_minilm__evaluator_mpnet"", ""rank_entity_fields"": ""model_id"", ""rank_method"": ""kendall_tau_b"", ""stratum:factor:corpus"": ""amazon_reviews"", ""stratum:factor:temperature"": 0.9, ""stratum:factor:top_p"": 0.8, ""stratum:prompt_id"": ""open_news_v1""}",e9c09b4a377c89c9c51a0be771e44b2fd57dcf6a13a2f7864e0abe0493b2c905,fbd_rank_kendall_sensitivity,0.9999999999999999,__meta__,open_news_v1,6,109,complete,__meta__
__none__,evaluator_minilm__evaluator_mpnet,evaluator_minilm__evaluator_mpnet,"{""encoder_pair"": ""evaluator_minilm__evaluator_mpnet"", ""rank_entity_fields"": ""model_id"", ""rank_method"": ""kendall_tau_b"", ""stratum:factor:corpus"": ""imdb_reviews"", ""stratum:factor:temperature"": 0.9, ""stratum:factor:top_p"": 0.8, ""stratum:prompt_id"": ""open_news_v1""}",85bf651941ecbef6f97fbc82765243a47729eb52849a932c1862514dce689465,fbd_rank_kendall_sensitivity,0.8666666666666666,__meta__,open_news_v1,6,109,complete,__meta__
__none__,evaluator_minilm__evaluator_mpnet,evaluator_minilm__evaluator_mpnet,"{""encoder_pair"": ""evaluator_minilm__evaluator_mpnet"", ""rank_entity_fields"": ""model_id"", ""rank_method"": ""kendall_tau_b"", ""stratum:factor:corpus"": ""ag_news"", ""stratum:factor:temperature"": 0.6, ""stratum:factor:top_p"": 0.95, ""stratum:prompt_id"": ""open_news_v1""}",f1260cfe371dd206a274ab1b2e3cf3f45638c8c5b5a974b80637d1fbab4cbede,fbd_rank_kendall_sensitivity,0.9999999999999999,__meta__,open_news_v1,6,109,complete,__meta__
__none__,evaluator_minilm__evaluator_mpnet,evaluator_minilm__evaluator_mpnet,"{""encoder_pair"": ""evaluator_minilm__evaluator_mpnet"", ""rank_entity_fields"": ""model_id"", ""rank_method"": ""kendall_tau_b"", ""stratum:factor:corpus"": ""ag_news"", ""stratum:factor:temperature"": 0.9, ""stratum:factor:top_p"": 0.8, ""stratum:prompt_id"": ""open_news_v1""}",1a94626aa8336d98a4f25b408ce3c8ec06a233b8e864acdbc4c29b98e6218252,fbd_rank_kendall_sensitivity,0.8666666666666666,__meta__,open_news_v1,6,109,complete,__meta__
__none__,evaluator_minilm__evaluator_mpnet,evaluator_minilm__evaluator_mpnet,"{""encoder_pair"": ""evaluator_minilm__evaluator_mpnet"", ""rank_entity_fields"": ""model_id"", ""rank_method"": ""kendall_tau_b"", ""stratum:factor:corpus"": ""dbpedia"", ""stratum:factor:temperature"": 0.3, ""stratum:factor:top_p"": 0.95, ""stratum:prompt_id"": ""open_news_v1""}",0c78c54c8a6cc5b9c6fb9b0df21c3c4161af0eea491fb8b2e0e6f06a9be46a25,fbd_rank_kendall_sensitivity,0.6,__meta__,open_news_v1,6,109,complete,__meta__
__none__,evaluator_minilm__evaluator_mpnet,evaluator_minilm__evaluator_mpnet,"{""encoder_pair"": ""evaluator_minilm__evaluator_mpnet"", ""rank_entity_fields"": ""model_id"", ""rank_method"": ""kendall_tau_b"", ""stratum:factor:corpus"": ""amazon_reviews"", ""stratum:factor:temperature"": 0.3, ""stratum:factor:top_p"": 0.95, ""stratum:prompt_id"": ""open_news_v1""}",915ac2ac361c0df4bc299484801f7c24468bba915a3f7274391f256342c26cec,fbd_rank_kendall_sensitivity,0.8666666666666666,__meta__,open_news_v1,6,109,complete,__meta__
__none__,evaluator_minilm__evaluator_mpnet,evaluator_minilm__evaluator_mpnet,"{""encoder_pair"": ""evaluator_minilm__evaluator_mpnet"", ""rank_entity_fields"": ""model_id"", ""rank_method"": ""kendall_tau_b"", ""stratum:factor:corpus"": ""yahoo_answers"", ""stratum:factor:temperature"": 0.9, ""stratum:factor:top_p"": 0.95, ""stratum:prompt_id"": ""open_news_v1""}",a05364f4d927be432fa84427e4668466a58dc70eb5df7f37c5ae3b6c0e466d61,fbd_rank_kendall_sensitivity,0.8666666666666666,__meta__,open_news_v1,6,109,complete,__meta__
__none__,evaluator_minilm__evaluator_mpnet,evaluator_minilm__evaluator_mpnet,"{""encoder_pair"": ""evaluator_minilm__evaluator_mpnet"", ""rank_entity_fields"": ""model_id"", ""rank_method"": ""kendall_tau_b"", ""stratum:factor:corpus"": ""yahoo_answers"", ""stratum:factor:temperature"": 0.3, ""stratum:factor:top_p"": 0.95, ""stratum:prompt_id"": ""open_news_v1""}",83eae886fb89587d1761e0176eb236ef8b7f166bfb9a140a9cc564b052fc892b,fbd_rank_kendall_sensitivity,0.8666666666666666,__meta__,open_news_v1,6,109,complete,__meta__
__none__,evaluator_minilm__evaluator_mpnet,evaluator_minilm__evaluator_mpnet,"{""encoder_pair"": ""evaluator_minilm__evaluator_mpnet"", ""rank_entity_fields"": ""model_id"", ""rank_method"": ""kendall_tau_b"", ""stratum:factor:corpus"": ""ag_news"", ""stratum:factor:temperature"": 0.9, ""stratum:factor:top_p"": 0.95, ""stratum:prompt_id"": ""open_news_v1""}",564dfb80bfa8442fe2a26fc4ef5b9234766875b1d8a5c080c37b27fbada749ff,fbd_rank_kendall_sensitivity,0.9999999999999999,__meta__,open_news_v1,6,109,complete,__meta__
__none__,evaluator_minilm__evaluator_mpnet,evaluator_minilm__evaluator_mpnet,"{""encoder_pair"": ""evaluator_minilm__evaluator_mpnet"", ""rank_entity_fields"": ""model_id"", ""rank_method"": ""kendall_tau_b"", ""stratum:factor:corpus"": ""imdb_reviews"", ""stratum:factor:temperature"": 0.9, ""stratum:factor:top_p"": 0.95, ""stratum:prompt_id"": ""open_news_v1""}",f738b5632d8028254e08864a39d2ad9ab1fe62afe9a33438370ae6dfd5136d8a,fbd_rank_kendall_sensitivity,0.8666666666666666,__meta__,open_news_v1,6,109,complete,__meta__
__none__,evaluator_minilm__evaluator_mpnet,evaluator_minilm__evaluator_mpnet,"{""encoder_pair"": ""evaluator_minilm__evaluator_mpnet"", ""rank_entity_fields"": ""model_id"", ""rank_method"": ""kendall_tau_b"", ""stratum:factor:corpus"": ""dbpedia"", ""stratum:factor:temperature"": 0.3, ""stratum:factor:top_p"": 0.8, ""stratum:prompt_id"": ""open_news_v1""}",4d384d143fbc779fd8be443637e8312b50a9a307a3c91038362877b9c313b012,fbd_rank_kendall_sensitivity,0.8666666666666666,__meta__,open_news_v1,6,109,complete,__meta__
__none__,evaluator_minilm__evaluator_mpnet,evaluator_minilm__evaluator_mpnet,"{""encoder_pair"": ""evaluator_minilm__evaluator_mpnet"", ""rank_entity_fields"": ""model_id"", ""rank_method"": ""kendall_tau_b"", ""stratum:factor:corpus"": ""imdb_reviews"", ""stratum:factor:temperature"": 0.3, ""stratum:factor:top_p"": 0.8, ""stratum:prompt_id"": ""open_news_v1""}",a2baa5cbde65c793396d7af929022b07147f2c0063c05e663eb4c5a00878b9b2,fbd_rank_kendall_sensitivity,0.8666666666666666,__meta__,open_news_v1,6,109,complete,__meta__
__none__,evaluator_minilm__evaluator_mpnet,evaluator_minilm__evaluator_mpnet,"{""encoder_pair"": ""evaluator_minilm__evaluator_mpnet"", ""rank_entity_fields"": ""model_id"", ""rank_method"": ""kendall_tau_b"", ""stratum:factor:corpus"": ""dbpedia"", ""stratum:factor:temperature"": 0.6, ""stratum:factor:top_p"": 0.8, ""stratum:prompt_id"": ""open_news_v1""}",db449f204666b4a376abd1136e7221214bf79ba7b0d9ca58be588e882cc13518,fbd_rank_kendall_sensitivity,0.8666666666666666,__meta__,open_news_v1,6,17,complete,__meta__
__none__,evaluator_minilm__evaluator_mpnet,evaluator_minilm__evaluator_mpnet,"{""encoder_pair"": ""evaluator_minilm__evaluator_mpnet"", ""rank_entity_fields"": ""model_id"", ""rank_method"": ""kendall_tau_b"", ""stratum:factor:corpus"": ""yahoo_answers"", ""stratum:factor:temperature"": 0.3, ""stratum:factor:top_p"": 0.8, ""stratum:prompt_id"": ""open_news_v1""}",7b350cb1e3b5c3e59ceee7479d29febb0bf48a1c66efd07a42aaf2cf5c039a5c,fbd_rank_kendall_sensitivity,0.7333333333333333,__meta__,open_news_v1,6,17,complete,__meta__
__none__,evaluator_minilm__evaluator_mpnet,evaluator_minilm__evaluator_mpnet,"{""encoder_pair"": ""evaluator_minilm__evaluator_mpnet"", ""rank_entity_fields"": ""model_id"", ""rank_method"": ""kendall_tau_b"", ""stratum:factor:corpus"": ""yahoo_answers"", ""stratum:factor:temperature"": 0.6, ""stratum:factor:top_p"": 0.8, ""stratum:prompt_id"": ""open_news_v1""}",fa603d0ea7e24f90fe51d2329705981c1d6b54ef6266dd5ac579d9d3aca35e72,fbd_rank_kendall_sensitivity,0.8666666666666666,__meta__,open_news_v1,6,17,complete,__meta__
__none__,evaluator_minilm__evaluator_mpnet,evaluator_minilm__evaluator_mpnet,"{""encoder_pair"": ""evaluator_minilm__evaluator_mpnet"", ""rank_entity_fields"": ""model_id"", ""rank_method"": ""kendall_tau_b"", ""stratum:factor:corpus"": ""yahoo_answers"", ""stratum:factor:temperature"": 0.9, ""stratum:factor:top_p"": 0.8, ""stratum:prompt_id"": ""open_news_v1""}",bd6bd2d4036c89aafea8162f9e6d77f63c33c922532404774ac81d4c77501169,fbd_rank_kendall_sensitivity,0.8666666666666666,__meta__,open_news_v1,6,17,complete,__meta__
__none__,evaluator_minilm__evaluator_mpnet,evaluator_minilm__evaluator_mpnet,"{""encoder_pair"": ""evaluator_minilm__evaluator_mpnet"", ""rank_entity_fields"": ""model_id"", ""rank_method"": ""kendall_tau_b"", ""stratum:factor:corpus"": ""imdb_reviews"", ""stratum:factor:temperature"": 0.3, ""stratum:factor:top_p"": 0.95, ""stratum:prompt_id"": ""open_news_v1""}",59eba87949cb62092ea36cf91223bd2032e952256bf52506ef81d0ff7b7358ab,fbd_rank_kendall_sensitivity,0.8666666666666666,__meta__,open_news_v1,6,17,complete,__meta__
__none__,evaluator_minilm__evaluator_mpnet,evaluator_minilm__evaluator_mpnet,"{""encoder_pair"": ""evaluator_minilm__evaluator_mpnet"", ""rank_entity_fields"": ""model_id"", ""rank_method"": ""kendall_tau_b"", ""stratum:factor:corpus"": ""ag_news"", ""stratum:factor:temperature"": 0.3, ""stratum:factor:top_p"": 0.95, ""stratum:prompt_id"": ""open_news_v1""}",32f2af32c1e8cf2a01ba51f848ff226bb0dc7e62cb0ed6c9c4c98bea22f1fdd4,fbd_rank_kendall_sensitivity,0.7333333333333333,__meta__,open_news_v1,6,17,complete,__meta__
__none__,evaluator_minilm__evaluator_mpnet,evaluator_minilm__evaluator_mpnet,"{""encoder_pair"": ""evaluator_minilm__evaluator_mpnet"", ""rank_entity_fields"": ""model_id"", ""rank_method"": ""kendall_tau_b"", ""stratum:factor:corpus"": ""amazon_reviews"", ""stratum:factor:temperature"": 0.9, ""stratum:factor:top_p"": 0.95, ""stratum:prompt_id"": ""open_news_v1""}",6eb496683993842290aff9f277e993c6d8d1f446d01bf7f52fc35fcc8fb5f902,fbd_rank_kendall_sensitivity,0.9999999999999999,__meta__,open_news_v1,6,17,complete,__meta__
__none__,evaluator_minilm__evaluator_mpnet,evaluator_minilm__evaluator_mpnet,"{""encoder_pair"": ""evaluator_minilm__evaluator_mpnet"", ""rank_entity_fields"": ""model_id"", ""rank_method"": ""kendall_tau_b"", ""stratum:factor:corpus"": ""amazon_reviews"", ""stratum:factor:temperature"": 0.6, ""stratum:factor:top_p"": 0.8, ""stratum:prompt_id"": ""open_news_v1""}",492f1f0740716ef1b1c43a932a6bdb4688e695bdb43c1a1db8b2e807d32ed20f,fbd_rank_kendall_sensitivity,0.8666666666666666,__meta__,open_news_v1,6,17,complete,__meta__
__none__,evaluator_minilm__evaluator_mpnet,evaluator_minilm__evaluator_mpnet,"{""encoder_pair"": ""evaluator_minilm__evaluator_mpnet"", ""rank_entity_fields"": ""model_id"", ""rank_method"": ""kendall_tau_b"", ""stratum:factor:corpus"": ""yahoo_answers"", ""stratum:factor:temperature"": 0.6, ""stratum:factor:top_p"": 0.95, ""stratum:prompt_id"": ""open_news_v1""}",31fbcf9679c44becd55e70e8b5631f290bb340d75ca050c21464cf9ff69b6a4a,fbd_rank_kendall_sensitivity,0.9999999999999999,__meta__,open_news_v1,6,17,complete,__meta__
__none__,evaluator_minilm__evaluator_mpnet,evaluator_minilm__evaluator_mpnet,"{""encoder_pair"": ""evaluator_minilm__evaluator_mpnet"", ""rank_entity_fields"": ""model_id"", ""rank_method"": ""kendall_tau_b"", ""stratum:factor:corpus"": ""dbpedia"", ""stratum:factor:temperature"": 0.9, ""stratum:factor:top_p"": 0.8, ""stratum:prompt_id"": ""open_news_v1""}",3d9a2559e0412adc8dfdf53ed9b86ac948b6276392820e31a3136af7990b52dd,fbd_rank_kendall_sensitivity,0.7333333333333333,__meta__,open_news_v1,6,17,complete,__meta__
__none__,evaluator_minilm__evaluator_mpnet,evaluator_minilm__evaluator_mpnet,"{""encoder_pair"": ""evaluator_minilm__evaluator_mpnet"", ""rank_entity_fields"": ""model_id"", ""rank_method"": ""kendall_tau_b"", ""stratum:factor:corpus"": ""imdb_reviews"", ""stratum:factor:temperature"": 0.6, ""stratum:factor:top_p"": 0.95, ""stratum:prompt_id"": ""open_news_v1""}",67632145b20bb8adb9c144d609d87acc97aef65cfd05acda81876f48c32c8f63,fbd_rank_kendall_sensitivity,0.9999999999999999,__meta__,open_news_v1,6,17,complete,__meta__
__none__,evaluator_minilm__evaluator_mpnet,evaluator_minilm__evaluator_mpnet,"{""encoder_pair"": ""evaluator_minilm__evaluator_mpnet"", ""rank_entity_fields"": ""model_id"", ""rank_method"": ""kendall_tau_b"", ""stratum:factor:corpus"": ""amazon_reviews"", ""stratum:factor:temperature"": 0.6, ""stratum:factor:top_p"": 0.95, ""stratum:prompt_id"": ""open_news_v1""}",97f3512340be9cca5e784d8bb4e8e1dae447f89dce7e3c43a45f0e55cdf23e0e,fbd_rank_kendall_sensitivity,0.8666666666666666,__meta__,open_news_v1,6,17,complete,__meta__
__none__,evaluator_minilm__evaluator_mpnet,evaluator_minilm__evaluator_mpnet,"{""encoder_pair"": ""evaluator_minilm__evaluator_mpnet"", ""rank_entity_fields"": ""model_id"", ""rank_method"": ""kendall_tau_b"", ""stratum:factor:corpus"": ""dbpedia"", ""stratum:factor:temperature"": 0.9, ""stratum:factor:top_p"": 0.95, ""stratum:prompt_id"": ""open_news_v1""}",3a63d8f300a873d72685637b196cd3510599ecc824113f4dd44eabb7df9a9aa2,fbd_rank_kendall_sensitivity,0.9999999999999999,__meta__,open_news_v1,6,17,complete,__meta__
__none__,evaluator_minilm__evaluator_mpnet,evaluator_minilm__evaluator_mpnet,"{""encoder_pair"": ""evaluator_minilm__evaluator_mpnet"", ""rank_entity_fields"": ""model_id"", ""rank_method"": ""kendall_tau_b"", ""stratum:factor:corpus"": ""ag_news"", ""stratum:factor:temperature"": 0.3, ""stratum:factor:top_p"": 0.8, ""stratum:prompt_id"": ""open_news_v1""}",a084c72b4e8ce76e9374793b3e4777e5be3b4a87e7ea3c029f53e2c5ebf88c4d,fbd_rank_kendall_sensitivity,0.8666666666666666,__meta__,open_news_v1,6,17,complete,__meta__
__none__,evaluator_minilm__evaluator_mpnet,evaluator_minilm__evaluator_mpnet,"{""encoder_pair"": ""evaluator_minilm__evaluator_mpnet"", ""rank_entity_fields"": ""model_id"", ""rank_method"": ""kendall_tau_b"", ""stratum:factor:corpus"": ""dbpedia"", ""stratum:factor:temperature"": 0.6, ""stratum:factor:top_p"": 0.95, ""stratum:prompt_id"": ""open_news_v1""}",e5ec6677519cfa1103e3e2610973d1bb18132206b31715afc022a6aa7711709f,fbd_rank_kendall_sensitivity,0.8666666666666666,__meta__,open_news_v1,6,17,complete,__meta__
__none__,evaluator_minilm__evaluator_mpnet,evaluator_minilm__evaluator_mpnet,"{""encoder_pair"": ""evaluator_minilm__evaluator_mpnet"", ""rank_entity_fields"": ""model_id"", ""rank_method"": ""kendall_tau_b"", ""stratum:factor:corpus"": ""amazon_reviews"", ""stratum:factor:temperature"": 0.3, ""stratum:factor:top_p"": 0.8, ""stratum:prompt_id"": ""open_news_v1""}",61364fbe8ad80b1192be7fd52e0f1c13a975b5bf849142218a55f4dbe648a91e,fbd_rank_kendall_sensitivity,0.9999999999999999,__meta__,open_news_v1,6,17,complete,__meta__
__none__,evaluator_minilm__evaluator_mpnet,evaluator_minilm__evaluator_mpnet,"{""encoder_pair"": ""evaluator_minilm__evaluator_mpnet"", ""rank_entity_fields"": ""model_id"", ""rank_method"": ""kendall_tau_b"", ""stratum:factor:corpus"": ""ag_news"", ""stratum:factor:temperature"": 0.6, ""stratum:factor:top_p"": 0.8, ""stratum:prompt_id"": ""open_news_v1""}",b9fd4bba61891f77532ba358ac4db533ce55642faf91478bad3ff4d59cc13450,fbd_rank_kendall_sensitivity,0.9999999999999999,__meta__,open_news_v1,6,17,complete,__meta__
__none__,evaluator_minilm__evaluator_mpnet,evaluator_minilm__evaluator_mpnet,"{""encoder_pair"": ""evaluator_minilm__evaluator_mpnet"", ""rank_entity_fields"": ""model_id"", ""rank_method"": ""kendall_tau_b"", ""stratum:factor:corpus"": ""imdb_reviews"", ""stratum:factor:temperature"": 0.6, ""stratum:factor:top_p"": 0.8, ""stratum:prompt_id"": ""open_news_v1""}",1c7cacf008d70a17f0d2f56c7d81b8a7d864c4aee5068b06e6326ffe0d95b44c,fbd_rank_kendall_sensitivity,0.8666666666666666,__meta__,open_news_v1,6,17,complete,__meta__
__none__,evaluator_minilm__evaluator_mpnet,evaluator_minilm__evaluator_mpnet,"{""encoder_pair"": ""evaluator_minilm__evaluator_mpnet"", ""rank_entity_fields"": ""model_id"", ""rank_method"": ""kendall_tau_b"", ""stratum:factor:corpus"": ""amazon_reviews"", ""stratum:factor:temperature"": 0.9, ""stratum:factor:top_p"": 0.8, ""stratum:prompt_id"": ""open_news_v1""}",c4dd266d263acb5c36563895cf71c6b989a8a10fffa1187c21e181a01a8e1c69,fbd_rank_kendall_sensitivity,0.9999999999999999,__meta__,open_news_v1,6,17,complete,__meta__
__none__,evaluator_minilm__evaluator_mpnet,evaluator_minilm__evaluator_mpnet,"{""encoder_pair"": ""evaluator_minilm__evaluator_mpnet"", ""rank_entity_fields"": ""model_id"", ""rank_method"": ""kendall_tau_b"", ""stratum:factor:corpus"": ""imdb_reviews"", ""stratum:factor:temperature"": 0.9, ""stratum:factor:top_p"": 0.8, ""stratum:prompt_id"": ""open_news_v1""}",1a171d0db5172f0ac80a85fca0d76dbb008fba4d0def720fff45b8e3d484e113,fbd_rank_kendall_sensitivity,0.9999999999999999,__meta__,open_news_v1,6,17,complete,__meta__
__none__,evaluator_minilm__evaluator_mpnet,evaluator_minilm__evaluator_mpnet,"{""encoder_pair"": ""evaluator_minilm__evaluator_mpnet"", ""rank_entity_fields"": ""model_id"", ""rank_method"": ""kendall_tau_b"", ""stratum:factor:corpus"": ""ag_news"", ""stratum:factor:temperature"": 0.6, ""stratum:factor:top_p"": 0.95, ""stratum:prompt_id"": ""open_news_v1""}",f2fb666e247595cb80f8de753c2f1420fe3b97118d668088986597a062d479d8,fbd_rank_kendall_sensitivity,0.8666666666666666,__meta__,open_news_v1,6,17,complete,__meta__
__none__,evaluator_minilm__evaluator_mpnet,evaluator_minilm__evaluator_mpnet,"{""encoder_pair"": ""evaluator_minilm__evaluator_mpnet"", ""rank_entity_fields"": ""model_id"", ""rank_method"": ""kendall_tau_b"", ""stratum:factor:corpus"": ""ag_news"", ""stratum:factor:temperature"": 0.9, ""stratum:factor:top_p"": 0.8, ""stratum:prompt_id"": ""open_news_v1""}",2cde728259f81a6ce12a201cea652cb95798d628a6929afca26dbf7e1229c11f,fbd_rank_kendall_sensitivity,0.9999999999999999,__meta__,open_news_v1,6,17,complete,__meta__
__none__,evaluator_minilm__evaluator_mpnet,evaluator_minilm__evaluator_mpnet,"{""encoder_pair"": ""evaluator_minilm__evaluator_mpnet"", ""rank_entity_fields"": ""model_id"", ""rank_method"": ""kendall_tau_b"", ""stratum:factor:corpus"": ""dbpedia"", ""stratum:factor:temperature"": 0.3, ""stratum:factor:top_p"": 0.95, ""stratum:prompt_id"": ""open_news_v1""}",1b63baea94e9777d1cf063d99f72b8cf076dff47cb658a3bbf46dba7998cb263,fbd_rank_kendall_sensitivity,0.6,__meta__,open_news_v1,6,17,complete,__meta__
__none__,evaluator_minilm__evaluator_mpnet,evaluator_minilm__evaluator_mpnet,"{""encoder_pair"": ""evaluator_minilm__evaluator_mpnet"", ""rank_entity_fields"": ""model_id"", ""rank_method"": ""kendall_tau_b"", ""stratum:factor:corpus"": ""amazon_reviews"", ""stratum:factor:temperature"": 0.3, ""stratum:factor:top_p"": 0.95, ""stratum:prompt_id"": ""open_news_v1""}",7e173e371f12bef68787aaf325d6f6888f3b7bf5a8369db5e9f537074860e577,fbd_rank_kendall_sensitivity,0.9999999999999999,__meta__,open_news_v1,6,17,complete,__meta__
__none__,evaluator_minilm__evaluator_mpnet,evaluator_minilm__evaluator_mpnet,"{""encoder_pair"": ""evaluator_minilm__evaluator_mpnet"", ""rank_entity_fields"": ""model_id"", ""rank_method"": ""kendall_tau_b"", ""stratum:factor:corpus"": ""yahoo_answers"", ""stratum:factor:temperature"": 0.9, ""stratum:factor:top_p"": 0.95, ""stratum:prompt_id"": ""open_news_v1""}",9a41bf8e811bc57b33ff283e63a6fc9c02df3a42abb4afea7e88c3168cca8491,fbd_rank_kendall_sensitivity,0.8666666666666666,__meta__,open_news_v1,6,17,complete,__meta__
__none__,evaluator_minilm__evaluator_mpnet,evaluator_minilm__evaluator_mpnet,"{""encoder_pair"": ""evaluator_minilm__evaluator_mpnet"", ""rank_entity_fields"": ""model_id"", ""rank_method"": ""kendall_tau_b"", ""stratum:factor:corpus"": ""yahoo_answers"", ""stratum:factor:temperature"": 0.3, ""stratum:factor:top_p"": 0.95, ""stratum:prompt_id"": ""open_news_v1""}",fd3ffe1b26c2d18077fbae9c5591226c142d81a1bf27ff8106dd3c941cf9cd1e,fbd_rank_kendall_sensitivity,0.8666666666666666,__meta__,open_news_v1,6,17,complete,__meta__
__none__,evaluator_minilm__evaluator_mpnet,evaluator_minilm__evaluator_mpnet,"{""encoder_pair"": ""evaluator_minilm__evaluator_mpnet"", ""rank_entity_fields"": ""model_id"", ""rank_method"": ""kendall_tau_b"", ""stratum:factor:corpus"": ""ag_news"", ""stratum:factor:temperature"": 0.9, ""stratum:factor:top_p"": 0.95, ""stratum:prompt_id"": ""open_news_v1""}",5b573845e3c58ef17b03603d4d8542554e0a075bdf3175f82bd4004a9c376afb,fbd_rank_kendall_sensitivity,0.9999999999999999,__meta__,open_news_v1,6,17,complete,__meta__
__none__,evaluator_minilm__evaluator_mpnet,evaluator_minilm__evaluator_mpnet,"{""encoder_pair"": ""evaluator_minilm__evaluator_mpnet"", ""rank_entity_fields"": ""model_id"", ""rank_method"": ""kendall_tau_b"", ""stratum:factor:corpus"": ""imdb_reviews"", ""stratum:factor:temperature"": 0.9, ""stratum:factor:top_p"": 0.95, ""stratum:prompt_id"": ""open_news_v1""}",d284fdec2450611ed1b54e89418d9e3f68b99d232bf815d1624f519156385c0c,fbd_rank_kendall_sensitivity,0.9999999999999999,__meta__,open_news_v1,6,17,complete,__meta__
__none__,evaluator_minilm__evaluator_mpnet,evaluator_minilm__evaluator_mpnet,"{""encoder_pair"": ""evaluator_minilm__evaluator_mpnet"", ""rank_entity_fields"": ""model_id"", ""rank_method"": ""kendall_tau_b"", ""stratum:factor:corpus"": ""dbpedia"", ""stratum:factor:temperature"": 0.3, ""stratum:factor:top_p"": 0.8, ""stratum:prompt_id"": ""open_news_v1""}",526e4e7ea48ae7d664f71cba7a6833313a71a64671aff099e03d4239a3842195,fbd_rank_kendall_sensitivity,0.6,__meta__,open_news_v1,6,17,complete,__meta__
__none__,evaluator_minilm__evaluator_mpnet,evaluator_minilm__evaluator_mpnet,"{""encoder_pair"": ""evaluator_minilm__evaluator_mpnet"", ""rank_entity_fields"": ""model_id"", ""rank_method"": ""kendall_tau_b"", ""stratum:factor:corpus"": ""imdb_reviews"", ""stratum:factor:temperature"": 0.3, ""stratum:factor:top_p"": 0.8, ""stratum:prompt_id"": ""open_news_v1""}",89c330aca115cf6f3178e4639ebd191fec148fc0d2f5570252735d4ce140f743,fbd_rank_kendall_sensitivity,0.7333333333333333,__meta__,open_news_v1,6,17,complete,__meta__
__none__,evaluator_minilm__evaluator_mpnet,evaluator_minilm__evaluator_mpnet,"{""encoder_pair"": ""evaluator_minilm__evaluator_mpnet"", ""rank_entity_fields"": ""model_id"", ""rank_method"": ""kendall_tau_b"", ""stratum:factor:corpus"": ""dbpedia"", ""stratum:factor:temperature"": 0.6, ""stratum:factor:top_p"": 0.8, ""stratum:prompt_id"": ""open_news_v1""}",7773027e188e950b0125d2524b064d65440e12d5b30b6fd60fb6214013fcdbc5,fbd_rank_kendall_sensitivity,0.7333333333333333,__meta__,open_news_v1,6,29,complete,__meta__
__none__,evaluator_minilm__evaluator_mpnet,evaluator_minilm__evaluator_mpnet,"{""encoder_pair"": ""evaluator_minilm__evaluator_mpnet"", ""rank_entity_fields"": ""model_id"", ""rank_method"": ""kendall_tau_b"", ""stratum:factor:corpus"": ""yahoo_answers"", ""stratum:factor:temperature"": 0.3, ""stratum:factor:top_p"": 0.8, ""stratum:prompt_id"": ""open_news_v1""}",8edfd6348f8e1418640efa4da894d14633f2b2ce19fde80e255ad231c11ae426,fbd_rank_kendall_sensitivity,0.7333333333333333,__meta__,open_news_v1,6,29,complete,__meta__
__none__,evaluator_minilm__evaluator_mpnet,evaluator_minilm__evaluator_mpnet,"{""encoder_pair"": ""evaluator_minilm__evaluator_mpnet"", ""rank_entity_fields"": ""model_id"", ""rank_method"": ""kendall_tau_b"", ""stratum:factor:corpus"": ""yahoo_answers"", ""stratum:factor:temperature"": 0.6, ""stratum:factor:top_p"": 0.8, ""stratum:prompt_id"": ""open_news_v1""}",916239e5b4951ee17c234814961545b368a6395ed90ea02e6d01fc10530b160d,fbd_rank_kendall_sensitivity,0.8666666666666666,__meta__,open_news_v1,6,29,complete,__meta__
__none__,evaluator_minilm__evaluator_mpnet,evaluator_minilm__evaluator_mpnet,"{""encoder_pair"": ""evaluator_minilm__evaluator_mpnet"", ""rank_entity_fields"": ""model_id"", ""rank_method"": ""kendall_tau_b"", ""stratum:factor:corpus"": ""yahoo_answers"", ""stratum:factor:temperature"": 0.9, ""stratum:factor:top_p"": 0.8, ""stratum:prompt_id"": ""open_news_v1""}",4ed274967fe6bfb78fafe680f38b97b9a45b2c450c5100ed9d6065c40b0bd31f,fbd_rank_kendall_sensitivity,0.9999999999999999,__meta__,open_news_v1,6,29,complete,__meta__
__none__,evaluator_minilm__evaluator_mpnet,evaluator_minilm__evaluator_mpnet,"{""encoder_pair"": ""evaluator_minilm__evaluator_mpnet"", ""rank_entity_fields"": ""model_id"", ""rank_method"": ""kendall_tau_b"", ""stratum:factor:corpus"": ""imdb_reviews"", ""stratum:factor:temperature"": 0.3, ""stratum:factor:top_p"": 0.95, ""stratum:prompt_id"": ""open_news_v1""}",4525dee354cc2e5f660fa715e84b91479ff560faccf75fe9c94e7a7cedc4ed72,fbd_rank_kendall_sensitivity,0.8666666666666666,__meta__,open_news_v1,6,29,complete,__meta__
__none__,evaluator_minilm__evaluator_mpnet,evaluator_minilm__evaluator_mpnet,"{""encoder_pair"": ""evaluator_minilm__evaluator_mpnet"", ""rank_entity_fields"": ""model_id"", ""rank_method"": ""kendall_tau_b"", ""stratum:factor:corpus"": ""ag_news"", ""stratum:factor:temperature"": 0.3, ""stratum:factor:top_p"": 0.95, ""stratum:prompt_id"": ""open_news_v1""}",cf47528e6db3417cafeca3eae782ebe33ad158a9d94f5cdf6de818c9c92abf8f,fbd_rank_kendall_sensitivity,0.9999999999999999,__meta__,open_news_v1,6,29,complete,__meta__
__none__,evaluator_minilm__evaluator_mpnet,evaluator_minilm__evaluator_mpnet,"{""encoder_pair"": ""evaluator_minilm__evaluator_mpnet"", ""rank_entity_fields"": ""model_id"", ""rank_method"": ""kendall_tau_b"", ""stratum:factor:corpus"": ""amazon_reviews"", ""stratum:factor:temperature"": 0.9, ""stratum:factor:top_p"": 0.95, ""stratum:prompt_id"": ""open_news_v1""}",9493c4f546b1b779b8b2bf6f434cc6aaf488a097231bbacdd506cba29e70dd92,fbd_rank_kendall_sensitivity,0.9999999999999999,__meta__,open_news_v1,6,29,complete,__meta__
__none__,evaluator_minilm__evaluator_mpnet,evaluator_minilm__evaluator_mpnet,"{""encoder_pair"": ""evaluator_minilm__evaluator_mpnet"", ""rank_entity_fields"": ""model_id"", ""rank_method"": ""kendall_tau_b"", ""stratum:factor:corpus"": ""amazon_reviews"", ""stratum:factor:temperature"": 0.6, ""stratum:factor:top_p"": 0.8, ""stratum:prompt_id"": ""open_news_v1""}",75755ab9f976e05337e0f4b9caa8e75f5556f84e8830d694fe1ba01336edd6fc,fbd_rank_kendall_sensitivity,0.8666666666666666,__meta__,open_news_v1,6,29,complete,__meta__
__none__,evaluator_minilm__evaluator_mpnet,evaluator_minilm__evaluator_mpnet,"{""encoder_pair"": ""evaluator_minilm__evaluator_mpnet"", ""rank_entity_fields"": ""model_id"", ""rank_method"": ""kendall_tau_b"", ""stratum:factor:corpus"": ""yahoo_answers"", ""stratum:factor:temperature"": 0.6, ""stratum:factor:top_p"": 0.95, ""stratum:prompt_id"": ""open_news_v1""}",659b66384d6f5c1a183c6a12d212030d0f8c764466717e29c3ea9fb9131043b9,fbd_rank_kendall_sensitivity,0.7333333333333333,__meta__,open_news_v1,6,29,complete,__meta__
__none__,evaluator_minilm__evaluator_mpnet,evaluator_minilm__evaluator_mpnet,"{""encoder_pair"": ""evaluator_minilm__evaluator_mpnet"", ""rank_entity_fields"": ""model_id"", ""rank_method"": ""kendall_tau_b"", ""stratum:factor:corpus"": ""dbpedia"", ""stratum:factor:temperature"": 0.9, ""stratum:factor:top_p"": 0.8, ""stratum:prompt_id"": ""open_news_v1""}",82e8de16e5eeddad5b492672359e9552cfc30eba5343323ac420eb703780ac27,fbd_rank_kendall_sensitivity,0.8666666666666666,__meta__,open_news_v1,6,29,complete,__meta__
__none__,evaluator_minilm__evaluator_mpnet,evaluator_minilm__evaluator_mpnet,"{""encoder_pair"": ""evaluator_minilm__evaluator_mpnet"", ""rank_entity_fields"": ""model_id"", ""rank_method"": ""kendall_tau_b"", ""stratum:factor:corpus"": ""imdb_reviews"", ""stratum:factor:temperature"": 0.6, ""stratum:factor:top_p"": 0.95, ""stratum:prompt_id"": ""open_news_v1""}",5a57f60578a1a5e61a96339b9dbef0163f8776657873f81d29f52ef6805308b8,fbd_rank_kendall_sensitivity,0.9999999999999999,__meta__,open_news_v1,6,29,complete,__meta__
__none__,evaluator_minilm__evaluator_mpnet,evaluator_minilm__evaluator_mpnet,"{""encoder_pair"": ""evaluator_minilm__evaluator_mpnet"", ""rank_entity_fields"": ""model_id"", ""rank_method"": ""kendall_tau_b"", ""stratum:factor:corpus"": ""amazon_reviews"", ""stratum:factor:temperature"": 0.6, ""stratum:factor:top_p"": 0.95, ""stratum:prompt_id"": ""open_news_v1""}",ab8eae06961b23431942b02bf3c1babf48d0d853820c6726c4be7610139cae20,fbd_rank_kendall_sensitivity,0.6,__meta__,open_news_v1,6,29,complete,__meta__
__none__,evaluator_minilm__evaluator_mpnet,evaluator_minilm__evaluator_mpnet,"{""encoder_pair"": ""evaluator_minilm__evaluator_mpnet"", ""rank_entity_fields"": ""model_id"", ""rank_method"": ""kendall_tau_b"", ""stratum:factor:corpus"": ""dbpedia"", ""stratum:factor:temperature"": 0.9, ""stratum:factor:top_p"": 0.95, ""stratum:prompt_id"": ""open_news_v1""}",2db92526a8731c0e4d257d853c1d87b2872995257675f73fde595b558029055d,fbd_rank_kendall_sensitivity,0.7333333333333333,__meta__,open_news_v1,6,29,complete,__meta__
__none__,evaluator_minilm__evaluator_mpnet,evaluator_minilm__evaluator_mpnet,"{""encoder_pair"": ""evaluator_minilm__evaluator_mpnet"", ""rank_entity_fields"": ""model_id"", ""rank_method"": ""kendall_tau_b"", ""stratum:factor:corpus"": ""ag_news"", ""stratum:factor:temperature"": 0.3, ""stratum:factor:top_p"": 0.8, ""stratum:prompt_id"": ""open_news_v1""}",d9048c06c2dc69b81812f5390753dff513c3c35d2f88f08bc20de7257b205ad0,fbd_rank_kendall_sensitivity,0.8666666666666666,__meta__,open_news_v1,6,29,complete,__meta__
__none__,evaluator_minilm__evaluator_mpnet,evaluator_minilm__evaluator_mpnet,"{""encoder_pair"": ""evaluator_minilm__evaluator_mpnet"", ""rank_entity_fields"": ""model_id"", ""rank_method"": ""kendall_tau_b"", ""stratum:factor:corpus"": ""dbpedia"", ""stratum:factor:temperature"": 0.6, ""stratum:factor:top_p"": 0.95, ""stratum:prompt_id"": ""open_news_v1""}",3d482bd8e4673c223154e21a4020d84523134693818e3876efc78fb0e8aa3a2f,fbd_rank_kendall_sensitivity,0.7333333333333333,__meta__,open_news_v1,6,29,complete,__meta__
__none__,evaluator_minilm__evaluator_mpnet,evaluator_minilm__evaluator_mpnet,"{""encoder_pair"": ""evaluator_minilm__evaluator_mpnet"", ""rank_entity_fields"": ""model_id"", ""rank_method"": ""kendall_tau_b"", ""stratum:factor:corpus"": ""amazon_reviews"", ""stratum:factor:temperature"": 0.3, ""stratum:factor:top_p"": 0.8, ""stratum:prompt_id"": ""open_news_v1""}",37d06e5f1771863e0aa1695d901ade5697924303823e1a8b5d3d1a27beaac88b,fbd_rank_kendall_sensitivity,0.9999999999999999,__meta__,open_news_v1,6,29,complete,__meta__
__none__,evaluator_minilm__evaluator_mpnet,evaluator_minilm__evaluator_mpnet,"{""encoder_pair"": ""evaluator_minilm__evaluator_mpnet"", ""rank_entity_fields"": ""model_id"", ""rank_method"": ""kendall_tau_b"", ""stratum:factor:corpus"": ""ag_news"", ""stratum:factor:temperature"": 0.6, ""stratum:factor:top_p"": 0.8, ""stratum:prompt_id"": ""open_news_v1""}",691159c877ce40ec232181bd28cebaa777643a9a352110320c2148f54e5f798b,fbd_rank_kendall_sensitivity,0.9999999999999999,__meta__,open_news_v1,6,29,complete,__meta__
__none__,evaluator_minilm__evaluator_mpnet,evaluator_minilm__evaluator_mpnet,"{""encoder_pair"": ""evaluator_minilm__evaluator_mpnet"", ""rank_entity_fields"": ""model_id"", ""rank_method"": ""kendall_tau_b"", ""stratum:factor:corpus"": ""imdb_reviews"", ""stratum:factor:temperature"": 0.6, ""stratum:factor:top_p"": 0.8, ""stratum:prompt_id"": ""open_news_v1""}",d8e1b526a3c7dcd6fa3523f89edec17e4c2c191d62851199063428537bffbee8,fbd_rank_kendall_sensitivity,0.8666666666666666,__meta__,open_news_v1,6,29,complete,__meta__
__none__,evaluator_minilm__evaluator_mpnet,evaluator_minilm__evaluator_mpnet,"{""encoder_pair"": ""evaluator_minilm__evaluator_mpnet"", ""rank_entity_fields"": ""model_id"", ""rank_method"": ""kendall_tau_b"", ""stratum:factor:corpus"": ""amazon_reviews"", ""stratum:factor:temperature"": 0.9, ""stratum:factor:top_p"": 0.8, ""stratum:prompt_id"": ""open_news_v1""}",8d87ccdce89dfc8e01d0f43b6ed1913d9440814c8968971d1627fd365944e6b9,fbd_rank_kendall_sensitivity,0.9999999999999999,__meta__,open_news_v1,6,29,complete,__meta__
__none__,evaluator_minilm__evaluator_mpnet,evaluator_minilm__evaluator_mpnet,"{""encoder_pair"": ""evaluator_minilm__evaluator_mpnet"", ""rank_entity_fields"": ""model_id"", ""rank_method"": ""kendall_tau_b"", ""stratum:factor:corpus"": ""imdb_reviews"", ""stratum:factor:temperature"": 0.9, ""stratum:factor:top_p"": 0.8, ""stratum:prompt_id"": ""open_news_v1""}",4226ff1545e06078a95e1ff02c8b268d97bd80006e53c820388b5e907cf96fb8,fbd_rank_kendall_sensitivity,0.8666666666666666,__meta__,open_news_v1,6,29,complete,__meta__
__none__,evaluator_minilm__evaluator_mpnet,evaluator_minilm__evaluator_mpnet,"{""encoder_pair"": ""evaluator_minilm__evaluator_mpnet"", ""rank_entity_fields"": ""model_id"", ""rank_method"": ""kendall_tau_b"", ""stratum:factor:corpus"": ""ag_news"", ""stratum:factor:temperature"": 0.6, ""stratum:factor:top_p"": 0.95, ""stratum:prompt_id"": ""open_news_v1""}",51345358ffe03c506a181cfcd6b0c9be5eeea530e46734c3b7b60bc7266d5849,fbd_rank_kendall_sensitivity,0.8666666666666666,__meta__,open_news_v1,6,29,complete,__meta__
__none__,evaluator_minilm__evaluator_mpnet,evaluator_minilm__evaluator_mpnet,"{""encoder_pair"": ""evaluator_minilm__evaluator_mpnet"", ""rank_entity_fields"": ""model_id"", ""rank_method"": ""kendall_tau_b"", ""stratum:factor:corpus"": ""ag_news"", ""stratum:factor:temperature"": 0.9, ""stratum:factor:top_p"": 0.8, ""stratum:prompt_id"": ""open_news_v1""}",6073b580a844a5c681305baac81378a87fb55d533d968a2ce04dabfed5cbd111,fbd_rank_kendall_sensitivity,0.8666666666666666,__meta__,open_news_v1,6,29,complete,__meta__
__none__,evaluator_minilm__evaluator_mpnet,evaluator_minilm__evaluator_mpnet,"{""encoder_pair"": ""evaluator_minilm__evaluator_mpnet"", ""rank_entity_fields"": ""model_id"", ""rank_method"": ""kendall_tau_b"", ""stratum:factor:corpus"": ""dbpedia"", ""stratum:factor:temperature"": 0.3, ""stratum:factor:top_p"": 0.95, ""stratum:prompt_id"": ""open_news_v1""}",70dad5b8793b37407c4d676b811b9fb2b9f3bf5081609682cb004e1cd274c626,fbd_rank_kendall_sensitivity,0.6,__meta__,open_news_v1,6,29,complete,__meta__
__none__,evaluator_minilm__evaluator_mpnet,evaluator_minilm__evaluator_mpnet,"{""encoder_pair"": ""evaluator_minilm__evaluator_mpnet"", ""rank_entity_fields"": ""model_id"", ""rank_method"": ""kendall_tau_b"", ""stratum:factor:corpus"": ""amazon_reviews"", ""stratum:factor:temperature"": 0.3, ""stratum:factor:top_p"": 0.95, ""stratum:prompt_id"": ""open_news_v1""}",612e7e842727f1e78662e597387ec70a374905140007dda7ac301b46959f7eff,fbd_rank_kendall_sensitivity,0.8666666666666666,__meta__,open_news_v1,6,29,complete,__meta__
__none__,evaluator_minilm__evaluator_mpnet,evaluator_minilm__evaluator_mpnet,"{""encoder_pair"": ""evaluator_minilm__evaluator_mpnet"", ""rank_entity_fields"": ""model_id"", ""rank_method"": ""kendall_tau_b"", ""stratum:factor:corpus"": ""yahoo_answers"", ""stratum:factor:temperature"": 0.9, ""stratum:factor:top_p"": 0.95, ""stratum:prompt_id"": ""open_news_v1""}",e5c4f2d34b805765196f672e7c635c819bfbeab93d1e3984c21004d776051b30,fbd_rank_kendall_sensitivity,0.9999999999999999,__meta__,open_news_v1,6,29,complete,__meta__
__none__,evaluator_minilm__evaluator_mpnet,evaluator_minilm__evaluator_mpnet,"{""encoder_pair"": ""evaluator_minilm__evaluator_mpnet"", ""rank_entity_fields"": ""model_id"", ""rank_method"": ""kendall_tau_b"", ""stratum:factor:corpus"": ""yahoo_answers"", ""stratum:factor:temperature"": 0.3, ""stratum:factor:top_p"": 0.95, ""stratum:prompt_id"": ""open_news_v1""}",a2d757bd8603b3eecc1da953913871e42b70a461731f5be6520d7aae5eb95e0b,fbd_rank_kendall_sensitivity,0.7333333333333333,__meta__,open_news_v1,6,29,complete,__meta__
__none__,evaluator_minilm__evaluator_mpnet,evaluator_minilm__evaluator_mpnet,"{""encoder_pair"": ""evaluator_minilm__evaluator_mpnet"", ""rank_entity_fields"": ""model_id"", ""rank_method"": ""kendall_tau_b"", ""stratum:factor:corpus"": ""ag_news"", ""stratum:factor:temperature"": 0.9, ""stratum:factor:top_p"": 0.95, ""stratum:prompt_id"": ""open_news_v1""}",667b5857be168d78104d17037b1065b65f8d374a2b971bbd45a228360ec2db89,fbd_rank_kendall_sensitivity,0.9999999999999999,__meta__,open_news_v1,6,29,complete,__meta__
__none__,evaluator_minilm__evaluator_mpnet,evaluator_minilm__evaluator_mpnet,"{""encoder_pair"": ""evaluator_minilm__evaluator_mpnet"", ""rank_entity_fields"": ""model_id"", ""rank_method"": ""kendall_tau_b"", ""stratum:factor:corpus"": ""imdb_reviews"", ""stratum:factor:temperature"": 0.9, ""stratum:factor:top_p"": 0.95, ""stratum:prompt_id"": ""open_news_v1""}",4c83e3b530fda925b23359e1b461631869c129d83e20292b798c0a9a98c6f365,fbd_rank_kendall_sensitivity,0.9999999999999999,__meta__,open_news_v1,6,29,complete,__meta__
__none__,evaluator_minilm__evaluator_mpnet,evaluator_minilm__evaluator_mpnet,"{""encoder_pair"": ""evaluator_minilm__evaluator_mpnet"", ""rank_entity_fields"": ""model_id"", ""rank_method"": ""kendall_tau_b"", ""stratum:factor:corpus"": ""dbpedia"", ""stratum:factor:temperature"": 0.3, ""stratum:factor:top_p"": 0.8, ""stratum:prompt_id"": ""open_news_v1""}",380b16d082e5435b4ece23b67a3fbf6105324a1c1a67f0c90e5938752b46d0d9,fbd_rank_kendall_sensitivity,0.7333333333333333,__meta__,open_news_v1,6,29,complete,__meta__
__none__,evaluator_minilm__evaluator_mpnet,evaluator_minilm__evaluator_mpnet,"{""encoder_pair"": ""evaluator_minilm__evaluator_mpnet"", ""rank_entity_fields"": ""model_id"", ""rank_method"": ""kendall_tau_b"", ""stratum:factor:corpus"": ""imdb_reviews"", ""stratum:factor:temperature"": 0.3, ""stratum:factor:top_p"": 0.8, ""stratum:prompt_id"": ""open_news_v1""}",c9357b5eda217bba8cb6e8359eb609e03b5fe8f441d171ff8f3f1adcfc4cc6f1,fbd_rank_kendall_sensitivity,0.9999999999999999,__meta__,open_news_v1,6,29,complete,__meta__
__none__,evaluator_minilm__evaluator_mpnet,evaluator_minilm__evaluator_mpnet,"{""encoder_pair"": ""evaluator_minilm__evaluator_mpnet"", ""rank_entity_fields"": ""model_id"", ""rank_method"": ""kendall_tau_b"", ""stratum:factor:corpus"": ""dbpedia"", ""stratum:factor:temperature"": 0.6, ""stratum:factor:top_p"": 0.8, ""stratum:prompt_id"": ""open_news_v1""}",405e487d4c118f4380f55063cfec67dc985e4046422226f744cff88359e61469,fbd_rank_kendall_sensitivity,0.8666666666666666,__meta__,open_news_v1,6,43,complete,__meta__
__none__,evaluator_minilm__evaluator_mpnet,evaluator_minilm__evaluator_mpnet,"{""encoder_pair"": ""evaluator_minilm__evaluator_mpnet"", ""rank_entity_fields"": ""model_id"", ""rank_method"": ""kendall_tau_b"", ""stratum:factor:corpus"": ""yahoo_answers"", ""stratum:factor:temperature"": 0.3, ""stratum:factor:top_p"": 0.8, ""stratum:prompt_id"": ""open_news_v1""}",c95efc5de3d392d75e8be18d0cbe688c6cc72387e7873ca6cfc9342b074743cb,fbd_rank_kendall_sensitivity,0.8666666666666666,__meta__,open_news_v1,6,43,complete,__meta__
__none__,evaluator_minilm__evaluator_mpnet,evaluator_minilm__evaluator_mpnet,"{""encoder_pair"": ""evaluator_minilm__evaluator_mpnet"", ""rank_entity_fields"": ""model_id"", ""rank_method"": ""kendall_tau_b"", ""stratum:factor:corpus"": ""yahoo_answers"", ""stratum:factor:temperature"": 0.6, ""stratum:factor:top_p"": 0.8, ""stratum:prompt_id"": ""open_news_v1""}",b271a8e07eb759b174a5cf59728de4bdaf6f5ae6e853fd1aee6918d4b6ff5ba9,fbd_rank_kendall_sensitivity,0.7333333333333333,__meta__,open_news_v1,6,43,complete,__meta__
__none__,evaluator_minilm__evaluator_mpnet,evaluator_minilm__evaluator_mpnet,"{""encoder_pair"": ""evaluator_minilm__evaluator_mpnet"", ""rank_entity_fields"": ""model_id"", ""rank_method"": ""kendall_tau_b"", ""stratum:factor:corpus"": ""yahoo_answers"", ""stratum:factor:temperature"": 0.9, ""stratum:factor:top_p"": 0.8, ""stratum:prompt_id"": ""open_news_v1""}",e0f8ba49af31bfa3403d7b83a63916d5369aadffa2d99f43cf6777e36e615507,fbd_rank_kendall_sensitivity,0.9999999999999999,__meta__,open_news_v1,6,43,complete,__meta__
__none__,evaluator_minilm__evaluator_mpnet,evaluator_minilm__evaluator_mpnet,"{""encoder_pair"": ""evaluator_minilm__evaluator_mpnet"", ""rank_entity_fields"": ""model_id"", ""rank_method"": ""kendall_tau_b"", ""stratum:factor:corpus"": ""imdb_reviews"", ""stratum:factor:temperature"": 0.3, ""stratum:factor:top_p"": 0.95, ""stratum:prompt_id"": ""open_news_v1""}",196cf15594436f3ec925c449078ac7d0702d0d97ef640629b0816db7e30f77b1,fbd_rank_kendall_sensitivity,0.9999999999999999,__meta__,open_news_v1,6,43,complete,__meta__
__none__,evaluator_minilm__evaluator_mpnet,evaluator_minilm__evaluator_mpnet,"{""encoder_pair"": ""evaluator_minilm__evaluator_mpnet"", ""rank_entity_fields"": ""model_id"", ""rank_method"": ""kendall_tau_b"", ""stratum:factor:corpus"": ""ag_news"", ""stratum:factor:temperature"": 0.3, ""stratum:factor:top_p"": 0.95, ""stratum:prompt_id"": ""open_news_v1""}",bd0541f5b9ae361c47e789f58a43f5013545157f064a55407a185461bd4a5dd5,fbd_rank_kendall_sensitivity,0.9999999999999999,__meta__,open_news_v1,6,43,complete,__meta__
__none__,evaluator_minilm__evaluator_mpnet,evaluator_minilm__evaluator_mpnet,"{""encoder_pair"": ""evaluator_minilm__evaluator_mpnet"", ""rank_entity_fields"": ""model_id"", ""rank_method"": ""kendall_tau_b"", ""stratum:factor:corpus"": ""amazon_reviews"", ""stratum:factor:temperature"": 0.9, ""stratum:factor:top_p"": 0.95, ""stratum:prompt_id"": ""open_news_v1""}",92107e79b97878a8b3601c15b9b63d7c9f78b0196837eff610d2d76ae8272575,fbd_rank_kendall_sensitivity,0.8666666666666666,__meta__,open_news_v1,6,43,complete,__meta__
__none__,evaluator_minilm__evaluator_mpnet,evaluator_minilm__evaluator_mpnet,"{""encoder_pair"": ""evaluator_minilm__evaluator_mpnet"", ""rank_entity_fields"": ""model_id"", ""rank_method"": ""kendall_tau_b"", ""stratum:factor:corpus"": ""amazon_reviews"", ""stratum:factor:temperature"": 0.6, ""stratum:factor:top_p"": 0.8, ""stratum:prompt_id"": ""open_news_v1""}",865784a859fc2be8bb38645c80f8d0cbdc585469a90beef9a1fbbd798c355dde,fbd_rank_kendall_sensitivity,0.9999999999999999,__meta__,open_news_v1,6,43,complete,__meta__
__none__,evaluator_minilm__evaluator_mpnet,evaluator_minilm__evaluator_mpnet,"{""encoder_pair"": ""evaluator_minilm__evaluator_mpnet"", ""rank_entity_fields"": ""model_id"", ""rank_method"": ""kendall_tau_b"", ""stratum:factor:corpus"": ""yahoo_answers"", ""stratum:factor:temperature"": 0.6, ""stratum:factor:top_p"": 0.95, ""stratum:prompt_id"": ""open_news_v1""}",3d12aba2c6a5c7389933adef024a8b60f06d24fee34a59b652f59ee05ec311da,fbd_rank_kendall_sensitivity,0.8666666666666666,__meta__,open_news_v1,6,43,complete,__meta__
__none__,evaluator_minilm__evaluator_mpnet,evaluator_minilm__evaluator_mpnet,"{""encoder_pair"": ""evaluator_minilm__evaluator_mpnet"", ""rank_entity_fields"": ""model_id"", ""rank_method"": ""kendall_tau_b"", ""stratum:factor:corpus"": ""dbpedia"", ""stratum:factor:temperature"": 0.9, ""stratum:factor:top_p"": 0.8, ""stratum:prompt_id"": ""open_news_v1""}",e26d19135cc40cfc7dcfc4f60c85f6cfd124ae9f785f2c3a9ba98fd42d7c2361,fbd_rank_kendall_sensitivity,0.7333333333333333,__meta__,open_news_v1,6,43,complete,__meta__
__none__,evaluator_minilm__evaluator_mpnet,evaluator_minilm__evaluator_mpnet,"{""encoder_pair"": ""evaluator_minilm__evaluator_mpnet"", ""rank_entity_fields"": ""model_id"", ""rank_method"": ""kendall_tau_b"", ""stratum:factor:corpus"": ""imdb_reviews"", ""stratum:factor:temperature"": 0.6, ""stratum:factor:top_p"": 0.95, ""stratum:prompt_id"": ""open_news_v1""}",dfa02c8f56f15fa225e5532acf5657dcfabfc3ff80bd2620555b52477e6f171e,fbd_rank_kendall_sensitivity,0.8666666666666666,__meta__,open_news_v1,6,43,complete,__meta__
__none__,evaluator_minilm__evaluator_mpnet,evaluator_minilm__evaluator_mpnet,"{""encoder_pair"": ""evaluator_minilm__evaluator_mpnet"", ""rank_entity_fields"": ""model_id"", ""rank_method"": ""kendall_tau_b"", ""stratum:factor:corpus"": ""amazon_reviews"", ""stratum:factor:temperature"": 0.6, ""stratum:factor:top_p"": 0.95, ""stratum:prompt_id"": ""open_news_v1""}",604ae67d835aae01e782bb81dc8fc465e2b9d2eb1e4febd15b56331a1ae670b0,fbd_rank_kendall_sensitivity,0.9999999999999999,__meta__,open_news_v1,6,43,complete,__meta__
__none__,evaluator_minilm__evaluator_mpnet,evaluator_minilm__evaluator_mpnet,"{""encoder_pair"": ""evaluator_minilm__evaluator_mpnet"", ""rank_entity_fields"": ""model_id"", ""rank_method"": ""kendall_tau_b"", ""stratum:factor:corpus"": ""dbpedia"", ""stratum:factor:temperature"": 0.9, ""stratum:factor:top_p"": 0.95, ""stratum:prompt_id"": ""open_news_v1""}",fcbf72cea8658eff65b7a2f28c5274b488e2be6e500024e6e5aae9a5bc831d2e,fbd_rank_kendall_sensitivity,0.8666666666666666,__meta__,open_news_v1,6,43,complete,__meta__
__none__,evaluator_minilm__evaluator_mpnet,evaluator_minilm__evaluator_mpnet,"{""encoder_pair"": ""evaluator_minilm__evaluator_mpnet"", ""rank_entity_fields"": ""model_id"", ""rank_method"": ""kendall_tau_b"", ""stratum:factor:corpus"": ""ag_news"", ""stratum:factor:temperature"": 0.3, ""stratum:factor:top_p"": 0.8, ""stratum:prompt_id"": ""open_news_v1""}",73d9eae41d56fa41ccdad0902b5d6f986d0ac801b81bdafcdc8da6a6789d4326,fbd_rank_kendall_sensitivity,0.8666666666666666,__meta__,open_news_v1,6,43,complete,__meta__
__none__,evaluator_minilm__evaluator_mpnet,evaluator_minilm__evaluator_mpnet,"{""encoder_pair"": ""evaluator_minilm__evaluator_mpnet"", ""rank_entity_fields"": ""model_id"", ""rank_method"": ""kendall_tau_b"", ""stratum:factor:corpus"": ""dbpedia"", ""stratum:factor:temperature"": 0.6, ""stratum:factor:top_p"": 0.95, ""stratum:prompt_id"": ""open_news_v1""}",8ffffc6fed316f3b33ee7581e74ab43b6ae6ef13b565bdf1e84897ee5f4dc35d,fbd_rank_kendall_sensitivity,0.9999999999999999,__meta__,open_news_v1,6,43,complete,__meta__
__none__,evaluator_minilm__evaluator_mpnet,evaluator_minilm__evaluator_mpnet,"{""encoder_pair"": ""evaluator_minilm__evaluator_mpnet"", ""rank_entity_fields"": ""model_id"", ""rank_method"": ""kendall_tau_b"", ""stratum:factor:corpus"": ""amazon_reviews"", ""stratum:factor:temperature"": 0.3, ""stratum:factor:top_p"": 0.8, ""stratum:prompt_id"": ""open_news_v1""}",c7ed7d3ddc9deedb478fe0daccc0a2674eb2963de0e5f56fdc334111575e7a84,fbd_rank_kendall_sensitivity,0.9999999999999999,__meta__,open_news_v1,6,43,complete,__meta__
__none__,evaluator_minilm__evaluator_mpnet,evaluator_minilm__evaluator_mpnet,"{""encoder_pair"": ""evaluator_minilm__evaluator_mpnet"", ""rank_entity_fields"": ""model_id"", ""rank_method"": ""kendall_tau_b"", ""stratum:factor:corpus"": ""ag_news"", ""stratum:factor:temperature"": 0.6, ""stratum:factor:top_p"": 0.8, ""stratum:prompt_id"": ""open_news_v1""}",ccf9da0b942ec08f5d76eb8eb6e01d84a8dfb6017312d6d5a8c007715b3ffb16,fbd_rank_kendall_sensitivity,0.9999999999999999,__meta__,open_news_v1,6,43,complete,__meta__
__none__,evaluator_minilm__evaluator_mpnet,evaluator_minilm__evaluator_mpnet,"{""encoder_pair"": ""evaluator_minilm__evaluator_mpnet"", ""rank_entity_fields"": ""model_id"", ""rank_method"": ""kendall_tau_b"", ""stratum:factor:corpus"": ""imdb_reviews"", ""stratum:factor:temperature"": 0.6, ""stratum:factor:top_p"": 0.8, ""stratum:prompt_id"": ""open_news_v1""}",d5f0d72c3813210e694a369998d79e04270d3f774aab0b6ac3484d4ebf59864a,fbd_rank_kendall_sensitivity,0.8666666666666666,__meta__,open_news_v1,6,43,complete,__meta__
__none__,evaluator_minilm__evaluator_mpnet,evaluator_minilm__evaluator_mpnet,"{""encoder_pair"": ""evaluator_minilm__evaluator_mpnet"", ""rank_entity_fields"": ""model_id"", ""rank_method"": ""kendall_tau_b"", ""stratum:factor:corpus"": ""amazon_reviews"", ""stratum:factor:temperature"": 0.9, ""stratum:factor:top_p"": 0.8, ""stratum:prompt_id"": ""open_news_v1""}",c41106c1b74a432a1fa76242c1f1f8d22eadc7cd72257e9c0c2328fe49f7c387,fbd_rank_kendall_sensitivity,0.9999999999999999,__meta__,open_news_v1,6,43,complete,__meta__
__none__,evaluator_minilm__evaluator_mpnet,evaluator_minilm__evaluator_mpnet,"{""encoder_pair"": ""evaluator_minilm__evaluator_mpnet"", ""rank_entity_fields"": ""model_id"", ""rank_method"": ""kendall_tau_b"", ""stratum:factor:corpus"": ""imdb_reviews"", ""stratum:factor:temperature"": 0.9, ""stratum:factor:top_p"": 0.8, ""stratum:prompt_id"": ""open_news_v1""}",fd825321819fff3500a8ded3123f261df6b83d7ee031479f7009350407d90ff3,fbd_rank_kendall_sensitivity,0.9999999999999999,__meta__,open_news_v1,6,43,complete,__meta__
__none__,evaluator_minilm__evaluator_mpnet,evaluator_minilm__evaluator_mpnet,"{""encoder_pair"": ""evaluator_minilm__evaluator_mpnet"", ""rank_entity_fields"": ""model_id"", ""rank_method"": ""kendall_tau_b"", ""stratum:factor:corpus"": ""ag_news"", ""stratum:factor:temperature"": 0.6, ""stratum:factor:top_p"": 0.95, ""stratum:prompt_id"": ""open_news_v1""}",e1f86beffb11aac02501a6afd8751a13847c4ed80c678021f1791892da6de5dc,fbd_rank_kendall_sensitivity,0.9999999999999999,__meta__,open_news_v1,6,43,complete,__meta__
__none__,evaluator_minilm__evaluator_mpnet,evaluator_minilm__evaluator_mpnet,"{""encoder_pair"": ""evaluator_minilm__evaluator_mpnet"", ""rank_entity_fields"": ""model_id"", ""rank_method"": ""kendall_tau_b"", ""stratum:factor:corpus"": ""ag_news"", ""stratum:factor:temperature"": 0.9, ""stratum:factor:top_p"": 0.8, ""stratum:prompt_id"": ""open_news_v1""}",aa2ded69ca102872ade5855bc2493e1d1cbeb753145dc07bfba36753b1e7d8f5,fbd_rank_kendall_sensitivity,0.9999999999999999,__meta__,open_news_v1,6,43,complete,__meta__
__none__,evaluator_minilm__evaluator_mpnet,evaluator_minilm__evaluator_mpnet,"{""encoder_pair"": ""evaluator_minilm__evaluator_mpnet"", ""rank_entity_fields"": ""model_id"", ""rank_method"": ""kendall_tau_b"", ""stratum:factor:corpus"": ""dbpedia"", ""stratum:factor:temperature"": 0.3, ""stratum:factor:top_p"": 0.95, ""stratum:prompt_id"": ""open_news_v1""}",2a562d59cb83f5d2a54f48b138c47bffd25cf16596d43b2523af3514726d43d7,fbd_rank_kendall_sensitivity,0.7333333333333333,__meta__,open_news_v1,6,43,complete,__meta__
__none__,evaluator_minilm__evaluator_mpnet,evaluator_minilm__evaluator_mpnet,"{""encoder_pair"": ""evaluator_minilm__evaluator_mpnet"", ""rank_entity_fields"": ""model_id"", ""rank_method"": ""kendall_tau_b"", ""stratum:factor:corpus"": ""amazon_reviews"", ""stratum:factor:temperature"": 0.3, ""stratum:factor:top_p"": 0.95, ""stratum:prompt_id"": ""open_news_v1""}",9ceb7b26ce902536d3c6427cd416facc39be13e26ad363ee6f440ef9b13da8a1,fbd_rank_kendall_sensitivity,0.8666666666666666,__meta__,open_news_v1,6,43,complete,__meta__
__none__,evaluator_minilm__evaluator_mpnet,evaluator_minilm__evaluator_mpnet,"{""encoder_pair"": ""evaluator_minilm__evaluator_mpnet"", ""rank_entity_fields"": ""model_id"", ""rank_method"": ""kendall_tau_b"", ""stratum:factor:corpus"": ""yahoo_answers"", ""stratum:factor:temperature"": 0.9, ""stratum:factor:top_p"": 0.95, ""stratum:prompt_id"": ""open_news_v1""}",edf2133381dc2173b61454ec3fa33fb2d6c1069647fdf698681c3dc15d887c78,fbd_rank_kendall_sensitivity,0.8666666666666666,__meta__,open_news_v1,6,43,complete,__meta__
__none__,evaluator_minilm__evaluator_mpnet,evaluator_minilm__evaluator_mpnet,"{""encoder_pair"": ""evaluator_minilm__evaluator_mpnet"", ""rank_entity_fields"": ""model_id"", ""rank_method"": ""kendall_tau_b"", ""stratum:factor:corpus"": ""yahoo_answers"", ""stratum:factor:temperature"": 0.3, ""stratum:factor:top_p"": 0.95, ""stratum:prompt_id"": ""open_news_v1""}",e7a3e0b510db6cce4cc2ee61894bc5e72e0cdcaaa5d777aeceb89d65773ee213,fbd_rank_kendall_sensitivity,0.8666666666666666,__meta__,open_news_v1,6,43,complete,__meta__
__none__,evaluator_minilm__evaluator_mpnet,evaluator_minilm__evaluator_mpnet,"{""encoder_pair"": ""evaluator_minilm__evaluator_mpnet"", ""rank_entity_fields"": ""model_id"", ""rank_method"": ""kendall_tau_b"", ""stratum:factor:corpus"": ""ag_news"", ""stratum:factor:temperature"": 0.9, ""stratum:factor:top_p"": 0.95, ""stratum:prompt_id"": ""open_news_v1""}",0644d9d8916146f0c8d08575a8ac4c916ca6b9132b8251a2a2484110566cb58c,fbd_rank_kendall_sensitivity,0.8666666666666666,__meta__,open_news_v1,6,43,complete,__meta__
__none__,evaluator_minilm__evaluator_mpnet,evaluator_minilm__evaluator_mpnet,"{""encoder_pair"": ""evaluator_minilm__evaluator_mpnet"", ""rank_entity_fields"": ""model_id"", ""rank_method"": ""kendall_tau_b"", ""stratum:factor:corpus"": ""imdb_reviews"", ""stratum:factor:temperature"": 0.9, ""stratum:factor:top_p"": 0.95, ""stratum:prompt_id"": ""open_news_v1""}",75609082beff0b37912401c6877c23798cab6fa75c7fb11bde662a375516b7bb,fbd_rank_kendall_sensitivity,0.8666666666666666,__meta__,open_news_v1,6,43,complete,__meta__
__none__,evaluator_minilm__evaluator_mpnet,evaluator_minilm__evaluator_mpnet,"{""encoder_pair"": ""evaluator_minilm__evaluator_mpnet"", ""rank_entity_fields"": ""model_id"", ""rank_method"": ""kendall_tau_b"", ""stratum:factor:corpus"": ""dbpedia"", ""stratum:factor:temperature"": 0.3, ""stratum:factor:top_p"": 0.8, ""stratum:prompt_id"": ""open_news_v1""}",76976150d4b935a5292305d3c00dd98185f58478dec1e5582fe30a5d51addee1,fbd_rank_kendall_sensitivity,0.6,__meta__,open_news_v1,6,43,complete,__meta__
__none__,evaluator_minilm__evaluator_mpnet,evaluator_minilm__evaluator_mpnet,"{""encoder_pair"": ""evaluator_minilm__evaluator_mpnet"", ""rank_entity_fields"": ""model_id"", ""rank_method"": ""kendall_tau_b"", ""stratum:factor:corpus"": ""imdb_reviews"", ""stratum:factor:temperature"": 0.3, ""stratum:factor:top_p"": 0.8, ""stratum:prompt_id"": ""open_news_v1""}",1a83207a1d2804667ea72844168432f5dc0d2586c4f46e319a053a5daa41d42a,fbd_rank_kendall_sensitivity,0.9999999999999999,__meta__,open_news_v1,6,43,complete,__meta__
__none__,evaluator_minilm__evaluator_mpnet,evaluator_minilm__evaluator_mpnet,"{""encoder_pair"": ""evaluator_minilm__evaluator_mpnet"", ""rank_entity_fields"": ""model_id"", ""rank_method"": ""kendall_tau_b"", ""stratum:factor:corpus"": ""dbpedia"", ""stratum:factor:temperature"": 0.6, ""stratum:factor:top_p"": 0.8, ""stratum:prompt_id"": ""open_news_v1""}",571db36e39f4f02f6a3f4f2b0b09e2d99f3dbadf1d23e093149b8f57ee1f92e3,fbd_rank_kendall_sensitivity,0.6,__meta__,open_news_v1,6,59,complete,__meta__
__none__,evaluator_minilm__evaluator_mpnet,evaluator_minilm__evaluator_mpnet,"{""encoder_pair"": ""evaluator_minilm__evaluator_mpnet"", ""rank_entity_fields"": ""model_id"", ""rank_method"": ""kendall_tau_b"", ""stratum:factor:corpus"": ""yahoo_answers"", ""stratum:factor:temperature"": 0.3, ""stratum:factor:top_p"": 0.8, ""stratum:prompt_id"": ""open_news_v1""}",4554fd110dae3c8c4e0c1dfa23eb9a7269b5061a2111868025ec544c324a6277,fbd_rank_kendall_sensitivity,0.8666666666666666,__meta__,open_news_v1,6,59,complete,__meta__
__none__,evaluator_minilm__evaluator_mpnet,evaluator_minilm__evaluator_mpnet,"{""encoder_pair"": ""evaluator_minilm__evaluator_mpnet"", ""rank_entity_fields"": ""model_id"", ""rank_method"": ""kendall_tau_b"", ""stratum:factor:corpus"": ""yahoo_answers"", ""stratum:factor:temperature"": 0.6, ""stratum:factor:top_p"": 0.8, ""stratum:prompt_id"": ""open_news_v1""}",a103cb71cb082c4bb8220d63c1872e8fd1a6ecf8ee0ef445224e3fc587376edd,fbd_rank_kendall_sensitivity,0.7333333333333333,__meta__,open_news_v1,6,59,complete,__meta__
__none__,evaluator_minilm__evaluator_mpnet,evaluator_minilm__evaluator_mpnet,"{""encoder_pair"": ""evaluator_minilm__evaluator_mpnet"", ""rank_entity_fields"": ""model_id"", ""rank_method"": ""kendall_tau_b"", ""stratum:factor:corpus"": ""yahoo_answers"", ""stratum:factor:temperature"": 0.9, ""stratum:factor:top_p"": 0.8, ""stratum:prompt_id"": ""open_news_v1""}",686722f8ba25cede77df8afdea5257443317d82aa17c5b998e677e7734b1c9b3,fbd_rank_kendall_sensitivity,0.8666666666666666,__meta__,open_news_v1,6,59,complete,__meta__
__none__,evaluator_minilm__evaluator_mpnet,evaluator_minilm__evaluator_mpnet,"{""encoder_pair"": ""evaluator_minilm__evaluator_mpnet"", ""rank_entity_fields"": ""model_id"", ""rank_method"": ""kendall_tau_b"", ""stratum:factor:corpus"": ""imdb_reviews"", ""stratum:factor:temperature"": 0.3, ""stratum:factor:top_p"": 0.95, ""stratum:prompt_id"": ""open_news_v1""}",20d857dcdeb60fcc3626edd63e7dea9d50c3573f66d6b07065fadd040360b1e4,fbd_rank_kendall_sensitivity,0.4666666666666666,__meta__,open_news_v1,6,59,complete,__meta__
__none__,evaluator_minilm__evaluator_mpnet,evaluator_minilm__evaluator_mpnet,"{""encoder_pair"": ""evaluator_minilm__evaluator_mpnet"", ""rank_entity_fields"": ""model_id"", ""rank_method"": ""kendall_tau_b"", ""stratum:factor:corpus"": ""ag_news"", ""stratum:factor:temperature"": 0.3, ""stratum:factor:top_p"": 0.95, ""stratum:prompt_id"": ""open_news_v1""}",93599566113e98a3b99ac4f53ef76900529eeed3bf63bcd781b950833475bc0f,fbd_rank_kendall_sensitivity,0.9999999999999999,__meta__,open_news_v1,6,59,complete,__meta__
__none__,evaluator_minilm__evaluator_mpnet,evaluator_minilm__evaluator_mpnet,"{""encoder_pair"": ""evaluator_minilm__evaluator_mpnet"", ""rank_entity_fields"": ""model_id"", ""rank_method"": ""kendall_tau_b"", ""stratum:factor:corpus"": ""amazon_reviews"", ""stratum:factor:temperature"": 0.9, ""stratum:factor:top_p"": 0.95, ""stratum:prompt_id"": ""open_news_v1""}",6c11a257a9611c44d2c454345331b0ab1f960887110a5343ad63dfe6d9bcb163,fbd_rank_kendall_sensitivity,0.9999999999999999,__meta__,open_news_v1,6,59,complete,__meta__
__none__,evaluator_minilm__evaluator_mpnet,evaluator_minilm__evaluator_mpnet,"{""encoder_pair"": ""evaluator_minilm__evaluator_mpnet"", ""rank_entity_fields"": ""model_id"", ""rank_method"": ""kendall_tau_b"", ""stratum:factor:corpus"": ""amazon_reviews"", ""stratum:factor:temperature"": 0.6, ""stratum:factor:top_p"": 0.8, ""stratum:prompt_id"": ""open_news_v1""}",5c3c016e7ced22c8c3bc0597bbd589c271a49970a85dbccf158308769a761c52,fbd_rank_kendall_sensitivity,0.6,__meta__,open_news_v1,6,59,complete,__meta__
__none__,evaluator_minilm__evaluator_mpnet,evaluator_minilm__evaluator_mpnet,"{""encoder_pair"": ""evaluator_minilm__evaluator_mpnet"", ""rank_entity_fields"": ""model_id"", ""rank_method"": ""kendall_tau_b"", ""stratum:factor:corpus"": ""yahoo_answers"", ""stratum:factor:temperature"": 0.6, ""stratum:factor:top_p"": 0.95, ""stratum:prompt_id"": ""open_news_v1""}",5ee6bbbbb46862042ad1213ade83c8f0c44f1e56edf705620d7ca14994c158a4,fbd_rank_kendall_sensitivity,0.8666666666666666,__meta__,open_news_v1,6,59,complete,__meta__
__none__,evaluator_minilm__evaluator_mpnet,evaluator_minilm__evaluator_mpnet,"{""encoder_pair"": ""evaluator_minilm__evaluator_mpnet"", ""rank_entity_fields"": ""model_id"", ""rank_method"": ""kendall_tau_b"", ""stratum:factor:corpus"": ""dbpedia"", ""stratum:factor:temperature"": 0.9, ""stratum:factor:top_p"": 0.8, ""stratum:prompt_id"": ""open_news_v1""}",67c254c2d2a38f19126f1dfd51eec6dee1ef99bdd82e1892e7db7a2d15d6b2da,fbd_rank_kendall_sensitivity,0.8666666666666666,__meta__,open_news_v1,6,59,complete,__meta__
__none__,evaluator_minilm__evaluator_mpnet,evaluator_minilm__evaluator_mpnet,"{""encoder_pair"": ""evaluator_minilm__evaluator_mpnet"", ""rank_entity_fields"": ""model_id"", ""rank_method"": ""kendall_tau_b"", ""stratum:factor:corpus"": ""imdb_reviews"", ""stratum:factor:temperature"": 0.6, ""stratum:factor:top_p"": 0.95, ""stratum:prompt_id"": ""open_news_v1""}",615ad9cff6f098ef4352d7de6095928548a5b2ebbddacca4cd2e4613d45f4df0,fbd_rank_kendall_sensitivity,0.9999999999999999,__meta__,open_news_v1,6,59,complete,__meta__
__none__,evaluator_minilm__evaluator_mpnet,evaluator_minilm__evaluator_mpnet,"{""encoder_pair"": ""evaluator_minilm__evaluator_mpnet"", ""rank_entity_fields"": ""model_id"", ""rank_method"": ""kendall_tau_b"", ""stratum:factor:corpus"": ""amazon_reviews"", ""stratum:factor:temperature"": 0.6, ""stratum:factor:top_p"": 0.95, ""stratum:prompt_id"": ""open_news_v1""}",d0b9d4baeaa895c07bd59c686de3619a82cb12bd2b995efe92feef38da79bce4,fbd_rank_kendall_sensitivity,0.8666666666666666,__meta__,open_news_v1,6,59,complete,__meta__
__none__,evaluator_minilm__evaluator_mpnet,evaluator_minilm__evaluator_mpnet,"{""encoder_pair"": ""evaluator_minilm__evaluator_mpnet"", ""rank_entity_fields"": ""model_id"", ""rank_method"": ""kendall_tau_b"", ""stratum:factor:corpus"": ""dbpedia"", ""stratum:factor:temperature"": 0.9, ""stratum:factor:top_p"": 0.95, ""stratum:prompt_id"": ""open_news_v1""}",3b7037d8f7282cc9d419e009b3f2a61480e09680f2bdb576f9e0a34e1c82f21e,fbd_rank_kendall_sensitivity,0.9999999999999999,__meta__,open_news_v1,6,59,complete,__meta__
__none__,evaluator_minilm__evaluator_mpnet,evaluator_minilm__evaluator_mpnet,"{""encoder_pair"": ""evaluator_minilm__evaluator_mpnet"", ""rank_entity_fields"": ""model_id"", ""rank_method"": ""kendall_tau_b"", ""stratum:factor:corpus"": ""ag_news"", ""stratum:factor:temperature"": 0.3, ""stratum:factor:top_p"": 0.8, ""stratum:prompt_id"": ""open_news_v1""}",45f06f3ab7991cb5f9f90183da59874623894bc243e8362a7ffe20e6e2a1223c,fbd_rank_kendall_sensitivity,0.9999999999999999,__meta__,open_news_v1,6,59,complete,__meta__
__none__,evaluator_minilm__evaluator_mpnet,evaluator_minilm__evaluator_mpnet,"{""encoder_pair"": ""evaluator_minilm__evaluator_mpnet"", ""rank_entity_fields"": ""model_id"", ""rank_method"": ""kendall_tau_b"", ""stratum:factor:corpus"": ""dbpedia"", ""stratum:factor:temperature"": 0.6, ""stratum:factor:top_p"": 0.95, ""stratum:prompt_id"": ""open_news_v1""}",042be9eae7933e04a1c2869231287adcd3cdd5e60a0a0b06177e5a30638c6678,fbd_rank_kendall_sensitivity,0.7333333333333333,__meta__,open_news_v1,6,59,complete,__meta__
__none__,evaluator_minilm__evaluator_mpnet,evaluator_minilm__evaluator_mpnet,"{""encoder_pair"": ""evaluator_minilm__evaluator_mpnet"", ""rank_entity_fields"": ""model_id"", ""rank_method"": ""kendall_tau_b"", ""stratum:factor:corpus"": ""amazon_reviews"", ""stratum:factor:temperature"": 0.3, ""stratum:factor:top_p"": 0.8, ""stratum:prompt_id"": ""open_news_v1""}",666bab336b241bf1156a0f0414de118dab188c3321ffd28f9a5f1b4500c7d1e4,fbd_rank_kendall_sensitivity,0.9999999999999999,__meta__,open_news_v1,6,59,complete,__meta__
__none__,evaluator_minilm__evaluator_mpnet,evaluator_minilm__evaluator_mpnet,"{""encoder_pair"": ""evaluator_minilm__evaluator_mpnet"", ""rank_entity_fields"": ""model_id"", ""rank_method"": ""kendall_tau_b"", ""stratum:factor:corpus"": ""ag_news"", ""stratum:factor:temperature"": 0.6, ""stratum:factor:top_p"": 0.8, ""stratum:prompt_id"": ""open_news_v1""}",9bb58fc75c95d0feb09a736266c4dea3559ea3217a3f04ae274586bd613fc55e,fbd_rank_kendall_sensitivity,0.8666666666666666,__meta__,open_news_v1,6,59,complete,__meta__
__none__,evaluator_minilm__evaluator_mpnet,evaluator_minilm__evaluator_mpnet,"{""encoder_pair"": ""evaluator_minilm__evaluator_mpnet"", ""rank_entity_fields"": ""model_id"", ""rank_method"": ""kendall_tau_b"", ""stratum:factor:corpus"": ""imdb_reviews"", ""stratum:factor:temperature"": 0.6, ""stratum:factor:top_p"": 0.8, ""stratum:prompt_id"": ""open_news_v1""}",5cc8cbfecfb526a87bab05846724c7041d900de90d0d79e8b0cb8b87b5bf42b9,fbd_rank_kendall_sensitivity,0.8666666666666666,__meta__,open_news_v1,6,59,complete,__meta__
__none__,evaluator_minilm__evaluator_mpnet,evaluator_minilm__evaluator_mpnet,"{""encoder_pair"": ""evaluator_minilm__evaluator_mpnet"", ""rank_entity_fields"": ""model_id"", ""rank_method"": ""kendall_tau_b"", ""stratum:factor:corpus"": ""amazon_reviews"", ""stratum:factor:temperature"": 0.9, ""stratum:factor:top_p"": 0.8, ""stratum:prompt_id"": ""open_news_v1""}",147722cc5b3baef261ce88a07b90d651a7866145e81cc6ca37c712a5409ead9f,fbd_rank_kendall_sensitivity,0.6,__meta__,open_news_v1,6,59,complete,__meta__
__none__,evaluator_minilm__evaluator_mpnet,evaluator_minilm__evaluator_mpnet,"{""encoder_pair"": ""evaluator_minilm__evaluator_mpnet"", ""rank_entity_fields"": ""model_id"", ""rank_method"": ""kendall_tau_b"", ""stratum:factor:corpus"": ""imdb_reviews"", ""stratum:factor:temperature"": 0.9, ""stratum:factor:top_p"": 0.8, ""stratum:prompt_id"": ""open_news_v1""}",4c13c097c60260dd129da68b7d2558bd3da4b77c9c6392e9c4fa05ac08f957eb,fbd_rank_kendall_sensitivity,0.9999999999999999,__meta__,open_news_v1,6,59,complete,__meta__
__none__,evaluator_minilm__evaluator_mpnet,evaluator_minilm__evaluator_mpnet,"{""encoder_pair"": ""evaluator_minilm__evaluator_mpnet"", ""rank_entity_fields"": ""model_id"", ""rank_method"": ""kendall_tau_b"", ""stratum:factor:corpus"": ""ag_news"", ""stratum:factor:temperature"": 0.6, ""stratum:factor:top_p"": 0.95, ""stratum:prompt_id"": ""open_news_v1""}",f2ed708edbcf060c84a651a3caef2fd8566a86e920c6c55f1f18d287cd7f5521,fbd_rank_kendall_sensitivity,0.9999999999999999,__meta__,open_news_v1,6,59,complete,__meta__
__none__,evaluator_minilm__evaluator_mpnet,evaluator_minilm__evaluator_mpnet,"{""encoder_pair"": ""evaluator_minilm__evaluator_mpnet"", ""rank_entity_fields"": ""model_id"", ""rank_method"": ""kendall_tau_b"", ""stratum:factor:corpus"": ""ag_news"", ""stratum:factor:temperature"": 0.9, ""stratum:factor:top_p"": 0.8, ""stratum:prompt_id"": ""open_news_v1""}",da034278585949ab454b85386ae6a1f472b287424a765ec1ae90e968ec9262fe,fbd_rank_kendall_sensitivity,0.8666666666666666,__meta__,open_news_v1,6,59,complete,__meta__
__none__,evaluator_minilm__evaluator_mpnet,evaluator_minilm__evaluator_mpnet,"{""encoder_pair"": ""evaluator_minilm__evaluator_mpnet"", ""rank_entity_fields"": ""model_id"", ""rank_method"": ""kendall_tau_b"", ""stratum:factor:corpus"": ""dbpedia"", ""stratum:factor:temperature"": 0.3, ""stratum:factor:top_p"": 0.95, ""stratum:prompt_id"": ""open_news_v1""}",1d43a66089a74693c915d6a40142023498a2d7dd7fdccba6ddfc8550e7e93f16,fbd_rank_kendall_sensitivity,0.4666666666666666,__meta__,open_news_v1,6,59,complete,__meta__
__none__,evaluator_minilm__evaluator_mpnet,evaluator_minilm__evaluator_mpnet,"{""encoder_pair"": ""evaluator_minilm__evaluator_mpnet"", ""rank_entity_fields"": ""model_id"", ""rank_method"": ""kendall_tau_b"", ""stratum:factor:corpus"": ""amazon_reviews"", ""stratum:factor:temperature"": 0.3, ""stratum:factor:top_p"": 0.95, ""stratum:prompt_id"": ""open_news_v1""}",b745ebec5d04a797dc0da036ae1511e07cee1cfe9b57d58457879802c91a37f7,fbd_rank_kendall_sensitivity,0.9999999999999999,__meta__,open_news_v1,6,59,complete,__meta__
__none__,evaluator_minilm__evaluator_mpnet,evaluator_minilm__evaluator_mpnet,"{""encoder_pair"": ""evaluator_minilm__evaluator_mpnet"", ""rank_entity_fields"": ""model_id"", ""rank_method"": ""kendall_tau_b"", ""stratum:factor:corpus"": ""yahoo_answers"", ""stratum:factor:temperature"": 0.9, ""stratum:factor:top_p"": 0.95, ""stratum:prompt_id"": ""open_news_v1""}",d0f3fe784784955c783c146511b4c3fde69c02a59d6ec555ec94f6b88b4c310c,fbd_rank_kendall_sensitivity,0.8666666666666666,__meta__,open_news_v1,6,59,complete,__meta__
__none__,evaluator_minilm__evaluator_mpnet,evaluator_minilm__evaluator_mpnet,"{""encoder_pair"": ""evaluator_minilm__evaluator_mpnet"", ""rank_entity_fields"": ""model_id"", ""rank_method"": ""kendall_tau_b"", ""stratum:factor:corpus"": ""yahoo_answers"", ""stratum:factor:temperature"": 0.3, ""stratum:factor:top_p"": 0.95, ""stratum:prompt_id"": ""open_news_v1""}",e3553a28790ff9577aa263a6e91dbcbd0bc26fa0a2b3e7d96936a13109c6c4ef,fbd_rank_kendall_sensitivity,0.9999999999999999,__meta__,open_news_v1,6,59,complete,__meta__
__none__,evaluator_minilm__evaluator_mpnet,evaluator_minilm__evaluator_mpnet,"{""encoder_pair"": ""evaluator_minilm__evaluator_mpnet"", ""rank_entity_fields"": ""model_id"", ""rank_method"": ""kendall_tau_b"", ""stratum:factor:corpus"": ""ag_news"", ""stratum:factor:temperature"": 0.9, ""stratum:factor:top_p"": 0.95, ""stratum:prompt_id"": ""open_news_v1""}",04255969729201cf04ac1dfe5af1f46ffeec60b9aeee0719a80b10d93114feba,fbd_rank_kendall_sensitivity,0.9999999999999999,__meta__,open_news_v1,6,59,complete,__meta__
__none__,evaluator_minilm__evaluator_mpnet,evaluator_minilm__evaluator_mpnet,"{""encoder_pair"": ""evaluator_minilm__evaluator_mpnet"", ""rank_entity_fields"": ""model_id"", ""rank_method"": ""kendall_tau_b"", ""stratum:factor:corpus"": ""imdb_reviews"", ""stratum:factor:temperature"": 0.9, ""stratum:factor:top_p"": 0.95, ""stratum:prompt_id"": ""open_news_v1""}",0d03ec188901fbc68b9a0b73fefb6bda3ab1d00e44f466d68e08baf681fd381c,fbd_rank_kendall_sensitivity,0.9999999999999999,__meta__,open_news_v1,6,59,complete,__meta__
__none__,evaluator_minilm__evaluator_mpnet,evaluator_minilm__evaluator_mpnet,"{""encoder_pair"": ""evaluator_minilm__evaluator_mpnet"", ""rank_entity_fields"": ""model_id"", ""rank_method"": ""kendall_tau_b"", ""stratum:factor:corpus"": ""dbpedia"", ""stratum:factor:temperature"": 0.3, ""stratum:factor:top_p"": 0.8, ""stratum:prompt_id"": ""open_news_v1""}",0d58a94112df92e6e23146632ee049ade57012388c7a7cdb627be5c37269e03c,fbd_rank_kendall_sensitivity,0.7333333333333333,__meta__,open_news_v1,6,59,complete,__meta__
__none__,evaluator_minilm__evaluator_mpnet,evaluator_minilm__evaluator_mpnet,"{""encoder_pair"": ""evaluator_minilm__evaluator_mpnet"", ""rank_entity_fields"": ""model_id"", ""rank_method"": ""kendall_tau_b"", ""stratum:factor:corpus"": ""imdb_reviews"", ""stratum:factor:temperature"": 0.3, ""stratum:factor:top_p"": 0.8, ""stratum:prompt_id"": ""open_news_v1""}",8a6ad0b519364f59da1a3b98123a15d3d5d924328790a8b72db3f30ddc2c7b3e,fbd_rank_kendall_sensitivity,0.8666666666666666,__meta__,open_news_v1,6,59,complete,__meta__
__none__,evaluator_minilm__evaluator_mpnet,evaluator_minilm__evaluator_mpnet,"{""encoder_pair"": ""evaluator_minilm__evaluator_mpnet"", ""rank_entity_fields"": ""model_id"", ""rank_method"": ""kendall_tau_b"", ""stratum:factor:corpus"": ""dbpedia"", ""stratum:factor:temperature"": 0.6, ""stratum:factor:top_p"": 0.8, ""stratum:prompt_id"": ""open_news_v1""}",41724879edf84e09a3f3dc78a525f35ee88f49d15f6591196b5381ed5cadedc0,fbd_rank_kendall_sensitivity,0.8666666666666666,__meta__,open_news_v1,6,71,complete,__meta__
__none__,evaluator_minilm__evaluator_mpnet,evaluator_minilm__evaluator_mpnet,"{""encoder_pair"": ""evaluator_minilm__evaluator_mpnet"", ""rank_entity_fields"": ""model_id"", ""rank_method"": ""kendall_tau_b"", ""stratum:factor:corpus"": ""yahoo_answers"", ""stratum:factor:temperature"": 0.3, ""stratum:factor:top_p"": 0.8, ""stratum:prompt_id"": ""open_news_v1""}",a6d11f72e066f2422eff2de96f1593f8891d25fd40504e0df53840d915c92592,fbd_rank_kendall_sensitivity,0.7333333333333333,__meta__,open_news_v1,6,71,complete,__meta__
__none__,evaluator_minilm__evaluator_mpnet,evaluator_minilm__evaluator_mpnet,"{""encoder_pair"": ""evaluator_minilm__evaluator_mpnet"", ""rank_entity_fields"": ""model_id"", ""rank_method"": ""kendall_tau_b"", ""stratum:factor:corpus"": ""yahoo_answers"", ""stratum:factor:temperature"": 0.6, ""stratum:factor:top_p"": 0.8, ""stratum:prompt_id"": ""open_news_v1""}",3b1e0b41c9e44f291aeeffafc528f6b75255a1dd1db8c93fe27dc5fa1274d7a8,fbd_rank_kendall_sensitivity,0.8666666666666666,__meta__,open_news_v1,6,71,complete,__meta__
__none__,evaluator_minilm__evaluator_mpnet,evaluator_minilm__evaluator_mpnet,"{""encoder_pair"": ""evaluator_minilm__evaluator_mpnet"", ""rank_entity_fields"": ""model_id"", ""rank_method"": ""kendall_tau_b"", ""stratum:factor:corpus"": ""yahoo_answers"", ""stratum:factor:temperature"": 0.9, ""stratum:factor:top_p"": 0.8, ""stratum:prompt_id"": ""open_news_v1""}",f68e9ffe441819845e5c2f2be5e0f182d223fd90a68a960805b19272bb0b158f,fbd_rank_kendall_sensitivity,0.9999999999999999,__meta__,open_news_v1,6,71,complete,__meta__
__none__,evaluator_minilm__evaluator_mpnet,evaluator_minilm__evaluator_mpnet,"{""encoder_pair"": ""evaluator_minilm__evaluator_mpnet"", ""rank_entity_fields"": ""model_id"", ""rank_method"": ""kendall_tau_b"", ""stratum:factor:corpus"": ""imdb_reviews"", ""stratum:factor:temperature"": 0.3, ""stratum:factor:top_p"": 0.95, ""stratum:prompt_id"": ""open_news_v1""}",e0b16fffee27250d36e6852e7bbecec342c3de2323cf8e55470d566c8db13cc5,fbd_rank_kendall_sensitivity,0.9999999999999999,__meta__,open_news_v1,6,71,complete,__meta__
__none__,evaluator_minilm__evaluator_mpnet,evaluator_minilm__evaluator_mpnet,"{""encoder_pair"": ""evaluator_minilm__evaluator_mpnet"", ""rank_entity_fields"": ""model_id"", ""rank_method"": ""kendall_tau_b"", ""stratum:factor:corpus"": ""ag_news"", ""stratum:factor:temperature"": 0.3, ""stratum:factor:top_p"": 0.95, ""stratum:prompt_id"": ""open_news_v1""}",6a9cf40170f3f9dd1bec7b120bce44a43dfc6053b6055e04d93c109242351891,fbd_rank_kendall_sensitivity,0.9999999999999999,__meta__,open_news_v1,6,71,complete,__meta__
__none__,evaluator_minilm__evaluator_mpnet,evaluator_minilm__evaluator_mpnet,"{""encoder_pair"": ""evaluator_minilm__evaluator_mpnet"", ""rank_entity_fields"": ""model_id"", ""rank_method"": ""kendall_tau_b"", ""stratum:factor:corpus"": ""amazon_reviews"", ""stratum:factor:temperature"": 0.9, ""stratum:factor:top_p"": 0.95, ""stratum:prompt_id"": ""open_news_v1""}",d319a09c7535694a55c72417ac169fab5a1069c06134a5b942969f00788c475e,fbd_rank_kendall_sensitivity,0.9999999999999999,__meta__,open_news_v1,6,71,complete,__meta__
__none__,evaluator_minilm__evaluator_mpnet,evaluator_minilm__evaluator_mpnet,"{""encoder_pair"": ""evaluator_minilm__evaluator_mpnet"", ""rank_entity_fields"": ""model_id"", ""rank_method"": ""kendall_tau_b"", ""stratum:factor:corpus"": ""amazon_reviews"", ""stratum:factor:temperature"": 0.6, ""stratum:factor:top_p"": 0.8, ""stratum:prompt_id"": ""open_news_v1""}",706e89809e7d63f36cfccf7427845a59c19cfaeff42b56dd80cbb64620a1bb7c,fbd_rank_kendall_sensitivity,0.9999999999999999,__meta__,open_news_v1,6,71,complete,__meta__
__none__,evaluator_minilm__evaluator_mpnet,evaluator_minilm__evaluator_mpnet,"{""encoder_pair"": ""evaluator_minilm__evaluator_mpnet"", ""rank_entity_fields"": ""model_id"", ""rank_method"": ""kendall_tau_b"", ""stratum:factor:corpus"": ""yahoo_answers"", ""stratum:factor:temperature"": 0.6, ""stratum:factor:top_p"": 0.95, ""stratum:prompt_id"": ""open_news_v1""}",0f0620fcc22b8dafb5f4de04a5d4001c0c704dc4d073e1da9322d51a5f396690,fbd_rank_kendall_sensitivity,0.9999999999999999,__meta__,open_news_v1,6,71,complete,__meta__
__none__,evaluator_minilm__evaluator_mpnet,evaluator_minilm__evaluator_mpnet,"{""encoder_pair"": ""evaluator_minilm__evaluator_mpnet"", ""rank_entity_fields"": ""model_id"", ""rank_method"": ""kendall_tau_b"", ""stratum:factor:corpus"": ""dbpedia"", ""stratum:factor:temperature"": 0.9, ""stratum:factor:top_p"": 0.8, ""stratum:prompt_id"": ""open_news_v1""}",64b21e2e7abd9b5f45660d107a9ae9deb9718bf374835ffd7bffaaa6ba5db407,fbd_rank_kendall_sensitivity,0.8666666666666666,__meta__,open_news_v1,6,71,complete,__meta__
__none__,evaluator_minilm__evaluator_mpnet,evaluator_minilm__evaluator_mpnet,"{""encoder_pair"": ""evaluator_minilm__evaluator_mpnet"", ""rank_entity_fields"": ""model_id"", ""rank_method"": ""kendall_tau_b"", ""stratum:factor:corpus"": ""imdb_reviews"", ""stratum:factor:temperature"": 0.6, ""stratum:factor:top_p"": 0.95, ""stratum:prompt_id"": ""open_news_v1""}",91229b6328d2352a186cfc54834b0b8750cf1cef8d28236ab97a9ed75e7eee34,fbd_rank_kendall_sensitivity,0.9999999999999999,__meta__,open_news_v1,6,71,complete,__meta__
__none__,evaluator_minilm__evaluator_mpnet,evaluator_minilm__evaluator_mpnet,"{""encoder_pair"": ""evaluator_minilm__evaluator_mpnet"", ""rank_entity_fields"": ""model_id"", ""rank_method"": ""kendall_tau_b"", ""stratum:factor:corpus"": ""amazon_reviews"", ""stratum:factor:temperature"": 0.6, ""stratum:factor:top_p"": 0.95, ""stratum:prompt_id"": ""open_news_v1""}",7d7273e1cceea37e089986d98380ecb4daaa4570858800a69d7bf1db9ddf0cc6,fbd_rank_kendall_sensitivity,0.9999999999999999,__meta__,open_news_v1,6,71,complete,__meta__
__none__,evaluator_minilm__evaluator_mpnet,evaluator_minilm__evaluator_mpnet,"{""encoder_pair"": ""evaluator_minilm__evaluator_mpnet"", ""rank_entity_fields"": ""model_id"", ""rank_method"": ""kendall_tau_b"", ""stratum:factor:corpus"": ""dbpedia"", ""stratum:factor:temperature"": 0.9, ""stratum:factor:top_p"": 0.95, ""stratum:prompt_id"": ""open_news_v1""}",9b62125bd221dde8f6c5887a0cb0460848a07ad895b6d4e8264b3fcf6ccdfd6f,fbd_rank_kendall_sensitivity,0.7333333333333333,__meta__,open_news_v1,6,71,complete,__meta__
__none__,evaluator_minilm__evaluator_mpnet,evaluator_minilm__evaluator_mpnet,"{""encoder_pair"": ""evaluator_minilm__evaluator_mpnet"", ""rank_entity_fields"": ""model_id"", ""rank_method"": ""kendall_tau_b"", ""stratum:factor:corpus"": ""ag_news"", ""stratum:factor:temperature"": 0.3, ""stratum:factor:top_p"": 0.8, ""stratum:prompt_id"": ""open_news_v1""}",f080e290540bfe6e9999bfcd9c9e80c6f23b97656041c584ff9c082b7fa480b7,fbd_rank_kendall_sensitivity,0.8666666666666666,__meta__,open_news_v1,6,71,complete,__meta__
__none__,evaluator_minilm__evaluator_mpnet,evaluator_minilm__evaluator_mpnet,"{""encoder_pair"": ""evaluator_minilm__evaluator_mpnet"", ""rank_entity_fields"": ""model_id"", ""rank_method"": ""kendall_tau_b"", ""stratum:factor:corpus"": ""dbpedia"", ""stratum:factor:temperature"": 0.6, ""stratum:factor:top_p"": 0.95, ""stratum:prompt_id"": ""open_news_v1""}",aa08adb80dcc2f6a498497e6fa3a488e008ab8e0cebdf79c372852519a1e8ed8,fbd_rank_kendall_sensitivity,0.9999999999999999,__meta__,open_news_v1,6,71,complete,__meta__
__none__,evaluator_minilm__evaluator_mpnet,evaluator_minilm__evaluator_mpnet,"{""encoder_pair"": ""evaluator_minilm__evaluator_mpnet"", ""rank_entity_fields"": ""model_id"", ""rank_method"": ""kendall_tau_b"", ""stratum:factor:corpus"": ""amazon_reviews"", ""stratum:factor:temperature"": 0.3, ""stratum:factor:top_p"": 0.8, ""stratum:prompt_id"": ""open_news_v1""}",03cb29d34929c81f69e718bee119c223483706aa128fa823ea7c07e0b09ecff5,fbd_rank_kendall_sensitivity,0.8666666666666666,__meta__,open_news_v1,6,71,complete,__meta__
__none__,evaluator_minilm__evaluator_mpnet,evaluator_minilm__evaluator_mpnet,"{""encoder_pair"": ""evaluator_minilm__evaluator_mpnet"", ""rank_entity_fields"": ""model_id"", ""rank_method"": ""kendall_tau_b"", ""stratum:factor:corpus"": ""ag_news"", ""stratum:factor:temperature"": 0.6, ""stratum:factor:top_p"": 0.8, ""stratum:prompt_id"": ""open_news_v1""}",f909f473fd1462f0ce79d587784abab7a46eb8c075bd5d867a179cb5dc34408d,fbd_rank_kendall_sensitivity,0.8666666666666666,__meta__,open_news_v1,6,71,complete,__meta__
__none__,evaluator_minilm__evaluator_mpnet,evaluator_minilm__evaluator_mpnet,"{""encoder_pair"": ""evaluator_minilm__evaluator_mpnet"", ""rank_entity_fields"": ""model_id"", ""rank_method"": ""kendall_tau_b"", ""stratum:factor:corpus"": ""imdb_reviews"", ""stratum:factor:temperature"": 0.6, ""stratum:factor:top_p"": 0.8, ""stratum:prompt_id"": ""open_news_v1""}",a6d289199bfc008e518e20482200e77b3eece33c5a7880115e58e951188ae802,fbd_rank_kendall_sensitivity,0.7333333333333333,__meta__,open_news_v1,6,71,complete,__meta__
__none__,evaluator_minilm__evaluator_mpnet,evaluator_minilm__evaluator_mpnet,"{""encoder_pair"": ""evaluator_minilm__evaluator_mpnet"", ""rank_entity_fields"": ""model_id"", ""rank_method"": ""kendall_tau_b"", ""stratum:factor:corpus"": ""amazon_reviews"", ""stratum:factor:temperature"": 0.9, ""stratum:factor:top_p"": 0.8, ""stratum:prompt_id"": ""open_news_v1""}",b39b17bf59a0b0e0655743e7245238d30407c386bdc45b9928c7cde2ad08dd0d,fbd_rank_kendall_sensitivity,0.9999999999999999,__meta__,open_news_v1,6,71,complete,__meta__
__none__,evaluator_minilm__evaluator_mpnet,evaluator_minilm__evaluator_mpnet,"{""encoder_pair"": ""evaluator_minilm__evaluator_mpnet"", ""rank_entity_fields"": ""model_id"", ""rank_method"": ""kendall_tau_b"", ""stratum:factor:corpus"": ""imdb_reviews"", ""stratum:factor:temperature"": 0.9, ""stratum:factor:top_p"": 0.8, ""stratum:prompt_id"": ""open_news_v1""}",44cc860a27a2c4c775f62e4399adf9b60d74449d373c26420310366297ee981c,fbd_rank_kendall_sensitivity,0.8666666666666666,__meta__,open_news_v1,6,71,complete,__meta__
__none__,evaluator_minilm__evaluator_mpnet,evaluator_minilm__evaluator_mpnet,"{""encoder_pair"": ""evaluator_minilm__evaluator_mpnet"", ""rank_entity_fields"": ""model_id"", ""rank_method"": ""kendall_tau_b"", ""stratum:factor:corpus"": ""ag_news"", ""stratum:factor:temperature"": 0.6, ""stratum:factor:top_p"": 0.95, ""stratum:prompt_id"": ""open_news_v1""}",49ee6c453814c57b49a11fc777f6cd5252a9119315b4056acd3c43cc8d740da6,fbd_rank_kendall_sensitivity,0.9999999999999999,__meta__,open_news_v1,6,71,complete,__meta__
__none__,evaluator_minilm__evaluator_mpnet,evaluator_minilm__evaluator_mpnet,"{""encoder_pair"": ""evaluator_minilm__evaluator_mpnet"", ""rank_entity_fields"": ""model_id"", ""rank_method"": ""kendall_tau_b"", ""stratum:factor:corpus"": ""ag_news"", ""stratum:factor:temperature"": 0.9, ""stratum:factor:top_p"": 0.8, ""stratum:prompt_id"": ""open_news_v1""}",c0bf049626efd13f5092634c0fd76ef170f132dc93bec4fb4b651519da10aa18,fbd_rank_kendall_sensitivity,0.9999999999999999,__meta__,open_news_v1,6,71,complete,__meta__
__none__,evaluator_minilm__evaluator_mpnet,evaluator_minilm__evaluator_mpnet,"{""encoder_pair"": ""evaluator_minilm__evaluator_mpnet"", ""rank_entity_fields"": ""model_id"", ""rank_method"": ""kendall_tau_b"", ""stratum:factor:corpus"": ""dbpedia"", ""stratum:factor:temperature"": 0.3, ""stratum:factor:top_p"": 0.95, ""stratum:prompt_id"": ""open_news_v1""}",bb6a2770ea43280fed7ad99369e47f4a209cef06c52cd643fa63139487e02fec,fbd_rank_kendall_sensitivity,0.6,__meta__,open_news_v1,6,71,complete,__meta__
__none__,evaluator_minilm__evaluator_mpnet,evaluator_minilm__evaluator_mpnet,"{""encoder_pair"": ""evaluator_minilm__evaluator_mpnet"", ""rank_entity_fields"": ""model_id"", ""rank_method"": ""kendall_tau_b"", ""stratum:factor:corpus"": ""amazon_reviews"", ""stratum:factor:temperature"": 0.3, ""stratum:factor:top_p"": 0.95, ""stratum:prompt_id"": ""open_news_v1""}",45f811bac296320a6dad8f1df5136a934c614ad9000cb960e571e03c20adc157,fbd_rank_kendall_sensitivity,0.9999999999999999,__meta__,open_news_v1,6,71,complete,__meta__
__none__,evaluator_minilm__evaluator_mpnet,evaluator_minilm__evaluator_mpnet,"{""encoder_pair"": ""evaluator_minilm__evaluator_mpnet"", ""rank_entity_fields"": ""model_id"", ""rank_method"": ""kendall_tau_b"", ""stratum:factor:corpus"": ""yahoo_answers"", ""stratum:factor:temperature"": 0.9, ""stratum:factor:top_p"": 0.95, ""stratum:prompt_id"": ""open_news_v1""}",58638cc8728d5c3afb7bb5d15ee904dd8b4dbe4bbdb8b2b632cddb92506ffb68,fbd_rank_kendall_sensitivity,0.6,__meta__,open_news_v1,6,71,complete,__meta__
__none__,evaluator_minilm__evaluator_mpnet,evaluator_minilm__evaluator_mpnet,"{""encoder_pair"": ""evaluator_minilm__evaluator_mpnet"", ""rank_entity_fields"": ""model_id"", ""rank_method"": ""kendall_tau_b"", ""stratum:factor:corpus"": ""yahoo_answers"", ""stratum:factor:temperature"": 0.3, ""stratum:factor:top_p"": 0.95, ""stratum:prompt_id"": ""open_news_v1""}",6730b7f711aae27c8952f8068e28ef952a873bb36e074cf6ac213a94a781c991,fbd_rank_kendall_sensitivity,0.6,__meta__,open_news_v1,6,71,complete,__meta__
__none__,evaluator_minilm__evaluator_mpnet,evaluator_minilm__evaluator_mpnet,"{""encoder_pair"": ""evaluator_minilm__evaluator_mpnet"", ""rank_entity_fields"": ""model_id"", ""rank_method"": ""kendall_tau_b"", ""stratum:factor:corpus"": ""ag_news"", ""stratum:factor:temperature"": 0.9, ""stratum:factor:top_p"": 0.95, ""stratum:prompt_id"": ""open_news_v1""}",326c17c81f751b93bc3e50d76ae31ef72508be05161b0bc707880981324fb1cf,fbd_rank_kendall_sensitivity,0.9999999999999999,__meta__,open_news_v1,6,71,complete,__meta__
__none__,evaluator_minilm__evaluator_mpnet,evaluator_minilm__evaluator_mpnet,"{""encoder_pair"": ""evaluator_minilm__evaluator_mpnet"", ""rank_entity_fields"": ""model_id"", ""rank_method"": ""kendall_tau_b"", ""stratum:factor:corpus"": ""imdb_reviews"", ""stratum:factor:temperature"": 0.9, ""stratum:factor:top_p"": 0.95, ""stratum:prompt_id"": ""open_news_v1""}",be1a596009b4ba48636feb2936c7b295a98e1d0172f1d3ca1bf7219ab11c3e92,fbd_rank_kendall_sensitivity,0.9999999999999999,__meta__,open_news_v1,6,71,complete,__meta__
__none__,evaluator_minilm__evaluator_mpnet,evaluator_minilm__evaluator_mpnet,"{""encoder_pair"": ""evaluator_minilm__evaluator_mpnet"", ""rank_entity_fields"": ""model_id"", ""rank_method"": ""kendall_tau_b"", ""stratum:factor:corpus"": ""dbpedia"", ""stratum:factor:temperature"": 0.3, ""stratum:factor:top_p"": 0.8, ""stratum:prompt_id"": ""open_news_v1""}",ac6a598ebb669ed087051851f6ccc97c386e0a2818042c92a779349fb1981e02,fbd_rank_kendall_sensitivity,0.7333333333333333,__meta__,open_news_v1,6,71,complete,__meta__
__none__,evaluator_minilm__evaluator_mpnet,evaluator_minilm__evaluator_mpnet,"{""encoder_pair"": ""evaluator_minilm__evaluator_mpnet"", ""rank_entity_fields"": ""model_id"", ""rank_method"": ""kendall_tau_b"", ""stratum:factor:corpus"": ""imdb_reviews"", ""stratum:factor:temperature"": 0.3, ""stratum:factor:top_p"": 0.8, ""stratum:prompt_id"": ""open_news_v1""}",0f29919f9c1d60b23a160674f5dfe1ba94d527efc7c50177fd636987b0866332,fbd_rank_kendall_sensitivity,0.9999999999999999,__meta__,open_news_v1,6,71,complete,__meta__
__none__,evaluator_minilm__evaluator_mpnet,evaluator_minilm__evaluator_mpnet,"{""encoder_pair"": ""evaluator_minilm__evaluator_mpnet"", ""rank_entity_fields"": ""model_id"", ""rank_method"": ""kendall_tau_b"", ""stratum:factor:corpus"": ""dbpedia"", ""stratum:factor:temperature"": 0.6, ""stratum:factor:top_p"": 0.8, ""stratum:prompt_id"": ""open_news_v1""}",6bf5adba09c6cd1b1d0f20056f12a8e3db158fe77daf18fc1c2bb5f2711600c6,fbd_rank_kendall_sensitivity,0.6,__meta__,open_news_v1,6,83,complete,__meta__
__none__,evaluator_minilm__evaluator_mpnet,evaluator_minilm__evaluator_mpnet,"{""encoder_pair"": ""evaluator_minilm__evaluator_mpnet"", ""rank_entity_fields"": ""model_id"", ""rank_method"": ""kendall_tau_b"", ""stratum:factor:corpus"": ""yahoo_answers"", ""stratum:factor:temperature"": 0.3, ""stratum:factor:top_p"": 0.8, ""stratum:prompt_id"": ""open_news_v1""}",04ce650a2679e41c263f6ff8913554ee08efb209877290d203465c4f9b12a183,fbd_rank_kendall_sensitivity,0.8666666666666666,__meta__,open_news_v1,6,83,complete,__meta__
__none__,evaluator_minilm__evaluator_mpnet,evaluator_minilm__evaluator_mpnet,"{""encoder_pair"": ""evaluator_minilm__evaluator_mpnet"", ""rank_entity_fields"": ""model_id"", ""rank_method"": ""kendall_tau_b"", ""stratum:factor:corpus"": ""yahoo_answers"", ""stratum:factor:temperature"": 0.6, ""stratum:factor:top_p"": 0.8, ""stratum:prompt_id"": ""open_news_v1""}",66df8fd19755e52bd621ed89b5472e6c625ef1b81bec2b383de8da93c5994fd9,fbd_rank_kendall_sensitivity,0.8666666666666666,__meta__,open_news_v1,6,83,complete,__meta__
__none__,evaluator_minilm__evaluator_mpnet,evaluator_minilm__evaluator_mpnet,"{""encoder_pair"": ""evaluator_minilm__evaluator_mpnet"", ""rank_entity_fields"": ""model_id"", ""rank_method"": ""kendall_tau_b"", ""stratum:factor:corpus"": ""yahoo_answers"", ""stratum:factor:temperature"": 0.9, ""stratum:factor:top_p"": 0.8, ""stratum:prompt_id"": ""open_news_v1""}",be0a389a5bc65d4164bdc55a2ad00c88d4f7dbbb9c1b1bb625f7ab7c990dde66,fbd_rank_kendall_sensitivity,0.9999999999999999,__meta__,open_news_v1,6,83,complete,__meta__
__none__,evaluator_minilm__evaluator_mpnet,evaluator_minilm__evaluator_mpnet,"{""encoder_pair"": ""evaluator_minilm__evaluator_mpnet"", ""rank_entity_fields"": ""model_id"", ""rank_method"": ""kendall_tau_b"", ""stratum:factor:corpus"": ""imdb_reviews"", ""stratum:factor:temperature"": 0.3, ""stratum:factor:top_p"": 0.95, ""stratum:prompt_id"": ""open_news_v1""}",9be9c824d6929242fd92d66ac402d3a21dd9cc9749b2016ebee6d5c1f1a7303b,fbd_rank_kendall_sensitivity,0.7333333333333333,__meta__,open_news_v1,6,83,complete,__meta__
__none__,evaluator_minilm__evaluator_mpnet,evaluator_minilm__evaluator_mpnet,"{""encoder_pair"": ""evaluator_minilm__evaluator_mpnet"", ""rank_entity_fields"": ""model_id"", ""rank_method"": ""kendall_tau_b"", ""stratum:factor:corpus"": ""ag_news"", ""stratum:factor:temperature"": 0.3, ""stratum:factor:top_p"": 0.95, ""stratum:prompt_id"": ""open_news_v1""}",52e4af337e065d6f1ea9f78196705a2c13d15e628b96f4fabeca45178baf28b2,fbd_rank_kendall_sensitivity,0.9999999999999999,__meta__,open_news_v1,6,83,complete,__meta__
__none__,evaluator_minilm__evaluator_mpnet,evaluator_minilm__evaluator_mpnet,"{""encoder_pair"": ""evaluator_minilm__evaluator_mpnet"", ""rank_entity_fields"": ""model_id"", ""rank_method"": ""kendall_tau_b"", ""stratum:factor:corpus"": ""amazon_reviews"", ""stratum:factor:temperature"": 0.9, ""stratum:factor:top_p"": 0.95, ""stratum:prompt_id"": ""open_news_v1""}",2e75143d47d5cade1ba65b51835522cddeb387821ffdff18ee89e43fad395267,fbd_rank_kendall_sensitivity,0.8666666666666666,__meta__,open_news_v1,6,83,complete,__meta__
__none__,evaluator_minilm__evaluator_mpnet,evaluator_minilm__evaluator_mpnet,"{""encoder_pair"": ""evaluator_minilm__evaluator_mpnet"", ""rank_entity_fields"": ""model_id"", ""rank_method"": ""kendall_tau_b"", ""stratum:factor:corpus"": ""amazon_reviews"", ""stratum:factor:temperature"": 0.6, ""stratum:factor:top_p"": 0.8, ""stratum:prompt_id"": ""open_news_v1""}",00085f51ae645449a38a272784a0e0fbd3c440c53b9b22b609e3db00751dd3c7,fbd_rank_kendall_sensitivity,0.8666666666666666,__meta__,open_news_v1,6,83,complete,__meta__
__none__,evaluator_minilm__evaluator_mpnet,evaluator_minilm__evaluator_mpnet,"{""encoder_pair"": ""evaluator_minilm__evaluator_mpnet"", ""rank_entity_fields"": ""model_id"", ""rank_method"": ""kendall_tau_b"", ""stratum:factor:corpus"": ""yahoo_answers"", ""stratum:factor:temperature"": 0.6, ""stratum:factor:top_p"": 0.95, ""stratum:prompt_id"": ""open_news_v1""}",fab0248e258c5587776d59bacbcc4535a6ff71b14c1a4465354fb5f2ca56dea8,fbd_rank_kendall_sensitivity,0.8666666666666666,__meta__,open_news_v1,6,83,complete,__meta__
__none__,evaluator_minilm__evaluator_mpnet,evaluator_minilm__evaluator_mpnet,"{""encoder_pair"": ""evaluator_minilm__evaluator_mpnet"", ""rank_entity_fields"": ""model_id"", ""rank_method"": ""kendall_tau_b"", ""stratum:factor:corpus"": ""dbpedia"", ""stratum:factor:temperature"": 0.9, ""stratum:factor:top_p"": 0.8, ""stratum:prompt_id"": ""open_news_v1""}",31832c184f989c3ba6b53f64477dbf910eadc13304fd33d19fc3d7a4ca73ee1a,fbd_rank_kendall_sensitivity,0.7333333333333333,__meta__,open_news_v1,6,83,complete,__meta__
__none__,evaluator_minilm__evaluator_mpnet,evaluator_minilm__evaluator_mpnet,"{""encoder_pair"": ""evaluator_minilm__evaluator_mpnet"", ""rank_entity_fields"": ""model_id"", ""rank_method"": ""kendall_tau_b"", ""stratum:factor:corpus"": ""imdb_reviews"", ""stratum:factor:temperature"": 0.6, ""stratum:factor:top_p"": 0.95, ""stratum:prompt_id"": ""open_news_v1""}",e3a425cd4e2b9fd32f8f575d2fb2d53109a797461f9fccf12fcf56db325478e8,fbd_rank_kendall_sensitivity,0.8666666666666666,__meta__,open_news_v1,6,83,complete,__meta__
__none__,evaluator_minilm__evaluator_mpnet,evaluator_minilm__evaluator_mpnet,"{""encoder_pair"": ""evaluator_minilm__evaluator_mpnet"", ""rank_entity_fields"": ""model_id"", ""rank_method"": ""kendall_tau_b"", ""stratum:factor:corpus"": ""amazon_reviews"", ""stratum:factor:temperature"": 0.6, ""stratum:factor:top_p"": 0.95, ""stratum:prompt_id"": ""open_news_v1""}",b77b5df3f0edcac38f17893d56439d2cb706b3cdf0293b9aa81d54568c57e038,fbd_rank_kendall_sensitivity,0.8666666666666666,__meta__,open_news_v1,6,83,complete,__meta__
__none__,evaluator_minilm__evaluator_mpnet,evaluator_minilm__evaluator_mpnet,"{""encoder_pair"": ""evaluator_minilm__evaluator_mpnet"", ""rank_entity_fields"": ""model_id"", ""rank_method"": ""kendall_tau_b"", ""stratum:factor:corpus"": ""dbpedia"", ""stratum:factor:temperature"": 0.9, ""stratum:factor:top_p"": 0.95, ""stratum:prompt_id"": ""open_news_v1""}",7f9268df7209f480a74124e32a021a326ae49945b6534991a737de7ad13ce49a,fbd_rank_kendall_sensitivity,0.9999999999999999,__meta__,open_news_v1,6,83,complete,__meta__
__none__,evaluator_minilm__evaluator_mpnet,evaluator_minilm__evaluator_mpnet,"{""encoder_pair"": ""evaluator_minilm__evaluator_mpnet"", ""rank_entity_fields"": ""model_id"", ""rank_method"": ""kendall_tau_b"", ""stratum:factor:corpus"": ""ag_news"", ""stratum:factor:temperature"": 0.3, ""stratum:factor:top_p"": 0.8, ""stratum:prompt_id"": ""open_news_v1""}",ee6f1f92b46c84474de0c340d957aef0e64b40e64415152e04a314502cd39c2b,fbd_rank_kendall_sensitivity,0.8666666666666666,__meta__,open_news_v1,6,83,complete,__meta__
__none__,evaluator_minilm__evaluator_mpnet,evaluator_minilm__evaluator_mpnet,"{""encoder_pair"": ""evaluator_minilm__evaluator_mpnet"", ""rank_entity_fields"": ""model_id"", ""rank_method"": ""kendall_tau_b"", ""stratum:factor:corpus"": ""dbpedia"", ""stratum:factor:temperature"": 0.6, ""stratum:factor:top_p"": 0.95, ""stratum:prompt_id"": ""open_news_v1""}",899d9ca01582d26c843457530a3dd3cce5a498dbc46470f921d2ef4505230507,fbd_rank_kendall_sensitivity,0.7333333333333333,__meta__,open_news_v1,6,83,complete,__meta__
__none__,evaluator_minilm__evaluator_mpnet,evaluator_minilm__evaluator_mpnet,"{""encoder_pair"": ""evaluator_minilm__evaluator_mpnet"", ""rank_entity_fields"": ""model_id"", ""rank_method"": ""kendall_tau_b"", ""stratum:factor:corpus"": ""amazon_reviews"", ""stratum:factor:temperature"": 0.3, ""stratum:factor:top_p"": 0.8, ""stratum:prompt_id"": ""open_news_v1""}",317c282048f06b289fa26a82128975800d46d07fbafc530850c64bfb13853fa8,fbd_rank_kendall_sensitivity,0.9999999999999999,__meta__,open_news_v1,6,83,complete,__meta__
__none__,evaluator_minilm__evaluator_mpnet,evaluator_minilm__evaluator_mpnet,"{""encoder_pair"": ""evaluator_minilm__evaluator_mpnet"", ""rank_entity_fields"": ""model_id"", ""rank_method"": ""kendall_tau_b"", ""stratum:factor:corpus"": ""ag_news"", ""stratum:factor:temperature"": 0.6, ""stratum:factor:top_p"": 0.8, ""stratum:prompt_id"": ""open_news_v1""}",dd0b4e4ecfc16f674554fb50358574c5eed717de9585951d2628b635af2653a5,fbd_rank_kendall_sensitivity,0.9999999999999999,__meta__,open_news_v1,6,83,complete,__meta__
__none__,evaluator_minilm__evaluator_mpnet,evaluator_minilm__evaluator_mpnet,"{""encoder_pair"": ""evaluator_minilm__evaluator_mpnet"", ""rank_entity_fields"": ""model_id"", ""rank_method"": ""kendall_tau_b"", ""stratum:factor:corpus"": ""imdb_reviews"", ""stratum:factor:temperature"": 0.6, ""stratum:factor:top_p"": 0.8, ""stratum:prompt_id"": ""open_news_v1""}",6d7ea2e4e7f36ae6e7949111845aa5a88b61ce11dcfe21518fefc3ed7fbbfd04,fbd_rank_kendall_sensitivity,0.8666666666666666,__meta__,open_news_v1,6,83,complete,__meta__
__none__,evaluator_minilm__evaluator_mpnet,evaluator_minilm__evaluator_mpnet,"{""encoder_pair"": ""evaluator_minilm__evaluator_mpnet"", ""rank_entity_fields"": ""model_id"", ""rank_method"": ""kendall_tau_b"", ""stratum:factor:corpus"": ""amazon_reviews"", ""stratum:factor:temperature"": 0.9, ""stratum:factor:top_p"": 0.8, ""stratum:prompt_id"": ""open_news_v1""}",64a12cb0a70e44d345fbb314966f5cd64fb1c5c74f5f778a1a78a4c60032550f,fbd_rank_kendall_sensitivity,0.9999999999999999,__meta__,open_news_v1,6,83,complete,__meta__
__none__,evaluator_minilm__evaluator_mpnet,evaluator_minilm__evaluator_mpnet,"{""encoder_pair"": ""evaluator_minilm__evaluator_mpnet"", ""rank_entity_fields"": ""model_id"", ""rank_method"": ""kendall_tau_b"", ""stratum:factor:corpus"": ""imdb_reviews"", ""stratum:factor:temperature"": 0.9, ""stratum:factor:top_p"": 0.8, ""stratum:prompt_id"": ""open_news_v1""}",cba8df768419a2364bd4578f783b638320a68bd9657d408241b29b5c728bc303,fbd_rank_kendall_sensitivity,0.8666666666666666,__meta__,open_news_v1,6,83,complete,__meta__
__none__,evaluator_minilm__evaluator_mpnet,evaluator_minilm__evaluator_mpnet,"{""encoder_pair"": ""evaluator_minilm__evaluator_mpnet"", ""rank_entity_fields"": ""model_id"", ""rank_method"": ""kendall_tau_b"", ""stratum:factor:corpus"": ""ag_news"", ""stratum:factor:temperature"": 0.6, ""stratum:factor:top_p"": 0.95, ""stratum:prompt_id"": ""open_news_v1""}",522b6efec4b57e2759b780217a4d14eebf06bde7a2f433794e491040aca43d52,fbd_rank_kendall_sensitivity,0.9999999999999999,__meta__,open_news_v1,6,83,complete,__meta__
__none__,evaluator_minilm__evaluator_mpnet,evaluator_minilm__evaluator_mpnet,"{""encoder_pair"": ""evaluator_minilm__evaluator_mpnet"", ""rank_entity_fields"": ""model_id"", ""rank_method"": ""kendall_tau_b"", ""stratum:factor:corpus"": ""ag_news"", ""stratum:factor:temperature"": 0.9, ""stratum:factor:top_p"": 0.8, ""stratum:prompt_id"": ""open_news_v1""}",88d913247582f574922c2742f3a9de346f2586de39e37d0858a714308074af17,fbd_rank_kendall_sensitivity,0.8666666666666666,__meta__,open_news_v1,6,83,complete,__meta__
__none__,evaluator_minilm__evaluator_mpnet,evaluator_minilm__evaluator_mpnet,"{""encoder_pair"": ""evaluator_minilm__evaluator_mpnet"", ""rank_entity_fields"": ""model_id"", ""rank_method"": ""kendall_tau_b"", ""stratum:factor:corpus"": ""dbpedia"", ""stratum:factor:temperature"": 0.3, ""stratum:factor:top_p"": 0.95, ""stratum:prompt_id"": ""open_news_v1""}",64513e7a76a73d8814aec07e6266113cce2aa9d8dfb580c0deefc6144dfc4dda,fbd_rank_kendall_sensitivity,0.6,__meta__,open_news_v1,6,83,complete,__meta__
__none__,evaluator_minilm__evaluator_mpnet,evaluator_minilm__evaluator_mpnet,"{""encoder_pair"": ""evaluator_minilm__evaluator_mpnet"", ""rank_entity_fields"": ""model_id"", ""rank_method"": ""kendall_tau_b"", ""stratum:factor:corpus"": ""amazon_reviews"", ""stratum:factor:temperature"": 0.3, ""stratum:factor:top_p"": 0.95, ""stratum:prompt_id"": ""open_news_v1""}",0e8b0e6028251aca1ac4e69e87ac181f0aedcb0d0e363ded497c44fc3d292c87,fbd_rank_kendall_sensitivity,0.9999999999999999,__meta__,open_news_v1,6,83,complete,__meta__
__none__,evaluator_minilm__evaluator_mpnet,evaluator_minilm__evaluator_mpnet,"{""encoder_pair"": ""evaluator_minilm__evaluator_mpnet"", ""rank_entity_fields"": ""model_id"", ""rank_method"": ""kendall_tau_b"", ""stratum:factor:corpus"": ""yahoo_answers"", ""stratum:factor:temperature"": 0.9, ""stratum:factor:top_p"": 0.95, ""stratum:prompt_id"": ""open_news_v1""}",21b939f8642cf5bf2e0d8276f0110e1f95d74a1bc9a12a6a5358d9f37c992542,fbd_rank_kendall_sensitivity,0.9999999999999999,__meta__,open_news_v1,6,83,complete,__meta__
__none__,evaluator_minilm__evaluator_mpnet,evaluator_minilm__evaluator_mpnet,"{""encoder_pair"": ""evaluator_minilm__evaluator_mpnet"", ""rank_entity_fields"": ""model_id"", ""rank_method"": ""kendall_tau_b"", ""stratum:factor:corpus"": ""yahoo_answers"", ""stratum:factor:temperature"": 0.3, ""stratum:factor:top_p"": 0.95, ""stratum:prompt_id"": ""open_news_v1""}",1561601a04a43fa2804a8ec21703d310a21477345e39c7bcb76230c2e150024c,fbd_rank_kendall_sensitivity,0.7333333333333333,__meta__,open_news_v1,6,83,complete,__meta__
__none__,evaluator_minilm__evaluator_mpnet,evaluator_minilm__evaluator_mpnet,"{""encoder_pair"": ""evaluator_minilm__evaluator_mpnet"", ""rank_entity_fields"": ""model_id"", ""rank_method"": ""kendall_tau_b"", ""stratum:factor:corpus"": ""ag_news"", ""stratum:factor:temperature"": 0.9, ""stratum:factor:top_p"": 0.95, ""stratum:prompt_id"": ""open_news_v1""}",14e16f2bc61e15e89174ed175aa27c6f7e36fe29d327c74b820ea408306bd99e,fbd_rank_kendall_sensitivity,0.9999999999999999,__meta__,open_news_v1,6,83,complete,__meta__
__none__,evaluator_minilm__evaluator_mpnet,evaluator_minilm__evaluator_mpnet,"{""encoder_pair"": ""evaluator_minilm__evaluator_mpnet"", ""rank_entity_fields"": ""model_id"", ""rank_method"": ""kendall_tau_b"", ""stratum:factor:corpus"": ""imdb_reviews"", ""stratum:factor:temperature"": 0.9, ""stratum:factor:top_p"": 0.95, ""stratum:prompt_id"": ""open_news_v1""}",cb1a6dd18bcd7f5ed83c83dd6465a181021c4d6f344031758fe75ee6a964bccc,fbd_rank_kendall_sensitivity,0.8666666666666666,__meta__,open_news_v1,6,83,complete,__meta__
__none__,evaluator_minilm__evaluator_mpnet,evaluator_minilm__evaluator_mpnet,"{""encoder_pair"": ""evaluator_minilm__evaluator_mpnet"", ""rank_entity_fields"": ""model_id"", ""rank_method"": ""kendall_tau_b"", ""stratum:factor:corpus"": ""dbpedia"", ""stratum:factor:temperature"": 0.3, ""stratum:factor:top_p"": 0.8, ""stratum:prompt_id"": ""open_news_v1""}",ec4f2e34452bccb57968f26299cdaeb6b262a1eb03ae3e482fc01b19ed014be8,fbd_rank_kendall_sensitivity,0.7333333333333333,__meta__,open_news_v1,6,83,complete,__meta__
__none__,evaluator_minilm__evaluator_mpnet,evaluator_minilm__evaluator_mpnet,"{""encoder_pair"": ""evaluator_minilm__evaluator_mpnet"", ""rank_entity_fields"": ""model_id"", ""rank_method"": ""kendall_tau_b"", ""stratum:factor:corpus"": ""imdb_reviews"", ""stratum:factor:temperature"": 0.3, ""stratum:factor:top_p"": 0.8, ""stratum:prompt_id"": ""open_news_v1""}",cc83224a8cb7925c8f6debd79fcbf9066fef5eed44c5b06aad2034f0fd3383f2,fbd_rank_kendall_sensitivity,0.8666666666666666,__meta__,open_news_v1,6,83,complete,__meta__
__none__,evaluator_minilm__evaluator_mpnet,evaluator_minilm__evaluator_mpnet,"{""encoder_pair"": ""evaluator_minilm__evaluator_mpnet"", ""rank_entity_fields"": ""model_id"", ""rank_method"": ""kendall_tau_b"", ""stratum:factor:corpus"": ""dbpedia"", ""stratum:factor:temperature"": 0.6, ""stratum:factor:top_p"": 0.8, ""stratum:prompt_id"": ""open_news_v1""}",e48336faf6decd464f00aaed708c16040f415d4999fdfdaef68b2b31a9296a8d,fbd_rank_kendall_sensitivity,0.8666666666666666,__meta__,open_news_v1,6,97,complete,__meta__
__none__,evaluator_minilm__evaluator_mpnet,evaluator_minilm__evaluator_mpnet,"{""encoder_pair"": ""evaluator_minilm__evaluator_mpnet"", ""rank_entity_fields"": ""model_id"", ""rank_method"": ""kendall_tau_b"", ""stratum:factor:corpus"": ""yahoo_answers"", ""stratum:factor:temperature"": 0.3, ""stratum:factor:top_p"": 0.8, ""stratum:prompt_id"": ""open_news_v1""}",f998c75824a62920267022ca50308401a456112ef0065215d662cad9f2b39e08,fbd_rank_kendall_sensitivity,0.9999999999999999,__meta__,open_news_v1,6,97,complete,__meta__
__none__,evaluator_minilm__evaluator_mpnet,evaluator_minilm__evaluator_mpnet,"{""encoder_pair"": ""evaluator_minilm__evaluator_mpnet"", ""rank_entity_fields"": ""model_id"", ""rank_method"": ""kendall_tau_b"", ""stratum:factor:corpus"": ""yahoo_answers"", ""stratum:factor:temperature"": 0.6, ""stratum:factor:top_p"": 0.8, ""stratum:prompt_id"": ""open_news_v1""}",72f6da9ebc2b012992c151ec34c09a1becad1c9fe4a74ec632aad3ef4dfb1030,fbd_rank_kendall_sensitivity,0.8666666666666666,__meta__,open_news_v1,6,97,complete,__meta__
__none__,evaluator_minilm__evaluator_mpnet,evaluator_minilm__evaluator_mpnet,"{""encoder_pair"": ""evaluator_minilm__evaluator_mpnet"", ""rank_entity_fields"": ""model_id"", ""rank_method"": ""kendall_tau_b"", ""stratum:factor:corpus"": ""yahoo_answers"", ""stratum:factor:temperature"": 0.9, ""stratum:factor:top_p"": 0.8, ""stratum:prompt_id"": ""open_news_v1""}",96110f4dd749e550259988796431eb9d1c7f4fe30a44d99dce3a49a96c973936,fbd_rank_kendall_sensitivity,0.8666666666666666,__meta__,open_news_v1,6,97,complete,__meta__
__none__,evaluator_minilm__evaluator_mpnet,evaluator_minilm__evaluator_mpnet,"{""encoder_pair"": ""evaluator_minilm__evaluator_mpnet"", ""rank_entity_fields"": ""model_id"", ""rank_method"": ""kendall_tau_b"", ""stratum:factor:corpus"": ""imdb_reviews"", ""stratum:factor:temperature"": 0.3, ""stratum:factor:top_p"": 0.95, ""stratum:prompt_id"": ""open_news_v1""}",ed314201ac3f2309a3b3d29ce7cc42fb77ad1391db759a854df281a3ab872210,fbd_rank_kendall_sensitivity,0.7333333333333333,__meta__,open_news_v1,6,97,complete,__meta__
__none__,evaluator_minilm__evaluator_mpnet,evaluator_minilm__evaluator_mpnet,"{""encoder_pair"": ""evaluator_minilm__evaluator_mpnet"", ""rank_entity_fields"": ""model_id"", ""rank_method"": ""kendall_tau_b"", ""stratum:factor:corpus"": ""ag_news"", ""stratum:factor:temperature"": 0.3, ""stratum:factor:top_p"": 0.95, ""stratum:prompt_id"": ""open_news_v1""}",719efcfad8954ed0268f3e37299d25d7fb85552f8b83448d0cdcbba9087594a0,fbd_rank_kendall_sensitivity,0.9999999999999999,__meta__,open_news_v1,6,97,complete,__meta__
__none__,evaluator_minilm__evaluator_mpnet,evaluator_minilm__evaluator_mpnet,"{""encoder_pair"": ""evaluator_minilm__evaluator_mpnet"", ""rank_entity_fields"": ""model_id"", ""rank_method"": ""kendall_tau_b"", ""stratum:factor:corpus"": ""amazon_reviews"", ""stratum:factor:temperature"": 0.9, ""stratum:factor:top_p"": 0.95, ""stratum:prompt_id"": ""open_news_v1""}",78473be5f926766bbfb6421cb25bbb8a801f345f9f75007239dbe412a9b0a483,fbd_rank_kendall_sensitivity,0.9999999999999999,__meta__,open_news_v1,6,97,complete,__meta__
__none__,evaluator_minilm__evaluator_mpnet,evaluator_minilm__evaluator_mpnet,"{""encoder_pair"": ""evaluator_minilm__evaluator_mpnet"", ""rank_entity_fields"": ""model_id"", ""rank_method"": ""kendall_tau_b"", ""stratum:factor:corpus"": ""amazon_reviews"", ""stratum:factor:temperature"": 0.6, ""stratum:factor:top_p"": 0.8, ""stratum:prompt_id"": ""open_news_v1""}",8f49992da804168f6322c207117cfbdc9b7eae66e82c7bfeec7f1520cfbcda28,fbd_rank_kendall_sensitivity,0.8666666666666666,__meta__,open_news_v1,6,97,complete,__meta__
__none__,evaluator_minilm__evaluator_mpnet,evaluator_minilm__evaluator_mpnet,"{""encoder_pair"": ""evaluator_minilm__evaluator_mpnet"", ""rank_entity_fields"": ""model_id"", ""rank_method"": ""kendall_tau_b"", ""stratum:factor:corpus"": ""yahoo_answers"", ""stratum:factor:temperature"": 0.6, ""stratum:factor:top_p"": 0.95, ""stratum:prompt_id"": ""open_news_v1""}",75082c884f72272b0c9c7ba70a198c9c380ffb574fb5ed4d2e0b01d45aa6aea2,fbd_rank_kendall_sensitivity,0.9999999999999999,__meta__,open_news_v1,6,97,complete,__meta__
__none__,evaluator_minilm__evaluator_mpnet,evaluator_minilm__evaluator_mpnet,"{""encoder_pair"": ""evaluator_minilm__evaluator_mpnet"", ""rank_entity_fields"": ""model_id"", ""rank_method"": ""kendall_tau_b"", ""stratum:factor:corpus"": ""dbpedia"", ""stratum:factor:temperature"": 0.9, ""stratum:factor:top_p"": 0.8, ""stratum:prompt_id"": ""open_news_v1""}",aa810e7579c0212bc0d0e67d7344eb2746517199ac71ce37660437d79582433a,fbd_rank_kendall_sensitivity,0.8666666666666666,__meta__,open_news_v1,6,97,complete,__meta__
__none__,evaluator_minilm__evaluator_mpnet,evaluator_minilm__evaluator_mpnet,"{""encoder_pair"": ""evaluator_minilm__evaluator_mpnet"", ""rank_entity_fields"": ""model_id"", ""rank_method"": ""kendall_tau_b"", ""stratum:factor:corpus"": ""imdb_reviews"", ""stratum:factor:temperature"": 0.6, ""stratum:factor:top_p"": 0.95, ""stratum:prompt_id"": ""open_news_v1""}",46b07d25efb60468cb3cd524623c77bf555f87ff1a0b404b29b47eea853c0766,fbd_rank_kendall_sensitivity,0.8666666666666666,__meta__,open_news_v1,6,97,complete,__meta__
__none__,evaluator_minilm__evaluator_mpnet,evaluator_minilm__evaluator_mpnet,"{""encoder_pair"": ""evaluator_minilm__evaluator_mpnet"", ""rank_entity_fields"": ""model_id"", ""rank_method"": ""kendall_tau_b"", ""stratum:factor:corpus"": ""amazon_reviews"", ""stratum:factor:temperature"": 0.6, ""stratum:factor:top_p"": 0.95, ""stratum:prompt_id"": ""open_news_v1""}",2f79f53bb6096562cbfb31027bce4ff48481524e268258af745931d54b67b9b6,fbd_rank_kendall_sensitivity,0.8666666666666666,__meta__,open_news_v1,6,97,complete,__meta__
__none__,evaluator_minilm__evaluator_mpnet,evaluator_minilm__evaluator_mpnet,"{""encoder_pair"": ""evaluator_minilm__evaluator_mpnet"", ""rank_entity_fields"": ""model_id"", ""rank_method"": ""kendall_tau_b"", ""stratum:factor:corpus"": ""dbpedia"", ""stratum:factor:temperature"": 0.9, ""stratum:factor:top_p"": 0.95, ""stratum:prompt_id"": ""open_news_v1""}",4562a70fbeafe3ad897a5324baf5d513b8ae36a7de8d13fc9dfd13a4cb92d04c,fbd_rank_kendall_sensitivity,0.8666666666666666,__meta__,open_news_v1,6,97,complete,__meta__
__none__,evaluator_minilm__evaluator_mpnet,evaluator_minilm__evaluator_mpnet,"{""encoder_pair"": ""evaluator_minilm__evaluator_mpnet"", ""rank_entity_fields"": ""model_id"", ""rank_method"": ""kendall_tau_b"", ""stratum:factor:corpus"": ""ag_news"", ""stratum:factor:temperature"": 0.3, ""stratum:factor:top_p"": 0.8, ""stratum:prompt_id"": ""open_news_v1""}",6564b1ed3778f3d7dce283ded193dd12fa53409693a25a95f89a08dad87f0852,fbd_rank_kendall_sensitivity,0.9999999999999999,__meta__,open_news_v1,6,97,complete,__meta__
__none__,evaluator_minilm__evaluator_mpnet,evaluator_minilm__evaluator_mpnet,"{""encoder_pair"": ""evaluator_minilm__evaluator_mpnet"", ""rank_entity_fields"": ""model_id"", ""rank_method"": ""kendall_tau_b"", ""stratum:factor:corpus"": ""dbpedia"", ""stratum:factor:temperature"": 0.6, ""stratum:factor:top_p"": 0.95, ""stratum:prompt_id"": ""open_news_v1""}",11852b501b8b823d35b6083422df0b2bdd6667ca84979a191442f3d7b7e59027,fbd_rank_kendall_sensitivity,0.9999999999999999,__meta__,open_news_v1,6,97,complete,__meta__
__none__,evaluator_minilm__evaluator_mpnet,evaluator_minilm__evaluator_mpnet,"{""encoder_pair"": ""evaluator_minilm__evaluator_mpnet"", ""rank_entity_fields"": ""model_id"", ""rank_method"": ""kendall_tau_b"", ""stratum:factor:corpus"": ""amazon_reviews"", ""stratum:factor:temperature"": 0.3, ""stratum:factor:top_p"": 0.8, ""stratum:prompt_id"": ""open_news_v1""}",c52a7629bd9dd9e4b63750b0ca32ec0bd343a8888d8c232212037e87bc34a2c3,fbd_rank_kendall_sensitivity,0.9999999999999999,__meta__,open_news_v1,6,97,complete,__meta__
__none__,evaluator_minilm__evaluator_mpnet,evaluator_minilm__evaluator_mpnet,"{""encoder_pair"": ""evaluator_minilm__evaluator_mpnet"", ""rank_entity_fields"": ""model_id"", ""rank_method"": ""kendall_tau_b"", ""stratum:factor:corpus"": ""ag_news"", ""stratum:factor:temperature"": 0.6, ""stratum:factor:top_p"": 0.8, ""stratum:prompt_id"": ""open_news_v1""}",73b9ac81558894ffd81afc170d6e01a13a49804007ea990d552b95b35af1dfe9,fbd_rank_kendall_sensitivity,0.9999999999999999,__meta__,open_news_v1,6,97,complete,__meta__
__none__,evaluator_minilm__evaluator_mpnet,evaluator_minilm__evaluator_mpnet,"{""encoder_pair"": ""evaluator_minilm__evaluator_mpnet"", ""rank_entity_fields"": ""model_id"", ""rank_method"": ""kendall_tau_b"", ""stratum:factor:corpus"": ""imdb_reviews"", ""stratum:factor:temperature"": 0.6, ""stratum:factor:top_p"": 0.8, ""stratum:prompt_id"": ""open_news_v1""}",1291e385e56a444d21be66e57077bcdfc42b4c8cb882a32e08d0256f113487a2,fbd_rank_kendall_sensitivity,0.7333333333333333,__meta__,open_news_v1,6,97,complete,__meta__
__none__,evaluator_minilm__evaluator_mpnet,evaluator_minilm__evaluator_mpnet,"{""encoder_pair"": ""evaluator_minilm__evaluator_mpnet"", ""rank_entity_fields"": ""model_id"", ""rank_method"": ""kendall_tau_b"", ""stratum:factor:corpus"": ""amazon_reviews"", ""stratum:factor:temperature"": 0.9, ""stratum:factor:top_p"": 0.8, ""stratum:prompt_id"": ""open_news_v1""}",3fc3519d5d01c46e4edcd1d75b5b9828a3ecad9a5026785e0dbd4f0ccba4625b,fbd_rank_kendall_sensitivity,0.8666666666666666,__meta__,open_news_v1,6,97,complete,__meta__
__none__,evaluator_minilm__evaluator_mpnet,evaluator_minilm__evaluator_mpnet,"{""encoder_pair"": ""evaluator_minilm__evaluator_mpnet"", ""rank_entity_fields"": ""model_id"", ""rank_method"": ""kendall_tau_b"", ""stratum:factor:corpus"": ""imdb_reviews"", ""stratum:factor:temperature"": 0.9, ""stratum:factor:top_p"": 0.8, ""stratum:prompt_id"": ""open_news_v1""}",43880319b512b50ae4d9e7029bc1a28e8f42a660f2771852115aaeddafe6963f,fbd_rank_kendall_sensitivity,0.9999999999999999,__meta__,open_news_v1,6,97,complete,__meta__
__none__,evaluator_minilm__evaluator_mpnet,evaluator_minilm__evaluator_mpnet,"{""encoder_pair"": ""evaluator_minilm__evaluator_mpnet"", ""rank_entity_fields"": ""model_id"", ""rank_method"": ""kendall_tau_b"", ""stratum:factor:corpus"": ""ag_news"", ""stratum:factor:temperature"": 0.6, ""stratum:factor:top_p"": 0.95, ""stratum:prompt_id"": ""open_news_v1""}",a1ad316fc420b636ece2e4f62b3e70f1c4212f7cebbf05a63f1ac3eca46bf0b7,fbd_rank_kendall_sensitivity,0.8666666666666666,__meta__,open_news_v1,6,97,complete,__meta__
__none__,evaluator_minilm__evaluator_mpnet,evaluator_minilm__evaluator_mpnet,"{""encoder_pair"": ""evaluator_minilm__evaluator_mpnet"", ""rank_entity_fields"": ""model_id"", ""rank_method"": ""kendall_tau_b"", ""stratum:factor:corpus"": ""ag_news"", ""stratum:factor:temperature"": 0.9, ""stratum:factor:top_p"": 0.8, ""stratum:prompt_id"": ""open_news_v1""}",096738eb65c09c0084e95fad2e15a9928a7c01c812dd4d6bd347d2ac7ed53006,fbd_rank_kendall_sensitivity,0.9999999999999999,__meta__,open_news_v1,6,97,complete,__meta__
__none__,evaluator_minilm__evaluator_mpnet,evaluator_minilm__evaluator_mpnet,"{""encoder_pair"": ""evaluator_minilm__evaluator_mpnet"", ""rank_entity_fields"": ""model_id"", ""rank_method"": ""kendall_tau_b"", ""stratum:factor:corpus"": ""dbpedia"", ""stratum:factor:temperature"": 0.3, ""stratum:factor:top_p"": 0.95, ""stratum:prompt_id"": ""open_news_v1""}",597d94356d5d4e8e2d404650517e3014daf76384b54b451892ec7fdf56ca59ee,fbd_rank_kendall_sensitivity,0.8666666666666666,__meta__,open_news_v1,6,97,complete,__meta__
__none__,evaluator_minilm__evaluator_mpnet,evaluator_minilm__evaluator_mpnet,"{""encoder_pair"": ""evaluator_minilm__evaluator_mpnet"", ""rank_entity_fields"": ""model_id"", ""rank_method"": ""kendall_tau_b"", ""stratum:factor:corpus"": ""amazon_reviews"", ""stratum:factor:temperature"": 0.3, ""stratum:factor:top_p"": 0.95, ""stratum:prompt_id"": ""open_news_v1""}",4a8edf58d71450bf2d5bab0badb911499a2fa1e0f750576dd14442eee0b0b432,fbd_rank_kendall_sensitivity,0.7333333333333333,__meta__,open_news_v1,6,97,complete,__meta__
__none__,evaluator_minilm__evaluator_mpnet,evaluator_minilm__evaluator_mpnet,"{""encoder_pair"": ""evaluator_minilm__evaluator_mpnet"", ""rank_entity_fields"": ""model_id"", ""rank_method"": ""kendall_tau_b"", ""stratum:factor:corpus"": ""yahoo_answers"", ""stratum:factor:temperature"": 0.9, ""stratum:factor:top_p"": 0.95, ""stratum:prompt_id"": ""open_news_v1""}",a80b7dbfd2df0e400d7de476d52345c37acef2bd92081778815704e5c1af7868,fbd_rank_kendall_sensitivity,0.8666666666666666,__meta__,open_news_v1,6,97,complete,__meta__
__none__,evaluator_minilm__evaluator_mpnet,evaluator_minilm__evaluator_mpnet,"{""encoder_pair"": ""evaluator_minilm__evaluator_mpnet"", ""rank_entity_fields"": ""model_id"", ""rank_method"": ""kendall_tau_b"", ""stratum:factor:corpus"": ""yahoo_answers"", ""stratum:factor:temperature"": 0.3, ""stratum:factor:top_p"": 0.95, ""stratum:prompt_id"": ""open_news_v1""}",1516a514d3a179e9ce439c6030cbb5ac49e561e74eaaef330b7d0b906e32f48b,fbd_rank_kendall_sensitivity,0.8666666666666666,__meta__,open_news_v1,6,97,complete,__meta__
__none__,evaluator_minilm__evaluator_mpnet,evaluator_minilm__evaluator_mpnet,"{""encoder_pair"": ""evaluator_minilm__evaluator_mpnet"", ""rank_entity_fields"": ""model_id"", ""rank_method"": ""kendall_tau_b"", ""stratum:factor:corpus"": ""ag_news"", ""stratum:factor:temperature"": 0.9, ""stratum:factor:top_p"": 0.95, ""stratum:prompt_id"": ""open_news_v1""}",560850b0272b4780c10a0600348ff4a1c6856695e3b3f39022b0ec26b2a9b677,fbd_rank_kendall_sensitivity,0.9999999999999999,__meta__,open_news_v1,6,97,complete,__meta__
__none__,evaluator_minilm__evaluator_mpnet,evaluator_minilm__evaluator_mpnet,"{""encoder_pair"": ""evaluator_minilm__evaluator_mpnet"", ""rank_entity_fields"": ""model_id"", ""rank_method"": ""kendall_tau_b"", ""stratum:factor:corpus"": ""imdb_reviews"", ""stratum:factor:temperature"": 0.9, ""stratum:factor:top_p"": 0.95, ""stratum:prompt_id"": ""open_news_v1""}",7c1b23d84d92fb00833913d6defa8170a89d7cba1d0d6fb54190f392f443140c,fbd_rank_kendall_sensitivity,0.9999999999999999,__meta__,open_news_v1,6,97,complete,__meta__
__none__,evaluator_minilm__evaluator_mpnet,evaluator_minilm__evaluator_mpnet,"{""encoder_pair"": ""evaluator_minilm__evaluator_mpnet"", ""rank_entity_fields"": ""model_id"", ""rank_method"": ""kendall_tau_b"", ""stratum:factor:corpus"": ""dbpedia"", ""stratum:factor:temperature"": 0.3, ""stratum:factor:top_p"": 0.8, ""stratum:prompt_id"": ""open_news_v1""}",478d57726c916e27c8d57651c3e345b021be1dd2077be4c0f25c281e426d0c51,fbd_rank_kendall_sensitivity,0.8666666666666666,__meta__,open_news_v1,6,97,complete,__meta__
__none__,evaluator_minilm__evaluator_mpnet,evaluator_minilm__evaluator_mpnet,"{""encoder_pair"": ""evaluator_minilm__evaluator_mpnet"", ""rank_entity_fields"": ""model_id"", ""rank_method"": ""kendall_tau_b"", ""stratum:factor:corpus"": ""imdb_reviews"", ""stratum:factor:temperature"": 0.3, ""stratum:factor:top_p"": 0.8, ""stratum:prompt_id"": ""open_news_v1""}",d0bdba6a798ec32502fc945a54b3c4f4bf061b1a795ec7bc7520e461beafee56,fbd_rank_kendall_sensitivity,0.9999999999999999,__meta__,open_news_v1,6,97,complete,__meta__
__none__,evaluator_minilm__evaluator_mpnet,evaluator_minilm__evaluator_mpnet,"{""encoder_pair"": ""evaluator_minilm__evaluator_mpnet"", ""rank_entity_fields"": ""model_id"", ""rank_method"": ""kendall_tau_b"", ""stratum:factor:corpus"": ""dbpedia"", ""stratum:factor:temperature"": 0.6, ""stratum:factor:top_p"": 0.8, ""stratum:prompt_id"": ""open_news_v1""}",1b2ebd9a1b41f146161713078c6123722db54fed007dedca678727ce40575a4a,mauve_rank_kendall_sensitivity,0.4666666666666666,__meta__,open_news_v1,6,109,complete,__meta__
__none__,evaluator_minilm__evaluator_mpnet,evaluator_minilm__evaluator_mpnet,"{""encoder_pair"": ""evaluator_minilm__evaluator_mpnet"", ""rank_entity_fields"": ""model_id"", ""rank_method"": ""kendall_tau_b"", ""stratum:factor:corpus"": ""yahoo_answers"", ""stratum:factor:temperature"": 0.3, ""stratum:factor:top_p"": 0.8, ""stratum:prompt_id"": ""open_news_v1""}",1b85980d854118605e8d8ee579ca8119aa0a78df1ba200c0981bced82e9cc07e,mauve_rank_kendall_sensitivity,0.43519413988924466,__meta__,open_news_v1,6,109,complete,__meta__
__none__,evaluator_minilm__evaluator_mpnet,evaluator_minilm__evaluator_mpnet,"{""encoder_pair"": ""evaluator_minilm__evaluator_mpnet"", ""rank_entity_fields"": ""model_id"", ""rank_method"": ""kendall_tau_b"", ""stratum:factor:corpus"": ""yahoo_answers"", ""stratum:factor:temperature"": 0.6, ""stratum:factor:top_p"": 0.8, ""stratum:prompt_id"": ""open_news_v1""}",7ac92209722ffb63eb904e866bb44ff53559b50d4085c8cdeb44dfa3d6c2b471,mauve_rank_kendall_sensitivity,0.6,__meta__,open_news_v1,6,109,complete,__meta__
__none__,evaluator_minilm__evaluator_mpnet,evaluator_minilm__evaluator_mpnet,"{""encoder_pair"": ""evaluator_minilm__evaluator_mpnet"", ""rank_entity_fields"": ""model_id"", ""rank_method"": ""kendall_tau_b"", ""stratum:factor:corpus"": ""yahoo_answers"", ""stratum:factor:temperature"": 0.9, ""stratum:factor:top_p"": 0.8, ""stratum:prompt_id"": ""open_news_v1""}",a79a23e9cd958b78b7477ff29325bbc69a940d7987622c19931710b09757e9c2,mauve_rank_kendall_sensitivity,0.8666666666666666,__meta__,open_news_v1,6,109,complete,__meta__
__none__,evaluator_minilm__evaluator_mpnet,evaluator_minilm__evaluator_mpnet,"{""encoder_pair"": ""evaluator_minilm__evaluator_mpnet"", ""rank_entity_fields"": ""model_id"", ""rank_method"": ""kendall_tau_b"", ""stratum:factor:corpus"": ""imdb_reviews"", ""stratum:factor:temperature"": 0.3, ""stratum:factor:top_p"": 0.95, ""stratum:prompt_id"": ""open_news_v1""}",2cf6a428ce5d61c30bf859cd9f12d59c025a44ddf7974eb890b508d65d660f09,mauve_rank_kendall_sensitivity,-0.13801311186847084,__meta__,open_news_v1,6,109,complete,__meta__
__none__,evaluator_minilm__evaluator_mpnet,evaluator_minilm__evaluator_mpnet,"{""encoder_pair"": ""evaluator_minilm__evaluator_mpnet"", ""rank_entity_fields"": ""model_id"", ""rank_method"": ""kendall_tau_b"", ""stratum:factor:corpus"": ""ag_news"", ""stratum:factor:temperature"": 0.3, ""stratum:factor:top_p"": 0.95, ""stratum:prompt_id"": ""open_news_v1""}",c6dd3f43cb2daa048008a27696fc3a66ddcc074dd7f72b1d5f550acb98e45770,mauve_rank_kendall_sensitivity,0.4666666666666666,__meta__,open_news_v1,6,109,complete,__meta__
__none__,evaluator_minilm__evaluator_mpnet,evaluator_minilm__evaluator_mpnet,"{""encoder_pair"": ""evaluator_minilm__evaluator_mpnet"", ""rank_entity_fields"": ""model_id"", ""rank_method"": ""kendall_tau_b"", ""stratum:factor:corpus"": ""amazon_reviews"", ""stratum:factor:temperature"": 0.9, ""stratum:factor:top_p"": 0.95, ""stratum:prompt_id"": ""open_news_v1""}",7cff9f476e29372d0e6f178fb71df677ec6dc5b19d2555fe0b64f7673e49765b,mauve_rank_kendall_sensitivity,0.9999999999999999,__meta__,open_news_v1,6,109,complete,__meta__
__none__,evaluator_minilm__evaluator_mpnet,evaluator_minilm__evaluator_mpnet,"{""encoder_pair"": ""evaluator_minilm__evaluator_mpnet"", ""rank_entity_fields"": ""model_id"", ""rank_method"": ""kendall_tau_b"", ""stratum:factor:corpus"": ""amazon_reviews"", ""stratum:factor:temperature"": 0.6, ""stratum:factor:top_p"": 0.8, ""stratum:prompt_id"": ""open_news_v1""}",f15e2cd410e3e727b1e746338f5bc64c00301948e9c858ddfeab8ce9532e297a,mauve_rank_kendall_sensitivity,0.6,__meta__,open_news_v1,6,109,complete,__meta__
__none__,evaluator_minilm__evaluator_mpnet,evaluator_minilm__evaluator_mpnet,"{""encoder_pair"": ""evaluator_minilm__evaluator_mpnet"", ""rank_entity_fields"": ""model_id"", ""rank_method"": ""kendall_tau_b"", ""stratum:factor:corpus"": ""yahoo_answers"", ""stratum:factor:temperature"": 0.6, ""stratum:factor:top_p"": 0.95, ""stratum:prompt_id"": ""open_news_v1""}",69dfeb0d9f3cf545b6c6101fd0077de99a6e39f8105f75a7b0c64f7c36e2f45f,mauve_rank_kendall_sensitivity,0.9999999999999999,__meta__,open_news_v1,6,109,complete,__meta__
__none__,evaluator_minilm__evaluator_mpnet,evaluator_minilm__evaluator_mpnet,"{""encoder_pair"": ""evaluator_minilm__evaluator_mpnet"", ""rank_entity_fields"": ""model_id"", ""rank_method"": ""kendall_tau_b"", ""stratum:factor:corpus"": ""dbpedia"", ""stratum:factor:temperature"": 0.9, ""stratum:factor:top_p"": 0.8, ""stratum:prompt_id"": ""open_news_v1""}",ca2069c2e33cf813d99f59b69efc763818ba2869695389a5703f246bbf2bea77,mauve_rank_kendall_sensitivity,0.7333333333333333,__meta__,open_news_v1,6,109,complete,__meta__
__none__,evaluator_minilm__evaluator_mpnet,evaluator_minilm__evaluator_mpnet,"{""encoder_pair"": ""evaluator_minilm__evaluator_mpnet"", ""rank_entity_fields"": ""model_id"", ""rank_method"": ""kendall_tau_b"", ""stratum:factor:corpus"": ""imdb_reviews"", ""stratum:factor:temperature"": 0.6, ""stratum:factor:top_p"": 0.95, ""stratum:prompt_id"": ""open_news_v1""}",f105599280f53001ccfc0bc360d1ca7c62a88cc74fef1385517b7cf756aed618,mauve_rank_kendall_sensitivity,0.4666666666666666,__meta__,open_news_v1,6,109,complete,__meta__
__none__,evaluator_minilm__evaluator_mpnet,evaluator_minilm__evaluator_mpnet,"{""encoder_pair"": ""evaluator_minilm__evaluator_mpnet"", ""rank_entity_fields"": ""model_id"", ""rank_method"": ""kendall_tau_b"", ""stratum:factor:corpus"": ""amazon_reviews"", ""stratum:factor:temperature"": 0.6, ""stratum:factor:top_p"": 0.95, ""stratum:prompt_id"": ""open_news_v1""}",7b59c705f9f65828c0c836bcdac5c74e1d7f0785110f3e54156d80a347479e5b,mauve_rank_kendall_sensitivity,0.9999999999999999,__meta__,open_news_v1,6,109,complete,__meta__
__none__,evaluator_minilm__evaluator_mpnet,evaluator_minilm__evaluator_mpnet,"{""encoder_pair"": ""evaluator_minilm__evaluator_mpnet"", ""rank_entity_fields"": ""model_id"", ""rank_method"": ""kendall_tau_b"", ""stratum:factor:corpus"": ""dbpedia"", ""stratum:factor:temperature"": 0.9, ""stratum:factor:top_p"": 0.95, ""stratum:prompt_id"": ""open_news_v1""}",dcd018e3e8a7ec1f6d23a012b1b9bc2bf99056df3959d0749089bf2fdd250fca,mauve_rank_kendall_sensitivity,0.2,__meta__,open_news_v1,6,109,complete,__meta__
__none__,evaluator_minilm__evaluator_mpnet,evaluator_minilm__evaluator_mpnet,"{""encoder_pair"": ""evaluator_minilm__evaluator_mpnet"", ""rank_entity_fields"": ""model_id"", ""rank_method"": ""kendall_tau_b"", ""stratum:factor:corpus"": ""ag_news"", ""stratum:factor:temperature"": 0.3, ""stratum:factor:top_p"": 0.8, ""stratum:prompt_id"": ""open_news_v1""}",abad598e4d4a26fb131fce27163b6803d7dc92b3f9a8fd673617fab4a65cd3d5,mauve_rank_kendall_sensitivity,0.6900655593423543,__meta__,open_news_v1,6,109,complete,__meta__
__none__,evaluator_minilm__evaluator_mpnet,evaluator_minilm__evaluator_mpnet,"{""encoder_pair"": ""evaluator_minilm__evaluator_mpnet"", ""rank_entity_fields"": ""model_id"", ""rank_method"": ""kendall_tau_b"", ""stratum:factor:corpus"": ""dbpedia"", ""stratum:factor:temperature"": 0.6, ""stratum:factor:top_p"": 0.95, ""stratum:prompt_id"": ""open_news_v1""}",c5d6edf81859fe5d70a8f6802bb7f5f790fb0480ba22ac533f36055f60b7d866,mauve_rank_kendall_sensitivity,0.3333333333333333,__meta__,open_news_v1,6,109,complete,__meta__
__none__,evaluator_minilm__evaluator_mpnet,evaluator_minilm__evaluator_mpnet,"{""encoder_pair"": ""evaluator_minilm__evaluator_mpnet"", ""rank_entity_fields"": ""model_id"", ""rank_method"": ""kendall_tau_b"", ""stratum:factor:corpus"": ""amazon_reviews"", ""stratum:factor:temperature"": 0.3, ""stratum:factor:top_p"": 0.8, ""stratum:prompt_id"": ""open_news_v1""}",b9b03bd865d99b73646d21de0a66ab025a0601125a2b4d9610ddea4f02b9b0b9,mauve_rank_kendall_sensitivity,0.3086066999241838,__meta__,open_news_v1,6,109,complete,__meta__
__none__,evaluator_minilm__evaluator_mpnet,evaluator_minilm__evaluator_mpnet,"{""encoder_pair"": ""evaluator_minilm__evaluator_mpnet"", ""rank_entity_fields"": ""model_id"", ""rank_method"": ""kendall_tau_b"", ""stratum:factor:corpus"": ""ag_news"", ""stratum:factor:temperature"": 0.6, ""stratum:factor:top_p"": 0.8, ""stratum:prompt_id"": ""open_news_v1""}",b7c6a317f195edf2e18ce5bea7d30032ed64ddde1a9958e237285dc6ddf80bb4,mauve_rank_kendall_sensitivity,0.8666666666666666,__meta__,open_news_v1,6,109,complete,__meta__
__none__,evaluator_minilm__evaluator_mpnet,evaluator_minilm__evaluator_mpnet,"{""encoder_pair"": ""evaluator_minilm__evaluator_mpnet"", ""rank_entity_fields"": ""model_id"", ""rank_method"": ""kendall_tau_b"", ""stratum:factor:corpus"": ""imdb_reviews"", ""stratum:factor:temperature"": 0.6, ""stratum:factor:top_p"": 0.8, ""stratum:prompt_id"": ""open_news_v1""}",8cba4e18509c136c62a4fa39337af7071b1f731f0c0d3d4531fd8f087ad72f03,mauve_rank_kendall_sensitivity,0.4666666666666666,__meta__,open_news_v1,6,109,complete,__meta__
__none__,evaluator_minilm__evaluator_mpnet,evaluator_minilm__evaluator_mpnet,"{""encoder_pair"": ""evaluator_minilm__evaluator_mpnet"", ""rank_entity_fields"": ""model_id"", ""rank_method"": ""kendall_tau_b"", ""stratum:factor:corpus"": ""amazon_reviews"", ""stratum:factor:temperature"": 0.9, ""stratum:factor:top_p"": 0.8, ""stratum:prompt_id"": ""open_news_v1""}",7cb3355505363c90be2a10f26aa5c2a0e58aab0353eb0c5695ad697dd492b4b2,mauve_rank_kendall_sensitivity,0.7333333333333333,__meta__,open_news_v1,6,109,complete,__meta__
__none__,evaluator_minilm__evaluator_mpnet,evaluator_minilm__evaluator_mpnet,"{""encoder_pair"": ""evaluator_minilm__evaluator_mpnet"", ""rank_entity_fields"": ""model_id"", ""rank_method"": ""kendall_tau_b"", ""stratum:factor:corpus"": ""imdb_reviews"", ""stratum:factor:temperature"": 0.9, ""stratum:factor:top_p"": 0.8, ""stratum:prompt_id"": ""open_news_v1""}",068d5f119eb6cb6b93c88570087fa6b65aed99cb94b5f4a7249ddcb9844a2245,mauve_rank_kendall_sensitivity,0.2,__meta__,open_news_v1,6,109,complete,__meta__
__none__,evaluator_minilm__evaluator_mpnet,evaluator_minilm__evaluator_mpnet,"{""encoder_pair"": ""evaluator_minilm__evaluator_mpnet"", ""rank_entity_fields"": ""model_id"", ""rank_method"": ""kendall_tau_b"", ""stratum:factor:corpus"": ""ag_news"", ""stratum:factor:temperature"": 0.6, ""stratum:factor:top_p"": 0.95, ""stratum:prompt_id"": ""open_news_v1""}",afd4ece6506c87856e60cd14868069c0e2418c4ae96cd5a7b3c7598688f2d902,mauve_rank_kendall_sensitivity,0.6,__meta__,open_news_v1,6,109,complete,__meta__
__none__,evaluator_minilm__evaluator_mpnet,evaluator_minilm__evaluator_mpnet,"{""encoder_pair"": ""evaluator_minilm__evaluator_mpnet"", ""rank_entity_fields"": ""model_id"", ""rank_method"": ""kendall_tau_b"", ""stratum:factor:corpus"": ""ag_news"", ""stratum:factor:temperature"": 0.9, ""stratum:factor:top_p"": 0.8, ""stratum:prompt_id"": ""open_news_v1""}",4a601f668eb132fa089548422439c1125d181d61c20eda7373f0657158d74c59,mauve_rank_kendall_sensitivity,0.8666666666666666,__meta__,open_news_v1,6,109,complete,__meta__
__none__,evaluator_minilm__evaluator_mpnet,evaluator_minilm__evaluator_mpnet,"{""encoder_pair"": ""evaluator_minilm__evaluator_mpnet"", ""rank_entity_fields"": ""model_id"", ""rank_method"": ""kendall_tau_b"", ""stratum:factor:corpus"": ""dbpedia"", ""stratum:factor:temperature"": 0.3, ""stratum:factor:top_p"": 0.95, ""stratum:prompt_id"": ""open_news_v1""}",067c541ee19a01079089fc52ef366b86a60f4c27d147027625d7ac1ed6cb0771,mauve_rank_kendall_sensitivity,0.3333333333333333,__meta__,open_news_v1,6,109,complete,__meta__
__none__,evaluator_minilm__evaluator_mpnet,evaluator_minilm__evaluator_mpnet,"{""encoder_pair"": ""evaluator_minilm__evaluator_mpnet"", ""rank_entity_fields"": ""model_id"", ""rank_method"": ""kendall_tau_b"", ""stratum:factor:corpus"": ""amazon_reviews"", ""stratum:factor:temperature"": 0.3, ""stratum:factor:top_p"": 0.95, ""stratum:prompt_id"": ""open_news_v1""}",27d6981f4f63a619f9c1f628bfc038b5bbca1222b69bffd660d8acdd23e52175,mauve_rank_kendall_sensitivity,0.8666666666666666,__meta__,open_news_v1,6,109,complete,__meta__
__none__,evaluator_minilm__evaluator_mpnet,evaluator_minilm__evaluator_mpnet,"{""encoder_pair"": ""evaluator_minilm__evaluator_mpnet"", ""rank_entity_fields"": ""model_id"", ""rank_method"": ""kendall_tau_b"", ""stratum:factor:corpus"": ""yahoo_answers"", ""stratum:factor:temperature"": 0.9, ""stratum:factor:top_p"": 0.95, ""stratum:prompt_id"": ""open_news_v1""}",cf43323ace4fe165a6adfa5b2e3c3bb6a8ad25deeb215a45645799478592c38a,mauve_rank_kendall_sensitivity,0.9999999999999999,__meta__,open_news_v1,6,109,complete,__meta__
__none__,evaluator_minilm__evaluator_mpnet,evaluator_minilm__evaluator_mpnet,"{""encoder_pair"": ""evaluator_minilm__evaluator_mpnet"", ""rank_entity_fields"": ""model_id"", ""rank_method"": ""kendall_tau_b"", ""stratum:factor:corpus"": ""yahoo_answers"", ""stratum:factor:temperature"": 0.3, ""stratum:factor:top_p"": 0.95, ""stratum:prompt_id"": ""open_news_v1""}",70febccc7cf0cd63e37bd19282b82966ea8fc488b6ea8522b473d5768d1e5e6f,mauve_rank_kendall_sensitivity,0.6,__meta__,open_news_v1,6,109,complete,__meta__
__none__,evaluator_minilm__evaluator_mpnet,evaluator_minilm__evaluator_mpnet,"{""encoder_pair"": ""evaluator_minilm__evaluator_mpnet"", ""rank_entity_fields"": ""model_id"", ""rank_method"": ""kendall_tau_b"", ""stratum:factor:corpus"": ""ag_news"", ""stratum:factor:temperature"": 0.9, ""stratum:factor:top_p"": 0.95, ""stratum:prompt_id"": ""open_news_v1""}",77258d16df0670288fd4c30eddf9b1ad8e0e9e10c92326bf9d1b9f27c1590e5b,mauve_rank_kendall_sensitivity,0.8666666666666666,__meta__,open_news_v1,6,109,complete,__meta__
__none__,evaluator_minilm__evaluator_mpnet,evaluator_minilm__evaluator_mpnet,"{""encoder_pair"": ""evaluator_minilm__evaluator_mpnet"", ""rank_entity_fields"": ""model_id"", ""rank_method"": ""kendall_tau_b"", ""stratum:factor:corpus"": ""imdb_reviews"", ""stratum:factor:temperature"": 0.9, ""stratum:factor:top_p"": 0.95, ""stratum:prompt_id"": ""open_news_v1""}",f67fbdb93d6bc33ea804e4c7569b872d3751e2e113f2f67ae5dae252f6f123d8,mauve_rank_kendall_sensitivity,-0.3333333333333333,__meta__,open_news_v1,6,109,complete,__meta__
__none__,evaluator_minilm__evaluator_mpnet,evaluator_minilm__evaluator_mpnet,"{""encoder_pair"": ""evaluator_minilm__evaluator_mpnet"", ""rank_entity_fields"": ""model_id"", ""rank_method"": ""kendall_tau_b"", ""stratum:factor:corpus"": ""dbpedia"", ""stratum:factor:temperature"": 0.3, ""stratum:factor:top_p"": 0.8, ""stratum:prompt_id"": ""open_news_v1""}",74c879092f5bb847989363f6988e0e09ce6e2a8b309eb555672fcdeebb673d38,mauve_rank_kendall_sensitivity,0.41403933560541256,__meta__,open_news_v1,6,109,complete,__meta__
__none__,evaluator_minilm__evaluator_mpnet,evaluator_minilm__evaluator_mpnet,"{""encoder_pair"": ""evaluator_minilm__evaluator_mpnet"", ""rank_entity_fields"": ""model_id"", ""rank_method"": ""kendall_tau_b"", ""stratum:factor:corpus"": ""imdb_reviews"", ""stratum:factor:temperature"": 0.3, ""stratum:factor:top_p"": 0.8, ""stratum:prompt_id"": ""open_news_v1""}",ab4e6cac11fb1c6982e2752ca6faa7e098d6f1f88ac5506e3907ee3984b4650b,mauve_rank_kendall_sensitivity,0.6900655593423543,__meta__,open_news_v1,6,109,complete,__meta__
__none__,evaluator_minilm__evaluator_mpnet,evaluator_minilm__evaluator_mpnet,"{""encoder_pair"": ""evaluator_minilm__evaluator_mpnet"", ""rank_entity_fields"": ""model_id"", ""rank_method"": ""kendall_tau_b"", ""stratum:factor:corpus"": ""dbpedia"", ""stratum:factor:temperature"": 0.6, ""stratum:factor:top_p"": 0.8, ""stratum:prompt_id"": ""open_news_v1""}",ff4439fbf3508c900dcf4e86c411941756dd39527097f92c6e88cb274f2bc2b1,mauve_rank_kendall_sensitivity,0.6,__meta__,open_news_v1,6,17,complete,__meta__
__none__,evaluator_minilm__evaluator_mpnet,evaluator_minilm__evaluator_mpnet,"{""encoder_pair"": ""evaluator_minilm__evaluator_mpnet"", ""rank_entity_fields"": ""model_id"", ""rank_method"": ""kendall_tau_b"", ""stratum:factor:corpus"": ""yahoo_answers"", ""stratum:factor:temperature"": 0.3, ""stratum:factor:top_p"": 0.8, ""stratum:prompt_id"": ""open_news_v1""}",f9043d43001936f9bdf3cdbb209ad63edd20f3fee69ee570e585af454a5cc259,mauve_rank_kendall_sensitivity,0.7333333333333333,__meta__,open_news_v1,6,17,complete,__meta__
__none__,evaluator_minilm__evaluator_mpnet,evaluator_minilm__evaluator_mpnet,"{""encoder_pair"": ""evaluator_minilm__evaluator_mpnet"", ""rank_entity_fields"": ""model_id"", ""rank_method"": ""kendall_tau_b"", ""stratum:factor:corpus"": ""yahoo_answers"", ""stratum:factor:temperature"": 0.6, ""stratum:factor:top_p"": 0.8, ""stratum:prompt_id"": ""open_news_v1""}",02a61375696e9425d383e1ed12eefb16ddd1d05a830211f441b2aea57ccb98e4,mauve_rank_kendall_sensitivity,0.3333333333333333,__meta__,open_news_v1,6,17,complete,__meta__
__none__,evaluator_minilm__evaluator_mpnet,evaluator_minilm__evaluator_mpnet,"{""encoder_pair"": ""evaluator_minilm__evaluator_mpnet"", ""rank_entity_fields"": ""model_id"", ""rank_method"": ""kendall_tau_b"", ""stratum:factor:corpus"": ""yahoo_answers"", ""stratum:factor:temperature"": 0.9, ""stratum:factor:top_p"": 0.8, ""stratum:prompt_id"": ""open_news_v1""}",8b808074afd8f200ab8039372d9f4a361b7ae3cc24dbacb599202950ab9ee20e,mauve_rank_kendall_sensitivity,0.7333333333333333,__meta__,open_news_v1,6,17,complete,__meta__
__none__,evaluator_minilm__evaluator_mpnet,evaluator_minilm__evaluator_mpnet,"{""encoder_pair"": ""evaluator_minilm__evaluator_mpnet"", ""rank_entity_fields"": ""model_id"", ""rank_method"": ""kendall_tau_b"", ""stratum:factor:corpus"": ""imdb_reviews"", ""stratum:factor:temperature"": 0.3, ""stratum:factor:top_p"": 0.95, ""stratum:prompt_id"": ""open_news_v1""}",4271b31981a289fd2a50fb04b681e569233f19f864cfcb54e65a173505b2ef5c,mauve_rank_kendall_sensitivity,0.9660917830792959,__meta__,open_news_v1,6,17,complete,__meta__
__none__,evaluator_minilm__evaluator_mpnet,evaluator_minilm__evaluator_mpnet,"{""encoder_pair"": ""evaluator_minilm__evaluator_mpnet"", ""rank_entity_fields"": ""model_id"", ""rank_method"": ""kendall_tau_b"", ""stratum:factor:corpus"": ""ag_news"", ""stratum:factor:temperature"": 0.3, ""stratum:factor:top_p"": 0.95, ""stratum:prompt_id"": ""open_news_v1""}",f78042edb4cd028f4ede591109c33e7dbfe98678544ea2493b4ead985e079e6a,mauve_rank_kendall_sensitivity,0.4666666666666666,__meta__,open_news_v1,6,17,complete,__meta__
__none__,evaluator_minilm__evaluator_mpnet,evaluator_minilm__evaluator_mpnet,"{""encoder_pair"": ""evaluator_minilm__evaluator_mpnet"", ""rank_entity_fields"": ""model_id"", ""rank_method"": ""kendall_tau_b"", ""stratum:factor:corpus"": ""amazon_reviews"", ""stratum:factor:temperature"": 0.9, ""stratum:factor:top_p"": 0.95, ""stratum:prompt_id"": ""open_news_v1""}",06ba55f723ad56944aa12e73a61627d805333083a22d7e5b7c18f1b715d6f684,mauve_rank_kendall_sensitivity,0.7333333333333333,__meta__,open_news_v1,6,17,complete,__meta__
__none__,evaluator_minilm__evaluator_mpnet,evaluator_minilm__evaluator_mpnet,"{""encoder_pair"": ""evaluator_minilm__evaluator_mpnet"", ""rank_entity_fields"": ""model_id"", ""rank_method"": ""kendall_tau_b"", ""stratum:factor:corpus"": ""amazon_reviews"", ""stratum:factor:temperature"": 0.6, ""stratum:factor:top_p"": 0.8, ""stratum:prompt_id"": ""open_news_v1""}",93535e45f58aacc33aea8587022214ca8e13c4ee28448ef208f9de6046e735a3,mauve_rank_kendall_sensitivity,0.3333333333333333,__meta__,open_news_v1,6,17,complete,__meta__
__none__,evaluator_minilm__evaluator_mpnet,evaluator_minilm__evaluator_mpnet,"{""encoder_pair"": ""evaluator_minilm__evaluator_mpnet"", ""rank_entity_fields"": ""model_id"", ""rank_method"": ""kendall_tau_b"", ""stratum:factor:corpus"": ""yahoo_answers"", ""stratum:factor:temperature"": 0.6, ""stratum:factor:top_p"": 0.95, ""stratum:prompt_id"": ""open_news_v1""}",05c136ed542d20fd41f1b337430e5ef7fa389b4f529b035d53410ef582e3eff9,mauve_rank_kendall_sensitivity,0.9999999999999999,__meta__,open_news_v1,6,17,complete,__meta__
__none__,evaluator_minilm__evaluator_mpnet,evaluator_minilm__evaluator_mpnet,"{""encoder_pair"": ""evaluator_minilm__evaluator_mpnet"", ""rank_entity_fields"": ""model_id"", ""rank_method"": ""kendall_tau_b"", ""stratum:factor:corpus"": ""dbpedia"", ""stratum:factor:temperature"": 0.9, ""stratum:factor:top_p"": 0.8, ""stratum:prompt_id"": ""open_news_v1""}",039b89b4aa6a233fb61191bcf39a962a0916a734a4d2a91bbef5fad9ec11b687,mauve_rank_kendall_sensitivity,0.6,__meta__,open_news_v1,6,17,complete,__meta__
__none__,evaluator_minilm__evaluator_mpnet,evaluator_minilm__evaluator_mpnet,"{""encoder_pair"": ""evaluator_minilm__evaluator_mpnet"", ""rank_entity_fields"": ""model_id"", ""rank_method"": ""kendall_tau_b"", ""stratum:factor:corpus"": ""imdb_reviews"", ""stratum:factor:temperature"": 0.6, ""stratum:factor:top_p"": 0.95, ""stratum:prompt_id"": ""open_news_v1""}",1e287104f0fed50560f7758bcf1f3973833e6a39d51e06fa23aa1e7aa918da78,mauve_rank_kendall_sensitivity,0.2,__meta__,open_news_v1,6,17,complete,__meta__
__none__,evaluator_minilm__evaluator_mpnet,evaluator_minilm__evaluator_mpnet,"{""encoder_pair"": ""evaluator_minilm__evaluator_mpnet"", ""rank_entity_fields"": ""model_id"", ""rank_method"": ""kendall_tau_b"", ""stratum:factor:corpus"": ""amazon_reviews"", ""stratum:factor:temperature"": 0.6, ""stratum:factor:top_p"": 0.95, ""stratum:prompt_id"": ""open_news_v1""}",adf93d77e208af092478ad6b8555ff27a7a7bc1b4b7e64659adc229b9efc4c59,mauve_rank_kendall_sensitivity,0.8666666666666666,__meta__,open_news_v1,6,17,complete,__meta__
__none__,evaluator_minilm__evaluator_mpnet,evaluator_minilm__evaluator_mpnet,"{""encoder_pair"": ""evaluator_minilm__evaluator_mpnet"", ""rank_entity_fields"": ""model_id"", ""rank_method"": ""kendall_tau_b"", ""stratum:factor:corpus"": ""dbpedia"", ""stratum:factor:temperature"": 0.9, ""stratum:factor:top_p"": 0.95, ""stratum:prompt_id"": ""open_news_v1""}",9c00fa14f32bc4dbb34a0e75d14a359e9f32170c69eafcc71748154f96fc66ec,mauve_rank_kendall_sensitivity,0.6,__meta__,open_news_v1,6,17,complete,__meta__
__none__,evaluator_minilm__evaluator_mpnet,evaluator_minilm__evaluator_mpnet,"{""encoder_pair"": ""evaluator_minilm__evaluator_mpnet"", ""rank_entity_fields"": ""model_id"", ""rank_method"": ""kendall_tau_b"", ""stratum:factor:corpus"": ""ag_news"", ""stratum:factor:temperature"": 0.3, ""stratum:factor:top_p"": 0.8, ""stratum:prompt_id"": ""open_news_v1""}",c76c5eafe90ebc0cef194f56ec4977764ec904435b09023eccaca395f81209e7,mauve_rank_kendall_sensitivity,0.35714285714285715,__meta__,open_news_v1,6,17,complete,__meta__
__none__,evaluator_minilm__evaluator_mpnet,evaluator_minilm__evaluator_mpnet,"{""encoder_pair"": ""evaluator_minilm__evaluator_mpnet"", ""rank_entity_fields"": ""model_id"", ""rank_method"": ""kendall_tau_b"", ""stratum:factor:corpus"": ""dbpedia"", ""stratum:factor:temperature"": 0.6, ""stratum:factor:top_p"": 0.95, ""stratum:prompt_id"": ""open_news_v1""}",ab1971dc6b1900b119606eef1607aa17433730952af9e6c7e0ad4c20a073ef0f,mauve_rank_kendall_sensitivity,0.6,__meta__,open_news_v1,6,17,complete,__meta__
__none__,evaluator_minilm__evaluator_mpnet,evaluator_minilm__evaluator_mpnet,"{""encoder_pair"": ""evaluator_minilm__evaluator_mpnet"", ""rank_entity_fields"": ""model_id"", ""rank_method"": ""kendall_tau_b"", ""stratum:factor:corpus"": ""amazon_reviews"", ""stratum:factor:temperature"": 0.3, ""stratum:factor:top_p"": 0.8, ""stratum:prompt_id"": ""open_news_v1""}",6d6c13db16f3f9ea55748a7bad20799ddbd3eba4c1dba88ae32921f294303102,mauve_rank_kendall_sensitivity,0.6943650748294137,__meta__,open_news_v1,6,17,complete,__meta__
__none__,evaluator_minilm__evaluator_mpnet,evaluator_minilm__evaluator_mpnet,"{""encoder_pair"": ""evaluator_minilm__evaluator_mpnet"", ""rank_entity_fields"": ""model_id"", ""rank_method"": ""kendall_tau_b"", ""stratum:factor:corpus"": ""ag_news"", ""stratum:factor:temperature"": 0.6, ""stratum:factor:top_p"": 0.8, ""stratum:prompt_id"": ""open_news_v1""}",0ef28ccf0a8f6a0cc17b0bde6ec309ec842e7a12f50cd257421c8484a70a00e4,mauve_rank_kendall_sensitivity,0.3333333333333333,__meta__,open_news_v1,6,17,complete,__meta__
__none__,evaluator_minilm__evaluator_mpnet,evaluator_minilm__evaluator_mpnet,"{""encoder_pair"": ""evaluator_minilm__evaluator_mpnet"", ""rank_entity_fields"": ""model_id"", ""rank_method"": ""kendall_tau_b"", ""stratum:factor:corpus"": ""imdb_reviews"", ""stratum:factor:temperature"": 0.6, ""stratum:factor:top_p"": 0.8, ""stratum:prompt_id"": ""open_news_v1""}",966f304e5cc07c4006b560ba33f5c21aa796d73bfc4a4a517b9071bc38891b50,mauve_rank_kendall_sensitivity,0.8666666666666666,__meta__,open_news_v1,6,17,complete,__meta__
__none__,evaluator_minilm__evaluator_mpnet,evaluator_minilm__evaluator_mpnet,"{""encoder_pair"": ""evaluator_minilm__evaluator_mpnet"", ""rank_entity_fields"": ""model_id"", ""rank_method"": ""kendall_tau_b"", ""stratum:factor:corpus"": ""amazon_reviews"", ""stratum:factor:temperature"": 0.9, ""stratum:factor:top_p"": 0.8, ""stratum:prompt_id"": ""open_news_v1""}",447e404534cba9cce706dadc1a50976069e5f5590ce57ff3e9421b720b555614,mauve_rank_kendall_sensitivity,0.6,__meta__,open_news_v1,6,17,complete,__meta__
__none__,evaluator_minilm__evaluator_mpnet,evaluator_minilm__evaluator_mpnet,"{""encoder_pair"": ""evaluator_minilm__evaluator_mpnet"", ""rank_entity_fields"": ""model_id"", ""rank_method"": ""kendall_tau_b"", ""stratum:factor:corpus"": ""imdb_reviews"", ""stratum:factor:temperature"": 0.9, ""stratum:factor:top_p"": 0.8, ""stratum:prompt_id"": ""open_news_v1""}",337818aac197e4b233c7f95cae672d497236cb22df56d576938d9179c3af5530,mauve_rank_kendall_sensitivity,0.06666666666666665,__meta__,open_news_v1,6,17,complete,__meta__
__none__,evaluator_minilm__evaluator_mpnet,evaluator_minilm__evaluator_mpnet,"{""encoder_pair"": ""evaluator_minilm__evaluator_mpnet"", ""rank_entity_fields"": ""model_id"", ""rank_method"": ""kendall_tau_b"", ""stratum:factor:corpus"": ""ag_news"", ""stratum:factor:temperature"": 0.6, ""stratum:factor:top_p"": 0.95, ""stratum:prompt_id"": ""open_news_v1""}",01fbf393af56e693c7f27cec0212292a2c75d3411e8b354f8c1a3749b25afcee,mauve_rank_kendall_sensitivity,0.7333333333333333,__meta__,open_news_v1,6,17,complete,__meta__
__none__,evaluator_minilm__evaluator_mpnet,evaluator_minilm__evaluator_mpnet,"{""encoder_pair"": ""evaluator_minilm__evaluator_mpnet"", ""rank_entity_fields"": ""model_id"", ""rank_method"": ""kendall_tau_b"", ""stratum:factor:corpus"": ""ag_news"", ""stratum:factor:temperature"": 0.9, ""stratum:factor:top_p"": 0.8, ""stratum:prompt_id"": ""open_news_v1""}",848ed76b7c0b401d9fb3e24d68f0120ba648f87539e74dfd97d2493c81ecaf92,mauve_rank_kendall_sensitivity,0.6,__meta__,open_news_v1,6,17,complete,__meta__
__none__,evaluator_minilm__evaluator_mpnet,evaluator_minilm__evaluator_mpnet,"{""encoder_pair"": ""evaluator_minilm__evaluator_mpnet"", ""rank_entity_fields"": ""model_id"", ""rank_method"": ""kendall_tau_b"", ""stratum:factor:corpus"": ""dbpedia"", ""stratum:factor:temperature"": 0.3, ""stratum:factor:top_p"": 0.95, ""stratum:prompt_id"": ""open_news_v1""}",b80c2decb22e0d2c5fdb9cb6e0cb1b9a24eae85ea79697083fa6e0ebb9d49034,mauve_rank_kendall_sensitivity,0.6900655593423541,__meta__,open_news_v1,6,17,complete,__meta__
__none__,evaluator_minilm__evaluator_mpnet,evaluator_minilm__evaluator_mpnet,"{""encoder_pair"": ""evaluator_minilm__evaluator_mpnet"", ""rank_entity_fields"": ""model_id"", ""rank_method"": ""kendall_tau_b"", ""stratum:factor:corpus"": ""amazon_reviews"", ""stratum:factor:temperature"": 0.3, ""stratum:factor:top_p"": 0.95, ""stratum:prompt_id"": ""open_news_v1""}",fdcbb310b69cabb290e6b61057724a66b87a058ae3d1efd761ea44882a9e7156,mauve_rank_kendall_sensitivity,0.8666666666666666,__meta__,open_news_v1,6,17,complete,__meta__
__none__,evaluator_minilm__evaluator_mpnet,evaluator_minilm__evaluator_mpnet,"{""encoder_pair"": ""evaluator_minilm__evaluator_mpnet"", ""rank_entity_fields"": ""model_id"", ""rank_method"": ""kendall_tau_b"", ""stratum:factor:corpus"": ""yahoo_answers"", ""stratum:factor:temperature"": 0.9, ""stratum:factor:top_p"": 0.95, ""stratum:prompt_id"": ""open_news_v1""}",908615b7d5fed0c2e9c7f078a80e6fc82e1f30b2d33148790136f542ce94653d,mauve_rank_kendall_sensitivity,0.8666666666666666,__meta__,open_news_v1,6,17,complete,__meta__
__none__,evaluator_minilm__evaluator_mpnet,evaluator_minilm__evaluator_mpnet,"{""encoder_pair"": ""evaluator_minilm__evaluator_mpnet"", ""rank_entity_fields"": ""model_id"", ""rank_method"": ""kendall_tau_b"", ""stratum:factor:corpus"": ""yahoo_answers"", ""stratum:factor:temperature"": 0.3, ""stratum:factor:top_p"": 0.95, ""stratum:prompt_id"": ""open_news_v1""}",8c9099a815be050706bf4816aa5bb9963b70263150eb3e60ae57b736496c24eb,mauve_rank_kendall_sensitivity,0.6,__meta__,open_news_v1,6,17,complete,__meta__
__none__,evaluator_minilm__evaluator_mpnet,evaluator_minilm__evaluator_mpnet,"{""encoder_pair"": ""evaluator_minilm__evaluator_mpnet"", ""rank_entity_fields"": ""model_id"", ""rank_method"": ""kendall_tau_b"", ""stratum:factor:corpus"": ""ag_news"", ""stratum:factor:temperature"": 0.9, ""stratum:factor:top_p"": 0.95, ""stratum:prompt_id"": ""open_news_v1""}",857e3361ff9bb25de2fb7deff3161278e82dbad25182438fc48e61d8dd1cd807,mauve_rank_kendall_sensitivity,0.8666666666666666,__meta__,open_news_v1,6,17,complete,__meta__
__none__,evaluator_minilm__evaluator_mpnet,evaluator_minilm__evaluator_mpnet,"{""encoder_pair"": ""evaluator_minilm__evaluator_mpnet"", ""rank_entity_fields"": ""model_id"", ""rank_method"": ""kendall_tau_b"", ""stratum:factor:corpus"": ""imdb_reviews"", ""stratum:factor:temperature"": 0.9, ""stratum:factor:top_p"": 0.95, ""stratum:prompt_id"": ""open_news_v1""}",4a772219f7e22eb67b6d06b61ec2e6f3ee333807df29fa9f6ec9b1a47108d46a,mauve_rank_kendall_sensitivity,-0.2,__meta__,open_news_v1,6,17,complete,__meta__
__none__,evaluator_minilm__evaluator_mpnet,evaluator_minilm__evaluator_mpnet,"{""encoder_pair"": ""evaluator_minilm__evaluator_mpnet"", ""rank_entity_fields"": ""model_id"", ""rank_method"": ""kendall_tau_b"", ""stratum:factor:corpus"": ""dbpedia"", ""stratum:factor:temperature"": 0.3, ""stratum:factor:top_p"": 0.8, ""stratum:prompt_id"": ""open_news_v1""}",acd199eece4a63a9613b2e82bcdc794e92150e3fcc275abbad0b07ae328a2b76,mauve_rank_kendall_sensitivity,0.0,__meta__,open_news_v1,6,17,complete,__meta__
__none__,evaluator_minilm__evaluator_mpnet,evaluator_minilm__evaluator_mpnet,"{""encoder_pair"": ""evaluator_minilm__evaluator_mpnet"", ""rank_entity_fields"": ""model_id"", ""rank_method"": ""kendall_tau_b"", ""stratum:factor:corpus"": ""imdb_reviews"", ""stratum:factor:temperature"": 0.3, ""stratum:factor:top_p"": 0.8, ""stratum:prompt_id"": ""open_news_v1""}",15b143ba597b0216ca8dc1a0b50ca01af48af597f69dbf1cd50f0f5894ae19e5,mauve_rank_kendall_sensitivity,0.6666666666666667,__meta__,open_news_v1,6,17,complete,__meta__
__none__,evaluator_minilm__evaluator_mpnet,evaluator_minilm__evaluator_mpnet,"{""encoder_pair"": ""evaluator_minilm__evaluator_mpnet"", ""rank_entity_fields"": ""model_id"", ""rank_method"": ""kendall_tau_b"", ""stratum:factor:corpus"": ""dbpedia"", ""stratum:factor:temperature"": 0.6, ""stratum:factor:top_p"": 0.8, ""stratum:prompt_id"": ""open_news_v1""}",223117866e71f03cec42adcc741d28dacec908207f36ea7eb3ffdb4e51fb28b8,mauve_rank_kendall_sensitivity,0.7333333333333333,__meta__,open_news_v1,6,29,complete,__meta__
__none__,evaluator_minilm__evaluator_mpnet,evaluator_minilm__evaluator_mpnet,"{""encoder_pair"": ""evaluator_minilm__evaluator_mpnet"", ""rank_entity_fields"": ""model_id"", ""rank_method"": ""kendall_tau_b"", ""stratum:factor:corpus"": ""yahoo_answers"", ""stratum:factor:temperature"": 0.3, ""stratum:factor:top_p"": 0.8, ""stratum:prompt_id"": ""open_news_v1""}",d3b87c9c0a496196c13c59fe58d7574a1477683c75b8ae8a77a4c88c9177d0f1,mauve_rank_kendall_sensitivity,0.0,__meta__,open_news_v1,6,29,complete,__meta__
__none__,evaluator_minilm__evaluator_mpnet,evaluator_minilm__evaluator_mpnet,"{""encoder_pair"": ""evaluator_minilm__evaluator_mpnet"", ""rank_entity_fields"": ""model_id"", ""rank_method"": ""kendall_tau_b"", ""stratum:factor:corpus"": ""yahoo_answers"", ""stratum:factor:temperature"": 0.6, ""stratum:factor:top_p"": 0.8, ""stratum:prompt_id"": ""open_news_v1""}",9004e746ea7d8301d1eab0061692d6ed2fc2587e124069bacd5b9952f282f826,mauve_rank_kendall_sensitivity,0.41403933560541256,__meta__,open_news_v1,6,29,complete,__meta__
__none__,evaluator_minilm__evaluator_mpnet,evaluator_minilm__evaluator_mpnet,"{""encoder_pair"": ""evaluator_minilm__evaluator_mpnet"", ""rank_entity_fields"": ""model_id"", ""rank_method"": ""kendall_tau_b"", ""stratum:factor:corpus"": ""yahoo_answers"", ""stratum:factor:temperature"": 0.9, ""stratum:factor:top_p"": 0.8, ""stratum:prompt_id"": ""open_news_v1""}",295aa3a05284b89d1a3fc51620292586f4f8ee81cf43c3e8345d55a20c2a5b96,mauve_rank_kendall_sensitivity,0.7333333333333333,__meta__,open_news_v1,6,29,complete,__meta__
__none__,evaluator_minilm__evaluator_mpnet,evaluator_minilm__evaluator_mpnet,"{""encoder_pair"": ""evaluator_minilm__evaluator_mpnet"", ""rank_entity_fields"": ""model_id"", ""rank_method"": ""kendall_tau_b"", ""stratum:factor:corpus"": ""imdb_reviews"", ""stratum:factor:temperature"": 0.3, ""stratum:factor:top_p"": 0.95, ""stratum:prompt_id"": ""open_news_v1""}",6f17e278f65d1263c5947740eda506dbac7a7c82b8cb16f70ccb1ad457e85842,mauve_rank_kendall_sensitivity,0.3333333333333333,__meta__,open_news_v1,6,29,complete,__meta__
__none__,evaluator_minilm__evaluator_mpnet,evaluator_minilm__evaluator_mpnet,"{""encoder_pair"": ""evaluator_minilm__evaluator_mpnet"", ""rank_entity_fields"": ""model_id"", ""rank_method"": ""kendall_tau_b"", ""stratum:factor:corpus"": ""ag_news"", ""stratum:factor:temperature"": 0.3, ""stratum:factor:top_p"": 0.95, ""stratum:prompt_id"": ""open_news_v1""}",3653ea2b8c811756a62879179b2372bcc3b2542fec538c97939b6d8831b59977,mauve_rank_kendall_sensitivity,0.8666666666666666,__meta__,open_news_v1,6,29,complete,__meta__
__none__,evaluator_minilm__evaluator_mpnet,evaluator_minilm__evaluator_mpnet,"{""encoder_pair"": ""evaluator_minilm__evaluator_mpnet"", ""rank_entity_fields"": ""model_id"", ""rank_method"": ""kendall_tau_b"", ""stratum:factor:corpus"": ""amazon_reviews"", ""stratum:factor:temperature"": 0.9, ""stratum:factor:top_p"": 0.95, ""stratum:prompt_id"": ""open_news_v1""}",f3799cff8944a8af2f17d8b5fe0153cf5412aa3c863f5264c2291a5678555ff3,mauve_rank_kendall_sensitivity,0.8666666666666666,__meta__,open_news_v1,6,29,complete,__meta__
__none__,evaluator_minilm__evaluator_mpnet,evaluator_minilm__evaluator_mpnet,"{""encoder_pair"": ""evaluator_minilm__evaluator_mpnet"", ""rank_entity_fields"": ""model_id"", ""rank_method"": ""kendall_tau_b"", ""stratum:factor:corpus"": ""amazon_reviews"", ""stratum:factor:temperature"": 0.6, ""stratum:factor:top_p"": 0.8, ""stratum:prompt_id"": ""open_news_v1""}",90f478ff9208eca6a7699b0b0cd5981d36d64fc92f9feaaae2447f2315a1b48a,mauve_rank_kendall_sensitivity,0.4666666666666666,__meta__,open_news_v1,6,29,complete,__meta__
__none__,evaluator_minilm__evaluator_mpnet,evaluator_minilm__evaluator_mpnet,"{""encoder_pair"": ""evaluator_minilm__evaluator_mpnet"", ""rank_entity_fields"": ""model_id"", ""rank_method"": ""kendall_tau_b"", ""stratum:factor:corpus"": ""yahoo_answers"", ""stratum:factor:temperature"": 0.6, ""stratum:factor:top_p"": 0.95, ""stratum:prompt_id"": ""open_news_v1""}",01dfea6a8a2b0ac74e627e015dda606f3bcc42f8723b47e5e4821a13f777e79f,mauve_rank_kendall_sensitivity,0.7333333333333333,__meta__,open_news_v1,6,29,complete,__meta__
__none__,evaluator_minilm__evaluator_mpnet,evaluator_minilm__evaluator_mpnet,"{""encoder_pair"": ""evaluator_minilm__evaluator_mpnet"", ""rank_entity_fields"": ""model_id"", ""rank_method"": ""kendall_tau_b"", ""stratum:factor:corpus"": ""dbpedia"", ""stratum:factor:temperature"": 0.9, ""stratum:factor:top_p"": 0.8, ""stratum:prompt_id"": ""open_news_v1""}",a7df2d108cf5cca19ff76d2e93a4eed815dda2d01c6c14a217b30397f3f7c4c4,mauve_rank_kendall_sensitivity,0.8666666666666666,__meta__,open_news_v1,6,29,complete,__meta__
__none__,evaluator_minilm__evaluator_mpnet,evaluator_minilm__evaluator_mpnet,"{""encoder_pair"": ""evaluator_minilm__evaluator_mpnet"", ""rank_entity_fields"": ""model_id"", ""rank_method"": ""kendall_tau_b"", ""stratum:factor:corpus"": ""imdb_reviews"", ""stratum:factor:temperature"": 0.6, ""stratum:factor:top_p"": 0.95, ""stratum:prompt_id"": ""open_news_v1""}",c6f54802796f51c0c04653387ea69840c0d838d65c28e6664f04bc6a83b4b6bd,mauve_rank_kendall_sensitivity,0.6,__meta__,open_news_v1,6,29,complete,__meta__
__none__,evaluator_minilm__evaluator_mpnet,evaluator_minilm__evaluator_mpnet,"{""encoder_pair"": ""evaluator_minilm__evaluator_mpnet"", ""rank_entity_fields"": ""model_id"", ""rank_method"": ""kendall_tau_b"", ""stratum:factor:corpus"": ""amazon_reviews"", ""stratum:factor:temperature"": 0.6, ""stratum:factor:top_p"": 0.95, ""stratum:prompt_id"": ""open_news_v1""}",8e408f64bea4cc7ccc1b63aabb07cff9a2a0463ed7eaedd429ebe0552f61c9fc,mauve_rank_kendall_sensitivity,0.7333333333333333,__meta__,open_news_v1,6,29,complete,__meta__
__none__,evaluator_minilm__evaluator_mpnet,evaluator_minilm__evaluator_mpnet,"{""encoder_pair"": ""evaluator_minilm__evaluator_mpnet"", ""rank_entity_fields"": ""model_id"", ""rank_method"": ""kendall_tau_b"", ""stratum:factor:corpus"": ""dbpedia"", ""stratum:factor:temperature"": 0.9, ""stratum:factor:top_p"": 0.95, ""stratum:prompt_id"": ""open_news_v1""}",687ec7554f0d4f53c5c9150543e812e843b6f155b3010ef3db564b6fd9cd4c45,mauve_rank_kendall_sensitivity,0.4666666666666666,__meta__,open_news_v1,6,29,complete,__meta__
__none__,evaluator_minilm__evaluator_mpnet,evaluator_minilm__evaluator_mpnet,"{""encoder_pair"": ""evaluator_minilm__evaluator_mpnet"", ""rank_entity_fields"": ""model_id"", ""rank_method"": ""kendall_tau_b"", ""stratum:factor:corpus"": ""ag_news"", ""stratum:factor:temperature"": 0.3, ""stratum:factor:top_p"": 0.8, ""stratum:prompt_id"": ""open_news_v1""}",a7e3a65f39144cfc8d77e68ef031806ae8b974932d0fd4dc175dcb8cf10e924b,mauve_rank_kendall_sensitivity,0.8666666666666666,__meta__,open_news_v1,6,29,complete,__meta__
__none__,evaluator_minilm__evaluator_mpnet,evaluator_minilm__evaluator_mpnet,"{""encoder_pair"": ""evaluator_minilm__evaluator_mpnet"", ""rank_entity_fields"": ""model_id"", ""rank_method"": ""kendall_tau_b"", ""stratum:factor:corpus"": ""dbpedia"", ""stratum:factor:temperature"": 0.6, ""stratum:factor:top_p"": 0.95, ""stratum:prompt_id"": ""open_news_v1""}",55a8ff3d54a1aa634cf9db1638094bf6ff1222221f7075a451113530c573244a,mauve_rank_kendall_sensitivity,0.8666666666666666,__meta__,open_news_v1,6,29,complete,__meta__
__none__,evaluator_minilm__evaluator_mpnet,evaluator_minilm__evaluator_mpnet,"{""encoder_pair"": ""evaluator_minilm__evaluator_mpnet"", ""rank_entity_fields"": ""model_id"", ""rank_method"": ""kendall_tau_b"", ""stratum:factor:corpus"": ""amazon_reviews"", ""stratum:factor:temperature"": 0.3, ""stratum:factor:top_p"": 0.8, ""stratum:prompt_id"": ""open_news_v1""}",2b0c6dd45c6eef3b9f8a12d41709d47cb0fdf97d866312d2bfced867710472e1,mauve_rank_kendall_sensitivity,0.4029114820126901,__meta__,open_news_v1,6,29,complete,__meta__
__none__,evaluator_minilm__evaluator_mpnet,evaluator_minilm__evaluator_mpnet,"{""encoder_pair"": ""evaluator_minilm__evaluator_mpnet"", ""rank_entity_fields"": ""model_id"", ""rank_method"": ""kendall_tau_b"", ""stratum:factor:corpus"": ""ag_news"", ""stratum:factor:temperature"": 0.6, ""stratum:factor:top_p"": 0.8, ""stratum:prompt_id"": ""open_news_v1""}",fa6465a3272dd28b4b96341cefea91d65034ec328c006e62c877daef3977a9fa,mauve_rank_kendall_sensitivity,0.7333333333333333,__meta__,open_news_v1,6,29,complete,__meta__
__none__,evaluator_minilm__evaluator_mpnet,evaluator_minilm__evaluator_mpnet,"{""encoder_pair"": ""evaluator_minilm__evaluator_mpnet"", ""rank_entity_fields"": ""model_id"", ""rank_method"": ""kendall_tau_b"", ""stratum:factor:corpus"": ""imdb_reviews"", ""stratum:factor:temperature"": 0.6, ""stratum:factor:top_p"": 0.8, ""stratum:prompt_id"": ""open_news_v1""}",7ebb5f4bd7bb8855d143931758e75211762a865fcf3fea60d04f85c902ae3794,mauve_rank_kendall_sensitivity,0.3333333333333333,__meta__,open_news_v1,6,29,complete,__meta__
__none__,evaluator_minilm__evaluator_mpnet,evaluator_minilm__evaluator_mpnet,"{""encoder_pair"": ""evaluator_minilm__evaluator_mpnet"", ""rank_entity_fields"": ""model_id"", ""rank_method"": ""kendall_tau_b"", ""stratum:factor:corpus"": ""amazon_reviews"", ""stratum:factor:temperature"": 0.9, ""stratum:factor:top_p"": 0.8, ""stratum:prompt_id"": ""open_news_v1""}",ba947109a74502a161e77da3b69ab5c09b4ea9d09e69e9d8493f5a03b4d53b5b,mauve_rank_kendall_sensitivity,0.9999999999999999,__meta__,open_news_v1,6,29,complete,__meta__
__none__,evaluator_minilm__evaluator_mpnet,evaluator_minilm__evaluator_mpnet,"{""encoder_pair"": ""evaluator_minilm__evaluator_mpnet"", ""rank_entity_fields"": ""model_id"", ""rank_method"": ""kendall_tau_b"", ""stratum:factor:corpus"": ""imdb_reviews"", ""stratum:factor:temperature"": 0.9, ""stratum:factor:top_p"": 0.8, ""stratum:prompt_id"": ""open_news_v1""}",b236867f83479335ab262451a566528a5684191dee33057dc01a8809f3fc79c1,mauve_rank_kendall_sensitivity,0.3333333333333333,__meta__,open_news_v1,6,29,complete,__meta__
__none__,evaluator_minilm__evaluator_mpnet,evaluator_minilm__evaluator_mpnet,"{""encoder_pair"": ""evaluator_minilm__evaluator_mpnet"", ""rank_entity_fields"": ""model_id"", ""rank_method"": ""kendall_tau_b"", ""stratum:factor:corpus"": ""ag_news"", ""stratum:factor:temperature"": 0.6, ""stratum:factor:top_p"": 0.95, ""stratum:prompt_id"": ""open_news_v1""}",8f7fef8e8d243c2a6c8df6e41c0e8cc7f08444dbe24dc0b5d39e9fb043572300,mauve_rank_kendall_sensitivity,0.7333333333333333,__meta__,open_news_v1,6,29,complete,__meta__
__none__,evaluator_minilm__evaluator_mpnet,evaluator_minilm__evaluator_mpnet,"{""encoder_pair"": ""evaluator_minilm__evaluator_mpnet"", ""rank_entity_fields"": ""model_id"", ""rank_method"": ""kendall_tau_b"", ""stratum:factor:corpus"": ""ag_news"", ""stratum:factor:temperature"": 0.9, ""stratum:factor:top_p"": 0.8, ""stratum:prompt_id"": ""open_news_v1""}",24bd4682d256a578281bc5675f6c110366749c7f57977014e162e55774d8a55e,mauve_rank_kendall_sensitivity,0.8666666666666666,__meta__,open_news_v1,6,29,complete,__meta__
__none__,evaluator_minilm__evaluator_mpnet,evaluator_minilm__evaluator_mpnet,"{""encoder_pair"": ""evaluator_minilm__evaluator_mpnet"", ""rank_entity_fields"": ""model_id"", ""rank_method"": ""kendall_tau_b"", ""stratum:factor:corpus"": ""dbpedia"", ""stratum:factor:temperature"": 0.3, ""stratum:factor:top_p"": 0.95, ""stratum:prompt_id"": ""open_news_v1""}",197f0d0d5d3265136bddd6037472503f9e00ef7672647baac1c03293390ddfdb,mauve_rank_kendall_sensitivity,0.8666666666666666,__meta__,open_news_v1,6,29,complete,__meta__
__none__,evaluator_minilm__evaluator_mpnet,evaluator_minilm__evaluator_mpnet,"{""encoder_pair"": ""evaluator_minilm__evaluator_mpnet"", ""rank_entity_fields"": ""model_id"", ""rank_method"": ""kendall_tau_b"", ""stratum:factor:corpus"": ""amazon_reviews"", ""stratum:factor:temperature"": 0.3, ""stratum:factor:top_p"": 0.95, ""stratum:prompt_id"": ""open_news_v1""}",2fc7cc69a97f582706d9c7d65229a6f78b76dea0bbe160b65ad08b8a3780eba8,mauve_rank_kendall_sensitivity,0.41403933560541256,__meta__,open_news_v1,6,29,complete,__meta__
__none__,evaluator_minilm__evaluator_mpnet,evaluator_minilm__evaluator_mpnet,"{""encoder_pair"": ""evaluator_minilm__evaluator_mpnet"", ""rank_entity_fields"": ""model_id"", ""rank_method"": ""kendall_tau_b"", ""stratum:factor:corpus"": ""yahoo_answers"", ""stratum:factor:temperature"": 0.9, ""stratum:factor:top_p"": 0.95, ""stratum:prompt_id"": ""open_news_v1""}",9561f3f6b2f0a9c0de2ce1e83d953b5f4cbf46040761ff5fc01741cb4a852682,mauve_rank_kendall_sensitivity,0.8666666666666666,__meta__,open_news_v1,6,29,complete,__meta__
__none__,evaluator_minilm__evaluator_mpnet,evaluator_minilm__evaluator_mpnet,"{""encoder_pair"": ""evaluator_minilm__evaluator_mpnet"", ""rank_entity_fields"": ""model_id"", ""rank_method"": ""kendall_tau_b"", ""stratum:factor:corpus"": ""yahoo_answers"", ""stratum:factor:temperature"": 0.3, ""stratum:factor:top_p"": 0.95, ""stratum:prompt_id"": ""open_news_v1""}",ff62af8334b074a0ed992a40409171f70dbc47195fb1a78c6b60166196dc63f9,mauve_rank_kendall_sensitivity,0.4666666666666666,__meta__,open_news_v1,6,29,complete,__meta__
__none__,evaluator_minilm__evaluator_mpnet,evaluator_minilm__evaluator_mpnet,"{""encoder_pair"": ""evaluator_minilm__evaluator_mpnet"", ""rank_entity_fields"": ""model_id"", ""rank_method"": ""kendall_tau_b"", ""stratum:factor:corpus"": ""ag_news"", ""stratum:factor:temperature"": 0.9, ""stratum:factor:top_p"": 0.95, ""stratum:prompt_id"": ""open_news_v1""}",49072a3c73124a7c5c37e7235f14445cc55e8aeca330a407dcd636bcb635623f,mauve_rank_kendall_sensitivity,0.3333333333333333,__meta__,open_news_v1,6,29,complete,__meta__
__none__,evaluator_minilm__evaluator_mpnet,evaluator_minilm__evaluator_mpnet,"{""encoder_pair"": ""evaluator_minilm__evaluator_mpnet"", ""rank_entity_fields"": ""model_id"", ""rank_method"": ""kendall_tau_b"", ""stratum:factor:corpus"": ""imdb_reviews"", ""stratum:factor:temperature"": 0.9, ""stratum:factor:top_p"": 0.95, ""stratum:prompt_id"": ""open_news_v1""}",20b51d8d882e0d4efa21790b239f0dfcec3dfc87fada596df15f1ee561ce58f1,mauve_rank_kendall_sensitivity,0.3333333333333333,__meta__,open_news_v1,6,29,complete,__meta__
__none__,evaluator_minilm__evaluator_mpnet,evaluator_minilm__evaluator_mpnet,"{""encoder_pair"": ""evaluator_minilm__evaluator_mpnet"", ""rank_entity_fields"": ""model_id"", ""rank_method"": ""kendall_tau_b"", ""stratum:factor:corpus"": ""dbpedia"", ""stratum:factor:temperature"": 0.3, ""stratum:factor:top_p"": 0.8, ""stratum:prompt_id"": ""open_news_v1""}",8792e196073e0fe952ad3b5dbb2799df8ea8c7652fd46da563c9c6ced53481b4,mauve_rank_kendall_sensitivity,0.592999453328881,__meta__,open_news_v1,6,29,complete,__meta__
__none__,evaluator_minilm__evaluator_mpnet,evaluator_minilm__evaluator_mpnet,"{""encoder_pair"": ""evaluator_minilm__evaluator_mpnet"", ""rank_entity_fields"": ""model_id"", ""rank_method"": ""kendall_tau_b"", ""stratum:factor:corpus"": ""imdb_reviews"", ""stratum:factor:temperature"": 0.3, ""stratum:factor:top_p"": 0.8, ""stratum:prompt_id"": ""open_news_v1""}",758ba71b1e34679e9c88301f992450bde1195aa705c6ba40999d828db9d9ba30,mauve_rank_kendall_sensitivity,0.447213595499958,__meta__,open_news_v1,6,29,complete,__meta__
__none__,evaluator_minilm__evaluator_mpnet,evaluator_minilm__evaluator_mpnet,"{""encoder_pair"": ""evaluator_minilm__evaluator_mpnet"", ""rank_entity_fields"": ""model_id"", ""rank_method"": ""kendall_tau_b"", ""stratum:factor:corpus"": ""dbpedia"", ""stratum:factor:temperature"": 0.6, ""stratum:factor:top_p"": 0.8, ""stratum:prompt_id"": ""open_news_v1""}",74d53c1e5f246b07565895dec5d47ecd9db1f2841e53aa7e23eb70b1ec278cd5,mauve_rank_kendall_sensitivity,0.6900655593423541,__meta__,open_news_v1,6,43,complete,__meta__
__none__,evaluator_minilm__evaluator_mpnet,evaluator_minilm__evaluator_mpnet,"{""encoder_pair"": ""evaluator_minilm__evaluator_mpnet"", ""rank_entity_fields"": ""model_id"", ""rank_method"": ""kendall_tau_b"", ""stratum:factor:corpus"": ""yahoo_answers"", ""stratum:factor:temperature"": 0.3, ""stratum:factor:top_p"": 0.8, ""stratum:prompt_id"": ""open_news_v1""}",1ec5a38637bef0d9ab2e29fe414732820240365b5447dff98de772bd8be80da9,mauve_rank_kendall_sensitivity,0.6153846153846154,__meta__,open_news_v1,6,43,complete,__meta__
__none__,evaluator_minilm__evaluator_mpnet,evaluator_minilm__evaluator_mpnet,"{""encoder_pair"": ""evaluator_minilm__evaluator_mpnet"", ""rank_entity_fields"": ""model_id"", ""rank_method"": ""kendall_tau_b"", ""stratum:factor:corpus"": ""yahoo_answers"", ""stratum:factor:temperature"": 0.6, ""stratum:factor:top_p"": 0.8, ""stratum:prompt_id"": ""open_news_v1""}",03dd31ac2e5426ad53ddd22cfb4ba3f37c83365b31d9f65b04e15e11edcac2f1,mauve_rank_kendall_sensitivity,0.8280786712108251,__meta__,open_news_v1,6,43,complete,__meta__
__none__,evaluator_minilm__evaluator_mpnet,evaluator_minilm__evaluator_mpnet,"{""encoder_pair"": ""evaluator_minilm__evaluator_mpnet"", ""rank_entity_fields"": ""model_id"", ""rank_method"": ""kendall_tau_b"", ""stratum:factor:corpus"": ""yahoo_answers"", ""stratum:factor:temperature"": 0.9, ""stratum:factor:top_p"": 0.8, ""stratum:prompt_id"": ""open_news_v1""}",259cca08d2215facc35c218087dd45689002a72d2e12a2d0526f5ba80bf03a89,mauve_rank_kendall_sensitivity,0.8666666666666666,__meta__,open_news_v1,6,43,complete,__meta__
__none__,evaluator_minilm__evaluator_mpnet,evaluator_minilm__evaluator_mpnet,"{""encoder_pair"": ""evaluator_minilm__evaluator_mpnet"", ""rank_entity_fields"": ""model_id"", ""rank_method"": ""kendall_tau_b"", ""stratum:factor:corpus"": ""imdb_reviews"", ""stratum:factor:temperature"": 0.3, ""stratum:factor:top_p"": 0.95, ""stratum:prompt_id"": ""open_news_v1""}",d3fb880765e8b6de1d72a30ae151445ef8c51dc8a90f1869d2b440db5a2b07a8,mauve_rank_kendall_sensitivity,0.0,__meta__,open_news_v1,6,43,complete,__meta__
__none__,evaluator_minilm__evaluator_mpnet,evaluator_minilm__evaluator_mpnet,"{""encoder_pair"": ""evaluator_minilm__evaluator_mpnet"", ""rank_entity_fields"": ""model_id"", ""rank_method"": ""kendall_tau_b"", ""stratum:factor:corpus"": ""ag_news"", ""stratum:factor:temperature"": 0.3, ""stratum:factor:top_p"": 0.95, ""stratum:prompt_id"": ""open_news_v1""}",d7f34d218964e68621b1ff8147caeff89052242106f69cd4ab67180d3bf396d9,mauve_rank_kendall_sensitivity,0.8666666666666666,__meta__,open_news_v1,6,43,complete,__meta__
__none__,evaluator_minilm__evaluator_mpnet,evaluator_minilm__evaluator_mpnet,"{""encoder_pair"": ""evaluator_minilm__evaluator_mpnet"", ""rank_entity_fields"": ""model_id"", ""rank_method"": ""kendall_tau_b"", ""stratum:factor:corpus"": ""amazon_reviews"", ""stratum:factor:temperature"": 0.9, ""stratum:factor:top_p"": 0.95, ""stratum:prompt_id"": ""open_news_v1""}",616854a375b8c636e0192555ef641d2ccf5fd658c81da430305c047daf6cf6f0,mauve_rank_kendall_sensitivity,0.8666666666666666,__meta__,open_news_v1,6,43,complete,__meta__
__none__,evaluator_minilm__evaluator_mpnet,evaluator_minilm__evaluator_mpnet,"{""encoder_pair"": ""evaluator_minilm__evaluator_mpnet"", ""rank_entity_fields"": ""model_id"", ""rank_method"": ""kendall_tau_b"", ""stratum:factor:corpus"": ""amazon_reviews"", ""stratum:factor:temperature"": 0.6, ""stratum:factor:top_p"": 0.8, ""stratum:prompt_id"": ""open_news_v1""}",9bcaa2162d3a48127e6f5c90a19785bee5237f8aff271d50a6fbf0809638097d,mauve_rank_kendall_sensitivity,0.7333333333333333,__meta__,open_news_v1,6,43,complete,__meta__
__none__,evaluator_minilm__evaluator_mpnet,evaluator_minilm__evaluator_mpnet,"{""encoder_pair"": ""evaluator_minilm__evaluator_mpnet"", ""rank_entity_fields"": ""model_id"", ""rank_method"": ""kendall_tau_b"", ""stratum:factor:corpus"": ""yahoo_answers"", ""stratum:factor:temperature"": 0.6, ""stratum:factor:top_p"": 0.95, ""stratum:prompt_id"": ""open_news_v1""}",0e4d0a5c43f2ca05cf8d6b532e65e657d073209f524f0fa787b84f564387c794,mauve_rank_kendall_sensitivity,0.4666666666666666,__meta__,open_news_v1,6,43,complete,__meta__
__none__,evaluator_minilm__evaluator_mpnet,evaluator_minilm__evaluator_mpnet,"{""encoder_pair"": ""evaluator_minilm__evaluator_mpnet"", ""rank_entity_fields"": ""model_id"", ""rank_method"": ""kendall_tau_b"", ""stratum:factor:corpus"": ""dbpedia"", ""stratum:factor:temperature"": 0.9, ""stratum:factor:top_p"": 0.8, ""stratum:prompt_id"": ""open_news_v1""}",1c461092c9410c4df066a7bd66c69734d7d1170bc8028cbf92e1766d876fc07c,mauve_rank_kendall_sensitivity,0.6,__meta__,open_news_v1,6,43,complete,__meta__
__none__,evaluator_minilm__evaluator_mpnet,evaluator_minilm__evaluator_mpnet,"{""encoder_pair"": ""evaluator_minilm__evaluator_mpnet"", ""rank_entity_fields"": ""model_id"", ""rank_method"": ""kendall_tau_b"", ""stratum:factor:corpus"": ""imdb_reviews"", ""stratum:factor:temperature"": 0.6, ""stratum:factor:top_p"": 0.95, ""stratum:prompt_id"": ""open_news_v1""}",0e075fccad4c7710cdaf15906dc22efbb1106e0517540afc75a475fbf5a32c90,mauve_rank_kendall_sensitivity,0.4666666666666666,__meta__,open_news_v1,6,43,complete,__meta__
__none__,evaluator_minilm__evaluator_mpnet,evaluator_minilm__evaluator_mpnet,"{""encoder_pair"": ""evaluator_minilm__evaluator_mpnet"", ""rank_entity_fields"": ""model_id"", ""rank_method"": ""kendall_tau_b"", ""stratum:factor:corpus"": ""amazon_reviews"", ""stratum:factor:temperature"": 0.6, ""stratum:factor:top_p"": 0.95, ""stratum:prompt_id"": ""open_news_v1""}",38d41cff63ace72c89118b02a5b3cb0435172a746806ce120ce384592f2d5b6f,mauve_rank_kendall_sensitivity,0.2,__meta__,open_news_v1,6,43,complete,__meta__
__none__,evaluator_minilm__evaluator_mpnet,evaluator_minilm__evaluator_mpnet,"{""encoder_pair"": ""evaluator_minilm__evaluator_mpnet"", ""rank_entity_fields"": ""model_id"", ""rank_method"": ""kendall_tau_b"", ""stratum:factor:corpus"": ""dbpedia"", ""stratum:factor:temperature"": 0.9, ""stratum:factor:top_p"": 0.95, ""stratum:prompt_id"": ""open_news_v1""}",9fc875dd388fa66df363923fa98c73feec1dd37349ec4ee248ab5770bbcce9d3,mauve_rank_kendall_sensitivity,0.6,__meta__,open_news_v1,6,43,complete,__meta__
__none__,evaluator_minilm__evaluator_mpnet,evaluator_minilm__evaluator_mpnet,"{""encoder_pair"": ""evaluator_minilm__evaluator_mpnet"", ""rank_entity_fields"": ""model_id"", ""rank_method"": ""kendall_tau_b"", ""stratum:factor:corpus"": ""ag_news"", ""stratum:factor:temperature"": 0.3, ""stratum:factor:top_p"": 0.8, ""stratum:prompt_id"": ""open_news_v1""}",5700007076265f43b47d6245604667c8c49ba50de20a049a611872796e705284,mauve_rank_kendall_sensitivity,0.6900655593423543,__meta__,open_news_v1,6,43,complete,__meta__
__none__,evaluator_minilm__evaluator_mpnet,evaluator_minilm__evaluator_mpnet,"{""encoder_pair"": ""evaluator_minilm__evaluator_mpnet"", ""rank_entity_fields"": ""model_id"", ""rank_method"": ""kendall_tau_b"", ""stratum:factor:corpus"": ""dbpedia"", ""stratum:factor:temperature"": 0.6, ""stratum:factor:top_p"": 0.95, ""stratum:prompt_id"": ""open_news_v1""}",654409190ec2c91dfc30a2111756e2a2f76d31aac1499893a6352a41a59b6f29,mauve_rank_kendall_sensitivity,0.4666666666666666,__meta__,open_news_v1,6,43,complete,__meta__
__none__,evaluator_minilm__evaluator_mpnet,evaluator_minilm__evaluator_mpnet,"{""encoder_pair"": ""evaluator_minilm__evaluator_mpnet"", ""rank_entity_fields"": ""model_id"", ""rank_method"": ""kendall_tau_b"", ""stratum:factor:corpus"": ""amazon_reviews"", ""stratum:factor:temperature"": 0.3, ""stratum:factor:top_p"": 0.8, ""stratum:prompt_id"": ""open_news_v1""}",18036632625f3d78369bbc655cd83567b3a0640802ad9deb69354c8f08662451,mauve_rank_kendall_sensitivity,0.29649972666444047,__meta__,open_news_v1,6,43,complete,__meta__
__none__,evaluator_minilm__evaluator_mpnet,evaluator_minilm__evaluator_mpnet,"{""encoder_pair"": ""evaluator_minilm__evaluator_mpnet"", ""rank_entity_fields"": ""model_id"", ""rank_method"": ""kendall_tau_b"", ""stratum:factor:corpus"": ""ag_news"", ""stratum:factor:temperature"": 0.6, ""stratum:factor:top_p"": 0.8, ""stratum:prompt_id"": ""open_news_v1""}",185a1f09d48a6f56793e539d4b82f7b0ccdda248ceccd48f2e23c192d52c0f9f,mauve_rank_kendall_sensitivity,0.7333333333333333,__meta__,open_news_v1,6,43,complete,__meta__
__none__,evaluator_minilm__evaluator_mpnet,evaluator_minilm__evaluator_mpnet,"{""encoder_pair"": ""evaluator_minilm__evaluator_mpnet"", ""rank_entity_fields"": ""model_id"", ""rank_method"": ""kendall_tau_b"", ""stratum:factor:corpus"": ""imdb_reviews"", ""stratum:factor:temperature"": 0.6, ""stratum:factor:top_p"": 0.8, ""stratum:prompt_id"": ""open_news_v1""}",58f4ed508d386afe4a40d3e7660c20e21e07df45568515b8b2b3fbc13d3ab564,mauve_rank_kendall_sensitivity,-0.06666666666666665,__meta__,open_news_v1,6,43,complete,__meta__
__none__,evaluator_minilm__evaluator_mpnet,evaluator_minilm__evaluator_mpnet,"{""encoder_pair"": ""evaluator_minilm__evaluator_mpnet"", ""rank_entity_fields"": ""model_id"", ""rank_method"": ""kendall_tau_b"", ""stratum:factor:corpus"": ""amazon_reviews"", ""stratum:factor:temperature"": 0.9, ""stratum:factor:top_p"": 0.8, ""stratum:prompt_id"": ""open_news_v1""}",031647cd783e626d6bdc68254a7fa00d598336e7fdbd021ace471c62349f3fc2,mauve_rank_kendall_sensitivity,0.6,__meta__,open_news_v1,6,43,complete,__meta__
__none__,evaluator_minilm__evaluator_mpnet,evaluator_minilm__evaluator_mpnet,"{""encoder_pair"": ""evaluator_minilm__evaluator_mpnet"", ""rank_entity_fields"": ""model_id"", ""rank_method"": ""kendall_tau_b"", ""stratum:factor:corpus"": ""imdb_reviews"", ""stratum:factor:temperature"": 0.9, ""stratum:factor:top_p"": 0.8, ""stratum:prompt_id"": ""open_news_v1""}",2bc0db4ebda0ce063730c6d4f32cf81dbd5daad0406bc30c3d8c326caf7b1e1f,mauve_rank_kendall_sensitivity,0.06666666666666665,__meta__,open_news_v1,6,43,complete,__meta__
__none__,evaluator_minilm__evaluator_mpnet,evaluator_minilm__evaluator_mpnet,"{""encoder_pair"": ""evaluator_minilm__evaluator_mpnet"", ""rank_entity_fields"": ""model_id"", ""rank_method"": ""kendall_tau_b"", ""stratum:factor:corpus"": ""ag_news"", ""stratum:factor:temperature"": 0.6, ""stratum:factor:top_p"": 0.95, ""stratum:prompt_id"": ""open_news_v1""}",689690a42f09b4493fc3fddcbcff9536f285d1bf4e7a8a0c5ccfe119ede2a18c,mauve_rank_kendall_sensitivity,0.9999999999999999,__meta__,open_news_v1,6,43,complete,__meta__
__none__,evaluator_minilm__evaluator_mpnet,evaluator_minilm__evaluator_mpnet,"{""encoder_pair"": ""evaluator_minilm__evaluator_mpnet"", ""rank_entity_fields"": ""model_id"", ""rank_method"": ""kendall_tau_b"", ""stratum:factor:corpus"": ""ag_news"", ""stratum:factor:temperature"": 0.9, ""stratum:factor:top_p"": 0.8, ""stratum:prompt_id"": ""open_news_v1""}",ca5ddface6f02bdec9e66a777a2ee7c7c7b4d45014f5a6948167040ab89173a8,mauve_rank_kendall_sensitivity,0.6,__meta__,open_news_v1,6,43,complete,__meta__
__none__,evaluator_minilm__evaluator_mpnet,evaluator_minilm__evaluator_mpnet,"{""encoder_pair"": ""evaluator_minilm__evaluator_mpnet"", ""rank_entity_fields"": ""model_id"", ""rank_method"": ""kendall_tau_b"", ""stratum:factor:corpus"": ""dbpedia"", ""stratum:factor:temperature"": 0.3, ""stratum:factor:top_p"": 0.95, ""stratum:prompt_id"": ""open_news_v1""}",858699241390eef89dfc0c834d3df5ea375529597ff10ff1462e46383c3e8c29,mauve_rank_kendall_sensitivity,0.5962847939999439,__meta__,open_news_v1,6,43,complete,__meta__
__none__,evaluator_minilm__evaluator_mpnet,evaluator_minilm__evaluator_mpnet,"{""encoder_pair"": ""evaluator_minilm__evaluator_mpnet"", ""rank_entity_fields"": ""model_id"", ""rank_method"": ""kendall_tau_b"", ""stratum:factor:corpus"": ""amazon_reviews"", ""stratum:factor:temperature"": 0.3, ""stratum:factor:top_p"": 0.95, ""stratum:prompt_id"": ""open_news_v1""}",f19b594be7090bc1fe0798bf2ff9ed3a9cf68272dd55fa3441d98590c0ce35b0,mauve_rank_kendall_sensitivity,0.5520524474738833,__meta__,open_news_v1,6,43,complete,__meta__
__none__,evaluator_minilm__evaluator_mpnet,evaluator_minilm__evaluator_mpnet,"{""encoder_pair"": ""evaluator_minilm__evaluator_mpnet"", ""rank_entity_fields"": ""model_id"", ""rank_method"": ""kendall_tau_b"", ""stratum:factor:corpus"": ""yahoo_answers"", ""stratum:factor:temperature"": 0.9, ""stratum:factor:top_p"": 0.95, ""stratum:prompt_id"": ""open_news_v1""}",e24bc9f1e463daee4b97f1617b7c1a67fb5714bd047bedb87b4a945a1df31483,mauve_rank_kendall_sensitivity,0.9999999999999999,__meta__,open_news_v1,6,43,complete,__meta__
__none__,evaluator_minilm__evaluator_mpnet,evaluator_minilm__evaluator_mpnet,"{""encoder_pair"": ""evaluator_minilm__evaluator_mpnet"", ""rank_entity_fields"": ""model_id"", ""rank_method"": ""kendall_tau_b"", ""stratum:factor:corpus"": ""yahoo_answers"", ""stratum:factor:temperature"": 0.3, ""stratum:factor:top_p"": 0.95, ""stratum:prompt_id"": ""open_news_v1""}",4f6afc0a1e3ed7d78a0d82e97dc4e48f2bb00dbd4599b3ddbd26b0639c420d90,mauve_rank_kendall_sensitivity,0.7333333333333333,__meta__,open_news_v1,6,43,complete,__meta__
__none__,evaluator_minilm__evaluator_mpnet,evaluator_minilm__evaluator_mpnet,"{""encoder_pair"": ""evaluator_minilm__evaluator_mpnet"", ""rank_entity_fields"": ""model_id"", ""rank_method"": ""kendall_tau_b"", ""stratum:factor:corpus"": ""ag_news"", ""stratum:factor:temperature"": 0.9, ""stratum:factor:top_p"": 0.95, ""stratum:prompt_id"": ""open_news_v1""}",204de3d67a2b732e708a67646e75665ee905f4c37803fb73fae7d7ad2465bd77,mauve_rank_kendall_sensitivity,0.8666666666666666,__meta__,open_news_v1,6,43,complete,__meta__
__none__,evaluator_minilm__evaluator_mpnet,evaluator_minilm__evaluator_mpnet,"{""encoder_pair"": ""evaluator_minilm__evaluator_mpnet"", ""rank_entity_fields"": ""model_id"", ""rank_method"": ""kendall_tau_b"", ""stratum:factor:corpus"": ""imdb_reviews"", ""stratum:factor:temperature"": 0.9, ""stratum:factor:top_p"": 0.95, ""stratum:prompt_id"": ""open_news_v1""}",86759f97e1f25e070381de0de678a353c9db63f639f7297f82dfb60f8084e7d5,mauve_rank_kendall_sensitivity,0.6,__meta__,open_news_v1,6,43,complete,__meta__
__none__,evaluator_minilm__evaluator_mpnet,evaluator_minilm__evaluator_mpnet,"{""encoder_pair"": ""evaluator_minilm__evaluator_mpnet"", ""rank_entity_fields"": ""model_id"", ""rank_method"": ""kendall_tau_b"", ""stratum:factor:corpus"": ""dbpedia"", ""stratum:factor:temperature"": 0.3, ""stratum:factor:top_p"": 0.8, ""stratum:prompt_id"": ""open_news_v1""}",b981dd87b8dca6e902656fcb08252e6ae9b078aab6564354c585e90dcc4f4a6c,mauve_rank_kendall_sensitivity,0.8807048459279793,__meta__,open_news_v1,6,43,complete,__meta__
__none__,evaluator_minilm__evaluator_mpnet,evaluator_minilm__evaluator_mpnet,"{""encoder_pair"": ""evaluator_minilm__evaluator_mpnet"", ""rank_entity_fields"": ""model_id"", ""rank_method"": ""kendall_tau_b"", ""stratum:factor:corpus"": ""imdb_reviews"", ""stratum:factor:temperature"": 0.3, ""stratum:factor:top_p"": 0.8, ""stratum:prompt_id"": ""open_news_v1""}",96cb87e85592cfacf1705ef67e20a89adee161786bf6d61282618315a68af266,mauve_rank_kendall_sensitivity,0.6,__meta__,open_news_v1,6,43,complete,__meta__
__none__,evaluator_minilm__evaluator_mpnet,evaluator_minilm__evaluator_mpnet,"{""encoder_pair"": ""evaluator_minilm__evaluator_mpnet"", ""rank_entity_fields"": ""model_id"", ""rank_method"": ""kendall_tau_b"", ""stratum:factor:corpus"": ""dbpedia"", ""stratum:factor:temperature"": 0.6, ""stratum:factor:top_p"": 0.8, ""stratum:prompt_id"": ""open_news_v1""}",89bb8e20ce2a09d2faa50894cc620c377e1a0c614a28946d33ae9c7626a9936f,mauve_rank_kendall_sensitivity,0.8666666666666666,__meta__,open_news_v1,6,59,complete,__meta__
__none__,evaluator_minilm__evaluator_mpnet,evaluator_minilm__evaluator_mpnet,"{""encoder_pair"": ""evaluator_minilm__evaluator_mpnet"", ""rank_entity_fields"": ""model_id"", ""rank_method"": ""kendall_tau_b"", ""stratum:factor:corpus"": ""yahoo_answers"", ""stratum:factor:temperature"": 0.3, ""stratum:factor:top_p"": 0.8, ""stratum:prompt_id"": ""open_news_v1""}",0acfb9eaf2362e3b4cbcb7a18db62b556e9743c30a661d4b9b4e3289e7257015,mauve_rank_kendall_sensitivity,0.6671243849949912,__meta__,open_news_v1,6,59,complete,__meta__
__none__,evaluator_minilm__evaluator_mpnet,evaluator_minilm__evaluator_mpnet,"{""encoder_pair"": ""evaluator_minilm__evaluator_mpnet"", ""rank_entity_fields"": ""model_id"", ""rank_method"": ""kendall_tau_b"", ""stratum:factor:corpus"": ""yahoo_answers"", ""stratum:factor:temperature"": 0.6, ""stratum:factor:top_p"": 0.8, ""stratum:prompt_id"": ""open_news_v1""}",003a3358f3845775b66e09354d3c030f424c1ae9ea39eb73ec571a25ce672711,mauve_rank_kendall_sensitivity,0.5520524474738834,__meta__,open_news_v1,6,59,complete,__meta__
__none__,evaluator_minilm__evaluator_mpnet,evaluator_minilm__evaluator_mpnet,"{""encoder_pair"": ""evaluator_minilm__evaluator_mpnet"", ""rank_entity_fields"": ""model_id"", ""rank_method"": ""kendall_tau_b"", ""stratum:factor:corpus"": ""yahoo_answers"", ""stratum:factor:temperature"": 0.9, ""stratum:factor:top_p"": 0.8, ""stratum:prompt_id"": ""open_news_v1""}",27f64d0b2946c509f436de86270fdafb35b21e811d4be7e3dbfeea8abd159854,mauve_rank_kendall_sensitivity,0.8666666666666666,__meta__,open_news_v1,6,59,complete,__meta__
__none__,evaluator_minilm__evaluator_mpnet,evaluator_minilm__evaluator_mpnet,"{""encoder_pair"": ""evaluator_minilm__evaluator_mpnet"", ""rank_entity_fields"": ""model_id"", ""rank_method"": ""kendall_tau_b"", ""stratum:factor:corpus"": ""imdb_reviews"", ""stratum:factor:temperature"": 0.3, ""stratum:factor:top_p"": 0.95, ""stratum:prompt_id"": ""open_news_v1""}",8fce7ab4d60655eca8166717b86eacca79f40ecc63f35dec160913c73f829e8a,mauve_rank_kendall_sensitivity,0.6,__meta__,open_news_v1,6,59,complete,__meta__
__none__,evaluator_minilm__evaluator_mpnet,evaluator_minilm__evaluator_mpnet,"{""encoder_pair"": ""evaluator_minilm__evaluator_mpnet"", ""rank_entity_fields"": ""model_id"", ""rank_method"": ""kendall_tau_b"", ""stratum:factor:corpus"": ""ag_news"", ""stratum:factor:temperature"": 0.3, ""stratum:factor:top_p"": 0.95, ""stratum:prompt_id"": ""open_news_v1""}",89ed69ab0310ac7cbe328eb6f784664055ecb528c44543214d7800814d125936,mauve_rank_kendall_sensitivity,0.4666666666666666,__meta__,open_news_v1,6,59,complete,__meta__
__none__,evaluator_minilm__evaluator_mpnet,evaluator_minilm__evaluator_mpnet,"{""encoder_pair"": ""evaluator_minilm__evaluator_mpnet"", ""rank_entity_fields"": ""model_id"", ""rank_method"": ""kendall_tau_b"", ""stratum:factor:corpus"": ""amazon_reviews"", ""stratum:factor:temperature"": 0.9, ""stratum:factor:top_p"": 0.95, ""stratum:prompt_id"": ""open_news_v1""}",a31a0ef839779284376895eea2afb836783b395c4dbd5c6bf12436e5b59b5776,mauve_rank_kendall_sensitivity,0.6,__meta__,open_news_v1,6,59,complete,__meta__
__none__,evaluator_minilm__evaluator_mpnet,evaluator_minilm__evaluator_mpnet,"{""encoder_pair"": ""evaluator_minilm__evaluator_mpnet"", ""rank_entity_fields"": ""model_id"", ""rank_method"": ""kendall_tau_b"", ""stratum:factor:corpus"": ""amazon_reviews"", ""stratum:factor:temperature"": 0.6, ""stratum:factor:top_p"": 0.8, ""stratum:prompt_id"": ""open_news_v1""}",313995dc115a1347dd3df7602b18bc46f1df6200cc5713c8feaf7e3a049b82e8,mauve_rank_kendall_sensitivity,0.6,__meta__,open_news_v1,6,59,complete,__meta__
__none__,evaluator_minilm__evaluator_mpnet,evaluator_minilm__evaluator_mpnet,"{""encoder_pair"": ""evaluator_minilm__evaluator_mpnet"", ""rank_entity_fields"": ""model_id"", ""rank_method"": ""kendall_tau_b"", ""stratum:factor:corpus"": ""yahoo_answers"", ""stratum:factor:temperature"": 0.6, ""stratum:factor:top_p"": 0.95, ""stratum:prompt_id"": ""open_news_v1""}",de550444e1ee2a4f6093b4cce1e0abc46d7ea0872a7f3257c4902ec33a747b23,mauve_rank_kendall_sensitivity,0.8666666666666666,__meta__,open_news_v1,6,59,complete,__meta__
__none__,evaluator_minilm__evaluator_mpnet,evaluator_minilm__evaluator_mpnet,"{""encoder_pair"": ""evaluator_minilm__evaluator_mpnet"", ""rank_entity_fields"": ""model_id"", ""rank_method"": ""kendall_tau_b"", ""stratum:factor:corpus"": ""dbpedia"", ""stratum:factor:temperature"": 0.9, ""stratum:factor:top_p"": 0.8, ""stratum:prompt_id"": ""open_news_v1""}",51a18bbabb55031d834aa3559310dbf0cbd96db5dcc53c3e2eb277d91d57b654,mauve_rank_kendall_sensitivity,0.6,__meta__,open_news_v1,6,59,complete,__meta__
__none__,evaluator_minilm__evaluator_mpnet,evaluator_minilm__evaluator_mpnet,"{""encoder_pair"": ""evaluator_minilm__evaluator_mpnet"", ""rank_entity_fields"": ""model_id"", ""rank_method"": ""kendall_tau_b"", ""stratum:factor:corpus"": ""imdb_reviews"", ""stratum:factor:temperature"": 0.6, ""stratum:factor:top_p"": 0.95, ""stratum:prompt_id"": ""open_news_v1""}",9ea54c3a6e513fc3e259937571d35d5c267a64763b6d377672a099a870c7fe2b,mauve_rank_kendall_sensitivity,-0.2,__meta__,open_news_v1,6,59,complete,__meta__
__none__,evaluator_minilm__evaluator_mpnet,evaluator_minilm__evaluator_mpnet,"{""encoder_pair"": ""evaluator_minilm__evaluator_mpnet"", ""rank_entity_fields"": ""model_id"", ""rank_method"": ""kendall_tau_b"", ""stratum:factor:corpus"": ""amazon_reviews"", ""stratum:factor:temperature"": 0.6, ""stratum:factor:top_p"": 0.95, ""stratum:prompt_id"": ""open_news_v1""}",8e7944ce787c2930b0a1c01ae9c083d70f287a49dc3a15b4c8ece4d71e89a4c7,mauve_rank_kendall_sensitivity,0.6,__meta__,open_news_v1,6,59,complete,__meta__
__none__,evaluator_minilm__evaluator_mpnet,evaluator_minilm__evaluator_mpnet,"{""encoder_pair"": ""evaluator_minilm__evaluator_mpnet"", ""rank_entity_fields"": ""model_id"", ""rank_method"": ""kendall_tau_b"", ""stratum:factor:corpus"": ""dbpedia"", ""stratum:factor:temperature"": 0.9, ""stratum:factor:top_p"": 0.95, ""stratum:prompt_id"": ""open_news_v1""}",df43c8a90dcc489336c094a2ee1084394cc578b943f9a06fd9653a9ebc845212,mauve_rank_kendall_sensitivity,0.8666666666666666,__meta__,open_news_v1,6,59,complete,__meta__
__none__,evaluator_minilm__evaluator_mpnet,evaluator_minilm__evaluator_mpnet,"{""encoder_pair"": ""evaluator_minilm__evaluator_mpnet"", ""rank_entity_fields"": ""model_id"", ""rank_method"": ""kendall_tau_b"", ""stratum:factor:corpus"": ""ag_news"", ""stratum:factor:temperature"": 0.3, ""stratum:factor:top_p"": 0.8, ""stratum:prompt_id"": ""open_news_v1""}",40c9fab39d82c3371ebdd5a27d3cf0a19b68a87906d4e28f136915a5ebcfbadf,mauve_rank_kendall_sensitivity,0.6900655593423541,__meta__,open_news_v1,6,59,complete,__meta__
__none__,evaluator_minilm__evaluator_mpnet,evaluator_minilm__evaluator_mpnet,"{""encoder_pair"": ""evaluator_minilm__evaluator_mpnet"", ""rank_entity_fields"": ""model_id"", ""rank_method"": ""kendall_tau_b"", ""stratum:factor:corpus"": ""dbpedia"", ""stratum:factor:temperature"": 0.6, ""stratum:factor:top_p"": 0.95, ""stratum:prompt_id"": ""open_news_v1""}",f90baf420ea1eb05cfca4f36efc0a28877956d041572394cb0da1e80e1063351,mauve_rank_kendall_sensitivity,0.6,__meta__,open_news_v1,6,59,complete,__meta__
__none__,evaluator_minilm__evaluator_mpnet,evaluator_minilm__evaluator_mpnet,"{""encoder_pair"": ""evaluator_minilm__evaluator_mpnet"", ""rank_entity_fields"": ""model_id"", ""rank_method"": ""kendall_tau_b"", ""stratum:factor:corpus"": ""amazon_reviews"", ""stratum:factor:temperature"": 0.3, ""stratum:factor:top_p"": 0.8, ""stratum:prompt_id"": ""open_news_v1""}",527a77ca89ec0c0e66d234fd8342a5dadbbbdf905a00c1d962b1ca298ebfeb6e,mauve_rank_kendall_sensitivity,-0.0778498944161523,__meta__,open_news_v1,6,59,complete,__meta__
__none__,evaluator_minilm__evaluator_mpnet,evaluator_minilm__evaluator_mpnet,"{""encoder_pair"": ""evaluator_minilm__evaluator_mpnet"", ""rank_entity_fields"": ""model_id"", ""rank_method"": ""kendall_tau_b"", ""stratum:factor:corpus"": ""ag_news"", ""stratum:factor:temperature"": 0.6, ""stratum:factor:top_p"": 0.8, ""stratum:prompt_id"": ""open_news_v1""}",6192325cca69a596de11748cf444f0a003d90385d15c8b6a83e44e80c0d8a32d,mauve_rank_kendall_sensitivity,0.8666666666666666,__meta__,open_news_v1,6,59,complete,__meta__
__none__,evaluator_minilm__evaluator_mpnet,evaluator_minilm__evaluator_mpnet,"{""encoder_pair"": ""evaluator_minilm__evaluator_mpnet"", ""rank_entity_fields"": ""model_id"", ""rank_method"": ""kendall_tau_b"", ""stratum:factor:corpus"": ""imdb_reviews"", ""stratum:factor:temperature"": 0.6, ""stratum:factor:top_p"": 0.8, ""stratum:prompt_id"": ""open_news_v1""}",650306a37638e3ec9fa70b76186cdc8f138afd33901539e0884522ecec7488dd,mauve_rank_kendall_sensitivity,0.3333333333333333,__meta__,open_news_v1,6,59,complete,__meta__
__none__,evaluator_minilm__evaluator_mpnet,evaluator_minilm__evaluator_mpnet,"{""encoder_pair"": ""evaluator_minilm__evaluator_mpnet"", ""rank_entity_fields"": ""model_id"", ""rank_method"": ""kendall_tau_b"", ""stratum:factor:corpus"": ""amazon_reviews"", ""stratum:factor:temperature"": 0.9, ""stratum:factor:top_p"": 0.8, ""stratum:prompt_id"": ""open_news_v1""}",f7c595fdb722c3823d52c31f2bd41c98061bbfd722356309af332a767a5e28a8,mauve_rank_kendall_sensitivity,0.9999999999999999,__meta__,open_news_v1,6,59,complete,__meta__
__none__,evaluator_minilm__evaluator_mpnet,evaluator_minilm__evaluator_mpnet,"{""encoder_pair"": ""evaluator_minilm__evaluator_mpnet"", ""rank_entity_fields"": ""model_id"", ""rank_method"": ""kendall_tau_b"", ""stratum:factor:corpus"": ""imdb_reviews"", ""stratum:factor:temperature"": 0.9, ""stratum:factor:top_p"": 0.8, ""stratum:prompt_id"": ""open_news_v1""}",7f0c4d705edc6e033dadbbe37742c8962f66f290e9f7982f54afdaa07655c29c,mauve_rank_kendall_sensitivity,-0.06666666666666665,__meta__,open_news_v1,6,59,complete,__meta__
__none__,evaluator_minilm__evaluator_mpnet,evaluator_minilm__evaluator_mpnet,"{""encoder_pair"": ""evaluator_minilm__evaluator_mpnet"", ""rank_entity_fields"": ""model_id"", ""rank_method"": ""kendall_tau_b"", ""stratum:factor:corpus"": ""ag_news"", ""stratum:factor:temperature"": 0.6, ""stratum:factor:top_p"": 0.95, ""stratum:prompt_id"": ""open_news_v1""}",c287aabec6c7c82cdbb392380e3e9e60006a5aa198948b0e7bf90d7735799cf3,mauve_rank_kendall_sensitivity,0.3333333333333333,__meta__,open_news_v1,6,59,complete,__meta__
__none__,evaluator_minilm__evaluator_mpnet,evaluator_minilm__evaluator_mpnet,"{""encoder_pair"": ""evaluator_minilm__evaluator_mpnet"", ""rank_entity_fields"": ""model_id"", ""rank_method"": ""kendall_tau_b"", ""stratum:factor:corpus"": ""ag_news"", ""stratum:factor:temperature"": 0.9, ""stratum:factor:top_p"": 0.8, ""stratum:prompt_id"": ""open_news_v1""}",c7e3e26073e07ee9b82931d9676482a67012ad6d765d0d1b44fbd1523e2e3421,mauve_rank_kendall_sensitivity,0.9999999999999999,__meta__,open_news_v1,6,59,complete,__meta__
__none__,evaluator_minilm__evaluator_mpnet,evaluator_minilm__evaluator_mpnet,"{""encoder_pair"": ""evaluator_minilm__evaluator_mpnet"", ""rank_entity_fields"": ""model_id"", ""rank_method"": ""kendall_tau_b"", ""stratum:factor:corpus"": ""dbpedia"", ""stratum:factor:temperature"": 0.3, ""stratum:factor:top_p"": 0.95, ""stratum:prompt_id"": ""open_news_v1""}",316a72355d9e274bb0716da926e793ebbbfbbd921a11f41da896734680cd86bc,mauve_rank_kendall_sensitivity,0.6,__meta__,open_news_v1,6,59,complete,__meta__
__none__,evaluator_minilm__evaluator_mpnet,evaluator_minilm__evaluator_mpnet,"{""encoder_pair"": ""evaluator_minilm__evaluator_mpnet"", ""rank_entity_fields"": ""model_id"", ""rank_method"": ""kendall_tau_b"", ""stratum:factor:corpus"": ""amazon_reviews"", ""stratum:factor:temperature"": 0.3, ""stratum:factor:top_p"": 0.95, ""stratum:prompt_id"": ""open_news_v1""}",44f2f88423b0bd29852e57e63f021ddb78430f372dea26ffa3cea31f80523624,mauve_rank_kendall_sensitivity,0.4666666666666666,__meta__,open_news_v1,6,59,complete,__meta__
__none__,evaluator_minilm__evaluator_mpnet,evaluator_minilm__evaluator_mpnet,"{""encoder_pair"": ""evaluator_minilm__evaluator_mpnet"", ""rank_entity_fields"": ""model_id"", ""rank_method"": ""kendall_tau_b"", ""stratum:factor:corpus"": ""yahoo_answers"", ""stratum:factor:temperature"": 0.9, ""stratum:factor:top_p"": 0.95, ""stratum:prompt_id"": ""open_news_v1""}",cbed17c1670c9b1b24e3b1e5acdaee084363c28eb64f29ea914f60c2b13db0d1,mauve_rank_kendall_sensitivity,0.4666666666666666,__meta__,open_news_v1,6,59,complete,__meta__
__none__,evaluator_minilm__evaluator_mpnet,evaluator_minilm__evaluator_mpnet,"{""encoder_pair"": ""evaluator_minilm__evaluator_mpnet"", ""rank_entity_fields"": ""model_id"", ""rank_method"": ""kendall_tau_b"", ""stratum:factor:corpus"": ""yahoo_answers"", ""stratum:factor:temperature"": 0.3, ""stratum:factor:top_p"": 0.95, ""stratum:prompt_id"": ""open_news_v1""}",d5560ef8404122290dca2325e7d991517b1b75f237539f0dc117b8913df0c01e,mauve_rank_kendall_sensitivity,0.6,__meta__,open_news_v1,6,59,complete,__meta__
__none__,evaluator_minilm__evaluator_mpnet,evaluator_minilm__evaluator_mpnet,"{""encoder_pair"": ""evaluator_minilm__evaluator_mpnet"", ""rank_entity_fields"": ""model_id"", ""rank_method"": ""kendall_tau_b"", ""stratum:factor:corpus"": ""ag_news"", ""stratum:factor:temperature"": 0.9, ""stratum:factor:top_p"": 0.95, ""stratum:prompt_id"": ""open_news_v1""}",3b507fddb18cfd8dd031213de1c4abdce21e6bd030fc1ec4b948a57a0179b37d,mauve_rank_kendall_sensitivity,0.8666666666666666,__meta__,open_news_v1,6,59,complete,__meta__
__none__,evaluator_minilm__evaluator_mpnet,evaluator_minilm__evaluator_mpnet,"{""encoder_pair"": ""evaluator_minilm__evaluator_mpnet"", ""rank_entity_fields"": ""model_id"", ""rank_method"": ""kendall_tau_b"", ""stratum:factor:corpus"": ""imdb_reviews"", ""stratum:factor:temperature"": 0.9, ""stratum:factor:top_p"": 0.95, ""stratum:prompt_id"": ""open_news_v1""}",affadf1d61670533649e4c3b87ac140a15fe5ec93bbb3e1f28b4b2e749befa74,mauve_rank_kendall_sensitivity,0.4666666666666666,__meta__,open_news_v1,6,59,complete,__meta__
__none__,evaluator_minilm__evaluator_mpnet,evaluator_minilm__evaluator_mpnet,"{""encoder_pair"": ""evaluator_minilm__evaluator_mpnet"", ""rank_entity_fields"": ""model_id"", ""rank_method"": ""kendall_tau_b"", ""stratum:factor:corpus"": ""dbpedia"", ""stratum:factor:temperature"": 0.3, ""stratum:factor:top_p"": 0.8, ""stratum:prompt_id"": ""open_news_v1""}",dded7a8b4119235121fda94cf31f5e32b945f61ebf27819c74d6fa866d491520,mauve_rank_kendall_sensitivity,0.07161148740394328,__meta__,open_news_v1,6,59,complete,__meta__
__none__,evaluator_minilm__evaluator_mpnet,evaluator_minilm__evaluator_mpnet,"{""encoder_pair"": ""evaluator_minilm__evaluator_mpnet"", ""rank_entity_fields"": ""model_id"", ""rank_method"": ""kendall_tau_b"", ""stratum:factor:corpus"": ""imdb_reviews"", ""stratum:factor:temperature"": 0.3, ""stratum:factor:top_p"": 0.8, ""stratum:prompt_id"": ""open_news_v1""}",0e1c716db3ff6b09e467266df440d15bcd3589fc0ed629c1699952727db4c4fa,mauve_rank_kendall_sensitivity,0.7142857142857143,__meta__,open_news_v1,6,59,complete,__meta__
__none__,evaluator_minilm__evaluator_mpnet,evaluator_minilm__evaluator_mpnet,"{""encoder_pair"": ""evaluator_minilm__evaluator_mpnet"", ""rank_entity_fields"": ""model_id"", ""rank_method"": ""kendall_tau_b"", ""stratum:factor:corpus"": ""dbpedia"", ""stratum:factor:temperature"": 0.6, ""stratum:factor:top_p"": 0.8, ""stratum:prompt_id"": ""open_news_v1""}",2f42de8ce99af9fc43d3f3ec935e427abcd6936d66aa62012ebfcb90d42a987f,mauve_rank_kendall_sensitivity,0.6900655593423541,__meta__,open_news_v1,6,71,complete,__meta__
__none__,evaluator_minilm__evaluator_mpnet,evaluator_minilm__evaluator_mpnet,"{""encoder_pair"": ""evaluator_minilm__evaluator_mpnet"", ""rank_entity_fields"": ""model_id"", ""rank_method"": ""kendall_tau_b"", ""stratum:factor:corpus"": ""yahoo_answers"", ""stratum:factor:temperature"": 0.3, ""stratum:factor:top_p"": 0.8, ""stratum:prompt_id"": ""open_news_v1""}",fe3a2839e396fd939bb294ad5bc71da6d874ef671f44d63f26152b11897e4daa,mauve_rank_kendall_sensitivity,0.7412493166611013,__meta__,open_news_v1,6,71,complete,__meta__
__none__,evaluator_minilm__evaluator_mpnet,evaluator_minilm__evaluator_mpnet,"{""encoder_pair"": ""evaluator_minilm__evaluator_mpnet"", ""rank_entity_fields"": ""model_id"", ""rank_method"": ""kendall_tau_b"", ""stratum:factor:corpus"": ""yahoo_answers"", ""stratum:factor:temperature"": 0.6, ""stratum:factor:top_p"": 0.8, ""stratum:prompt_id"": ""open_news_v1""}",2f66dcc4ef90cd29bd639eff75c9903bfee6e7ea9058dc00ea2129b6d11c3a0f,mauve_rank_kendall_sensitivity,0.4666666666666666,__meta__,open_news_v1,6,71,complete,__meta__
__none__,evaluator_minilm__evaluator_mpnet,evaluator_minilm__evaluator_mpnet,"{""encoder_pair"": ""evaluator_minilm__evaluator_mpnet"", ""rank_entity_fields"": ""model_id"", ""rank_method"": ""kendall_tau_b"", ""stratum:factor:corpus"": ""yahoo_answers"", ""stratum:factor:temperature"": 0.9, ""stratum:factor:top_p"": 0.8, ""stratum:prompt_id"": ""open_news_v1""}",27ecd40c26955326034a58c9a4e20fd140632214b098a1c5751c81f21160cc0f,mauve_rank_kendall_sensitivity,0.9999999999999999,__meta__,open_news_v1,6,71,complete,__meta__
__none__,evaluator_minilm__evaluator_mpnet,evaluator_minilm__evaluator_mpnet,"{""encoder_pair"": ""evaluator_minilm__evaluator_mpnet"", ""rank_entity_fields"": ""model_id"", ""rank_method"": ""kendall_tau_b"", ""stratum:factor:corpus"": ""imdb_reviews"", ""stratum:factor:temperature"": 0.3, ""stratum:factor:top_p"": 0.95, ""stratum:prompt_id"": ""open_news_v1""}",9250d5a876bd7c93b7a840fbd79d0d4060d749025129157b3beddb1809825330,mauve_rank_kendall_sensitivity,0.7333333333333333,__meta__,open_news_v1,6,71,complete,__meta__
__none__,evaluator_minilm__evaluator_mpnet,evaluator_minilm__evaluator_mpnet,"{""encoder_pair"": ""evaluator_minilm__evaluator_mpnet"", ""rank_entity_fields"": ""model_id"", ""rank_method"": ""kendall_tau_b"", ""stratum:factor:corpus"": ""ag_news"", ""stratum:factor:temperature"": 0.3, ""stratum:factor:top_p"": 0.95, ""stratum:prompt_id"": ""open_news_v1""}",39222075fd793ecbb1c1e1c847752ee5ed46b71fb9cc0d53cb52e949ec935ea8,mauve_rank_kendall_sensitivity,0.8666666666666666,__meta__,open_news_v1,6,71,complete,__meta__
__none__,evaluator_minilm__evaluator_mpnet,evaluator_minilm__evaluator_mpnet,"{""encoder_pair"": ""evaluator_minilm__evaluator_mpnet"", ""rank_entity_fields"": ""model_id"", ""rank_method"": ""kendall_tau_b"", ""stratum:factor:corpus"": ""amazon_reviews"", ""stratum:factor:temperature"": 0.9, ""stratum:factor:top_p"": 0.95, ""stratum:prompt_id"": ""open_news_v1""}",d1e61983b0aabfbb0c260e3654a51a54cf48ce62ae13c9297bfc80897ec0e336,mauve_rank_kendall_sensitivity,0.8666666666666666,__meta__,open_news_v1,6,71,complete,__meta__
__none__,evaluator_minilm__evaluator_mpnet,evaluator_minilm__evaluator_mpnet,"{""encoder_pair"": ""evaluator_minilm__evaluator_mpnet"", ""rank_entity_fields"": ""model_id"", ""rank_method"": ""kendall_tau_b"", ""stratum:factor:corpus"": ""amazon_reviews"", ""stratum:factor:temperature"": 0.6, ""stratum:factor:top_p"": 0.8, ""stratum:prompt_id"": ""open_news_v1""}",70751471c41aed38a5eefeb4f286ba2ee1dae2ab0066699927419aff2a783e04,mauve_rank_kendall_sensitivity,0.8666666666666666,__meta__,open_news_v1,6,71,complete,__meta__
__none__,evaluator_minilm__evaluator_mpnet,evaluator_minilm__evaluator_mpnet,"{""encoder_pair"": ""evaluator_minilm__evaluator_mpnet"", ""rank_entity_fields"": ""model_id"", ""rank_method"": ""kendall_tau_b"", ""stratum:factor:corpus"": ""yahoo_answers"", ""stratum:factor:temperature"": 0.6, ""stratum:factor:top_p"": 0.95, ""stratum:prompt_id"": ""open_news_v1""}",0323e1b4d1e511479e220c3ae1596183052c582c2e353125fc853a235bd16c91,mauve_rank_kendall_sensitivity,0.4666666666666666,__meta__,open_news_v1,6,71,complete,__meta__
__none__,evaluator_minilm__evaluator_mpnet,evaluator_minilm__evaluator_mpnet,"{""encoder_pair"": ""evaluator_minilm__evaluator_mpnet"", ""rank_entity_fields"": ""model_id"", ""rank_method"": ""kendall_tau_b"", ""stratum:factor:corpus"": ""dbpedia"", ""stratum:factor:temperature"": 0.9, ""stratum:factor:top_p"": 0.8, ""stratum:prompt_id"": ""open_news_v1""}",89f5d19ab4e04aa7f46b049eae758b6e81996fe5e7cb85c7e30dab9efc967962,mauve_rank_kendall_sensitivity,0.8666666666666666,__meta__,open_news_v1,6,71,complete,__meta__
__none__,evaluator_minilm__evaluator_mpnet,evaluator_minilm__evaluator_mpnet,"{""encoder_pair"": ""evaluator_minilm__evaluator_mpnet"", ""rank_entity_fields"": ""model_id"", ""rank_method"": ""kendall_tau_b"", ""stratum:factor:corpus"": ""imdb_reviews"", ""stratum:factor:temperature"": 0.6, ""stratum:factor:top_p"": 0.95, ""stratum:prompt_id"": ""open_news_v1""}",2148651dd0a3c51d01f4c754ff035daf3f0a1c4683b092f63442073bcbb1c833,mauve_rank_kendall_sensitivity,0.4666666666666666,__meta__,open_news_v1,6,71,complete,__meta__
__none__,evaluator_minilm__evaluator_mpnet,evaluator_minilm__evaluator_mpnet,"{""encoder_pair"": ""evaluator_minilm__evaluator_mpnet"", ""rank_entity_fields"": ""model_id"", ""rank_method"": ""kendall_tau_b"", ""stratum:factor:corpus"": ""amazon_reviews"", ""stratum:factor:temperature"": 0.6, ""stratum:factor:top_p"": 0.95, ""stratum:prompt_id"": ""open_news_v1""}",cdfb4059eeff9680be6d9642e96503079ab87b7945c986145e59dca785b72454,mauve_rank_kendall_sensitivity,0.4666666666666666,__meta__,open_news_v1,6,71,complete,__meta__
__none__,evaluator_minilm__evaluator_mpnet,evaluator_minilm__evaluator_mpnet,"{""encoder_pair"": ""evaluator_minilm__evaluator_mpnet"", ""rank_entity_fields"": ""model_id"", ""rank_method"": ""kendall_tau_b"", ""stratum:factor:corpus"": ""dbpedia"", ""stratum:factor:temperature"": 0.9, ""stratum:factor:top_p"": 0.95, ""stratum:prompt_id"": ""open_news_v1""}",ce4f81c00fdf4141c07cad6c9d2fb73af098ad9d096622829cf523d3b3623232,mauve_rank_kendall_sensitivity,0.4666666666666666,__meta__,open_news_v1,6,71,complete,__meta__
__none__,evaluator_minilm__evaluator_mpnet,evaluator_minilm__evaluator_mpnet,"{""encoder_pair"": ""evaluator_minilm__evaluator_mpnet"", ""rank_entity_fields"": ""model_id"", ""rank_method"": ""kendall_tau_b"", ""stratum:factor:corpus"": ""ag_news"", ""stratum:factor:temperature"": 0.3, ""stratum:factor:top_p"": 0.8, ""stratum:prompt_id"": ""open_news_v1""}",67f9b66742e4738b2b347b8c7a366d840835c451da7d0f9e782a60d901d250ab,mauve_rank_kendall_sensitivity,0.9999999999999999,__meta__,open_news_v1,6,71,complete,__meta__
__none__,evaluator_minilm__evaluator_mpnet,evaluator_minilm__evaluator_mpnet,"{""encoder_pair"": ""evaluator_minilm__evaluator_mpnet"", ""rank_entity_fields"": ""model_id"", ""rank_method"": ""kendall_tau_b"", ""stratum:factor:corpus"": ""dbpedia"", ""stratum:factor:temperature"": 0.6, ""stratum:factor:top_p"": 0.95, ""stratum:prompt_id"": ""open_news_v1""}",660dc164c46f513441c764037569cf4818ae710e0284d51a48007790045c9b8d,mauve_rank_kendall_sensitivity,0.6,__meta__,open_news_v1,6,71,complete,__meta__
__none__,evaluator_minilm__evaluator_mpnet,evaluator_minilm__evaluator_mpnet,"{""encoder_pair"": ""evaluator_minilm__evaluator_mpnet"", ""rank_entity_fields"": ""model_id"", ""rank_method"": ""kendall_tau_b"", ""stratum:factor:corpus"": ""amazon_reviews"", ""stratum:factor:temperature"": 0.3, ""stratum:factor:top_p"": 0.8, ""stratum:prompt_id"": ""open_news_v1""}",4e97d655e0d34f38fa3cfd37b7c981b1622357d0fb8a935b71ed8d1ff1e30b13,mauve_rank_kendall_sensitivity,0.6445033866354897,__meta__,open_news_v1,6,71,complete,__meta__
__none__,evaluator_minilm__evaluator_mpnet,evaluator_minilm__evaluator_mpnet,"{""encoder_pair"": ""evaluator_minilm__evaluator_mpnet"", ""rank_entity_fields"": ""model_id"", ""rank_method"": ""kendall_tau_b"", ""stratum:factor:corpus"": ""ag_news"", ""stratum:factor:temperature"": 0.6, ""stratum:factor:top_p"": 0.8, ""stratum:prompt_id"": ""open_news_v1""}",46f48d22becdace60c7e58ae88bdd6e382ac7d5cc77f9df3c7cd70612af84088,mauve_rank_kendall_sensitivity,0.4666666666666666,__meta__,open_news_v1,6,71,complete,__meta__
__none__,evaluator_minilm__evaluator_mpnet,evaluator_minilm__evaluator_mpnet,"{""encoder_pair"": ""evaluator_minilm__evaluator_mpnet"", ""rank_entity_fields"": ""model_id"", ""rank_method"": ""kendall_tau_b"", ""stratum:factor:corpus"": ""imdb_reviews"", ""stratum:factor:temperature"": 0.6, ""stratum:factor:top_p"": 0.8, ""stratum:prompt_id"": ""open_news_v1""}",39d01e632a9a6c9985efb5737868e11004e58b9e5d668391f3f6e9d18aa1d3d7,mauve_rank_kendall_sensitivity,0.2,__meta__,open_news_v1,6,71,complete,__meta__
__none__,evaluator_minilm__evaluator_mpnet,evaluator_minilm__evaluator_mpnet,"{""encoder_pair"": ""evaluator_minilm__evaluator_mpnet"", ""rank_entity_fields"": ""model_id"", ""rank_method"": ""kendall_tau_b"", ""stratum:factor:corpus"": ""amazon_reviews"", ""stratum:factor:temperature"": 0.9, ""stratum:factor:top_p"": 0.8, ""stratum:prompt_id"": ""open_news_v1""}",b1ef3dbfb15ed571c631740449467cc57082dd1ac3e0ed5750592818477f66db,mauve_rank_kendall_sensitivity,0.7333333333333333,__meta__,open_news_v1,6,71,complete,__meta__
__none__,evaluator_minilm__evaluator_mpnet,evaluator_minilm__evaluator_mpnet,"{""encoder_pair"": ""evaluator_minilm__evaluator_mpnet"", ""rank_entity_fields"": ""model_id"", ""rank_method"": ""kendall_tau_b"", ""stratum:factor:corpus"": ""imdb_reviews"", ""stratum:factor:temperature"": 0.9, ""stratum:factor:top_p"": 0.8, ""stratum:prompt_id"": ""open_news_v1""}",f09d5e83576b0c4cd3cf1626128eb9a228e3dee0777a7b64cb86f4124cff5338,mauve_rank_kendall_sensitivity,0.3333333333333333,__meta__,open_news_v1,6,71,complete,__meta__
__none__,evaluator_minilm__evaluator_mpnet,evaluator_minilm__evaluator_mpnet,"{""encoder_pair"": ""evaluator_minilm__evaluator_mpnet"", ""rank_entity_fields"": ""model_id"", ""rank_method"": ""kendall_tau_b"", ""stratum:factor:corpus"": ""ag_news"", ""stratum:factor:temperature"": 0.6, ""stratum:factor:top_p"": 0.95, ""stratum:prompt_id"": ""open_news_v1""}",cf1b29b80da191aba4ccbbeebcb1aa3b5078d93884562a77a8afadc789487fb5,mauve_rank_kendall_sensitivity,0.8666666666666666,__meta__,open_news_v1,6,71,complete,__meta__
__none__,evaluator_minilm__evaluator_mpnet,evaluator_minilm__evaluator_mpnet,"{""encoder_pair"": ""evaluator_minilm__evaluator_mpnet"", ""rank_entity_fields"": ""model_id"", ""rank_method"": ""kendall_tau_b"", ""stratum:factor:corpus"": ""ag_news"", ""stratum:factor:temperature"": 0.9, ""stratum:factor:top_p"": 0.8, ""stratum:prompt_id"": ""open_news_v1""}",490db9c78eccddac8b168dca01a80b37b7a7eda6b6e3705218990355bafddb0e,mauve_rank_kendall_sensitivity,0.6,__meta__,open_news_v1,6,71,complete,__meta__
__none__,evaluator_minilm__evaluator_mpnet,evaluator_minilm__evaluator_mpnet,"{""encoder_pair"": ""evaluator_minilm__evaluator_mpnet"", ""rank_entity_fields"": ""model_id"", ""rank_method"": ""kendall_tau_b"", ""stratum:factor:corpus"": ""dbpedia"", ""stratum:factor:temperature"": 0.3, ""stratum:factor:top_p"": 0.95, ""stratum:prompt_id"": ""open_news_v1""}",f843092d0774defcb139416eb7646b39463acbadd3c4c20e3fe19f44ac99c91c,mauve_rank_kendall_sensitivity,-0.06666666666666665,__meta__,open_news_v1,6,71,complete,__meta__
__none__,evaluator_minilm__evaluator_mpnet,evaluator_minilm__evaluator_mpnet,"{""encoder_pair"": ""evaluator_minilm__evaluator_mpnet"", ""rank_entity_fields"": ""model_id"", ""rank_method"": ""kendall_tau_b"", ""stratum:factor:corpus"": ""amazon_reviews"", ""stratum:factor:temperature"": 0.3, ""stratum:factor:top_p"": 0.95, ""stratum:prompt_id"": ""open_news_v1""}",d00d862693d813bdcb96f6c7336de55ea1818c3532d88e3214e72cabecf6b981,mauve_rank_kendall_sensitivity,0.41403933560541256,__meta__,open_news_v1,6,71,complete,__meta__
__none__,evaluator_minilm__evaluator_mpnet,evaluator_minilm__evaluator_mpnet,"{""encoder_pair"": ""evaluator_minilm__evaluator_mpnet"", ""rank_entity_fields"": ""model_id"", ""rank_method"": ""kendall_tau_b"", ""stratum:factor:corpus"": ""yahoo_answers"", ""stratum:factor:temperature"": 0.9, ""stratum:factor:top_p"": 0.95, ""stratum:prompt_id"": ""open_news_v1""}",5ac1c060932625bb93f544320ed11a9fadd4087a48a6576401619fb261c5d7d7,mauve_rank_kendall_sensitivity,0.9999999999999999,__meta__,open_news_v1,6,71,complete,__meta__
__none__,evaluator_minilm__evaluator_mpnet,evaluator_minilm__evaluator_mpnet,"{""encoder_pair"": ""evaluator_minilm__evaluator_mpnet"", ""rank_entity_fields"": ""model_id"", ""rank_method"": ""kendall_tau_b"", ""stratum:factor:corpus"": ""yahoo_answers"", ""stratum:factor:temperature"": 0.3, ""stratum:factor:top_p"": 0.95, ""stratum:prompt_id"": ""open_news_v1""}",84993872498c9abce2fd668871187bfee7b59768c4996486fd09851c942a7d65,mauve_rank_kendall_sensitivity,0.8280786712108251,__meta__,open_news_v1,6,71,complete,__meta__
__none__,evaluator_minilm__evaluator_mpnet,evaluator_minilm__evaluator_mpnet,"{""encoder_pair"": ""evaluator_minilm__evaluator_mpnet"", ""rank_entity_fields"": ""model_id"", ""rank_method"": ""kendall_tau_b"", ""stratum:factor:corpus"": ""ag_news"", ""stratum:factor:temperature"": 0.9, ""stratum:factor:top_p"": 0.95, ""stratum:prompt_id"": ""open_news_v1""}",f6e4f2e4c20be7ee4891634d2faedb552ca58499b3bbcffe15290406d7592a42,mauve_rank_kendall_sensitivity,0.9999999999999999,__meta__,open_news_v1,6,71,complete,__meta__
__none__,evaluator_minilm__evaluator_mpnet,evaluator_minilm__evaluator_mpnet,"{""encoder_pair"": ""evaluator_minilm__evaluator_mpnet"", ""rank_entity_fields"": ""model_id"", ""rank_method"": ""kendall_tau_b"", ""stratum:factor:corpus"": ""imdb_reviews"", ""stratum:factor:temperature"": 0.9, ""stratum:factor:top_p"": 0.95, ""stratum:prompt_id"": ""open_news_v1""}",83ae889425665b9c07d3c84c3c20b09267f7d1994626f96861cb14e0a603e0c1,mauve_rank_kendall_sensitivity,-0.3333333333333333,__meta__,open_news_v1,6,71,complete,__meta__
__none__,evaluator_minilm__evaluator_mpnet,evaluator_minilm__evaluator_mpnet,"{""encoder_pair"": ""evaluator_minilm__evaluator_mpnet"", ""rank_entity_fields"": ""model_id"", ""rank_method"": ""kendall_tau_b"", ""stratum:factor:corpus"": ""dbpedia"", ""stratum:factor:temperature"": 0.3, ""stratum:factor:top_p"": 0.8, ""stratum:prompt_id"": ""open_news_v1""}",b34197571ae8769d1bc547749b0633d053ca80f31c7105264a134a678ba84e02,mauve_rank_kendall_sensitivity,0.3563483225498992,__meta__,open_news_v1,6,71,complete,__meta__
__none__,evaluator_minilm__evaluator_mpnet,evaluator_minilm__evaluator_mpnet,"{""encoder_pair"": ""evaluator_minilm__evaluator_mpnet"", ""rank_entity_fields"": ""model_id"", ""rank_method"": ""kendall_tau_b"", ""stratum:factor:corpus"": ""imdb_reviews"", ""stratum:factor:temperature"": 0.3, ""stratum:factor:top_p"": 0.8, ""stratum:prompt_id"": ""open_news_v1""}",e09a8fb11805f57019853f2da9cb5c211cec4c623e148cbd24b2b94bbfdd7d92,mauve_rank_kendall_sensitivity,0.9258200997725515,__meta__,open_news_v1,6,71,complete,__meta__
__none__,evaluator_minilm__evaluator_mpnet,evaluator_minilm__evaluator_mpnet,"{""encoder_pair"": ""evaluator_minilm__evaluator_mpnet"", ""rank_entity_fields"": ""model_id"", ""rank_method"": ""kendall_tau_b"", ""stratum:factor:corpus"": ""dbpedia"", ""stratum:factor:temperature"": 0.6, ""stratum:factor:top_p"": 0.8, ""stratum:prompt_id"": ""open_news_v1""}",5c506c28efa1714fb76321d46ae534858e8abf0d9999f9a3444fdbba9de21961,mauve_rank_kendall_sensitivity,0.7333333333333333,__meta__,open_news_v1,6,83,complete,__meta__
__none__,evaluator_minilm__evaluator_mpnet,evaluator_minilm__evaluator_mpnet,"{""encoder_pair"": ""evaluator_minilm__evaluator_mpnet"", ""rank_entity_fields"": ""model_id"", ""rank_method"": ""kendall_tau_b"", ""stratum:factor:corpus"": ""yahoo_answers"", ""stratum:factor:temperature"": 0.3, ""stratum:factor:top_p"": 0.8, ""stratum:prompt_id"": ""open_news_v1""}",f5ee7a14ba3c30fcbc91ecfab1a7c0d71aa1d5fd0688f16232987d84b87e8aee,mauve_rank_kendall_sensitivity,0.16724840200141816,__meta__,open_news_v1,6,83,complete,__meta__
__none__,evaluator_minilm__evaluator_mpnet,evaluator_minilm__evaluator_mpnet,"{""encoder_pair"": ""evaluator_minilm__evaluator_mpnet"", ""rank_entity_fields"": ""model_id"", ""rank_method"": ""kendall_tau_b"", ""stratum:factor:corpus"": ""yahoo_answers"", ""stratum:factor:temperature"": 0.6, ""stratum:factor:top_p"": 0.8, ""stratum:prompt_id"": ""open_news_v1""}",a20649ec7ac07c72561fa0c8bc90f93df70907627482f4e5cc90e146fe2c0806,mauve_rank_kendall_sensitivity,0.8666666666666666,__meta__,open_news_v1,6,83,complete,__meta__
__none__,evaluator_minilm__evaluator_mpnet,evaluator_minilm__evaluator_mpnet,"{""encoder_pair"": ""evaluator_minilm__evaluator_mpnet"", ""rank_entity_fields"": ""model_id"", ""rank_method"": ""kendall_tau_b"", ""stratum:factor:corpus"": ""yahoo_answers"", ""stratum:factor:temperature"": 0.9, ""stratum:factor:top_p"": 0.8, ""stratum:prompt_id"": ""open_news_v1""}",fa6e1fc332155628bb15be9532f129f325f6c449a75fc2499f0da3ad08bf68f0,mauve_rank_kendall_sensitivity,0.8666666666666666,__meta__,open_news_v1,6,83,complete,__meta__
__none__,evaluator_minilm__evaluator_mpnet,evaluator_minilm__evaluator_mpnet,"{""encoder_pair"": ""evaluator_minilm__evaluator_mpnet"", ""rank_entity_fields"": ""model_id"", ""rank_method"": ""kendall_tau_b"", ""stratum:factor:corpus"": ""imdb_reviews"", ""stratum:factor:temperature"": 0.3, ""stratum:factor:top_p"": 0.95, ""stratum:prompt_id"": ""open_news_v1""}",11b7bd2464a8f449383b8d4ae19ff66073bc1c1e6b604fb5e1e0a25b3add31c0,mauve_rank_kendall_sensitivity,0.3333333333333333,__meta__,open_news_v1,6,83,complete,__meta__
__none__,evaluator_minilm__evaluator_mpnet,evaluator_minilm__evaluator_mpnet,"{""encoder_pair"": ""evaluator_minilm__evaluator_mpnet"", ""rank_entity_fields"": ""model_id"", ""rank_method"": ""kendall_tau_b"", ""stratum:factor:corpus"": ""ag_news"", ""stratum:factor:temperature"": 0.3, ""stratum:factor:top_p"": 0.95, ""stratum:prompt_id"": ""open_news_v1""}",a3297c74278f0defc7e91dbe73043e32127f70f8a0633d8aecc9ef7327cc0ade,mauve_rank_kendall_sensitivity,0.8666666666666666,__meta__,open_news_v1,6,83,complete,__meta__
__none__,evaluator_minilm__evaluator_mpnet,evaluator_minilm__evaluator_mpnet,"{""encoder_pair"": ""evaluator_minilm__evaluator_mpnet"", ""rank_entity_fields"": ""model_id"", ""rank_method"": ""kendall_tau_b"", ""stratum:factor:corpus"": ""amazon_reviews"", ""stratum:factor:temperature"": 0.9, ""stratum:factor:top_p"": 0.95, ""stratum:prompt_id"": ""open_news_v1""}",5f097f840867a3f3e604e1066ff8664ea832fad4487447186dffbdaf6c31683f,mauve_rank_kendall_sensitivity,0.8666666666666666,__meta__,open_news_v1,6,83,complete,__meta__
__none__,evaluator_minilm__evaluator_mpnet,evaluator_minilm__evaluator_mpnet,"{""encoder_pair"": ""evaluator_minilm__evaluator_mpnet"", ""rank_entity_fields"": ""model_id"", ""rank_method"": ""kendall_tau_b"", ""stratum:factor:corpus"": ""amazon_reviews"", ""stratum:factor:temperature"": 0.6, ""stratum:factor:top_p"": 0.8, ""stratum:prompt_id"": ""open_news_v1""}",efd151ed030eabe1603cda56018ef23b90f8b6aa6a2cc2166191a78b1faf2254,mauve_rank_kendall_sensitivity,0.06666666666666665,__meta__,open_news_v1,6,83,complete,__meta__
__none__,evaluator_minilm__evaluator_mpnet,evaluator_minilm__evaluator_mpnet,"{""encoder_pair"": ""evaluator_minilm__evaluator_mpnet"", ""rank_entity_fields"": ""model_id"", ""rank_method"": ""kendall_tau_b"", ""stratum:factor:corpus"": ""yahoo_answers"", ""stratum:factor:temperature"": 0.6, ""stratum:factor:top_p"": 0.95, ""stratum:prompt_id"": ""open_news_v1""}",e84e1bc70b6a416b0b6f3115a92303dcc7b8bfc783d3722d1c8b73e80df21b49,mauve_rank_kendall_sensitivity,0.7333333333333333,__meta__,open_news_v1,6,83,complete,__meta__
__none__,evaluator_minilm__evaluator_mpnet,evaluator_minilm__evaluator_mpnet,"{""encoder_pair"": ""evaluator_minilm__evaluator_mpnet"", ""rank_entity_fields"": ""model_id"", ""rank_method"": ""kendall_tau_b"", ""stratum:factor:corpus"": ""dbpedia"", ""stratum:factor:temperature"": 0.9, ""stratum:factor:top_p"": 0.8, ""stratum:prompt_id"": ""open_news_v1""}",e76006ddc89b93e133ca7c3e0246c936c1420f232a0151957040a16eb00460a1,mauve_rank_kendall_sensitivity,0.06666666666666665,__meta__,open_news_v1,6,83,complete,__meta__
__none__,evaluator_minilm__evaluator_mpnet,evaluator_minilm__evaluator_mpnet,"{""encoder_pair"": ""evaluator_minilm__evaluator_mpnet"", ""rank_entity_fields"": ""model_id"", ""rank_method"": ""kendall_tau_b"", ""stratum:factor:corpus"": ""imdb_reviews"", ""stratum:factor:temperature"": 0.6, ""stratum:factor:top_p"": 0.95, ""stratum:prompt_id"": ""open_news_v1""}",a91058c41fd2b243970ecfcee769672dc4863054b8af9636e461877c4245a7e8,mauve_rank_kendall_sensitivity,0.2,__meta__,open_news_v1,6,83,complete,__meta__
__none__,evaluator_minilm__evaluator_mpnet,evaluator_minilm__evaluator_mpnet,"{""encoder_pair"": ""evaluator_minilm__evaluator_mpnet"", ""rank_entity_fields"": ""model_id"", ""rank_method"": ""kendall_tau_b"", ""stratum:factor:corpus"": ""amazon_reviews"", ""stratum:factor:temperature"": 0.6, ""stratum:factor:top_p"": 0.95, ""stratum:prompt_id"": ""open_news_v1""}",4b18cc5cc40b69286ae31f5c2e9ddb89d6f7d0a0bd45f8980c402a68ccf36483,mauve_rank_kendall_sensitivity,0.7333333333333333,__meta__,open_news_v1,6,83,complete,__meta__
__none__,evaluator_minilm__evaluator_mpnet,evaluator_minilm__evaluator_mpnet,"{""encoder_pair"": ""evaluator_minilm__evaluator_mpnet"", ""rank_entity_fields"": ""model_id"", ""rank_method"": ""kendall_tau_b"", ""stratum:factor:corpus"": ""dbpedia"", ""stratum:factor:temperature"": 0.9, ""stratum:factor:top_p"": 0.95, ""stratum:prompt_id"": ""open_news_v1""}",cdb29055cbf57ea24b12a9eefd285025464d70413997bdc614fab2a7257ef611,mauve_rank_kendall_sensitivity,0.6,__meta__,open_news_v1,6,83,complete,__meta__
__none__,evaluator_minilm__evaluator_mpnet,evaluator_minilm__evaluator_mpnet,"{""encoder_pair"": ""evaluator_minilm__evaluator_mpnet"", ""rank_entity_fields"": ""model_id"", ""rank_method"": ""kendall_tau_b"", ""stratum:factor:corpus"": ""ag_news"", ""stratum:factor:temperature"": 0.3, ""stratum:factor:top_p"": 0.8, ""stratum:prompt_id"": ""open_news_v1""}",8797caf227c04cf3cb70fffe5cbe0f1a6b660a7ae83be2c3f52e5433899969b2,mauve_rank_kendall_sensitivity,0.6,__meta__,open_news_v1,6,83,complete,__meta__
__none__,evaluator_minilm__evaluator_mpnet,evaluator_minilm__evaluator_mpnet,"{""encoder_pair"": ""evaluator_minilm__evaluator_mpnet"", ""rank_entity_fields"": ""model_id"", ""rank_method"": ""kendall_tau_b"", ""stratum:factor:corpus"": ""dbpedia"", ""stratum:factor:temperature"": 0.6, ""stratum:factor:top_p"": 0.95, ""stratum:prompt_id"": ""open_news_v1""}",6916c3e57c177824e89a1e2f50be7e84928eff5d3fd58370dbaea690ee1ff355,mauve_rank_kendall_sensitivity,0.7333333333333333,__meta__,open_news_v1,6,83,complete,__meta__
__none__,evaluator_minilm__evaluator_mpnet,evaluator_minilm__evaluator_mpnet,"{""encoder_pair"": ""evaluator_minilm__evaluator_mpnet"", ""rank_entity_fields"": ""model_id"", ""rank_method"": ""kendall_tau_b"", ""stratum:factor:corpus"": ""amazon_reviews"", ""stratum:factor:temperature"": 0.3, ""stratum:factor:top_p"": 0.8, ""stratum:prompt_id"": ""open_news_v1""}",064d05edaad2d093f49e57262f3ad5bf722cb736f6f814a03930aa245e140f33,mauve_rank_kendall_sensitivity,0.9309493362512627,__meta__,open_news_v1,6,83,complete,__meta__
__none__,evaluator_minilm__evaluator_mpnet,evaluator_minilm__evaluator_mpnet,"{""encoder_pair"": ""evaluator_minilm__evaluator_mpnet"", ""rank_entity_fields"": ""model_id"", ""rank_method"": ""kendall_tau_b"", ""stratum:factor:corpus"": ""ag_news"", ""stratum:factor:temperature"": 0.6, ""stratum:factor:top_p"": 0.8, ""stratum:prompt_id"": ""open_news_v1""}",abaea36d133978fe79effcf65df7fc72741cf1db012341bf71dcdf5da9022fc4,mauve_rank_kendall_sensitivity,0.7333333333333333,__meta__,open_news_v1,6,83,complete,__meta__
__none__,evaluator_minilm__evaluator_mpnet,evaluator_minilm__evaluator_mpnet,"{""encoder_pair"": ""evaluator_minilm__evaluator_mpnet"", ""rank_entity_fields"": ""model_id"", ""rank_method"": ""kendall_tau_b"", ""stratum:factor:corpus"": ""imdb_reviews"", ""stratum:factor:temperature"": 0.6, ""stratum:factor:top_p"": 0.8, ""stratum:prompt_id"": ""open_news_v1""}",8bf1c942c4804c3df176dc13dc7828bc6cc2da216bb7a4707f5302c69eed3253,mauve_rank_kendall_sensitivity,0.9999999999999999,__meta__,open_news_v1,6,83,complete,__meta__
__none__,evaluator_minilm__evaluator_mpnet,evaluator_minilm__evaluator_mpnet,"{""encoder_pair"": ""evaluator_minilm__evaluator_mpnet"", ""rank_entity_fields"": ""model_id"", ""rank_method"": ""kendall_tau_b"", ""stratum:factor:corpus"": ""amazon_reviews"", ""stratum:factor:temperature"": 0.9, ""stratum:factor:top_p"": 0.8, ""stratum:prompt_id"": ""open_news_v1""}",8597f8b102a7e98156a0769b51bb95f4997a7361324264e7ef382ec3e35deafd,mauve_rank_kendall_sensitivity,0.3333333333333333,__meta__,open_news_v1,6,83,complete,__meta__
__none__,evaluator_minilm__evaluator_mpnet,evaluator_minilm__evaluator_mpnet,"{""encoder_pair"": ""evaluator_minilm__evaluator_mpnet"", ""rank_entity_fields"": ""model_id"", ""rank_method"": ""kendall_tau_b"", ""stratum:factor:corpus"": ""imdb_reviews"", ""stratum:factor:temperature"": 0.9, ""stratum:factor:top_p"": 0.8, ""stratum:prompt_id"": ""open_news_v1""}",c1617d36c0a0b055cc8a4e37f13dace08ac6358e9ffd05b27b5e7ef51c3d2853,mauve_rank_kendall_sensitivity,0.6,__meta__,open_news_v1,6,83,complete,__meta__
__none__,evaluator_minilm__evaluator_mpnet,evaluator_minilm__evaluator_mpnet,"{""encoder_pair"": ""evaluator_minilm__evaluator_mpnet"", ""rank_entity_fields"": ""model_id"", ""rank_method"": ""kendall_tau_b"", ""stratum:factor:corpus"": ""ag_news"", ""stratum:factor:temperature"": 0.6, ""stratum:factor:top_p"": 0.95, ""stratum:prompt_id"": ""open_news_v1""}",d4f3dee98c3db8474d742804f55247b57bc10420f4a1a9156ce8db05eb9b30b2,mauve_rank_kendall_sensitivity,0.7333333333333333,__meta__,open_news_v1,6,83,complete,__meta__
__none__,evaluator_minilm__evaluator_mpnet,evaluator_minilm__evaluator_mpnet,"{""encoder_pair"": ""evaluator_minilm__evaluator_mpnet"", ""rank_entity_fields"": ""model_id"", ""rank_method"": ""kendall_tau_b"", ""stratum:factor:corpus"": ""ag_news"", ""stratum:factor:temperature"": 0.9, ""stratum:factor:top_p"": 0.8, ""stratum:prompt_id"": ""open_news_v1""}",cf1132492ce4461812a4575c2b7c4991a7883514e539d9bd0f076cc85bd76e1f,mauve_rank_kendall_sensitivity,0.7333333333333333,__meta__,open_news_v1,6,83,complete,__meta__
__none__,evaluator_minilm__evaluator_mpnet,evaluator_minilm__evaluator_mpnet,"{""encoder_pair"": ""evaluator_minilm__evaluator_mpnet"", ""rank_entity_fields"": ""model_id"", ""rank_method"": ""kendall_tau_b"", ""stratum:factor:corpus"": ""dbpedia"", ""stratum:factor:temperature"": 0.3, ""stratum:factor:top_p"": 0.95, ""stratum:prompt_id"": ""open_news_v1""}",f29f9a11d8687368eb172718a6b2b1cb19896ebe64805c952cc5e4603c7830e9,mauve_rank_kendall_sensitivity,0.6,__meta__,open_news_v1,6,83,complete,__meta__
__none__,evaluator_minilm__evaluator_mpnet,evaluator_minilm__evaluator_mpnet,"{""encoder_pair"": ""evaluator_minilm__evaluator_mpnet"", ""rank_entity_fields"": ""model_id"", ""rank_method"": ""kendall_tau_b"", ""stratum:factor:corpus"": ""amazon_reviews"", ""stratum:factor:temperature"": 0.3, ""stratum:factor:top_p"": 0.95, ""stratum:prompt_id"": ""open_news_v1""}",f0c936a66c6723eb1a3ac0e8f5a9b3bc9ec1e67b3a59fe79864bbe1d50acb112,mauve_rank_kendall_sensitivity,0.3333333333333333,__meta__,open_news_v1,6,83,complete,__meta__
__none__,evaluator_minilm__evaluator_mpnet,evaluator_minilm__evaluator_mpnet,"{""encoder_pair"": ""evaluator_minilm__evaluator_mpnet"", ""rank_entity_fields"": ""model_id"", ""rank_method"": ""kendall_tau_b"", ""stratum:factor:corpus"": ""yahoo_answers"", ""stratum:factor:temperature"": 0.9, ""stratum:factor:top_p"": 0.95, ""stratum:prompt_id"": ""open_news_v1""}",7a2cb0bd27fdd9339f5ed2206d9af9f295c8d48821a9cb0fc5a80d05ff3ee5a8,mauve_rank_kendall_sensitivity,0.8666666666666666,__meta__,open_news_v1,6,83,complete,__meta__
__none__,evaluator_minilm__evaluator_mpnet,evaluator_minilm__evaluator_mpnet,"{""encoder_pair"": ""evaluator_minilm__evaluator_mpnet"", ""rank_entity_fields"": ""model_id"", ""rank_method"": ""kendall_tau_b"", ""stratum:factor:corpus"": ""yahoo_answers"", ""stratum:factor:temperature"": 0.3, ""stratum:factor:top_p"": 0.95, ""stratum:prompt_id"": ""open_news_v1""}",3dbc24bbfc8e4e62197d219026bc7a862a15a43d873cfaf7224d5be9fc35191b,mauve_rank_kendall_sensitivity,0.9660917830792959,__meta__,open_news_v1,6,83,complete,__meta__
__none__,evaluator_minilm__evaluator_mpnet,evaluator_minilm__evaluator_mpnet,"{""encoder_pair"": ""evaluator_minilm__evaluator_mpnet"", ""rank_entity_fields"": ""model_id"", ""rank_method"": ""kendall_tau_b"", ""stratum:factor:corpus"": ""ag_news"", ""stratum:factor:temperature"": 0.9, ""stratum:factor:top_p"": 0.95, ""stratum:prompt_id"": ""open_news_v1""}",6b7b261f99eb6dd8b60c33a171f69620e330f056881b9052308234ad57dd2dc1,mauve_rank_kendall_sensitivity,0.8666666666666666,__meta__,open_news_v1,6,83,complete,__meta__
__none__,evaluator_minilm__evaluator_mpnet,evaluator_minilm__evaluator_mpnet,"{""encoder_pair"": ""evaluator_minilm__evaluator_mpnet"", ""rank_entity_fields"": ""model_id"", ""rank_method"": ""kendall_tau_b"", ""stratum:factor:corpus"": ""imdb_reviews"", ""stratum:factor:temperature"": 0.9, ""stratum:factor:top_p"": 0.95, ""stratum:prompt_id"": ""open_news_v1""}",b5debe896bab03d9f6c8b476121b59c7b8e3c48290a422c6e0968362b7db3d56,mauve_rank_kendall_sensitivity,0.4666666666666666,__meta__,open_news_v1,6,83,complete,__meta__
__none__,evaluator_minilm__evaluator_mpnet,evaluator_minilm__evaluator_mpnet,"{""encoder_pair"": ""evaluator_minilm__evaluator_mpnet"", ""rank_entity_fields"": ""model_id"", ""rank_method"": ""kendall_tau_b"", ""stratum:factor:corpus"": ""dbpedia"", ""stratum:factor:temperature"": 0.3, ""stratum:factor:top_p"": 0.8, ""stratum:prompt_id"": ""open_news_v1""}",62b27eaddc80f07d6f04f2903b250d819e7ba72c701f067a7b6e16157904cace,mauve_rank_kendall_sensitivity,-0.2886751345948129,__meta__,open_news_v1,6,83,complete,__meta__
__none__,evaluator_minilm__evaluator_mpnet,evaluator_minilm__evaluator_mpnet,"{""encoder_pair"": ""evaluator_minilm__evaluator_mpnet"", ""rank_entity_fields"": ""model_id"", ""rank_method"": ""kendall_tau_b"", ""stratum:factor:corpus"": ""imdb_reviews"", ""stratum:factor:temperature"": 0.3, ""stratum:factor:top_p"": 0.8, ""stratum:prompt_id"": ""open_news_v1""}",bacb0b2d13f585564bb734773295b1d6b69dbec18ab367f8686f776d1d9ba054,mauve_rank_kendall_sensitivity,0.8333333333333335,__meta__,open_news_v1,6,83,complete,__meta__
__none__,evaluator_minilm__evaluator_mpnet,evaluator_minilm__evaluator_mpnet,"{""encoder_pair"": ""evaluator_minilm__evaluator_mpnet"", ""rank_entity_fields"": ""model_id"", ""rank_method"": ""kendall_tau_b"", ""stratum:factor:corpus"": ""dbpedia"", ""stratum:factor:temperature"": 0.6, ""stratum:factor:top_p"": 0.8, ""stratum:prompt_id"": ""open_news_v1""}",d6f350086f718f27b9ed4a757a5d570a6de8dc1377661b3cb30b6ccc750052b1,mauve_rank_kendall_sensitivity,0.8666666666666666,__meta__,open_news_v1,6,97,complete,__meta__
__none__,evaluator_minilm__evaluator_mpnet,evaluator_minilm__evaluator_mpnet,"{""encoder_pair"": ""evaluator_minilm__evaluator_mpnet"", ""rank_entity_fields"": ""model_id"", ""rank_method"": ""kendall_tau_b"", ""stratum:factor:corpus"": ""yahoo_answers"", ""stratum:factor:temperature"": 0.3, ""stratum:factor:top_p"": 0.8, ""stratum:prompt_id"": ""open_news_v1""}",9a12ec2700083a4eaf033b2005c33f3796f0ac720eca8d6e287245acce4bb5b1,mauve_rank_kendall_sensitivity,0.07142857142857144,__meta__,open_news_v1,6,97,complete,__meta__
__none__,evaluator_minilm__evaluator_mpnet,evaluator_minilm__evaluator_mpnet,"{""encoder_pair"": ""evaluator_minilm__evaluator_mpnet"", ""rank_entity_fields"": ""model_id"", ""rank_method"": ""kendall_tau_b"", ""stratum:factor:corpus"": ""yahoo_answers"", ""stratum:factor:temperature"": 0.6, ""stratum:factor:top_p"": 0.8, ""stratum:prompt_id"": ""open_news_v1""}",1b6d4bbfb9f9a3c5761c687798e922dd0ac4b981cc4574a11f6222645913a886,mauve_rank_kendall_sensitivity,0.4666666666666666,__meta__,open_news_v1,6,97,complete,__meta__
__none__,evaluator_minilm__evaluator_mpnet,evaluator_minilm__evaluator_mpnet,"{""encoder_pair"": ""evaluator_minilm__evaluator_mpnet"", ""rank_entity_fields"": ""model_id"", ""rank_method"": ""kendall_tau_b"", ""stratum:factor:corpus"": ""yahoo_answers"", ""stratum:factor:temperature"": 0.9, ""stratum:factor:top_p"": 0.8, ""stratum:prompt_id"": ""open_news_v1""}",2326dfd40aca767168dabc81857c361602454bbe8b73db003bd697fd8581bcc8,mauve_rank_kendall_sensitivity,0.9999999999999999,__meta__,open_news_v1,6,97,complete,__meta__
__none__,evaluator_minilm__evaluator_mpnet,evaluator_minilm__evaluator_mpnet,"{""encoder_pair"": ""evaluator_minilm__evaluator_mpnet"", ""rank_entity_fields"": ""model_id"", ""rank_method"": ""kendall_tau_b"", ""stratum:factor:corpus"": ""imdb_reviews"", ""stratum:factor:temperature"": 0.3, ""stratum:factor:top_p"": 0.95, ""stratum:prompt_id"": ""open_news_v1""}",5b817185361bfc9fa3a43481fbe6acf311cd1c98276f502c8d9d7ca8f11baffe,mauve_rank_kendall_sensitivity,0.4666666666666666,__meta__,open_news_v1,6,97,complete,__meta__
__none__,evaluator_minilm__evaluator_mpnet,evaluator_minilm__evaluator_mpnet,"{""encoder_pair"": ""evaluator_minilm__evaluator_mpnet"", ""rank_entity_fields"": ""model_id"", ""rank_method"": ""kendall_tau_b"", ""stratum:factor:corpus"": ""ag_news"", ""stratum:factor:temperature"": 0.3, ""stratum:factor:top_p"": 0.95, ""stratum:prompt_id"": ""open_news_v1""}",c6dfaa952cb0d572d9daec796e71b224f0575e73d2520114616973d4cdc62edf,mauve_rank_kendall_sensitivity,0.7333333333333333,__meta__,open_news_v1,6,97,complete,__meta__
__none__,evaluator_minilm__evaluator_mpnet,evaluator_minilm__evaluator_mpnet,"{""encoder_pair"": ""evaluator_minilm__evaluator_mpnet"", ""rank_entity_fields"": ""model_id"", ""rank_method"": ""kendall_tau_b"", ""stratum:factor:corpus"": ""amazon_reviews"", ""stratum:factor:temperature"": 0.9, ""stratum:factor:top_p"": 0.95, ""stratum:prompt_id"": ""open_news_v1""}",f101a1da6d321619e3337ddc782acdf9317af6bf78373a5d24296e062e44f907,mauve_rank_kendall_sensitivity,0.2,__meta__,open_news_v1,6,97,complete,__meta__
__none__,evaluator_minilm__evaluator_mpnet,evaluator_minilm__evaluator_mpnet,"{""encoder_pair"": ""evaluator_minilm__evaluator_mpnet"", ""rank_entity_fields"": ""model_id"", ""rank_method"": ""kendall_tau_b"", ""stratum:factor:corpus"": ""amazon_reviews"", ""stratum:factor:temperature"": 0.6, ""stratum:factor:top_p"": 0.8, ""stratum:prompt_id"": ""open_news_v1""}",8b709f03118eca52027424501c4f1f5e0699627432914dbd59d6518080da6a36,mauve_rank_kendall_sensitivity,0.2,__meta__,open_news_v1,6,97,complete,__meta__
__none__,evaluator_minilm__evaluator_mpnet,evaluator_minilm__evaluator_mpnet,"{""encoder_pair"": ""evaluator_minilm__evaluator_mpnet"", ""rank_entity_fields"": ""model_id"", ""rank_method"": ""kendall_tau_b"", ""stratum:factor:corpus"": ""yahoo_answers"", ""stratum:factor:temperature"": 0.6, ""stratum:factor:top_p"": 0.95, ""stratum:prompt_id"": ""open_news_v1""}",1a50169fb1570e8df73be76f498401b4625d8c309de37b7a9ce4e333ed5219f0,mauve_rank_kendall_sensitivity,0.7333333333333333,__meta__,open_news_v1,6,97,complete,__meta__
__none__,evaluator_minilm__evaluator_mpnet,evaluator_minilm__evaluator_mpnet,"{""encoder_pair"": ""evaluator_minilm__evaluator_mpnet"", ""rank_entity_fields"": ""model_id"", ""rank_method"": ""kendall_tau_b"", ""stratum:factor:corpus"": ""dbpedia"", ""stratum:factor:temperature"": 0.9, ""stratum:factor:top_p"": 0.8, ""stratum:prompt_id"": ""open_news_v1""}",b5b67592da7d0b7b4b75d5fd92fe405657eee681cf0a873dd91a10d4d6bca039,mauve_rank_kendall_sensitivity,0.8666666666666666,__meta__,open_news_v1,6,97,complete,__meta__
__none__,evaluator_minilm__evaluator_mpnet,evaluator_minilm__evaluator_mpnet,"{""encoder_pair"": ""evaluator_minilm__evaluator_mpnet"", ""rank_entity_fields"": ""model_id"", ""rank_method"": ""kendall_tau_b"", ""stratum:factor:corpus"": ""imdb_reviews"", ""stratum:factor:temperature"": 0.6, ""stratum:factor:top_p"": 0.95, ""stratum:prompt_id"": ""open_news_v1""}",fc734c5be744181d32a02cd846c8d6b96d38d0e81470f2cbe1442377128d11cf,mauve_rank_kendall_sensitivity,0.6,__meta__,open_news_v1,6,97,complete,__meta__
__none__,evaluator_minilm__evaluator_mpnet,evaluator_minilm__evaluator_mpnet,"{""encoder_pair"": ""evaluator_minilm__evaluator_mpnet"", ""rank_entity_fields"": ""model_id"", ""rank_method"": ""kendall_tau_b"", ""stratum:factor:corpus"": ""amazon_reviews"", ""stratum:factor:temperature"": 0.6, ""stratum:factor:top_p"": 0.95, ""stratum:prompt_id"": ""open_news_v1""}",ae7080ff10034306fbd3685111a02de3e2689b77ea735d125a6d0779415d4512,mauve_rank_kendall_sensitivity,0.4666666666666666,__meta__,open_news_v1,6,97,complete,__meta__
__none__,evaluator_minilm__evaluator_mpnet,evaluator_minilm__evaluator_mpnet,"{""encoder_pair"": ""evaluator_minilm__evaluator_mpnet"", ""rank_entity_fields"": ""model_id"", ""rank_method"": ""kendall_tau_b"", ""stratum:factor:corpus"": ""dbpedia"", ""stratum:factor:temperature"": 0.9, ""stratum:factor:top_p"": 0.95, ""stratum:prompt_id"": ""open_news_v1""}",9259a435e6224545c81dbc87201a534307a55dbd5bc1cf109f0edf2cd32c0f4a,mauve_rank_kendall_sensitivity,0.7333333333333333,__meta__,open_news_v1,6,97,complete,__meta__
__none__,evaluator_minilm__evaluator_mpnet,evaluator_minilm__evaluator_mpnet,"{""encoder_pair"": ""evaluator_minilm__evaluator_mpnet"", ""rank_entity_fields"": ""model_id"", ""rank_method"": ""kendall_tau_b"", ""stratum:factor:corpus"": ""ag_news"", ""stratum:factor:temperature"": 0.3, ""stratum:factor:top_p"": 0.8, ""stratum:prompt_id"": ""open_news_v1""}",4c9148638beb6670e0a312731af2ebe2b4ec67a804a54b3bec4d372d1e4e162c,mauve_rank_kendall_sensitivity,0.8666666666666666,__meta__,open_news_v1,6,97,complete,__meta__
__none__,evaluator_minilm__evaluator_mpnet,evaluator_minilm__evaluator_mpnet,"{""encoder_pair"": ""evaluator_minilm__evaluator_mpnet"", ""rank_entity_fields"": ""model_id"", ""rank_method"": ""kendall_tau_b"", ""stratum:factor:corpus"": ""dbpedia"", ""stratum:factor:temperature"": 0.6, ""stratum:factor:top_p"": 0.95, ""stratum:prompt_id"": ""open_news_v1""}",ca35d9dd7d04f2a415f9434ea96d56d7821a3c3c7bc57313a7e48c107022147f,mauve_rank_kendall_sensitivity,0.6,__meta__,open_news_v1,6,97,complete,__meta__
__none__,evaluator_minilm__evaluator_mpnet,evaluator_minilm__evaluator_mpnet,"{""encoder_pair"": ""evaluator_minilm__evaluator_mpnet"", ""rank_entity_fields"": ""model_id"", ""rank_method"": ""kendall_tau_b"", ""stratum:factor:corpus"": ""amazon_reviews"", ""stratum:factor:temperature"": 0.3, ""stratum:factor:top_p"": 0.8, ""stratum:prompt_id"": ""open_news_v1""}",e1f23c2870ccedc83940193f11f24eb3d26708128fa964961e9a4c691120539f,mauve_rank_kendall_sensitivity,0.4285714285714286,__meta__,open_news_v1,6,97,complete,__meta__
__none__,evaluator_minilm__evaluator_mpnet,evaluator_minilm__evaluator_mpnet,"{""encoder_pair"": ""evaluator_minilm__evaluator_mpnet"", ""rank_entity_fields"": ""model_id"", ""rank_method"": ""kendall_tau_b"", ""stratum:factor:corpus"": ""ag_news"", ""stratum:factor:temperature"": 0.6, ""stratum:factor:top_p"": 0.8, ""stratum:prompt_id"": ""open_news_v1""}",5b3af37e0ad16f40603a0366e068656f25977e94b2be30bb8a2cb75cc2eab0a6,mauve_rank_kendall_sensitivity,0.2,__meta__,open_news_v1,6,97,complete,__meta__
__none__,evaluator_minilm__evaluator_mpnet,evaluator_minilm__evaluator_mpnet,"{""encoder_pair"": ""evaluator_minilm__evaluator_mpnet"", ""rank_entity_fields"": ""model_id"", ""rank_method"": ""kendall_tau_b"", ""stratum:factor:corpus"": ""imdb_reviews"", ""stratum:factor:temperature"": 0.6, ""stratum:factor:top_p"": 0.8, ""stratum:prompt_id"": ""open_news_v1""}",ee3d333cce5cd1e83bb70070ff9c37e0b552f98a038e49b520c1fe184ab086d9,mauve_rank_kendall_sensitivity,0.6,__meta__,open_news_v1,6,97,complete,__meta__
__none__,evaluator_minilm__evaluator_mpnet,evaluator_minilm__evaluator_mpnet,"{""encoder_pair"": ""evaluator_minilm__evaluator_mpnet"", ""rank_entity_fields"": ""model_id"", ""rank_method"": ""kendall_tau_b"", ""stratum:factor:corpus"": ""amazon_reviews"", ""stratum:factor:temperature"": 0.9, ""stratum:factor:top_p"": 0.8, ""stratum:prompt_id"": ""open_news_v1""}",e86c1a1421ad7a4091ea01ad4eb721384fe3eae789d39ef2b3497106b2bab99a,mauve_rank_kendall_sensitivity,0.8666666666666666,__meta__,open_news_v1,6,97,complete,__meta__
__none__,evaluator_minilm__evaluator_mpnet,evaluator_minilm__evaluator_mpnet,"{""encoder_pair"": ""evaluator_minilm__evaluator_mpnet"", ""rank_entity_fields"": ""model_id"", ""rank_method"": ""kendall_tau_b"", ""stratum:factor:corpus"": ""imdb_reviews"", ""stratum:factor:temperature"": 0.9, ""stratum:factor:top_p"": 0.8, ""stratum:prompt_id"": ""open_news_v1""}",a0d1b1c3957548c1af1b03d4caeadf714286b000c5d441547dbd940417bdf6cf,mauve_rank_kendall_sensitivity,0.4666666666666666,__meta__,open_news_v1,6,97,complete,__meta__
__none__,evaluator_minilm__evaluator_mpnet,evaluator_minilm__evaluator_mpnet,"{""encoder_pair"": ""evaluator_minilm__evaluator_mpnet"", ""rank_entity_fields"": ""model_id"", ""rank_method"": ""kendall_tau_b"", ""stratum:factor:corpus"": ""ag_news"", ""stratum:factor:temperature"": 0.6, ""stratum:factor:top_p"": 0.95, ""stratum:prompt_id"": ""open_news_v1""}",5e4bbe573a5260c9e4ae6df1f8f93307996db3ef38702043d7d642492cd607ab,mauve_rank_kendall_sensitivity,0.8666666666666666,__meta__,open_news_v1,6,97,complete,__meta__
__none__,evaluator_minilm__evaluator_mpnet,evaluator_minilm__evaluator_mpnet,"{""encoder_pair"": ""evaluator_minilm__evaluator_mpnet"", ""rank_entity_fields"": ""model_id"", ""rank_method"": ""kendall_tau_b"", ""stratum:factor:corpus"": ""ag_news"", ""stratum:factor:temperature"": 0.9, ""stratum:factor:top_p"": 0.8, ""stratum:prompt_id"": ""open_news_v1""}",c772c5bf305d206d16bdde94f0f59f9c2e87507cbdc070f7645eef4d8bb13624,mauve_rank_kendall_sensitivity,0.7333333333333333,__meta__,open_news_v1,6,97,complete,__meta__
__none__,evaluator_minilm__evaluator_mpnet,evaluator_minilm__evaluator_mpnet,"{""encoder_pair"": ""evaluator_minilm__evaluator_mpnet"", ""rank_entity_fields"": ""model_id"", ""rank_method"": ""kendall_tau_b"", ""stratum:factor:corpus"": ""dbpedia"", ""stratum:factor:temperature"": 0.3, ""stratum:factor:top_p"": 0.95, ""stratum:prompt_id"": ""open_news_v1""}",c2b2f786a4205aab6d68f79228e11fdad6bc7f603d1897b7a437aaa32fd05873,mauve_rank_kendall_sensitivity,0.4666666666666666,__meta__,open_news_v1,6,97,complete,__meta__
__none__,evaluator_minilm__evaluator_mpnet,evaluator_minilm__evaluator_mpnet,"{""encoder_pair"": ""evaluator_minilm__evaluator_mpnet"", ""rank_entity_fields"": ""model_id"", ""rank_method"": ""kendall_tau_b"", ""stratum:factor:corpus"": ""amazon_reviews"", ""stratum:factor:temperature"": 0.3, ""stratum:factor:top_p"": 0.95, ""stratum:prompt_id"": ""open_news_v1""}",dc8aecae69779d16304f60fb49888d79973d535ec36d071c1454376bbe59ed74,mauve_rank_kendall_sensitivity,0.447213595499958,__meta__,open_news_v1,6,97,complete,__meta__
__none__,evaluator_minilm__evaluator_mpnet,evaluator_minilm__evaluator_mpnet,"{""encoder_pair"": ""evaluator_minilm__evaluator_mpnet"", ""rank_entity_fields"": ""model_id"", ""rank_method"": ""kendall_tau_b"", ""stratum:factor:corpus"": ""yahoo_answers"", ""stratum:factor:temperature"": 0.9, ""stratum:factor:top_p"": 0.95, ""stratum:prompt_id"": ""open_news_v1""}",d8270a1f5a2f1cedd16e2adfa24dae20ebe0614e7be7b5bf9ddbcb78bb296834,mauve_rank_kendall_sensitivity,0.8666666666666666,__meta__,open_news_v1,6,97,complete,__meta__
__none__,evaluator_minilm__evaluator_mpnet,evaluator_minilm__evaluator_mpnet,"{""encoder_pair"": ""evaluator_minilm__evaluator_mpnet"", ""rank_entity_fields"": ""model_id"", ""rank_method"": ""kendall_tau_b"", ""stratum:factor:corpus"": ""yahoo_answers"", ""stratum:factor:temperature"": 0.3, ""stratum:factor:top_p"": 0.95, ""stratum:prompt_id"": ""open_news_v1""}",f92e7a448e67d96fa453cc65d0f33b31eb08f34385e9869ee72fa74a6c26f99c,mauve_rank_kendall_sensitivity,0.4666666666666666,__meta__,open_news_v1,6,97,complete,__meta__
__none__,evaluator_minilm__evaluator_mpnet,evaluator_minilm__evaluator_mpnet,"{""encoder_pair"": ""evaluator_minilm__evaluator_mpnet"", ""rank_entity_fields"": ""model_id"", ""rank_method"": ""kendall_tau_b"", ""stratum:factor:corpus"": ""ag_news"", ""stratum:factor:temperature"": 0.9, ""stratum:factor:top_p"": 0.95, ""stratum:prompt_id"": ""open_news_v1""}",ad11d9102991e42acd48881a867685f514328eeecf85575306ae37bea7e641a2,mauve_rank_kendall_sensitivity,0.7333333333333333,__meta__,open_news_v1,6,97,complete,__meta__
__none__,evaluator_minilm__evaluator_mpnet,evaluator_minilm__evaluator_mpnet,"{""encoder_pair"": ""evaluator_minilm__evaluator_mpnet"", ""rank_entity_fields"": ""model_id"", ""rank_method"": ""kendall_tau_b"", ""stratum:factor:corpus"": ""imdb_reviews"", ""stratum:factor:temperature"": 0.9, ""stratum:factor:top_p"": 0.95, ""stratum:prompt_id"": ""open_news_v1""}",7af87290fa8550e48163e98ba766bb510998e7299965df38fe9497ab65465ddf,mauve_rank_kendall_sensitivity,0.2,__meta__,open_news_v1,6,97,complete,__meta__
__none__,evaluator_minilm__evaluator_mpnet,evaluator_minilm__evaluator_mpnet,"{""encoder_pair"": ""evaluator_minilm__evaluator_mpnet"", ""rank_entity_fields"": ""model_id"", ""rank_method"": ""kendall_tau_b"", ""stratum:factor:corpus"": ""dbpedia"", ""stratum:factor:temperature"": 0.3, ""stratum:factor:top_p"": 0.8, ""stratum:prompt_id"": ""open_news_v1""}",da748e2de88082c7400aafb81c2928c4e0b47667336c09c45172ff51cff52b53,mauve_rank_kendall_sensitivity,0.8320502943378437,__meta__,open_news_v1,6,97,complete,__meta__
__none__,evaluator_minilm__evaluator_mpnet,evaluator_minilm__evaluator_mpnet,"{""encoder_pair"": ""evaluator_minilm__evaluator_mpnet"", ""rank_entity_fields"": ""model_id"", ""rank_method"": ""kendall_tau_b"", ""stratum:factor:corpus"": ""imdb_reviews"", ""stratum:factor:temperature"": 0.3, ""stratum:factor:top_p"": 0.8, ""stratum:prompt_id"": ""open_news_v1""}",8292939de07535d80d29f87605e83385d2a1d55641b20e8524c8f560185b04a5,mauve_rank_kendall_sensitivity,0.2,__meta__,open_news_v1,6,97,complete,__meta__
__none__,evaluator_minilm__evaluator_mpnet,evaluator_minilm__evaluator_mpnet,"{""encoder_pair"": ""evaluator_minilm__evaluator_mpnet"", ""rank_difference"": ""fbd - mauve_reference"", ""rank_entity_fields"": ""model_id"", ""rank_method"": ""kendall_tau_b"", ""stratum:factor:corpus"": ""dbpedia"", ""stratum:factor:temperature"": 0.6, ""stratum:factor:top_p"": 0.8, ""stratum:prompt_id"": ""open_news_v1""}",e3600b65cfac61626a64697c584ba65ef9e3ccb664f8a839e29116a4dcb82eaa,fbd_vs_mauve_kendall_sensitivity,0.39999999999999997,__meta__,open_news_v1,6,109,complete,__meta__
__none__,evaluator_minilm__evaluator_mpnet,evaluator_minilm__evaluator_mpnet,"{""encoder_pair"": ""evaluator_minilm__evaluator_mpnet"", ""rank_difference"": ""fbd - mauve_reference"", ""rank_entity_fields"": ""model_id"", ""rank_method"": ""kendall_tau_b"", ""stratum:factor:corpus"": ""yahoo_answers"", ""stratum:factor:temperature"": 0.3, ""stratum:factor:top_p"": 0.8, ""stratum:prompt_id"": ""open_news_v1""}",4c606a85903ad2452216bb363e43d71daf54689314080c9f5ac8032776954b5e,fbd_vs_mauve_kendall_sensitivity,0.03147252677742196,__meta__,open_news_v1,6,109,complete,__meta__
__none__,evaluator_minilm__evaluator_mpnet,evaluator_minilm__evaluator_mpnet,"{""encoder_pair"": ""evaluator_minilm__evaluator_mpnet"", ""rank_difference"": ""fbd - mauve_reference"", ""rank_entity_fields"": ""model_id"", ""rank_method"": ""kendall_tau_b"", ""stratum:factor:corpus"": ""yahoo_answers"", ""stratum:factor:temperature"": 0.6, ""stratum:factor:top_p"": 0.8, ""stratum:prompt_id"": ""open_news_v1""}",6c61a98f9790e8eb67db02f8a02463e7e050b43c04481292eea9a7d03b670af5,fbd_vs_mauve_kendall_sensitivity,0.2666666666666666,__meta__,open_news_v1,6,109,complete,__meta__
__none__,evaluator_minilm__evaluator_mpnet,evaluator_minilm__evaluator_mpnet,"{""encoder_pair"": ""evaluator_minilm__evaluator_mpnet"", ""rank_difference"": ""fbd - mauve_reference"", ""rank_entity_fields"": ""model_id"", ""rank_method"": ""kendall_tau_b"", ""stratum:factor:corpus"": ""yahoo_answers"", ""stratum:factor:temperature"": 0.9, ""stratum:factor:top_p"": 0.8, ""stratum:prompt_id"": ""open_news_v1""}",0d348401c5150e2f8c62dc1f26f1fbe0c8714593430d56424595e9c198b613dc,fbd_vs_mauve_kendall_sensitivity,0.1333333333333333,__meta__,open_news_v1,6,109,complete,__meta__
__none__,evaluator_minilm__evaluator_mpnet,evaluator_minilm__evaluator_mpnet,"{""encoder_pair"": ""evaluator_minilm__evaluator_mpnet"", ""rank_difference"": ""fbd - mauve_reference"", ""rank_entity_fields"": ""model_id"", ""rank_method"": ""kendall_tau_b"", ""stratum:factor:corpus"": ""imdb_reviews"", ""stratum:factor:temperature"": 0.3, ""stratum:factor:top_p"": 0.95, ""stratum:prompt_id"": ""open_news_v1""}",30120e7d26146b3d361d0f2de3b661136d8b7abbd6cf7397dc5b4d55a1c7c986,fbd_vs_mauve_kendall_sensitivity,0.8713464452018042,__meta__,open_news_v1,6,109,complete,__meta__
__none__,evaluator_minilm__evaluator_mpnet,evaluator_minilm__evaluator_mpnet,"{""encoder_pair"": ""evaluator_minilm__evaluator_mpnet"", ""rank_difference"": ""fbd - mauve_reference"", ""rank_entity_fields"": ""model_id"", ""rank_method"": ""kendall_tau_b"", ""stratum:factor:corpus"": ""ag_news"", ""stratum:factor:temperature"": 0.3, ""stratum:factor:top_p"": 0.95, ""stratum:prompt_id"": ""open_news_v1""}",cd0005c5c5d7e81a88b6795244478c8c4e1d2906ce6001c60426e842addeafdb,fbd_vs_mauve_kendall_sensitivity,0.39999999999999997,__meta__,open_news_v1,6,109,complete,__meta__
__none__,evaluator_minilm__evaluator_mpnet,evaluator_minilm__evaluator_mpnet,"{""encoder_pair"": ""evaluator_minilm__evaluator_mpnet"", ""rank_difference"": ""fbd - mauve_reference"", ""rank_entity_fields"": ""model_id"", ""rank_method"": ""kendall_tau_b"", ""stratum:factor:corpus"": ""amazon_reviews"", ""stratum:factor:temperature"": 0.9, ""stratum:factor:top_p"": 0.95, ""stratum:prompt_id"": ""open_news_v1""}",69c715021c59098878c4420637a96cd7aa9685093a31df2bc784b27b89e4a6ae,fbd_vs_mauve_kendall_sensitivity,-0.1333333333333333,__meta__,open_news_v1,6,109,complete,__meta__
__none__,evaluator_minilm__evaluator_mpnet,evaluator_minilm__evaluator_mpnet,"{""encoder_pair"": ""evaluator_minilm__evaluator_mpnet"", ""rank_difference"": ""fbd - mauve_reference"", ""rank_entity_fields"": ""model_id"", ""rank_method"": ""kendall_tau_b"", ""stratum:factor:corpus"": ""amazon_reviews"", ""stratum:factor:temperature"": 0.6, ""stratum:factor:top_p"": 0.8, ""stratum:prompt_id"": ""open_news_v1""}",b20e3305e8d5c125352c8734a4e768967caa97b741a9effc46381417c171ba4a,fbd_vs_mauve_kendall_sensitivity,0.2666666666666666,__meta__,open_news_v1,6,109,complete,__meta__
__none__,evaluator_minilm__evaluator_mpnet,evaluator_minilm__evaluator_mpnet,"{""encoder_pair"": ""evaluator_minilm__evaluator_mpnet"", ""rank_difference"": ""fbd - mauve_reference"", ""rank_entity_fields"": ""model_id"", ""rank_method"": ""kendall_tau_b"", ""stratum:factor:corpus"": ""yahoo_answers"", ""stratum:factor:temperature"": 0.6, ""stratum:factor:top_p"": 0.95, ""stratum:prompt_id"": ""open_news_v1""}",11f145c8f104f127978a051adc01cad427f07b473aca31ee71b5db7701654584,fbd_vs_mauve_kendall_sensitivity,0.0,__meta__,open_news_v1,6,109,complete,__meta__
__none__,evaluator_minilm__evaluator_mpnet,evaluator_minilm__evaluator_mpnet,"{""encoder_pair"": ""evaluator_minilm__evaluator_mpnet"", ""rank_difference"": ""fbd - mauve_reference"", ""rank_entity_fields"": ""model_id"", ""rank_method"": ""kendall_tau_b"", ""stratum:factor:corpus"": ""dbpedia"", ""stratum:factor:temperature"": 0.9, ""stratum:factor:top_p"": 0.8, ""stratum:prompt_id"": ""open_news_v1""}",94e5dc3bbfb2546b3d9feb42f087f77a1f0fe13625b6f35e59d9117ec1982d76,fbd_vs_mauve_kendall_sensitivity,0.2666666666666666,__meta__,open_news_v1,6,109,complete,__meta__
__none__,evaluator_minilm__evaluator_mpnet,evaluator_minilm__evaluator_mpnet,"{""encoder_pair"": ""evaluator_minilm__evaluator_mpnet"", ""rank_difference"": ""fbd - mauve_reference"", ""rank_entity_fields"": ""model_id"", ""rank_method"": ""kendall_tau_b"", ""stratum:factor:corpus"": ""imdb_reviews"", ""stratum:factor:temperature"": 0.6, ""stratum:factor:top_p"": 0.95, ""stratum:prompt_id"": ""open_news_v1""}",61b7488d353b8404d1e5d029fc50986a2877ce70933150c9321c9f41f03b54e3,fbd_vs_mauve_kendall_sensitivity,0.5333333333333332,__meta__,open_news_v1,6,109,complete,__meta__
__none__,evaluator_minilm__evaluator_mpnet,evaluator_minilm__evaluator_mpnet,"{""encoder_pair"": ""evaluator_minilm__evaluator_mpnet"", ""rank_difference"": ""fbd - mauve_reference"", ""rank_entity_fields"": ""model_id"", ""rank_method"": ""kendall_tau_b"", ""stratum:factor:corpus"": ""amazon_reviews"", ""stratum:factor:temperature"": 0.6, ""stratum:factor:top_p"": 0.95, ""stratum:prompt_id"": ""open_news_v1""}",1a51d36fb810b997961167e1f24a6833195417a64e4f358140b1b428d372596f,fbd_vs_mauve_kendall_sensitivity,0.0,__meta__,open_news_v1,6,109,complete,__meta__
__none__,evaluator_minilm__evaluator_mpnet,evaluator_minilm__evaluator_mpnet,"{""encoder_pair"": ""evaluator_minilm__evaluator_mpnet"", ""rank_difference"": ""fbd - mauve_reference"", ""rank_entity_fields"": ""model_id"", ""rank_method"": ""kendall_tau_b"", ""stratum:factor:corpus"": ""dbpedia"", ""stratum:factor:temperature"": 0.9, ""stratum:factor:top_p"": 0.95, ""stratum:prompt_id"": ""open_news_v1""}",f4e7c00f801cd3f1de781e6e797e696182647093c17560745b62ef2bcdd7f58d,fbd_vs_mauve_kendall_sensitivity,0.6666666666666665,__meta__,open_news_v1,6,109,complete,__meta__
__none__,evaluator_minilm__evaluator_mpnet,evaluator_minilm__evaluator_mpnet,"{""encoder_pair"": ""evaluator_minilm__evaluator_mpnet"", ""rank_difference"": ""fbd - mauve_reference"", ""rank_entity_fields"": ""model_id"", ""rank_method"": ""kendall_tau_b"", ""stratum:factor:corpus"": ""ag_news"", ""stratum:factor:temperature"": 0.3, ""stratum:factor:top_p"": 0.8, ""stratum:prompt_id"": ""open_news_v1""}",21bfd1b98ea3902e29ca2755597c640f37f89e56c66cc64efe74de3814628227,fbd_vs_mauve_kendall_sensitivity,0.30993444065764564,__meta__,open_news_v1,6,109,complete,__meta__
__none__,evaluator_minilm__evaluator_mpnet,evaluator_minilm__evaluator_mpnet,"{""encoder_pair"": ""evaluator_minilm__evaluator_mpnet"", ""rank_difference"": ""fbd - mauve_reference"", ""rank_entity_fields"": ""model_id"", ""rank_method"": ""kendall_tau_b"", ""stratum:factor:corpus"": ""dbpedia"", ""stratum:factor:temperature"": 0.6, ""stratum:factor:top_p"": 0.95, ""stratum:prompt_id"": ""open_news_v1""}",d9c86801178ec109254ebd54238c5f8db90ae18d5a8f989f9de71e480ac3cec6,fbd_vs_mauve_kendall_sensitivity,0.39999999999999997,__meta__,open_news_v1,6,109,complete,__meta__
__none__,evaluator_minilm__evaluator_mpnet,evaluator_minilm__evaluator_mpnet,"{""encoder_pair"": ""evaluator_minilm__evaluator_mpnet"", ""rank_difference"": ""fbd - mauve_reference"", ""rank_entity_fields"": ""model_id"", ""rank_method"": ""kendall_tau_b"", ""stratum:factor:corpus"": ""amazon_reviews"", ""stratum:factor:temperature"": 0.3, ""stratum:factor:top_p"": 0.8, ""stratum:prompt_id"": ""open_news_v1""}",c44f4c198e9e9d52ce96a49bdeacf0736840d508eb0de36f23ffa00523f85441,fbd_vs_mauve_kendall_sensitivity,0.5580599667424828,__meta__,open_news_v1,6,109,complete,__meta__
__none__,evaluator_minilm__evaluator_mpnet,evaluator_minilm__evaluator_mpnet,"{""encoder_pair"": ""evaluator_minilm__evaluator_mpnet"", ""rank_difference"": ""fbd - mauve_reference"", ""rank_entity_fields"": ""model_id"", ""rank_method"": ""kendall_tau_b"", ""stratum:factor:corpus"": ""ag_news"", ""stratum:factor:temperature"": 0.6, ""stratum:factor:top_p"": 0.8, ""stratum:prompt_id"": ""open_news_v1""}",914323a4e21427e222ee219da1e038fce9da1b3b555a07edb4dd3bf8291f5864,fbd_vs_mauve_kendall_sensitivity,0.1333333333333333,__meta__,open_news_v1,6,109,complete,__meta__
__none__,evaluator_minilm__evaluator_mpnet,evaluator_minilm__evaluator_mpnet,"{""encoder_pair"": ""evaluator_minilm__evaluator_mpnet"", ""rank_difference"": ""fbd - mauve_reference"", ""rank_entity_fields"": ""model_id"", ""rank_method"": ""kendall_tau_b"", ""stratum:factor:corpus"": ""imdb_reviews"", ""stratum:factor:temperature"": 0.6, ""stratum:factor:top_p"": 0.8, ""stratum:prompt_id"": ""open_news_v1""}",170ec5b00ccf2e9d8e1f3f1d286de9ceaaf814b5165bf7b9ba8648ceefec34b4,fbd_vs_mauve_kendall_sensitivity,0.39999999999999997,__meta__,open_news_v1,6,109,complete,__meta__
__none__,evaluator_minilm__evaluator_mpnet,evaluator_minilm__evaluator_mpnet,"{""encoder_pair"": ""evaluator_minilm__evaluator_mpnet"", ""rank_difference"": ""fbd - mauve_reference"", ""rank_entity_fields"": ""model_id"", ""rank_method"": ""kendall_tau_b"", ""stratum:factor:corpus"": ""amazon_reviews"", ""stratum:factor:temperature"": 0.9, ""stratum:factor:top_p"": 0.8, ""stratum:prompt_id"": ""open_news_v1""}",3c5ecc5b933589f202215610d95c32aa6d1c1d547fe47a49abf9d28c9cfaa123,fbd_vs_mauve_kendall_sensitivity,0.2666666666666666,__meta__,open_news_v1,6,109,complete,__meta__
__none__,evaluator_minilm__evaluator_mpnet,evaluator_minilm__evaluator_mpnet,"{""encoder_pair"": ""evaluator_minilm__evaluator_mpnet"", ""rank_difference"": ""fbd - mauve_reference"", ""rank_entity_fields"": ""model_id"", ""rank_method"": ""kendall_tau_b"", ""stratum:factor:corpus"": ""imdb_reviews"", ""stratum:factor:temperature"": 0.9, ""stratum:factor:top_p"": 0.8, ""stratum:prompt_id"": ""open_news_v1""}",37a52b1df7ad8228c6acd24b7050490e3c9318d8215ee94ecfb3f3e1aa16d96c,fbd_vs_mauve_kendall_sensitivity,0.6666666666666665,__meta__,open_news_v1,6,109,complete,__meta__
__none__,evaluator_minilm__evaluator_mpnet,evaluator_minilm__evaluator_mpnet,"{""encoder_pair"": ""evaluator_minilm__evaluator_mpnet"", ""rank_difference"": ""fbd - mauve_reference"", ""rank_entity_fields"": ""model_id"", ""rank_method"": ""kendall_tau_b"", ""stratum:factor:corpus"": ""ag_news"", ""stratum:factor:temperature"": 0.6, ""stratum:factor:top_p"": 0.95, ""stratum:prompt_id"": ""open_news_v1""}",a8fb91708bc2974bbe19c0e6b6170337c14bc3e102a53edb150ab7510c35ef54,fbd_vs_mauve_kendall_sensitivity,0.3999999999999999,__meta__,open_news_v1,6,109,complete,__meta__
__none__,evaluator_minilm__evaluator_mpnet,evaluator_minilm__evaluator_mpnet,"{""encoder_pair"": ""evaluator_minilm__evaluator_mpnet"", ""rank_difference"": ""fbd - mauve_reference"", ""rank_entity_fields"": ""model_id"", ""rank_method"": ""kendall_tau_b"", ""stratum:factor:corpus"": ""ag_news"", ""stratum:factor:temperature"": 0.9, ""stratum:factor:top_p"": 0.8, ""stratum:prompt_id"": ""open_news_v1""}",74dd2bba7e2927dec078769c8c39d24bb87de9a915a962a3e496127ebaef10cc,fbd_vs_mauve_kendall_sensitivity,0.0,__meta__,open_news_v1,6,109,complete,__meta__
__none__,evaluator_minilm__evaluator_mpnet,evaluator_minilm__evaluator_mpnet,"{""encoder_pair"": ""evaluator_minilm__evaluator_mpnet"", ""rank_difference"": ""fbd - mauve_reference"", ""rank_entity_fields"": ""model_id"", ""rank_method"": ""kendall_tau_b"", ""stratum:factor:corpus"": ""dbpedia"", ""stratum:factor:temperature"": 0.3, ""stratum:factor:top_p"": 0.95, ""stratum:prompt_id"": ""open_news_v1""}",3509b5989f523f14a74df0161242e2268d54d103120e14d1abdc770f303c214b,fbd_vs_mauve_kendall_sensitivity,0.26666666666666666,__meta__,open_news_v1,6,109,complete,__meta__
__none__,evaluator_minilm__evaluator_mpnet,evaluator_minilm__evaluator_mpnet,"{""encoder_pair"": ""evaluator_minilm__evaluator_mpnet"", ""rank_difference"": ""fbd - mauve_reference"", ""rank_entity_fields"": ""model_id"", ""rank_method"": ""kendall_tau_b"", ""stratum:factor:corpus"": ""amazon_reviews"", ""stratum:factor:temperature"": 0.3, ""stratum:factor:top_p"": 0.95, ""stratum:prompt_id"": ""open_news_v1""}",3c82d119587290a120b1bd4749db5497f707d623adf238d1b7e665494657da05,fbd_vs_mauve_kendall_sensitivity,0.0,__meta__,open_news_v1,6,109,complete,__meta__
__none__,evaluator_minilm__evaluator_mpnet,evaluator_minilm__evaluator_mpnet,"{""encoder_pair"": ""evaluator_minilm__evaluator_mpnet"", ""rank_difference"": ""fbd - mauve_reference"", ""rank_entity_fields"": ""model_id"", ""rank_method"": ""kendall_tau_b"", ""stratum:factor:corpus"": ""yahoo_answers"", ""stratum:factor:temperature"": 0.9, ""stratum:factor:top_p"": 0.95, ""stratum:prompt_id"": ""open_news_v1""}",1c2ad767a5ba6199c4c7e3f59197d77149eb355dac762bcdc4674cfa4c106392,fbd_vs_mauve_kendall_sensitivity,-0.1333333333333333,__meta__,open_news_v1,6,109,complete,__meta__
__none__,evaluator_minilm__evaluator_mpnet,evaluator_minilm__evaluator_mpnet,"{""encoder_pair"": ""evaluator_minilm__evaluator_mpnet"", ""rank_difference"": ""fbd - mauve_reference"", ""rank_entity_fields"": ""model_id"", ""rank_method"": ""kendall_tau_b"", ""stratum:factor:corpus"": ""yahoo_answers"", ""stratum:factor:temperature"": 0.3, ""stratum:factor:top_p"": 0.95, ""stratum:prompt_id"": ""open_news_v1""}",5ecc28587cce0cab6711f521e9e649b4e21499f6e3d18b71a0c8dbc56621b2e7,fbd_vs_mauve_kendall_sensitivity,0.2666666666666666,__meta__,open_news_v1,6,109,complete,__meta__
__none__,evaluator_minilm__evaluator_mpnet,evaluator_minilm__evaluator_mpnet,"{""encoder_pair"": ""evaluator_minilm__evaluator_mpnet"", ""rank_difference"": ""fbd - mauve_reference"", ""rank_entity_fields"": ""model_id"", ""rank_method"": ""kendall_tau_b"", ""stratum:factor:corpus"": ""ag_news"", ""stratum:factor:temperature"": 0.9, ""stratum:factor:top_p"": 0.95, ""stratum:prompt_id"": ""open_news_v1""}",fc420216de9b0cd99725757d93ab1c3a5d973a5cdfb50a632d0160251f810e64,fbd_vs_mauve_kendall_sensitivity,0.1333333333333333,__meta__,open_news_v1,6,109,complete,__meta__
__none__,evaluator_minilm__evaluator_mpnet,evaluator_minilm__evaluator_mpnet,"{""encoder_pair"": ""evaluator_minilm__evaluator_mpnet"", ""rank_difference"": ""fbd - mauve_reference"", ""rank_entity_fields"": ""model_id"", ""rank_method"": ""kendall_tau_b"", ""stratum:factor:corpus"": ""imdb_reviews"", ""stratum:factor:temperature"": 0.9, ""stratum:factor:top_p"": 0.95, ""stratum:prompt_id"": ""open_news_v1""}",730cc74b7d5181ef6764460cb1ae6246dfb8a007b075b9b2daad9b31d5f0a394,fbd_vs_mauve_kendall_sensitivity,1.2,__meta__,open_news_v1,6,109,complete,__meta__
__none__,evaluator_minilm__evaluator_mpnet,evaluator_minilm__evaluator_mpnet,"{""encoder_pair"": ""evaluator_minilm__evaluator_mpnet"", ""rank_difference"": ""fbd - mauve_reference"", ""rank_entity_fields"": ""model_id"", ""rank_method"": ""kendall_tau_b"", ""stratum:factor:corpus"": ""dbpedia"", ""stratum:factor:temperature"": 0.3, ""stratum:factor:top_p"": 0.8, ""stratum:prompt_id"": ""open_news_v1""}",b0d88493a3c6774598fc5370cf365d707ed226c359ec899f5e8a3354340cefd8,fbd_vs_mauve_kendall_sensitivity,0.452627331061254,__meta__,open_news_v1,6,109,complete,__meta__
__none__,evaluator_minilm__evaluator_mpnet,evaluator_minilm__evaluator_mpnet,"{""encoder_pair"": ""evaluator_minilm__evaluator_mpnet"", ""rank_difference"": ""fbd - mauve_reference"", ""rank_entity_fields"": ""model_id"", ""rank_method"": ""kendall_tau_b"", ""stratum:factor:corpus"": ""imdb_reviews"", ""stratum:factor:temperature"": 0.3, ""stratum:factor:top_p"": 0.8, ""stratum:prompt_id"": ""open_news_v1""}",2c81215efc7275772b89cab8269325bfc1901618febbeb056d4fa17353772cf0,fbd_vs_mauve_kendall_sensitivity,0.17660110732431233,__meta__,open_news_v1,6,109,complete,__meta__
__none__,evaluator_minilm__evaluator_mpnet,evaluator_minilm__evaluator_mpnet,"{""encoder_pair"": ""evaluator_minilm__evaluator_mpnet"", ""rank_difference"": ""fbd - mauve_reference"", ""rank_entity_fields"": ""model_id"", ""rank_method"": ""kendall_tau_b"", ""stratum:factor:corpus"": ""dbpedia"", ""stratum:factor:temperature"": 0.6, ""stratum:factor:top_p"": 0.8, ""stratum:prompt_id"": ""open_news_v1""}",f74a2e43c13b05f0c31bfa30a2355dce726153a313f6d43b7da87a4552889b2b,fbd_vs_mauve_kendall_sensitivity,0.2666666666666666,__meta__,open_news_v1,6,17,complete,__meta__
__none__,evaluator_minilm__evaluator_mpnet,evaluator_minilm__evaluator_mpnet,"{""encoder_pair"": ""evaluator_minilm__evaluator_mpnet"", ""rank_difference"": ""fbd - mauve_reference"", ""rank_entity_fields"": ""model_id"", ""rank_method"": ""kendall_tau_b"", ""stratum:factor:corpus"": ""yahoo_answers"", ""stratum:factor:temperature"": 0.3, ""stratum:factor:top_p"": 0.8, ""stratum:prompt_id"": ""open_news_v1""}",6bfa85efdbe15da3e73e800b75fad3aa902fdf73d58880e519b0d1a2a8df275a,fbd_vs_mauve_kendall_sensitivity,0.0,__meta__,open_news_v1,6,17,complete,__meta__
__none__,evaluator_minilm__evaluator_mpnet,evaluator_minilm__evaluator_mpnet,"{""encoder_pair"": ""evaluator_minilm__evaluator_mpnet"", ""rank_difference"": ""fbd - mauve_reference"", ""rank_entity_fields"": ""model_id"", ""rank_method"": ""kendall_tau_b"", ""stratum:factor:corpus"": ""yahoo_answers"", ""stratum:factor:temperature"": 0.6, ""stratum:factor:top_p"": 0.8, ""stratum:prompt_id"": ""open_news_v1""}",7b96cefd0af6fd9b7445e79e67e1cbc19c97380b42721426aa9ec0a94b7e4eb2,fbd_vs_mauve_kendall_sensitivity,0.5333333333333332,__meta__,open_news_v1,6,17,complete,__meta__
__none__,evaluator_minilm__evaluator_mpnet,evaluator_minilm__evaluator_mpnet,"{""encoder_pair"": ""evaluator_minilm__evaluator_mpnet"", ""rank_difference"": ""fbd - mauve_reference"", ""rank_entity_fields"": ""model_id"", ""rank_method"": ""kendall_tau_b"", ""stratum:factor:corpus"": ""yahoo_answers"", ""stratum:factor:temperature"": 0.9, ""stratum:factor:top_p"": 0.8, ""stratum:prompt_id"": ""open_news_v1""}",3d1f8d4484e6cdd9db6713e077fe6b970519e50173076b9d23a7ef88e760a219,fbd_vs_mauve_kendall_sensitivity,0.1333333333333333,__meta__,open_news_v1,6,17,complete,__meta__
__none__,evaluator_minilm__evaluator_mpnet,evaluator_minilm__evaluator_mpnet,"{""encoder_pair"": ""evaluator_minilm__evaluator_mpnet"", ""rank_difference"": ""fbd - mauve_reference"", ""rank_entity_fields"": ""model_id"", ""rank_method"": ""kendall_tau_b"", ""stratum:factor:corpus"": ""imdb_reviews"", ""stratum:factor:temperature"": 0.3, ""stratum:factor:top_p"": 0.95, ""stratum:prompt_id"": ""open_news_v1""}",d8495d171f1181f9e59d69d798f05369548efecfc77b32da829f63ed4591b68f,fbd_vs_mauve_kendall_sensitivity,-0.0994251164126293,__meta__,open_news_v1,6,17,complete,__meta__
__none__,evaluator_minilm__evaluator_mpnet,evaluator_minilm__evaluator_mpnet,"{""encoder_pair"": ""evaluator_minilm__evaluator_mpnet"", ""rank_difference"": ""fbd - mauve_reference"", ""rank_entity_fields"": ""model_id"", ""rank_method"": ""kendall_tau_b"", ""stratum:factor:corpus"": ""ag_news"", ""stratum:factor:temperature"": 0.3, ""stratum:factor:top_p"": 0.95, ""stratum:prompt_id"": ""open_news_v1""}",ae64a7414c57d9e236c20d696083990c37344af31f04142549f880bb8f5f6725,fbd_vs_mauve_kendall_sensitivity,0.26666666666666666,__meta__,open_news_v1,6,17,complete,__meta__
__none__,evaluator_minilm__evaluator_mpnet,evaluator_minilm__evaluator_mpnet,"{""encoder_pair"": ""evaluator_minilm__evaluator_mpnet"", ""rank_difference"": ""fbd - mauve_reference"", ""rank_entity_fields"": ""model_id"", ""rank_method"": ""kendall_tau_b"", ""stratum:factor:corpus"": ""amazon_reviews"", ""stratum:factor:temperature"": 0.9, ""stratum:factor:top_p"": 0.95, ""stratum:prompt_id"": ""open_news_v1""}",f34b0ff2b961a90ecf324d43986882bc4869ffaeddab6e3fb7e2d1b933a651ed,fbd_vs_mauve_kendall_sensitivity,0.2666666666666666,__meta__,open_news_v1,6,17,complete,__meta__
__none__,evaluator_minilm__evaluator_mpnet,evaluator_minilm__evaluator_mpnet,"{""encoder_pair"": ""evaluator_minilm__evaluator_mpnet"", ""rank_difference"": ""fbd - mauve_reference"", ""rank_entity_fields"": ""model_id"", ""rank_method"": ""kendall_tau_b"", ""stratum:factor:corpus"": ""amazon_reviews"", ""stratum:factor:temperature"": 0.6, ""stratum:factor:top_p"": 0.8, ""stratum:prompt_id"": ""open_news_v1""}",c5d8688355ee966ffee0372ffadb73d1d3f16e2cf0bfe760086c50d65a220ffe,fbd_vs_mauve_kendall_sensitivity,0.5333333333333332,__meta__,open_news_v1,6,17,complete,__meta__
__none__,evaluator_minilm__evaluator_mpnet,evaluator_minilm__evaluator_mpnet,"{""encoder_pair"": ""evaluator_minilm__evaluator_mpnet"", ""rank_difference"": ""fbd - mauve_reference"", ""rank_entity_fields"": ""model_id"", ""rank_method"": ""kendall_tau_b"", ""stratum:factor:corpus"": ""yahoo_answers"", ""stratum:factor:temperature"": 0.6, ""stratum:factor:top_p"": 0.95, ""stratum:prompt_id"": ""open_news_v1""}",32085cde67179eb72a308dc0bd158f29a63eec9bf8f46814189d5bb1d444e170,fbd_vs_mauve_kendall_sensitivity,0.0,__meta__,open_news_v1,6,17,complete,__meta__
__none__,evaluator_minilm__evaluator_mpnet,evaluator_minilm__evaluator_mpnet,"{""encoder_pair"": ""evaluator_minilm__evaluator_mpnet"", ""rank_difference"": ""fbd - mauve_reference"", ""rank_entity_fields"": ""model_id"", ""rank_method"": ""kendall_tau_b"", ""stratum:factor:corpus"": ""dbpedia"", ""stratum:factor:temperature"": 0.9, ""stratum:factor:top_p"": 0.8, ""stratum:prompt_id"": ""open_news_v1""}",8cab9bcc201998f546385224d6b96d4da500419b3f0ec4f65fcc3b3c0255c1f0,fbd_vs_mauve_kendall_sensitivity,0.1333333333333333,__meta__,open_news_v1,6,17,complete,__meta__
__none__,evaluator_minilm__evaluator_mpnet,evaluator_minilm__evaluator_mpnet,"{""encoder_pair"": ""evaluator_minilm__evaluator_mpnet"", ""rank_difference"": ""fbd - mauve_reference"", ""rank_entity_fields"": ""model_id"", ""rank_method"": ""kendall_tau_b"", ""stratum:factor:corpus"": ""imdb_reviews"", ""stratum:factor:temperature"": 0.6, ""stratum:factor:top_p"": 0.95, ""stratum:prompt_id"": ""open_news_v1""}",0368c94cbeb10e628cfcf34cd94ddb1285163013bf9eff92fe1cdec5c4d8846d,fbd_vs_mauve_kendall_sensitivity,0.7999999999999998,__meta__,open_news_v1,6,17,complete,__meta__
__none__,evaluator_minilm__evaluator_mpnet,evaluator_minilm__evaluator_mpnet,"{""encoder_pair"": ""evaluator_minilm__evaluator_mpnet"", ""rank_difference"": ""fbd - mauve_reference"", ""rank_entity_fields"": ""model_id"", ""rank_method"": ""kendall_tau_b"", ""stratum:factor:corpus"": ""amazon_reviews"", ""stratum:factor:temperature"": 0.6, ""stratum:factor:top_p"": 0.95, ""stratum:prompt_id"": ""open_news_v1""}",b553fc774be5500dfb9eafdd10144768d1b6746809c3941c474551c75bd903ed,fbd_vs_mauve_kendall_sensitivity,0.0,__meta__,open_news_v1,6,17,complete,__meta__
__none__,evaluator_minilm__evaluator_mpnet,evaluator_minilm__evaluator_mpnet,"{""encoder_pair"": ""evaluator_minilm__evaluator_mpnet"", ""rank_difference"": ""fbd - mauve_reference"", ""rank_entity_fields"": ""model_id"", ""rank_method"": ""kendall_tau_b"", ""stratum:factor:corpus"": ""dbpedia"", ""stratum:factor:temperature"": 0.9, ""stratum:factor:top_p"": 0.95, ""stratum:prompt_id"": ""open_news_v1""}",2e256b9603a8b5e066805193d195f2bc5b395384d758f710108a38b844171a83,fbd_vs_mauve_kendall_sensitivity,0.3999999999999999,__meta__,open_news_v1,6,17,complete,__meta__
__none__,evaluator_minilm__evaluator_mpnet,evaluator_minilm__evaluator_mpnet,"{""encoder_pair"": ""evaluator_minilm__evaluator_mpnet"", ""rank_difference"": ""fbd - mauve_reference"", ""rank_entity_fields"": ""model_id"", ""rank_method"": ""kendall_tau_b"", ""stratum:factor:corpus"": ""ag_news"", ""stratum:factor:temperature"": 0.3, ""stratum:factor:top_p"": 0.8, ""stratum:prompt_id"": ""open_news_v1""}",38977eabe8f49c5dfa94a0aaa93a07c1f154c32c155e908e83ac5eb08a5baaee,fbd_vs_mauve_kendall_sensitivity,0.5095238095238095,__meta__,open_news_v1,6,17,complete,__meta__
__none__,evaluator_minilm__evaluator_mpnet,evaluator_minilm__evaluator_mpnet,"{""encoder_pair"": ""evaluator_minilm__evaluator_mpnet"", ""rank_difference"": ""fbd - mauve_reference"", ""rank_entity_fields"": ""model_id"", ""rank_method"": ""kendall_tau_b"", ""stratum:factor:corpus"": ""dbpedia"", ""stratum:factor:temperature"": 0.6, ""stratum:factor:top_p"": 0.95, ""stratum:prompt_id"": ""open_news_v1""}",7b8bb1698ae1fb5137ee414f081590ee15eba651582c6f2fffca4225221231d0,fbd_vs_mauve_kendall_sensitivity,0.2666666666666666,__meta__,open_news_v1,6,17,complete,__meta__
__none__,evaluator_minilm__evaluator_mpnet,evaluator_minilm__evaluator_mpnet,"{""encoder_pair"": ""evaluator_minilm__evaluator_mpnet"", ""rank_difference"": ""fbd - mauve_reference"", ""rank_entity_fields"": ""model_id"", ""rank_method"": ""kendall_tau_b"", ""stratum:factor:corpus"": ""amazon_reviews"", ""stratum:factor:temperature"": 0.3, ""stratum:factor:top_p"": 0.8, ""stratum:prompt_id"": ""open_news_v1""}",0002b41c9d3d5475fa69c30f092b3e28ae5e8517356cd7e5183605861eb6983f,fbd_vs_mauve_kendall_sensitivity,0.3056349251705862,__meta__,open_news_v1,6,17,complete,__meta__
__none__,evaluator_minilm__evaluator_mpnet,evaluator_minilm__evaluator_mpnet,"{""encoder_pair"": ""evaluator_minilm__evaluator_mpnet"", ""rank_difference"": ""fbd - mauve_reference"", ""rank_entity_fields"": ""model_id"", ""rank_method"": ""kendall_tau_b"", ""stratum:factor:corpus"": ""ag_news"", ""stratum:factor:temperature"": 0.6, ""stratum:factor:top_p"": 0.8, ""stratum:prompt_id"": ""open_news_v1""}",f201d3839dcf24853085a4b9607f2881e89b17c8c28f00288619576f1eafecbe,fbd_vs_mauve_kendall_sensitivity,0.6666666666666665,__meta__,open_news_v1,6,17,complete,__meta__
__none__,evaluator_minilm__evaluator_mpnet,evaluator_minilm__evaluator_mpnet,"{""encoder_pair"": ""evaluator_minilm__evaluator_mpnet"", ""rank_difference"": ""fbd - mauve_reference"", ""rank_entity_fields"": ""model_id"", ""rank_method"": ""kendall_tau_b"", ""stratum:factor:corpus"": ""imdb_reviews"", ""stratum:factor:temperature"": 0.6, ""stratum:factor:top_p"": 0.8, ""stratum:prompt_id"": ""open_news_v1""}",fcd3e58bd082db0f1b2ce6178ceb32200a894c2ec647727df58623ac352b1d70,fbd_vs_mauve_kendall_sensitivity,0.0,__meta__,open_news_v1,6,17,complete,__meta__
__none__,evaluator_minilm__evaluator_mpnet,evaluator_minilm__evaluator_mpnet,"{""encoder_pair"": ""evaluator_minilm__evaluator_mpnet"", ""rank_difference"": ""fbd - mauve_reference"", ""rank_entity_fields"": ""model_id"", ""rank_method"": ""kendall_tau_b"", ""stratum:factor:corpus"": ""amazon_reviews"", ""stratum:factor:temperature"": 0.9, ""stratum:factor:top_p"": 0.8, ""stratum:prompt_id"": ""open_news_v1""}",fd04d35ff25179ec600932773f9244588884ac81cda58044db12c58e2341fa9e,fbd_vs_mauve_kendall_sensitivity,0.3999999999999999,__meta__,open_news_v1,6,17,complete,__meta__
__none__,evaluator_minilm__evaluator_mpnet,evaluator_minilm__evaluator_mpnet,"{""encoder_pair"": ""evaluator_minilm__evaluator_mpnet"", ""rank_difference"": ""fbd - mauve_reference"", ""rank_entity_fields"": ""model_id"", ""rank_method"": ""kendall_tau_b"", ""stratum:factor:corpus"": ""imdb_reviews"", ""stratum:factor:temperature"": 0.9, ""stratum:factor:top_p"": 0.8, ""stratum:prompt_id"": ""open_news_v1""}",c0e81e84accd94f7ae6413896a6c67ff414fd1a7b7a5d0b3773585dcc3930b37,fbd_vs_mauve_kendall_sensitivity,0.9333333333333332,__meta__,open_news_v1,6,17,complete,__meta__
__none__,evaluator_minilm__evaluator_mpnet,evaluator_minilm__evaluator_mpnet,"{""encoder_pair"": ""evaluator_minilm__evaluator_mpnet"", ""rank_difference"": ""fbd - mauve_reference"", ""rank_entity_fields"": ""model_id"", ""rank_method"": ""kendall_tau_b"", ""stratum:factor:corpus"": ""ag_news"", ""stratum:factor:temperature"": 0.6, ""stratum:factor:top_p"": 0.95, ""stratum:prompt_id"": ""open_news_v1""}",edd413de52f237b259d0a51b1507fb842f92832cd983152c8c2265fde1860ba2,fbd_vs_mauve_kendall_sensitivity,0.1333333333333333,__meta__,open_news_v1,6,17,complete,__meta__
__none__,evaluator_minilm__evaluator_mpnet,evaluator_minilm__evaluator_mpnet,"{""encoder_pair"": ""evaluator_minilm__evaluator_mpnet"", ""rank_difference"": ""fbd - mauve_reference"", ""rank_entity_fields"": ""model_id"", ""rank_method"": ""kendall_tau_b"", ""stratum:factor:corpus"": ""ag_news"", ""stratum:factor:temperature"": 0.9, ""stratum:factor:top_p"": 0.8, ""stratum:prompt_id"": ""open_news_v1""}",46da9660dbb3c775588308c771dc17f3ee86d435ec06d79de1acc158ddc9a8c2,fbd_vs_mauve_kendall_sensitivity,0.3999999999999999,__meta__,open_news_v1,6,17,complete,__meta__
__none__,evaluator_minilm__evaluator_mpnet,evaluator_minilm__evaluator_mpnet,"{""encoder_pair"": ""evaluator_minilm__evaluator_mpnet"", ""rank_difference"": ""fbd - mauve_reference"", ""rank_entity_fields"": ""model_id"", ""rank_method"": ""kendall_tau_b"", ""stratum:factor:corpus"": ""dbpedia"", ""stratum:factor:temperature"": 0.3, ""stratum:factor:top_p"": 0.95, ""stratum:prompt_id"": ""open_news_v1""}",98f78830cd58e6facb4481f371683e5bd14004181485cf78099ad21ee8ea93ff,fbd_vs_mauve_kendall_sensitivity,-0.09006555934235416,__meta__,open_news_v1,6,17,complete,__meta__
__none__,evaluator_minilm__evaluator_mpnet,evaluator_minilm__evaluator_mpnet,"{""encoder_pair"": ""evaluator_minilm__evaluator_mpnet"", ""rank_difference"": ""fbd - mauve_reference"", ""rank_entity_fields"": ""model_id"", ""rank_method"": ""kendall_tau_b"", ""stratum:factor:corpus"": ""amazon_reviews"", ""stratum:factor:temperature"": 0.3, ""stratum:factor:top_p"": 0.95, ""stratum:prompt_id"": ""open_news_v1""}",a2e656019235e5aab76be233d208681e779e9cf9cadfc207b8e147f9deedd56e,fbd_vs_mauve_kendall_sensitivity,0.1333333333333333,__meta__,open_news_v1,6,17,complete,__meta__
__none__,evaluator_minilm__evaluator_mpnet,evaluator_minilm__evaluator_mpnet,"{""encoder_pair"": ""evaluator_minilm__evaluator_mpnet"", ""rank_difference"": ""fbd - mauve_reference"", ""rank_entity_fields"": ""model_id"", ""rank_method"": ""kendall_tau_b"", ""stratum:factor:corpus"": ""yahoo_answers"", ""stratum:factor:temperature"": 0.9, ""stratum:factor:top_p"": 0.95, ""stratum:prompt_id"": ""open_news_v1""}",d8da86926d682ffa70c9e920e8c094f5273c3c4d33fe2b3a7fb589d19d640d39,fbd_vs_mauve_kendall_sensitivity,0.0,__meta__,open_news_v1,6,17,complete,__meta__
__none__,evaluator_minilm__evaluator_mpnet,evaluator_minilm__evaluator_mpnet,"{""encoder_pair"": ""evaluator_minilm__evaluator_mpnet"", ""rank_difference"": ""fbd - mauve_reference"", ""rank_entity_fields"": ""model_id"", ""rank_method"": ""kendall_tau_b"", ""stratum:factor:corpus"": ""yahoo_answers"", ""stratum:factor:temperature"": 0.3, ""stratum:factor:top_p"": 0.95, ""stratum:prompt_id"": ""open_news_v1""}",111d1e99f2a57c662268bbd2e468b9c13dcea0c05b511ddedf9bb8bb0adc2872,fbd_vs_mauve_kendall_sensitivity,0.2666666666666666,__meta__,open_news_v1,6,17,complete,__meta__
__none__,evaluator_minilm__evaluator_mpnet,evaluator_minilm__evaluator_mpnet,"{""encoder_pair"": ""evaluator_minilm__evaluator_mpnet"", ""rank_difference"": ""fbd - mauve_reference"", ""rank_entity_fields"": ""model_id"", ""rank_method"": ""kendall_tau_b"", ""stratum:factor:corpus"": ""ag_news"", ""stratum:factor:temperature"": 0.9, ""stratum:factor:top_p"": 0.95, ""stratum:prompt_id"": ""open_news_v1""}",02a6bf6c54880a24f927305e69f198fe172832a0143a9191cbb540dcff0e4418,fbd_vs_mauve_kendall_sensitivity,0.1333333333333333,__meta__,open_news_v1,6,17,complete,__meta__
__none__,evaluator_minilm__evaluator_mpnet,evaluator_minilm__evaluator_mpnet,"{""encoder_pair"": ""evaluator_minilm__evaluator_mpnet"", ""rank_difference"": ""fbd - mauve_reference"", ""rank_entity_fields"": ""model_id"", ""rank_method"": ""kendall_tau_b"", ""stratum:factor:corpus"": ""imdb_reviews"", ""stratum:factor:temperature"": 0.9, ""stratum:factor:top_p"": 0.95, ""stratum:prompt_id"": ""open_news_v1""}",cc78c05068c803165a69a705918cf607351c2f40e4a1da2811722c86112958a9,fbd_vs_mauve_kendall_sensitivity,1.2,__meta__,open_news_v1,6,17,complete,__meta__
__none__,evaluator_minilm__evaluator_mpnet,evaluator_minilm__evaluator_mpnet,"{""encoder_pair"": ""evaluator_minilm__evaluator_mpnet"", ""rank_difference"": ""fbd - mauve_reference"", ""rank_entity_fields"": ""model_id"", ""rank_method"": ""kendall_tau_b"", ""stratum:factor:corpus"": ""dbpedia"", ""stratum:factor:temperature"": 0.3, ""stratum:factor:top_p"": 0.8, ""stratum:prompt_id"": ""open_news_v1""}",f2988e45b111f7dc93ee97350c56647c7e6288cf9a5621d3354965ce51b7845a,fbd_vs_mauve_kendall_sensitivity,0.6,__meta__,open_news_v1,6,17,complete,__meta__
__none__,evaluator_minilm__evaluator_mpnet,evaluator_minilm__evaluator_mpnet,"{""encoder_pair"": ""evaluator_minilm__evaluator_mpnet"", ""rank_difference"": ""fbd - mauve_reference"", ""rank_entity_fields"": ""model_id"", ""rank_method"": ""kendall_tau_b"", ""stratum:factor:corpus"": ""imdb_reviews"", ""stratum:factor:temperature"": 0.3, ""stratum:factor:top_p"": 0.8, ""stratum:prompt_id"": ""open_news_v1""}",01cfd09077e0cc62138de8982dd725b695a8e99ccb06b24b49550a6bdd6a07eb,fbd_vs_mauve_kendall_sensitivity,0.06666666666666654,__meta__,open_news_v1,6,17,complete,__meta__
__none__,evaluator_minilm__evaluator_mpnet,evaluator_minilm__evaluator_mpnet,"{""encoder_pair"": ""evaluator_minilm__evaluator_mpnet"", ""rank_difference"": ""fbd - mauve_reference"", ""rank_entity_fields"": ""model_id"", ""rank_method"": ""kendall_tau_b"", ""stratum:factor:corpus"": ""dbpedia"", ""stratum:factor:temperature"": 0.6, ""stratum:factor:top_p"": 0.8, ""stratum:prompt_id"": ""open_news_v1""}",8031c392cc1cb22ed16dabb0c96f847ce58da0cfe7a28413b18cfaec9b7eb0c9,fbd_vs_mauve_kendall_sensitivity,0.0,__meta__,open_news_v1,6,29,complete,__meta__
__none__,evaluator_minilm__evaluator_mpnet,evaluator_minilm__evaluator_mpnet,"{""encoder_pair"": ""evaluator_minilm__evaluator_mpnet"", ""rank_difference"": ""fbd - mauve_reference"", ""rank_entity_fields"": ""model_id"", ""rank_method"": ""kendall_tau_b"", ""stratum:factor:corpus"": ""yahoo_answers"", ""stratum:factor:temperature"": 0.3, ""stratum:factor:top_p"": 0.8, ""stratum:prompt_id"": ""open_news_v1""}",a27932b13553a9c56fc1f355f558bf238f057ae152afd2cc3930601c2b755d91,fbd_vs_mauve_kendall_sensitivity,0.7333333333333333,__meta__,open_news_v1,6,29,complete,__meta__
__none__,evaluator_minilm__evaluator_mpnet,evaluator_minilm__evaluator_mpnet,"{""encoder_pair"": ""evaluator_minilm__evaluator_mpnet"", ""rank_difference"": ""fbd - mauve_reference"", ""rank_entity_fields"": ""model_id"", ""rank_method"": ""kendall_tau_b"", ""stratum:factor:corpus"": ""yahoo_answers"", ""stratum:factor:temperature"": 0.6, ""stratum:factor:top_p"": 0.8, ""stratum:prompt_id"": ""open_news_v1""}",19c970fdee9434d2d83b641c6de4e5ccb411c6389af84bf23c0b26b23d282e16,fbd_vs_mauve_kendall_sensitivity,0.452627331061254,__meta__,open_news_v1,6,29,complete,__meta__
__none__,evaluator_minilm__evaluator_mpnet,evaluator_minilm__evaluator_mpnet,"{""encoder_pair"": ""evaluator_minilm__evaluator_mpnet"", ""rank_difference"": ""fbd - mauve_reference"", ""rank_entity_fields"": ""model_id"", ""rank_method"": ""kendall_tau_b"", ""stratum:factor:corpus"": ""yahoo_answers"", ""stratum:factor:temperature"": 0.9, ""stratum:factor:top_p"": 0.8, ""stratum:prompt_id"": ""open_news_v1""}",ba295ffa59badf2f4235d6a375a30f200b4535114a467b23573a618ce8a7390f,fbd_vs_mauve_kendall_sensitivity,0.2666666666666666,__meta__,open_news_v1,6,29,complete,__meta__
__none__,evaluator_minilm__evaluator_mpnet,evaluator_minilm__evaluator_mpnet,"{""encoder_pair"": ""evaluator_minilm__evaluator_mpnet"", ""rank_difference"": ""fbd - mauve_reference"", ""rank_entity_fields"": ""model_id"", ""rank_method"": ""kendall_tau_b"", ""stratum:factor:corpus"": ""imdb_reviews"", ""stratum:factor:temperature"": 0.3, ""stratum:factor:top_p"": 0.95, ""stratum:prompt_id"": ""open_news_v1""}",dba9992dbca1748faedef1089a9a915538df83190e136fe87a218fd41022f43c,fbd_vs_mauve_kendall_sensitivity,0.5333333333333332,__meta__,open_news_v1,6,29,complete,__meta__
__none__,evaluator_minilm__evaluator_mpnet,evaluator_minilm__evaluator_mpnet,"{""encoder_pair"": ""evaluator_minilm__evaluator_mpnet"", ""rank_difference"": ""fbd - mauve_reference"", ""rank_entity_fields"": ""model_id"", ""rank_method"": ""kendall_tau_b"", ""stratum:factor:corpus"": ""ag_news"", ""stratum:factor:temperature"": 0.3, ""stratum:factor:top_p"": 0.95, ""stratum:prompt_id"": ""open_news_v1""}",2b1bc04e2f27c6b01c53fcb8fc2f1cc3ce537e064bf4e54d8cd19b9f7ecf3594,fbd_vs_mauve_kendall_sensitivity,0.1333333333333333,__meta__,open_news_v1,6,29,complete,__meta__
__none__,evaluator_minilm__evaluator_mpnet,evaluator_minilm__evaluator_mpnet,"{""encoder_pair"": ""evaluator_minilm__evaluator_mpnet"", ""rank_difference"": ""fbd - mauve_reference"", ""rank_entity_fields"": ""model_id"", ""rank_method"": ""kendall_tau_b"", ""stratum:factor:corpus"": ""amazon_reviews"", ""stratum:factor:temperature"": 0.9, ""stratum:factor:top_p"": 0.95, ""stratum:prompt_id"": ""open_news_v1""}",ba71d0c71cfd5302f4d15bfd66b212a26d078f84583090a451d8e9a3d8c8db6c,fbd_vs_mauve_kendall_sensitivity,0.1333333333333333,__meta__,open_news_v1,6,29,complete,__meta__
__none__,evaluator_minilm__evaluator_mpnet,evaluator_minilm__evaluator_mpnet,"{""encoder_pair"": ""evaluator_minilm__evaluator_mpnet"", ""rank_difference"": ""fbd - mauve_reference"", ""rank_entity_fields"": ""model_id"", ""rank_method"": ""kendall_tau_b"", ""stratum:factor:corpus"": ""amazon_reviews"", ""stratum:factor:temperature"": 0.6, ""stratum:factor:top_p"": 0.8, ""stratum:prompt_id"": ""open_news_v1""}",2afa8fd14ef2fee1ab43471563bdccdf0e25726380847a7e4e4ef5fb2ad32cc7,fbd_vs_mauve_kendall_sensitivity,0.39999999999999997,__meta__,open_news_v1,6,29,complete,__meta__
__none__,evaluator_minilm__evaluator_mpnet,evaluator_minilm__evaluator_mpnet,"{""encoder_pair"": ""evaluator_minilm__evaluator_mpnet"", ""rank_difference"": ""fbd - mauve_reference"", ""rank_entity_fields"": ""model_id"", ""rank_method"": ""kendall_tau_b"", ""stratum:factor:corpus"": ""yahoo_answers"", ""stratum:factor:temperature"": 0.6, ""stratum:factor:top_p"": 0.95, ""stratum:prompt_id"": ""open_news_v1""}",dee3beb02877bcdfce367de8ca26f3b0927904e7c3efc1d867e7e6fc46787fcb,fbd_vs_mauve_kendall_sensitivity,0.0,__meta__,open_news_v1,6,29,complete,__meta__
__none__,evaluator_minilm__evaluator_mpnet,evaluator_minilm__evaluator_mpnet,"{""encoder_pair"": ""evaluator_minilm__evaluator_mpnet"", ""rank_difference"": ""fbd - mauve_reference"", ""rank_entity_fields"": ""model_id"", ""rank_method"": ""kendall_tau_b"", ""stratum:factor:corpus"": ""dbpedia"", ""stratum:factor:temperature"": 0.9, ""stratum:factor:top_p"": 0.8, ""stratum:prompt_id"": ""open_news_v1""}",4c9b9868af11d6726204f28b607a67a345f1eab62b3c9d38c815efeb62507a90,fbd_vs_mauve_kendall_sensitivity,0.0,__meta__,open_news_v1,6,29,complete,__meta__
__none__,evaluator_minilm__evaluator_mpnet,evaluator_minilm__evaluator_mpnet,"{""encoder_pair"": ""evaluator_minilm__evaluator_mpnet"", ""rank_difference"": ""fbd - mauve_reference"", ""rank_entity_fields"": ""model_id"", ""rank_method"": ""kendall_tau_b"", ""stratum:factor:corpus"": ""imdb_reviews"", ""stratum:factor:temperature"": 0.6, ""stratum:factor:top_p"": 0.95, ""stratum:prompt_id"": ""open_news_v1""}",a7040f8894e1360d1b8ef5b25c9ebbdd1d08149ba7cdb921cdbe28f3231edf80,fbd_vs_mauve_kendall_sensitivity,0.3999999999999999,__meta__,open_news_v1,6,29,complete,__meta__
__none__,evaluator_minilm__evaluator_mpnet,evaluator_minilm__evaluator_mpnet,"{""encoder_pair"": ""evaluator_minilm__evaluator_mpnet"", ""rank_difference"": ""fbd - mauve_reference"", ""rank_entity_fields"": ""model_id"", ""rank_method"": ""kendall_tau_b"", ""stratum:factor:corpus"": ""amazon_reviews"", ""stratum:factor:temperature"": 0.6, ""stratum:factor:top_p"": 0.95, ""stratum:prompt_id"": ""open_news_v1""}",6ee52a7f3999347f88cca98e858fed20c2c64a068922cdb0d91059ce5bf8af99,fbd_vs_mauve_kendall_sensitivity,-0.1333333333333333,__meta__,open_news_v1,6,29,complete,__meta__
__none__,evaluator_minilm__evaluator_mpnet,evaluator_minilm__evaluator_mpnet,"{""encoder_pair"": ""evaluator_minilm__evaluator_mpnet"", ""rank_difference"": ""fbd - mauve_reference"", ""rank_entity_fields"": ""model_id"", ""rank_method"": ""kendall_tau_b"", ""stratum:factor:corpus"": ""dbpedia"", ""stratum:factor:temperature"": 0.9, ""stratum:factor:top_p"": 0.95, ""stratum:prompt_id"": ""open_news_v1""}",db5f71a779033015059b10df90ddc6c32c708b0e63b3d2e4987547e4ae91b50e,fbd_vs_mauve_kendall_sensitivity,0.26666666666666666,__meta__,open_news_v1,6,29,complete,__meta__
__none__,evaluator_minilm__evaluator_mpnet,evaluator_minilm__evaluator_mpnet,"{""encoder_pair"": ""evaluator_minilm__evaluator_mpnet"", ""rank_difference"": ""fbd - mauve_reference"", ""rank_entity_fields"": ""model_id"", ""rank_method"": ""kendall_tau_b"", ""stratum:factor:corpus"": ""ag_news"", ""stratum:factor:temperature"": 0.3, ""stratum:factor:top_p"": 0.8, ""stratum:prompt_id"": ""open_news_v1""}",afad8c84787592652af5f285367934014f0d5fd9dc14b882eb4566923bb7f8a4,fbd_vs_mauve_kendall_sensitivity,0.0,__meta__,open_news_v1,6,29,complete,__meta__
__none__,evaluator_minilm__evaluator_mpnet,evaluator_minilm__evaluator_mpnet,"{""encoder_pair"": ""evaluator_minilm__evaluator_mpnet"", ""rank_difference"": ""fbd - mauve_reference"", ""rank_entity_fields"": ""model_id"", ""rank_method"": ""kendall_tau_b"", ""stratum:factor:corpus"": ""dbpedia"", ""stratum:factor:temperature"": 0.6, ""stratum:factor:top_p"": 0.95, ""stratum:prompt_id"": ""open_news_v1""}",96985910afece710636faa162aeeef9130d2c81045dc9c07cd1bbeaae8726490,fbd_vs_mauve_kendall_sensitivity,-0.1333333333333333,__meta__,open_news_v1,6,29,complete,__meta__
__none__,evaluator_minilm__evaluator_mpnet,evaluator_minilm__evaluator_mpnet,"{""encoder_pair"": ""evaluator_minilm__evaluator_mpnet"", ""rank_difference"": ""fbd - mauve_reference"", ""rank_entity_fields"": ""model_id"", ""rank_method"": ""kendall_tau_b"", ""stratum:factor:corpus"": ""amazon_reviews"", ""stratum:factor:temperature"": 0.3, ""stratum:factor:top_p"": 0.8, ""stratum:prompt_id"": ""open_news_v1""}",8f906845543e61eb26eb97507ca167dec375976b467767d24e2d1ab883df887f,fbd_vs_mauve_kendall_sensitivity,0.5970885179873098,__meta__,open_news_v1,6,29,complete,__meta__
__none__,evaluator_minilm__evaluator_mpnet,evaluator_minilm__evaluator_mpnet,"{""encoder_pair"": ""evaluator_minilm__evaluator_mpnet"", ""rank_difference"": ""fbd - mauve_reference"", ""rank_entity_fields"": ""model_id"", ""rank_method"": ""kendall_tau_b"", ""stratum:factor:corpus"": ""ag_news"", ""stratum:factor:temperature"": 0.6, ""stratum:factor:top_p"": 0.8, ""stratum:prompt_id"": ""open_news_v1""}",6f7bf1094fde7ee79734ac9d456e69ca892f11f58fc91dfd9e3b3b86a8f7b0a3,fbd_vs_mauve_kendall_sensitivity,0.2666666666666666,__meta__,open_news_v1,6,29,complete,__meta__
__none__,evaluator_minilm__evaluator_mpnet,evaluator_minilm__evaluator_mpnet,"{""encoder_pair"": ""evaluator_minilm__evaluator_mpnet"", ""rank_difference"": ""fbd - mauve_reference"", ""rank_entity_fields"": ""model_id"", ""rank_method"": ""kendall_tau_b"", ""stratum:factor:corpus"": ""imdb_reviews"", ""stratum:factor:temperature"": 0.6, ""stratum:factor:top_p"": 0.8, ""stratum:prompt_id"": ""open_news_v1""}",783c2a4c17f167a2e403c90073a246fb1cdc4e90b7e5f66d7d31f43b7af7f865,fbd_vs_mauve_kendall_sensitivity,0.5333333333333332,__meta__,open_news_v1,6,29,complete,__meta__
__none__,evaluator_minilm__evaluator_mpnet,evaluator_minilm__evaluator_mpnet,"{""encoder_pair"": ""evaluator_minilm__evaluator_mpnet"", ""rank_difference"": ""fbd - mauve_reference"", ""rank_entity_fields"": ""model_id"", ""rank_method"": ""kendall_tau_b"", ""stratum:factor:corpus"": ""amazon_reviews"", ""stratum:factor:temperature"": 0.9, ""stratum:factor:top_p"": 0.8, ""stratum:prompt_id"": ""open_news_v1""}",7a8dd3b694f35a74056fc13201590a917743feb601aaf6606dcfe32acc4cd0fa,fbd_vs_mauve_kendall_sensitivity,0.0,__meta__,open_news_v1,6,29,complete,__meta__
__none__,evaluator_minilm__evaluator_mpnet,evaluator_minilm__evaluator_mpnet,"{""encoder_pair"": ""evaluator_minilm__evaluator_mpnet"", ""rank_difference"": ""fbd - mauve_reference"", ""rank_entity_fields"": ""model_id"", ""rank_method"": ""kendall_tau_b"", ""stratum:factor:corpus"": ""imdb_reviews"", ""stratum:factor:temperature"": 0.9, ""stratum:factor:top_p"": 0.8, ""stratum:prompt_id"": ""open_news_v1""}",e3563d6c6644e940226eacac2544a66265016df308d8e4f60715df92c800a1b2,fbd_vs_mauve_kendall_sensitivity,0.5333333333333332,__meta__,open_news_v1,6,29,complete,__meta__
__none__,evaluator_minilm__evaluator_mpnet,evaluator_minilm__evaluator_mpnet,"{""encoder_pair"": ""evaluator_minilm__evaluator_mpnet"", ""rank_difference"": ""fbd - mauve_reference"", ""rank_entity_fields"": ""model_id"", ""rank_method"": ""kendall_tau_b"", ""stratum:factor:corpus"": ""ag_news"", ""stratum:factor:temperature"": 0.6, ""stratum:factor:top_p"": 0.95, ""stratum:prompt_id"": ""open_news_v1""}",a96c9dfd3b1f2d677531ceb5fbf594e7fd174b06a4df0678fddfbe559d8f89a4,fbd_vs_mauve_kendall_sensitivity,0.1333333333333333,__meta__,open_news_v1,6,29,complete,__meta__
__none__,evaluator_minilm__evaluator_mpnet,evaluator_minilm__evaluator_mpnet,"{""encoder_pair"": ""evaluator_minilm__evaluator_mpnet"", ""rank_difference"": ""fbd - mauve_reference"", ""rank_entity_fields"": ""model_id"", ""rank_method"": ""kendall_tau_b"", ""stratum:factor:corpus"": ""ag_news"", ""stratum:factor:temperature"": 0.9, ""stratum:factor:top_p"": 0.8, ""stratum:prompt_id"": ""open_news_v1""}",015792a44d620f1253d21954d3c55ce50586822f7c87f7ba16b9d321a9d3cab9,fbd_vs_mauve_kendall_sensitivity,0.0,__meta__,open_news_v1,6,29,complete,__meta__
__none__,evaluator_minilm__evaluator_mpnet,evaluator_minilm__evaluator_mpnet,"{""encoder_pair"": ""evaluator_minilm__evaluator_mpnet"", ""rank_difference"": ""fbd - mauve_reference"", ""rank_entity_fields"": ""model_id"", ""rank_method"": ""kendall_tau_b"", ""stratum:factor:corpus"": ""dbpedia"", ""stratum:factor:temperature"": 0.3, ""stratum:factor:top_p"": 0.95, ""stratum:prompt_id"": ""open_news_v1""}",64375c1e51a0127846e0e8376fe68205efe873667d905bd6f19b86db79dadb19,fbd_vs_mauve_kendall_sensitivity,-0.2666666666666666,__meta__,open_news_v1,6,29,complete,__meta__
__none__,evaluator_minilm__evaluator_mpnet,evaluator_minilm__evaluator_mpnet,"{""encoder_pair"": ""evaluator_minilm__evaluator_mpnet"", ""rank_difference"": ""fbd - mauve_reference"", ""rank_entity_fields"": ""model_id"", ""rank_method"": ""kendall_tau_b"", ""stratum:factor:corpus"": ""amazon_reviews"", ""stratum:factor:temperature"": 0.3, ""stratum:factor:top_p"": 0.95, ""stratum:prompt_id"": ""open_news_v1""}",9e71893c821427ff5c0edc3f2078270a212f72864930dc243c6ccffc5f2808b5,fbd_vs_mauve_kendall_sensitivity,0.452627331061254,__meta__,open_news_v1,6,29,complete,__meta__
__none__,evaluator_minilm__evaluator_mpnet,evaluator_minilm__evaluator_mpnet,"{""encoder_pair"": ""evaluator_minilm__evaluator_mpnet"", ""rank_difference"": ""fbd - mauve_reference"", ""rank_entity_fields"": ""model_id"", ""rank_method"": ""kendall_tau_b"", ""stratum:factor:corpus"": ""yahoo_answers"", ""stratum:factor:temperature"": 0.9, ""stratum:factor:top_p"": 0.95, ""stratum:prompt_id"": ""open_news_v1""}",43a4bd351539f13161b436853ddf45e24aa4d50fac68c19f1435250ab7d88df1,fbd_vs_mauve_kendall_sensitivity,0.1333333333333333,__meta__,open_news_v1,6,29,complete,__meta__
__none__,evaluator_minilm__evaluator_mpnet,evaluator_minilm__evaluator_mpnet,"{""encoder_pair"": ""evaluator_minilm__evaluator_mpnet"", ""rank_difference"": ""fbd - mauve_reference"", ""rank_entity_fields"": ""model_id"", ""rank_method"": ""kendall_tau_b"", ""stratum:factor:corpus"": ""yahoo_answers"", ""stratum:factor:temperature"": 0.3, ""stratum:factor:top_p"": 0.95, ""stratum:prompt_id"": ""open_news_v1""}",6ec316344992c7c060ad076429af59f75b9664aedccbac487421fe356815c68c,fbd_vs_mauve_kendall_sensitivity,0.26666666666666666,__meta__,open_news_v1,6,29,complete,__meta__
__none__,evaluator_minilm__evaluator_mpnet,evaluator_minilm__evaluator_mpnet,"{""encoder_pair"": ""evaluator_minilm__evaluator_mpnet"", ""rank_difference"": ""fbd - mauve_reference"", ""rank_entity_fields"": ""model_id"", ""rank_method"": ""kendall_tau_b"", ""stratum:factor:corpus"": ""ag_news"", ""stratum:factor:temperature"": 0.9, ""stratum:factor:top_p"": 0.95, ""stratum:prompt_id"": ""open_news_v1""}",91edd8493966dfd7bc61506497874f8fda6a31fca6f9c5b99eb786d29d98e162,fbd_vs_mauve_kendall_sensitivity,0.6666666666666665,__meta__,open_news_v1,6,29,complete,__meta__
__none__,evaluator_minilm__evaluator_mpnet,evaluator_minilm__evaluator_mpnet,"{""encoder_pair"": ""evaluator_minilm__evaluator_mpnet"", ""rank_difference"": ""fbd - mauve_reference"", ""rank_entity_fields"": ""model_id"", ""rank_method"": ""kendall_tau_b"", ""stratum:factor:corpus"": ""imdb_reviews"", ""stratum:factor:temperature"": 0.9, ""stratum:factor:top_p"": 0.95, ""stratum:prompt_id"": ""open_news_v1""}",a2d5c089c3f5e845a9646cf3d292a21b4297aa7cc4c6fb5577c9a15527fb53e7,fbd_vs_mauve_kendall_sensitivity,0.6666666666666665,__meta__,open_news_v1,6,29,complete,__meta__
__none__,evaluator_minilm__evaluator_mpnet,evaluator_minilm__evaluator_mpnet,"{""encoder_pair"": ""evaluator_minilm__evaluator_mpnet"", ""rank_difference"": ""fbd - mauve_reference"", ""rank_entity_fields"": ""model_id"", ""rank_method"": ""kendall_tau_b"", ""stratum:factor:corpus"": ""dbpedia"", ""stratum:factor:temperature"": 0.3, ""stratum:factor:top_p"": 0.8, ""stratum:prompt_id"": ""open_news_v1""}",4253b70f4d12b6773bc53d90df574a931e896bf7c3059c62eb0f89f8d14fa4a1,fbd_vs_mauve_kendall_sensitivity,0.14033388000445224,__meta__,open_news_v1,6,29,complete,__meta__
__none__,evaluator_minilm__evaluator_mpnet,evaluator_minilm__evaluator_mpnet,"{""encoder_pair"": ""evaluator_minilm__evaluator_mpnet"", ""rank_difference"": ""fbd - mauve_reference"", ""rank_entity_fields"": ""model_id"", ""rank_method"": ""kendall_tau_b"", ""stratum:factor:corpus"": ""imdb_reviews"", ""stratum:factor:temperature"": 0.3, ""stratum:factor:top_p"": 0.8, ""stratum:prompt_id"": ""open_news_v1""}",77c3201cb71f0ead67ecdd0825dedb075aaecaf08a0da942ee48df911a0fafeb,fbd_vs_mauve_kendall_sensitivity,0.5527864045000419,__meta__,open_news_v1,6,29,complete,__meta__
__none__,evaluator_minilm__evaluator_mpnet,evaluator_minilm__evaluator_mpnet,"{""encoder_pair"": ""evaluator_minilm__evaluator_mpnet"", ""rank_difference"": ""fbd - mauve_reference"", ""rank_entity_fields"": ""model_id"", ""rank_method"": ""kendall_tau_b"", ""stratum:factor:corpus"": ""dbpedia"", ""stratum:factor:temperature"": 0.6, ""stratum:factor:top_p"": 0.8, ""stratum:prompt_id"": ""open_news_v1""}",264977ab9230029301fecf12d0211486c226b96a5dde0d6d52abe4ff5d47987e,fbd_vs_mauve_kendall_sensitivity,0.17660110732431245,__meta__,open_news_v1,6,43,complete,__meta__
__none__,evaluator_minilm__evaluator_mpnet,evaluator_minilm__evaluator_mpnet,"{""encoder_pair"": ""evaluator_minilm__evaluator_mpnet"", ""rank_difference"": ""fbd - mauve_reference"", ""rank_entity_fields"": ""model_id"", ""rank_method"": ""kendall_tau_b"", ""stratum:factor:corpus"": ""yahoo_answers"", ""stratum:factor:temperature"": 0.3, ""stratum:factor:top_p"": 0.8, ""stratum:prompt_id"": ""open_news_v1""}",e6f3901a225a1c6bed8729f717ab94c38d468dd8b67264fa3156bff28ee45087,fbd_vs_mauve_kendall_sensitivity,0.25128205128205117,__meta__,open_news_v1,6,43,complete,__meta__
__none__,evaluator_minilm__evaluator_mpnet,evaluator_minilm__evaluator_mpnet,"{""encoder_pair"": ""evaluator_minilm__evaluator_mpnet"", ""rank_difference"": ""fbd - mauve_reference"", ""rank_entity_fields"": ""model_id"", ""rank_method"": ""kendall_tau_b"", ""stratum:factor:corpus"": ""yahoo_answers"", ""stratum:factor:temperature"": 0.6, ""stratum:factor:top_p"": 0.8, ""stratum:prompt_id"": ""open_news_v1""}",0e5199db702eac90822f39f485ece8f5427102a17efaf3a5238cd5fbf3bf4ae2,fbd_vs_mauve_kendall_sensitivity,-0.09474533787749184,__meta__,open_news_v1,6,43,complete,__meta__
__none__,evaluator_minilm__evaluator_mpnet,evaluator_minilm__evaluator_mpnet,"{""encoder_pair"": ""evaluator_minilm__evaluator_mpnet"", ""rank_difference"": ""fbd - mauve_reference"", ""rank_entity_fields"": ""model_id"", ""rank_method"": ""kendall_tau_b"", ""stratum:factor:corpus"": ""yahoo_answers"", ""stratum:factor:temperature"": 0.9, ""stratum:factor:top_p"": 0.8, ""stratum:prompt_id"": ""open_news_v1""}",351c76874fca727bd6a8a94e762948557f133a30e701b460c1fd6290cf7f22d5,fbd_vs_mauve_kendall_sensitivity,0.1333333333333333,__meta__,open_news_v1,6,43,complete,__meta__
__none__,evaluator_minilm__evaluator_mpnet,evaluator_minilm__evaluator_mpnet,"{""encoder_pair"": ""evaluator_minilm__evaluator_mpnet"", ""rank_difference"": ""fbd - mauve_reference"", ""rank_entity_fields"": ""model_id"", ""rank_method"": ""kendall_tau_b"", ""stratum:factor:corpus"": ""imdb_reviews"", ""stratum:factor:temperature"": 0.3, ""stratum:factor:top_p"": 0.95, ""stratum:prompt_id"": ""open_news_v1""}",a2fcb28fe798ec0d120eb84dcea0bf2783a435417c5e5a4894d0cf4c2cda1b38,fbd_vs_mauve_kendall_sensitivity,0.9999999999999999,__meta__,open_news_v1,6,43,complete,__meta__
__none__,evaluator_minilm__evaluator_mpnet,evaluator_minilm__evaluator_mpnet,"{""encoder_pair"": ""evaluator_minilm__evaluator_mpnet"", ""rank_difference"": ""fbd - mauve_reference"", ""rank_entity_fields"": ""model_id"", ""rank_method"": ""kendall_tau_b"", ""stratum:factor:corpus"": ""ag_news"", ""stratum:factor:temperature"": 0.3, ""stratum:factor:top_p"": 0.95, ""stratum:prompt_id"": ""open_news_v1""}",a6608bd3347cef6a75ceb599427fd176a1e5efe725fcaeceb15c025b64b46823,fbd_vs_mauve_kendall_sensitivity,0.1333333333333333,__meta__,open_news_v1,6,43,complete,__meta__
__none__,evaluator_minilm__evaluator_mpnet,evaluator_minilm__evaluator_mpnet,"{""encoder_pair"": ""evaluator_minilm__evaluator_mpnet"", ""rank_difference"": ""fbd - mauve_reference"", ""rank_entity_fields"": ""model_id"", ""rank_method"": ""kendall_tau_b"", ""stratum:factor:corpus"": ""amazon_reviews"", ""stratum:factor:temperature"": 0.9, ""stratum:factor:top_p"": 0.95, ""stratum:prompt_id"": ""open_news_v1""}",5e9d5e854de431d8fa3e14639ef4fc93f2849372a93a2d887896cced172ded80,fbd_vs_mauve_kendall_sensitivity,0.0,__meta__,open_news_v1,6,43,complete,__meta__
__none__,evaluator_minilm__evaluator_mpnet,evaluator_minilm__evaluator_mpnet,"{""encoder_pair"": ""evaluator_minilm__evaluator_mpnet"", ""rank_difference"": ""fbd - mauve_reference"", ""rank_entity_fields"": ""model_id"", ""rank_method"": ""kendall_tau_b"", ""stratum:factor:corpus"": ""amazon_reviews"", ""stratum:factor:temperature"": 0.6, ""stratum:factor:top_p"": 0.8, ""stratum:prompt_id"": ""open_news_v1""}",7c80943c2dbbd6eb148f97e210117cdfb890d014e3b89b4bf72439134fafd250,fbd_vs_mauve_kendall_sensitivity,0.2666666666666666,__meta__,open_news_v1,6,43,complete,__meta__
__none__,evaluator_minilm__evaluator_mpnet,evaluator_minilm__evaluator_mpnet,"{""encoder_pair"": ""evaluator_minilm__evaluator_mpnet"", ""rank_difference"": ""fbd - mauve_reference"", ""rank_entity_fields"": ""model_id"", ""rank_method"": ""kendall_tau_b"", ""stratum:factor:corpus"": ""yahoo_answers"", ""stratum:factor:temperature"": 0.6, ""stratum:factor:top_p"": 0.95, ""stratum:prompt_id"": ""open_news_v1""}",34418b4ea46e3da87f5a2dc24a45c2c986ae084051b4ec312e013b669593ac06,fbd_vs_mauve_kendall_sensitivity,0.39999999999999997,__meta__,open_news_v1,6,43,complete,__meta__
__none__,evaluator_minilm__evaluator_mpnet,evaluator_minilm__evaluator_mpnet,"{""encoder_pair"": ""evaluator_minilm__evaluator_mpnet"", ""rank_difference"": ""fbd - mauve_reference"", ""rank_entity_fields"": ""model_id"", ""rank_method"": ""kendall_tau_b"", ""stratum:factor:corpus"": ""dbpedia"", ""stratum:factor:temperature"": 0.9, ""stratum:factor:top_p"": 0.8, ""stratum:prompt_id"": ""open_news_v1""}",2a8e4889144506e777ec948118f3a9bccd2c4fb474a114e81a9632e9ddc7eaaf,fbd_vs_mauve_kendall_sensitivity,0.1333333333333333,__meta__,open_news_v1,6,43,complete,__meta__
__none__,evaluator_minilm__evaluator_mpnet,evaluator_minilm__evaluator_mpnet,"{""encoder_pair"": ""evaluator_minilm__evaluator_mpnet"", ""rank_difference"": ""fbd - mauve_reference"", ""rank_entity_fields"": ""model_id"", ""rank_method"": ""kendall_tau_b"", ""stratum:factor:corpus"": ""imdb_reviews"", ""stratum:factor:temperature"": 0.6, ""stratum:factor:top_p"": 0.95, ""stratum:prompt_id"": ""open_news_v1""}",2791b0370d66570617c50de937117e96b8e4bc959c0356de615232f0a5b3ecbd,fbd_vs_mauve_kendall_sensitivity,0.39999999999999997,__meta__,open_news_v1,6,43,complete,__meta__
__none__,evaluator_minilm__evaluator_mpnet,evaluator_minilm__evaluator_mpnet,"{""encoder_pair"": ""evaluator_minilm__evaluator_mpnet"", ""rank_difference"": ""fbd - mauve_reference"", ""rank_entity_fields"": ""model_id"", ""rank_method"": ""kendall_tau_b"", ""stratum:factor:corpus"": ""amazon_reviews"", ""stratum:factor:temperature"": 0.6, ""stratum:factor:top_p"": 0.95, ""stratum:prompt_id"": ""open_news_v1""}",40761782d2c14a10ee92f38f9e6271ca2509b5c6532f185f64c71695bc87dc28,fbd_vs_mauve_kendall_sensitivity,0.7999999999999998,__meta__,open_news_v1,6,43,complete,__meta__
__none__,evaluator_minilm__evaluator_mpnet,evaluator_minilm__evaluator_mpnet,"{""encoder_pair"": ""evaluator_minilm__evaluator_mpnet"", ""rank_difference"": ""fbd - mauve_reference"", ""rank_entity_fields"": ""model_id"", ""rank_method"": ""kendall_tau_b"", ""stratum:factor:corpus"": ""dbpedia"", ""stratum:factor:temperature"": 0.9, ""stratum:factor:top_p"": 0.95, ""stratum:prompt_id"": ""open_news_v1""}",48f02f2c679df9f3b832616d4f1446dbdcfa1652ccd123e96ea4f20d86bc8358,fbd_vs_mauve_kendall_sensitivity,0.2666666666666666,__meta__,open_news_v1,6,43,complete,__meta__
__none__,evaluator_minilm__evaluator_mpnet,evaluator_minilm__evaluator_mpnet,"{""encoder_pair"": ""evaluator_minilm__evaluator_mpnet"", ""rank_difference"": ""fbd - mauve_reference"", ""rank_entity_fields"": ""model_id"", ""rank_method"": ""kendall_tau_b"", ""stratum:factor:corpus"": ""ag_news"", ""stratum:factor:temperature"": 0.3, ""stratum:factor:top_p"": 0.8, ""stratum:prompt_id"": ""open_news_v1""}",597e608facc6651be5ec0c79117cd85fb9dc2c909a9e524a0b3cc8fdc687ec83,fbd_vs_mauve_kendall_sensitivity,0.17660110732431233,__meta__,open_news_v1,6,43,complete,__meta__
__none__,evaluator_minilm__evaluator_mpnet,evaluator_minilm__evaluator_mpnet,"{""encoder_pair"": ""evaluator_minilm__evaluator_mpnet"", ""rank_difference"": ""fbd - mauve_reference"", ""rank_entity_fields"": ""model_id"", ""rank_method"": ""kendall_tau_b"", ""stratum:factor:corpus"": ""dbpedia"", ""stratum:factor:temperature"": 0.6, ""stratum:factor:top_p"": 0.95, ""stratum:prompt_id"": ""open_news_v1""}",16298774a971376152e37d31eb95a28ea1180bb00450b9f1df0cd5fdd641d9f5,fbd_vs_mauve_kendall_sensitivity,0.5333333333333332,__meta__,open_news_v1,6,43,complete,__meta__
__none__,evaluator_minilm__evaluator_mpnet,evaluator_minilm__evaluator_mpnet,"{""encoder_pair"": ""evaluator_minilm__evaluator_mpnet"", ""rank_difference"": ""fbd - mauve_reference"", ""rank_entity_fields"": ""model_id"", ""rank_method"": ""kendall_tau_b"", ""stratum:factor:corpus"": ""amazon_reviews"", ""stratum:factor:temperature"": 0.3, ""stratum:factor:top_p"": 0.8, ""stratum:prompt_id"": ""open_news_v1""}",70ca12445b91ee572e6f1fd066128579b7dc69a7955d55e1f3185465710aa965,fbd_vs_mauve_kendall_sensitivity,0.7035002733355594,__meta__,open_news_v1,6,43,complete,__meta__
__none__,evaluator_minilm__evaluator_mpnet,evaluator_minilm__evaluator_mpnet,"{""encoder_pair"": ""evaluator_minilm__evaluator_mpnet"", ""rank_difference"": ""fbd - mauve_reference"", ""rank_entity_fields"": ""model_id"", ""rank_method"": ""kendall_tau_b"", ""stratum:factor:corpus"": ""ag_news"", ""stratum:factor:temperature"": 0.6, ""stratum:factor:top_p"": 0.8, ""stratum:prompt_id"": ""open_news_v1""}",0a8d966581fc9d97477eae8c8ae1068edff204164a66a38796165ca3bb7422e6,fbd_vs_mauve_kendall_sensitivity,0.2666666666666666,__meta__,open_news_v1,6,43,complete,__meta__
__none__,evaluator_minilm__evaluator_mpnet,evaluator_minilm__evaluator_mpnet,"{""encoder_pair"": ""evaluator_minilm__evaluator_mpnet"", ""rank_difference"": ""fbd - mauve_reference"", ""rank_entity_fields"": ""model_id"", ""rank_method"": ""kendall_tau_b"", ""stratum:factor:corpus"": ""imdb_reviews"", ""stratum:factor:temperature"": 0.6, ""stratum:factor:top_p"": 0.8, ""stratum:prompt_id"": ""open_news_v1""}",6654c085b7f8940105bfe8586fba862379546d969ce8d0d6f51d6762cc886926,fbd_vs_mauve_kendall_sensitivity,0.9333333333333332,__meta__,open_news_v1,6,43,complete,__meta__
__none__,evaluator_minilm__evaluator_mpnet,evaluator_minilm__evaluator_mpnet,"{""encoder_pair"": ""evaluator_minilm__evaluator_mpnet"", ""rank_difference"": ""fbd - mauve_reference"", ""rank_entity_fields"": ""model_id"", ""rank_method"": ""kendall_tau_b"", ""stratum:factor:corpus"": ""amazon_reviews"", ""stratum:factor:temperature"": 0.9, ""stratum:factor:top_p"": 0.8, ""stratum:prompt_id"": ""open_news_v1""}",8d616768bbc1a5c1418f26732a17d52137bd3b12b22b910f845da1989d627a07,fbd_vs_mauve_kendall_sensitivity,0.3999999999999999,__meta__,open_news_v1,6,43,complete,__meta__
__none__,evaluator_minilm__evaluator_mpnet,evaluator_minilm__evaluator_mpnet,"{""encoder_pair"": ""evaluator_minilm__evaluator_mpnet"", ""rank_difference"": ""fbd - mauve_reference"", ""rank_entity_fields"": ""model_id"", ""rank_method"": ""kendall_tau_b"", ""stratum:factor:corpus"": ""imdb_reviews"", ""stratum:factor:temperature"": 0.9, ""stratum:factor:top_p"": 0.8, ""stratum:prompt_id"": ""open_news_v1""}",d2b0b074decb4d32a066a371ac33508729f0c57e166cc5522ef0309c3129b033,fbd_vs_mauve_kendall_sensitivity,0.9333333333333332,__meta__,open_news_v1,6,43,complete,__meta__
__none__,evaluator_minilm__evaluator_mpnet,evaluator_minilm__evaluator_mpnet,"{""encoder_pair"": ""evaluator_minilm__evaluator_mpnet"", ""rank_difference"": ""fbd - mauve_reference"", ""rank_entity_fields"": ""model_id"", ""rank_method"": ""kendall_tau_b"", ""stratum:factor:corpus"": ""ag_news"", ""stratum:factor:temperature"": 0.6, ""stratum:factor:top_p"": 0.95, ""stratum:prompt_id"": ""open_news_v1""}",eb49b86fba3863d72add1358e74a8519ce0ec6f7d8109a265c00770a1c58779b,fbd_vs_mauve_kendall_sensitivity,0.0,__meta__,open_news_v1,6,43,complete,__meta__
__none__,evaluator_minilm__evaluator_mpnet,evaluator_minilm__evaluator_mpnet,"{""encoder_pair"": ""evaluator_minilm__evaluator_mpnet"", ""rank_difference"": ""fbd - mauve_reference"", ""rank_entity_fields"": ""model_id"", ""rank_method"": ""kendall_tau_b"", ""stratum:factor:corpus"": ""ag_news"", ""stratum:factor:temperature"": 0.9, ""stratum:factor:top_p"": 0.8, ""stratum:prompt_id"": ""open_news_v1""}",1bc99243088372b45814c037aebabffdcf064a86d890f485be3ef6a13eff317e,fbd_vs_mauve_kendall_sensitivity,0.3999999999999999,__meta__,open_news_v1,6,43,complete,__meta__
__none__,evaluator_minilm__evaluator_mpnet,evaluator_minilm__evaluator_mpnet,"{""encoder_pair"": ""evaluator_minilm__evaluator_mpnet"", ""rank_difference"": ""fbd - mauve_reference"", ""rank_entity_fields"": ""model_id"", ""rank_method"": ""kendall_tau_b"", ""stratum:factor:corpus"": ""dbpedia"", ""stratum:factor:temperature"": 0.3, ""stratum:factor:top_p"": 0.95, ""stratum:prompt_id"": ""open_news_v1""}",61038e70848f991cde4f6f7c5df82c6f80859d815ac3943ce59ff9ac31761985,fbd_vs_mauve_kendall_sensitivity,0.13704853933338934,__meta__,open_news_v1,6,43,complete,__meta__
__none__,evaluator_minilm__evaluator_mpnet,evaluator_minilm__evaluator_mpnet,"{""encoder_pair"": ""evaluator_minilm__evaluator_mpnet"", ""rank_difference"": ""fbd - mauve_reference"", ""rank_entity_fields"": ""model_id"", ""rank_method"": ""kendall_tau_b"", ""stratum:factor:corpus"": ""amazon_reviews"", ""stratum:factor:temperature"": 0.3, ""stratum:factor:top_p"": 0.95, ""stratum:prompt_id"": ""open_news_v1""}",a700b720d6dd57c9218e8eb178fdd6ca7d1a2b6d37ee9bf4547773f3fcc8daf0,fbd_vs_mauve_kendall_sensitivity,0.3146142191927833,__meta__,open_news_v1,6,43,complete,__meta__
__none__,evaluator_minilm__evaluator_mpnet,evaluator_minilm__evaluator_mpnet,"{""encoder_pair"": ""evaluator_minilm__evaluator_mpnet"", ""rank_difference"": ""fbd - mauve_reference"", ""rank_entity_fields"": ""model_id"", ""rank_method"": ""kendall_tau_b"", ""stratum:factor:corpus"": ""yahoo_answers"", ""stratum:factor:temperature"": 0.9, ""stratum:factor:top_p"": 0.95, ""stratum:prompt_id"": ""open_news_v1""}",82b448823a2ed4ae6eb43f5d6de354e18377fbe79cd3daeb45062d607fab248c,fbd_vs_mauve_kendall_sensitivity,-0.1333333333333333,__meta__,open_news_v1,6,43,complete,__meta__
__none__,evaluator_minilm__evaluator_mpnet,evaluator_minilm__evaluator_mpnet,"{""encoder_pair"": ""evaluator_minilm__evaluator_mpnet"", ""rank_difference"": ""fbd - mauve_reference"", ""rank_entity_fields"": ""model_id"", ""rank_method"": ""kendall_tau_b"", ""stratum:factor:corpus"": ""yahoo_answers"", ""stratum:factor:temperature"": 0.3, ""stratum:factor:top_p"": 0.95, ""stratum:prompt_id"": ""open_news_v1""}",6247ba447ed4d4de19e2be81a75edf311628eec69281fb38885c0ebc69fcb2a4,fbd_vs_mauve_kendall_sensitivity,0.1333333333333333,__meta__,open_news_v1,6,43,complete,__meta__
__none__,evaluator_minilm__evaluator_mpnet,evaluator_minilm__evaluator_mpnet,"{""encoder_pair"": ""evaluator_minilm__evaluator_mpnet"", ""rank_difference"": ""fbd - mauve_reference"", ""rank_entity_fields"": ""model_id"", ""rank_method"": ""kendall_tau_b"", ""stratum:factor:corpus"": ""ag_news"", ""stratum:factor:temperature"": 0.9, ""stratum:factor:top_p"": 0.95, ""stratum:prompt_id"": ""open_news_v1""}",bc9cdc3fcdc1bf8526c974584ad86e07fe39677205c15ddc51341630ed4225ea,fbd_vs_mauve_kendall_sensitivity,0.0,__meta__,open_news_v1,6,43,complete,__meta__
__none__,evaluator_minilm__evaluator_mpnet,evaluator_minilm__evaluator_mpnet,"{""encoder_pair"": ""evaluator_minilm__evaluator_mpnet"", ""rank_difference"": ""fbd - mauve_reference"", ""rank_entity_fields"": ""model_id"", ""rank_method"": ""kendall_tau_b"", ""stratum:factor:corpus"": ""imdb_reviews"", ""stratum:factor:temperature"": 0.9, ""stratum:factor:top_p"": 0.95, ""stratum:prompt_id"": ""open_news_v1""}",0bf18afb9be088d62ec2f07aa8ead2d6fef64da917d9e1bdb220fbe6fdbc9d00,fbd_vs_mauve_kendall_sensitivity,0.2666666666666666,__meta__,open_news_v1,6,43,complete,__meta__
__none__,evaluator_minilm__evaluator_mpnet,evaluator_minilm__evaluator_mpnet,"{""encoder_pair"": ""evaluator_minilm__evaluator_mpnet"", ""rank_difference"": ""fbd - mauve_reference"", ""rank_entity_fields"": ""model_id"", ""rank_method"": ""kendall_tau_b"", ""stratum:factor:corpus"": ""dbpedia"", ""stratum:factor:temperature"": 0.3, ""stratum:factor:top_p"": 0.8, ""stratum:prompt_id"": ""open_news_v1""}",78ac77290a11011f93dafa5fa681eb8dae0bd91449556a176d8c0ee3756d1728,fbd_vs_mauve_kendall_sensitivity,-0.2807048459279793,__meta__,open_news_v1,6,43,complete,__meta__
__none__,evaluator_minilm__evaluator_mpnet,evaluator_minilm__evaluator_mpnet,"{""encoder_pair"": ""evaluator_minilm__evaluator_mpnet"", ""rank_difference"": ""fbd - mauve_reference"", ""rank_entity_fields"": ""model_id"", ""rank_method"": ""kendall_tau_b"", ""stratum:factor:corpus"": ""imdb_reviews"", ""stratum:factor:temperature"": 0.3, ""stratum:factor:top_p"": 0.8, ""stratum:prompt_id"": ""open_news_v1""}",9036be83d76d597485e453549690c5b67fd25cb2b6b841ac4905a8e582bd1708,fbd_vs_mauve_kendall_sensitivity,0.3999999999999999,__meta__,open_news_v1,6,43,complete,__meta__
__none__,evaluator_minilm__evaluator_mpnet,evaluator_minilm__evaluator_mpnet,"{""encoder_pair"": ""evaluator_minilm__evaluator_mpnet"", ""rank_difference"": ""fbd - mauve_reference"", ""rank_entity_fields"": ""model_id"", ""rank_method"": ""kendall_tau_b"", ""stratum:factor:corpus"": ""dbpedia"", ""stratum:factor:temperature"": 0.6, ""stratum:factor:top_p"": 0.8, ""stratum:prompt_id"": ""open_news_v1""}",e45836be9a14954fda4ddaea057068c6535153d7f88cef3f3d8c60a83962fbb5,fbd_vs_mauve_kendall_sensitivity,-0.2666666666666666,__meta__,open_news_v1,6,59,complete,__meta__
__none__,evaluator_minilm__evaluator_mpnet,evaluator_minilm__evaluator_mpnet,"{""encoder_pair"": ""evaluator_minilm__evaluator_mpnet"", ""rank_difference"": ""fbd - mauve_reference"", ""rank_entity_fields"": ""model_id"", ""rank_method"": ""kendall_tau_b"", ""stratum:factor:corpus"": ""yahoo_answers"", ""stratum:factor:temperature"": 0.3, ""stratum:factor:top_p"": 0.8, ""stratum:prompt_id"": ""open_news_v1""}",ad2e5f92358c0fe5d9ea417b324736e4003abe8ed0f7723bb2a99221a3438129,fbd_vs_mauve_kendall_sensitivity,0.19954228167167543,__meta__,open_news_v1,6,59,complete,__meta__
__none__,evaluator_minilm__evaluator_mpnet,evaluator_minilm__evaluator_mpnet,"{""encoder_pair"": ""evaluator_minilm__evaluator_mpnet"", ""rank_difference"": ""fbd - mauve_reference"", ""rank_entity_fields"": ""model_id"", ""rank_method"": ""kendall_tau_b"", ""stratum:factor:corpus"": ""yahoo_answers"", ""stratum:factor:temperature"": 0.6, ""stratum:factor:top_p"": 0.8, ""stratum:prompt_id"": ""open_news_v1""}",5f9100d113e0b5f71eb158cb1c4e6f0e79f5e924ee087eb708d88ee24b5aa940,fbd_vs_mauve_kendall_sensitivity,0.1812808858594499,__meta__,open_news_v1,6,59,complete,__meta__
__none__,evaluator_minilm__evaluator_mpnet,evaluator_minilm__evaluator_mpnet,"{""encoder_pair"": ""evaluator_minilm__evaluator_mpnet"", ""rank_difference"": ""fbd - mauve_reference"", ""rank_entity_fields"": ""model_id"", ""rank_method"": ""kendall_tau_b"", ""stratum:factor:corpus"": ""yahoo_answers"", ""stratum:factor:temperature"": 0.9, ""stratum:factor:top_p"": 0.8, ""stratum:prompt_id"": ""open_news_v1""}",16403a5bac85caf78a8007cdfc321121559cc19dc33c1cc699d2538bda37af6b,fbd_vs_mauve_kendall_sensitivity,0.0,__meta__,open_news_v1,6,59,complete,__meta__
__none__,evaluator_minilm__evaluator_mpnet,evaluator_minilm__evaluator_mpnet,"{""encoder_pair"": ""evaluator_minilm__evaluator_mpnet"", ""rank_difference"": ""fbd - mauve_reference"", ""rank_entity_fields"": ""model_id"", ""rank_method"": ""kendall_tau_b"", ""stratum:factor:corpus"": ""imdb_reviews"", ""stratum:factor:temperature"": 0.3, ""stratum:factor:top_p"": 0.95, ""stratum:prompt_id"": ""open_news_v1""}",9f0535c3a9b5295dcdd71c7e80b004f92bdf7f2e16d15b278395fdd8ff99a50a,fbd_vs_mauve_kendall_sensitivity,-0.13333333333333336,__meta__,open_news_v1,6,59,complete,__meta__
__none__,evaluator_minilm__evaluator_mpnet,evaluator_minilm__evaluator_mpnet,"{""encoder_pair"": ""evaluator_minilm__evaluator_mpnet"", ""rank_difference"": ""fbd - mauve_reference"", ""rank_entity_fields"": ""model_id"", ""rank_method"": ""kendall_tau_b"", ""stratum:factor:corpus"": ""ag_news"", ""stratum:factor:temperature"": 0.3, ""stratum:factor:top_p"": 0.95, ""stratum:prompt_id"": ""open_news_v1""}",c9d428edeac3f7932d40bcc196d742dba34d7ec4b89d7812d9f3ab7dd73c408a,fbd_vs_mauve_kendall_sensitivity,0.5333333333333332,__meta__,open_news_v1,6,59,complete,__meta__
__none__,evaluator_minilm__evaluator_mpnet,evaluator_minilm__evaluator_mpnet,"{""encoder_pair"": ""evaluator_minilm__evaluator_mpnet"", ""rank_difference"": ""fbd - mauve_reference"", ""rank_entity_fields"": ""model_id"", ""rank_method"": ""kendall_tau_b"", ""stratum:factor:corpus"": ""amazon_reviews"", ""stratum:factor:temperature"": 0.9, ""stratum:factor:top_p"": 0.95, ""stratum:prompt_id"": ""open_news_v1""}",badad388e4e14fbc24f296f0da6c7289340c82ca392d10cd9372767d34899259,fbd_vs_mauve_kendall_sensitivity,0.3999999999999999,__meta__,open_news_v1,6,59,complete,__meta__
__none__,evaluator_minilm__evaluator_mpnet,evaluator_minilm__evaluator_mpnet,"{""encoder_pair"": ""evaluator_minilm__evaluator_mpnet"", ""rank_difference"": ""fbd - mauve_reference"", ""rank_entity_fields"": ""model_id"", ""rank_method"": ""kendall_tau_b"", ""stratum:factor:corpus"": ""amazon_reviews"", ""stratum:factor:temperature"": 0.6, ""stratum:factor:top_p"": 0.8, ""stratum:prompt_id"": ""open_news_v1""}",700a2e3679790f3476d65cee0fc32aad47ecdfa064ebb280090f13d1114f4c0d,fbd_vs_mauve_kendall_sensitivity,0.0,__meta__,open_news_v1,6,59,complete,__meta__
__none__,evaluator_minilm__evaluator_mpnet,evaluator_minilm__evaluator_mpnet,"{""encoder_pair"": ""evaluator_minilm__evaluator_mpnet"", ""rank_difference"": ""fbd - mauve_reference"", ""rank_entity_fields"": ""model_id"", ""rank_method"": ""kendall_tau_b"", ""stratum:factor:corpus"": ""yahoo_answers"", ""stratum:factor:temperature"": 0.6, ""stratum:factor:top_p"": 0.95, ""stratum:prompt_id"": ""open_news_v1""}",4c94693f2023dab92e7f0f1b64d320bc1dac4f2ef01baf3368a28700ddbeac86,fbd_vs_mauve_kendall_sensitivity,0.0,__meta__,open_news_v1,6,59,complete,__meta__
__none__,evaluator_minilm__evaluator_mpnet,evaluator_minilm__evaluator_mpnet,"{""encoder_pair"": ""evaluator_minilm__evaluator_mpnet"", ""rank_difference"": ""fbd - mauve_reference"", ""rank_entity_fields"": ""model_id"", ""rank_method"": ""kendall_tau_b"", ""stratum:factor:corpus"": ""dbpedia"", ""stratum:factor:temperature"": 0.9, ""stratum:factor:top_p"": 0.8, ""stratum:prompt_id"": ""open_news_v1""}",e55804ca24731ef2419d5ce5d254d2c950f3a6d833b17d5f89983a803a1e8987,fbd_vs_mauve_kendall_sensitivity,0.2666666666666666,__meta__,open_news_v1,6,59,complete,__meta__
__none__,evaluator_minilm__evaluator_mpnet,evaluator_minilm__evaluator_mpnet,"{""encoder_pair"": ""evaluator_minilm__evaluator_mpnet"", ""rank_difference"": ""fbd - mauve_reference"", ""rank_entity_fields"": ""model_id"", ""rank_method"": ""kendall_tau_b"", ""stratum:factor:corpus"": ""imdb_reviews"", ""stratum:factor:temperature"": 0.6, ""stratum:factor:top_p"": 0.95, ""stratum:prompt_id"": ""open_news_v1""}",6b400892c2dfe3687901c4249271b09c5823e1a810f1a474205ace94a3b0b301,fbd_vs_mauve_kendall_sensitivity,1.2,__meta__,open_news_v1,6,59,complete,__meta__
__none__,evaluator_minilm__evaluator_mpnet,evaluator_minilm__evaluator_mpnet,"{""encoder_pair"": ""evaluator_minilm__evaluator_mpnet"", ""rank_difference"": ""fbd - mauve_reference"", ""rank_entity_fields"": ""model_id"", ""rank_method"": ""kendall_tau_b"", ""stratum:factor:corpus"": ""amazon_reviews"", ""stratum:factor:temperature"": 0.6, ""stratum:factor:top_p"": 0.95, ""stratum:prompt_id"": ""open_news_v1""}",132254044fd08943074e14f07d524aefc883462d8febe5ca8e817238c1bce4da,fbd_vs_mauve_kendall_sensitivity,0.2666666666666666,__meta__,open_news_v1,6,59,complete,__meta__
__none__,evaluator_minilm__evaluator_mpnet,evaluator_minilm__evaluator_mpnet,"{""encoder_pair"": ""evaluator_minilm__evaluator_mpnet"", ""rank_difference"": ""fbd - mauve_reference"", ""rank_entity_fields"": ""model_id"", ""rank_method"": ""kendall_tau_b"", ""stratum:factor:corpus"": ""dbpedia"", ""stratum:factor:temperature"": 0.9, ""stratum:factor:top_p"": 0.95, ""stratum:prompt_id"": ""open_news_v1""}",0d67dd4e0d2ccf13550a56077ea0fff8c1d4ac32e346d1d6a8d5ccfeaaaa7fa7,fbd_vs_mauve_kendall_sensitivity,0.1333333333333333,__meta__,open_news_v1,6,59,complete,__meta__
__none__,evaluator_minilm__evaluator_mpnet,evaluator_minilm__evaluator_mpnet,"{""encoder_pair"": ""evaluator_minilm__evaluator_mpnet"", ""rank_difference"": ""fbd - mauve_reference"", ""rank_entity_fields"": ""model_id"", ""rank_method"": ""kendall_tau_b"", ""stratum:factor:corpus"": ""ag_news"", ""stratum:factor:temperature"": 0.3, ""stratum:factor:top_p"": 0.8, ""stratum:prompt_id"": ""open_news_v1""}",e2bdbaa08bf24846f0e87d1ed83159400653280b5d91b0ec7e222bb791d7462a,fbd_vs_mauve_kendall_sensitivity,0.30993444065764575,__meta__,open_news_v1,6,59,complete,__meta__
__none__,evaluator_minilm__evaluator_mpnet,evaluator_minilm__evaluator_mpnet,"{""encoder_pair"": ""evaluator_minilm__evaluator_mpnet"", ""rank_difference"": ""fbd - mauve_reference"", ""rank_entity_fields"": ""model_id"", ""rank_method"": ""kendall_tau_b"", ""stratum:factor:corpus"": ""dbpedia"", ""stratum:factor:temperature"": 0.6, ""stratum:factor:top_p"": 0.95, ""stratum:prompt_id"": ""open_news_v1""}",f227ef38e26555869244fcb648b005ff9ee3fe9857d3dd6930611e0d7d288226,fbd_vs_mauve_kendall_sensitivity,0.1333333333333333,__meta__,open_news_v1,6,59,complete,__meta__
__none__,evaluator_minilm__evaluator_mpnet,evaluator_minilm__evaluator_mpnet,"{""encoder_pair"": ""evaluator_minilm__evaluator_mpnet"", ""rank_difference"": ""fbd - mauve_reference"", ""rank_entity_fields"": ""model_id"", ""rank_method"": ""kendall_tau_b"", ""stratum:factor:corpus"": ""amazon_reviews"", ""stratum:factor:temperature"": 0.3, ""stratum:factor:top_p"": 0.8, ""stratum:prompt_id"": ""open_news_v1""}",f77f5c29a6df36934914085f2fb37de1860efc69d5e9835a130914cd922c4bc5,fbd_vs_mauve_kendall_sensitivity,1.077849894416152,__meta__,open_news_v1,6,59,complete,__meta__
__none__,evaluator_minilm__evaluator_mpnet,evaluator_minilm__evaluator_mpnet,"{""encoder_pair"": ""evaluator_minilm__evaluator_mpnet"", ""rank_difference"": ""fbd - mauve_reference"", ""rank_entity_fields"": ""model_id"", ""rank_method"": ""kendall_tau_b"", ""stratum:factor:corpus"": ""ag_news"", ""stratum:factor:temperature"": 0.6, ""stratum:factor:top_p"": 0.8, ""stratum:prompt_id"": ""open_news_v1""}",98cf9c766c216b647c1146694239fc7cff43bad8a27713fe900d4ccada7667aa,fbd_vs_mauve_kendall_sensitivity,0.0,__meta__,open_news_v1,6,59,complete,__meta__
__none__,evaluator_minilm__evaluator_mpnet,evaluator_minilm__evaluator_mpnet,"{""encoder_pair"": ""evaluator_minilm__evaluator_mpnet"", ""rank_difference"": ""fbd - mauve_reference"", ""rank_entity_fields"": ""model_id"", ""rank_method"": ""kendall_tau_b"", ""stratum:factor:corpus"": ""imdb_reviews"", ""stratum:factor:temperature"": 0.6, ""stratum:factor:top_p"": 0.8, ""stratum:prompt_id"": ""open_news_v1""}",ccd2be5b39d9dc55ae5cb8cdb4bf1a20a6b1dd5b98045de8eaf89992a2bb2e5d,fbd_vs_mauve_kendall_sensitivity,0.5333333333333332,__meta__,open_news_v1,6,59,complete,__meta__
__none__,evaluator_minilm__evaluator_mpnet,evaluator_minilm__evaluator_mpnet,"{""encoder_pair"": ""evaluator_minilm__evaluator_mpnet"", ""rank_difference"": ""fbd - mauve_reference"", ""rank_entity_fields"": ""model_id"", ""rank_method"": ""kendall_tau_b"", ""stratum:factor:corpus"": ""amazon_reviews"", ""stratum:factor:temperature"": 0.9, ""stratum:factor:top_p"": 0.8, ""stratum:prompt_id"": ""open_news_v1""}",5cc1eb7e5bfa49690f52de9c9252e2353f3bf2d5fed32b7b5512af5523152ba9,fbd_vs_mauve_kendall_sensitivity,-0.3999999999999999,__meta__,open_news_v1,6,59,complete,__meta__
__none__,evaluator_minilm__evaluator_mpnet,evaluator_minilm__evaluator_mpnet,"{""encoder_pair"": ""evaluator_minilm__evaluator_mpnet"", ""rank_difference"": ""fbd - mauve_reference"", ""rank_entity_fields"": ""model_id"", ""rank_method"": ""kendall_tau_b"", ""stratum:factor:corpus"": ""imdb_reviews"", ""stratum:factor:temperature"": 0.9, ""stratum:factor:top_p"": 0.8, ""stratum:prompt_id"": ""open_news_v1""}",5127ae6cfb1f128195333f536a0efd2f94b478306577c66582e08e00fea54341,fbd_vs_mauve_kendall_sensitivity,1.0666666666666664,__meta__,open_news_v1,6,59,complete,__meta__
__none__,evaluator_minilm__evaluator_mpnet,evaluator_minilm__evaluator_mpnet,"{""encoder_pair"": ""evaluator_minilm__evaluator_mpnet"", ""rank_difference"": ""fbd - mauve_reference"", ""rank_entity_fields"": ""model_id"", ""rank_method"": ""kendall_tau_b"", ""stratum:factor:corpus"": ""ag_news"", ""stratum:factor:temperature"": 0.6, ""stratum:factor:top_p"": 0.95, ""stratum:prompt_id"": ""open_news_v1""}",18a58092e8096c5c31ce2e75fca53cf1ceb1047e35e3310e1a614aa08f5ad083,fbd_vs_mauve_kendall_sensitivity,0.6666666666666665,__meta__,open_news_v1,6,59,complete,__meta__
__none__,evaluator_minilm__evaluator_mpnet,evaluator_minilm__evaluator_mpnet,"{""encoder_pair"": ""evaluator_minilm__evaluator_mpnet"", ""rank_difference"": ""fbd - mauve_reference"", ""rank_entity_fields"": ""model_id"", ""rank_method"": ""kendall_tau_b"", ""stratum:factor:corpus"": ""ag_news"", ""stratum:factor:temperature"": 0.9, ""stratum:factor:top_p"": 0.8, ""stratum:prompt_id"": ""open_news_v1""}",310e4ae10f8f47d1b39f21676baff831a554502c79948c2b988b46b23da5da59,fbd_vs_mauve_kendall_sensitivity,-0.1333333333333333,__meta__,open_news_v1,6,59,complete,__meta__
__none__,evaluator_minilm__evaluator_mpnet,evaluator_minilm__evaluator_mpnet,"{""encoder_pair"": ""evaluator_minilm__evaluator_mpnet"", ""rank_difference"": ""fbd - mauve_reference"", ""rank_entity_fields"": ""model_id"", ""rank_method"": ""kendall_tau_b"", ""stratum:factor:corpus"": ""dbpedia"", ""stratum:factor:temperature"": 0.3, ""stratum:factor:top_p"": 0.95, ""stratum:prompt_id"": ""open_news_v1""}",bf8c20583eb5579935ff22c9a762d6004f4d59a7ac705d546ef91f6d1713d40c,fbd_vs_mauve_kendall_sensitivity,-0.13333333333333336,__meta__,open_news_v1,6,59,complete,__meta__
__none__,evaluator_minilm__evaluator_mpnet,evaluator_minilm__evaluator_mpnet,"{""encoder_pair"": ""evaluator_minilm__evaluator_mpnet"", ""rank_difference"": ""fbd - mauve_reference"", ""rank_entity_fields"": ""model_id"", ""rank_method"": ""kendall_tau_b"", ""stratum:factor:corpus"": ""amazon_reviews"", ""stratum:factor:temperature"": 0.3, ""stratum:factor:top_p"": 0.95, ""stratum:prompt_id"": ""open_news_v1""}",300989735a2b7f9a1a45a125cfc9b02fc14e59c7e9b49e29389d0c5a6fc4e0a2,fbd_vs_mauve_kendall_sensitivity,0.5333333333333332,__meta__,open_news_v1,6,59,complete,__meta__
__none__,evaluator_minilm__evaluator_mpnet,evaluator_minilm__evaluator_mpnet,"{""encoder_pair"": ""evaluator_minilm__evaluator_mpnet"", ""rank_difference"": ""fbd - mauve_reference"", ""rank_entity_fields"": ""model_id"", ""rank_method"": ""kendall_tau_b"", ""stratum:factor:corpus"": ""yahoo_answers"", ""stratum:factor:temperature"": 0.9, ""stratum:factor:top_p"": 0.95, ""stratum:prompt_id"": ""open_news_v1""}",50428e8fc952461452ec913baf0f71f0aae4b2819a3bf7c49015d6f9e605251f,fbd_vs_mauve_kendall_sensitivity,0.39999999999999997,__meta__,open_news_v1,6,59,complete,__meta__
__none__,evaluator_minilm__evaluator_mpnet,evaluator_minilm__evaluator_mpnet,"{""encoder_pair"": ""evaluator_minilm__evaluator_mpnet"", ""rank_difference"": ""fbd - mauve_reference"", ""rank_entity_fields"": ""model_id"", ""rank_method"": ""kendall_tau_b"", ""stratum:factor:corpus"": ""yahoo_answers"", ""stratum:factor:temperature"": 0.3, ""stratum:factor:top_p"": 0.95, ""stratum:prompt_id"": ""open_news_v1""}",98f39410dce33c4dd4f3fa56ebbb3dc7b4a9b1e68bffe7135694c6ec8bde0e56,fbd_vs_mauve_kendall_sensitivity,0.3999999999999999,__meta__,open_news_v1,6,59,complete,__meta__
__none__,evaluator_minilm__evaluator_mpnet,evaluator_minilm__evaluator_mpnet,"{""encoder_pair"": ""evaluator_minilm__evaluator_mpnet"", ""rank_difference"": ""fbd - mauve_reference"", ""rank_entity_fields"": ""model_id"", ""rank_method"": ""kendall_tau_b"", ""stratum:factor:corpus"": ""ag_news"", ""stratum:factor:temperature"": 0.9, ""stratum:factor:top_p"": 0.95, ""stratum:prompt_id"": ""open_news_v1""}",870638ca98040108f835dc3778f5c4bf9d95b7bd04647a240c5caf422b3451ab,fbd_vs_mauve_kendall_sensitivity,0.1333333333333333,__meta__,open_news_v1,6,59,complete,__meta__
__none__,evaluator_minilm__evaluator_mpnet,evaluator_minilm__evaluator_mpnet,"{""encoder_pair"": ""evaluator_minilm__evaluator_mpnet"", ""rank_difference"": ""fbd - mauve_reference"", ""rank_entity_fields"": ""model_id"", ""rank_method"": ""kendall_tau_b"", ""stratum:factor:corpus"": ""imdb_reviews"", ""stratum:factor:temperature"": 0.9, ""stratum:factor:top_p"": 0.95, ""stratum:prompt_id"": ""open_news_v1""}",b42668cde2b77c3b8fb965801bec86500594615f3b6b4bd1e10b99e25c64cd8c,fbd_vs_mauve_kendall_sensitivity,0.5333333333333332,__meta__,open_news_v1,6,59,complete,__meta__
__none__,evaluator_minilm__evaluator_mpnet,evaluator_minilm__evaluator_mpnet,"{""encoder_pair"": ""evaluator_minilm__evaluator_mpnet"", ""rank_difference"": ""fbd - mauve_reference"", ""rank_entity_fields"": ""model_id"", ""rank_method"": ""kendall_tau_b"", ""stratum:factor:corpus"": ""dbpedia"", ""stratum:factor:temperature"": 0.3, ""stratum:factor:top_p"": 0.8, ""stratum:prompt_id"": ""open_news_v1""}",e2519f9f39672db3522c080bf28d511255fc488cc867f7e64c9ebcf10998e305,fbd_vs_mauve_kendall_sensitivity,0.66172184592939,__meta__,open_news_v1,6,59,complete,__meta__
__none__,evaluator_minilm__evaluator_mpnet,evaluator_minilm__evaluator_mpnet,"{""encoder_pair"": ""evaluator_minilm__evaluator_mpnet"", ""rank_difference"": ""fbd - mauve_reference"", ""rank_entity_fields"": ""model_id"", ""rank_method"": ""kendall_tau_b"", ""stratum:factor:corpus"": ""imdb_reviews"", ""stratum:factor:temperature"": 0.3, ""stratum:factor:top_p"": 0.8, ""stratum:prompt_id"": ""open_news_v1""}",0b9c6d483e6d3a8c9c7a6c4e1e6c6b9a86c3574307dd00818e09b6788108060f,fbd_vs_mauve_kendall_sensitivity,0.15238095238095228,__meta__,open_news_v1,6,59,complete,__meta__
__none__,evaluator_minilm__evaluator_mpnet,evaluator_minilm__evaluator_mpnet,"{""encoder_pair"": ""evaluator_minilm__evaluator_mpnet"", ""rank_difference"": ""fbd - mauve_reference"", ""rank_entity_fields"": ""model_id"", ""rank_method"": ""kendall_tau_b"", ""stratum:factor:corpus"": ""dbpedia"", ""stratum:factor:temperature"": 0.6, ""stratum:factor:top_p"": 0.8, ""stratum:prompt_id"": ""open_news_v1""}",fddcc8606dad29d5a07b094458e4ee2b241b88479d637906a222ba9857d72dc2,fbd_vs_mauve_kendall_sensitivity,0.17660110732431245,__meta__,open_news_v1,6,71,complete,__meta__
__none__,evaluator_minilm__evaluator_mpnet,evaluator_minilm__evaluator_mpnet,"{""encoder_pair"": ""evaluator_minilm__evaluator_mpnet"", ""rank_difference"": ""fbd - mauve_reference"", ""rank_entity_fields"": ""model_id"", ""rank_method"": ""kendall_tau_b"", ""stratum:factor:corpus"": ""yahoo_answers"", ""stratum:factor:temperature"": 0.3, ""stratum:factor:top_p"": 0.8, ""stratum:prompt_id"": ""open_news_v1""}",833d7406a289534d4ae5af86debe6aab3af4cbdea0f1d4cf4dbbc1f66a4dce94,fbd_vs_mauve_kendall_sensitivity,-0.007915983327767995,__meta__,open_news_v1,6,71,complete,__meta__
__none__,evaluator_minilm__evaluator_mpnet,evaluator_minilm__evaluator_mpnet,"{""encoder_pair"": ""evaluator_minilm__evaluator_mpnet"", ""rank_difference"": ""fbd - mauve_reference"", ""rank_entity_fields"": ""model_id"", ""rank_method"": ""kendall_tau_b"", ""stratum:factor:corpus"": ""yahoo_answers"", ""stratum:factor:temperature"": 0.6, ""stratum:factor:top_p"": 0.8, ""stratum:prompt_id"": ""open_news_v1""}",3c5bd04bb90fa658ff03b7a6a9baca4058e372fdc070f62780f89d6231949060,fbd_vs_mauve_kendall_sensitivity,0.39999999999999997,__meta__,open_news_v1,6,71,complete,__meta__
__none__,evaluator_minilm__evaluator_mpnet,evaluator_minilm__evaluator_mpnet,"{""encoder_pair"": ""evaluator_minilm__evaluator_mpnet"", ""rank_difference"": ""fbd - mauve_reference"", ""rank_entity_fields"": ""model_id"", ""rank_method"": ""kendall_tau_b"", ""stratum:factor:corpus"": ""yahoo_answers"", ""stratum:factor:temperature"": 0.9, ""stratum:factor:top_p"": 0.8, ""stratum:prompt_id"": ""open_news_v1""}",f9a88c9469913602d22bd4c1ca3d0b4be8628e2035526ee7be44cd34b34a66a2,fbd_vs_mauve_kendall_sensitivity,0.0,__meta__,open_news_v1,6,71,complete,__meta__
__none__,evaluator_minilm__evaluator_mpnet,evaluator_minilm__evaluator_mpnet,"{""encoder_pair"": ""evaluator_minilm__evaluator_mpnet"", ""rank_difference"": ""fbd - mauve_reference"", ""rank_entity_fields"": ""model_id"", ""rank_method"": ""kendall_tau_b"", ""stratum:factor:corpus"": ""imdb_reviews"", ""stratum:factor:temperature"": 0.3, ""stratum:factor:top_p"": 0.95, ""stratum:prompt_id"": ""open_news_v1""}",7f208aaa6ed562d489a6a5521ba34fed2b453d92f9d4b1916c9a2b8cdac59b77,fbd_vs_mauve_kendall_sensitivity,0.2666666666666666,__meta__,open_news_v1,6,71,complete,__meta__
__none__,evaluator_minilm__evaluator_mpnet,evaluator_minilm__evaluator_mpnet,"{""encoder_pair"": ""evaluator_minilm__evaluator_mpnet"", ""rank_difference"": ""fbd - mauve_reference"", ""rank_entity_fields"": ""model_id"", ""rank_method"": ""kendall_tau_b"", ""stratum:factor:corpus"": ""ag_news"", ""stratum:factor:temperature"": 0.3, ""stratum:factor:top_p"": 0.95, ""stratum:prompt_id"": ""open_news_v1""}",2846ef8a36a854637493200e2a85eec6ad73f017d81022ca2ac30cdf2cb4c8cb,fbd_vs_mauve_kendall_sensitivity,0.1333333333333333,__meta__,open_news_v1,6,71,complete,__meta__
__none__,evaluator_minilm__evaluator_mpnet,evaluator_minilm__evaluator_mpnet,"{""encoder_pair"": ""evaluator_minilm__evaluator_mpnet"", ""rank_difference"": ""fbd - mauve_reference"", ""rank_entity_fields"": ""model_id"", ""rank_method"": ""kendall_tau_b"", ""stratum:factor:corpus"": ""amazon_reviews"", ""stratum:factor:temperature"": 0.9, ""stratum:factor:top_p"": 0.95, ""stratum:prompt_id"": ""open_news_v1""}",d4709ccfc8daf11d7b03022a39f80764b8b448dcea6897e50dcd7fee392a4607,fbd_vs_mauve_kendall_sensitivity,0.1333333333333333,__meta__,open_news_v1,6,71,complete,__meta__
__none__,evaluator_minilm__evaluator_mpnet,evaluator_minilm__evaluator_mpnet,"{""encoder_pair"": ""evaluator_minilm__evaluator_mpnet"", ""rank_difference"": ""fbd - mauve_reference"", ""rank_entity_fields"": ""model_id"", ""rank_method"": ""kendall_tau_b"", ""stratum:factor:corpus"": ""amazon_reviews"", ""stratum:factor:temperature"": 0.6, ""stratum:factor:top_p"": 0.8, ""stratum:prompt_id"": ""open_news_v1""}",54a2a387bcd6b91635dbdd77d4c82627b28e0bc5c31ac561c300605f87239133,fbd_vs_mauve_kendall_sensitivity,0.1333333333333333,__meta__,open_news_v1,6,71,complete,__meta__
__none__,evaluator_minilm__evaluator_mpnet,evaluator_minilm__evaluator_mpnet,"{""encoder_pair"": ""evaluator_minilm__evaluator_mpnet"", ""rank_difference"": ""fbd - mauve_reference"", ""rank_entity_fields"": ""model_id"", ""rank_method"": ""kendall_tau_b"", ""stratum:factor:corpus"": ""yahoo_answers"", ""stratum:factor:temperature"": 0.6, ""stratum:factor:top_p"": 0.95, ""stratum:prompt_id"": ""open_news_v1""}",231756b8102a60622056ee9028ee9d6a8e9fa24147498209a88095a0025909bb,fbd_vs_mauve_kendall_sensitivity,0.5333333333333332,__meta__,open_news_v1,6,71,complete,__meta__
__none__,evaluator_minilm__evaluator_mpnet,evaluator_minilm__evaluator_mpnet,"{""encoder_pair"": ""evaluator_minilm__evaluator_mpnet"", ""rank_difference"": ""fbd - mauve_reference"", ""rank_entity_fields"": ""model_id"", ""rank_method"": ""kendall_tau_b"", ""stratum:factor:corpus"": ""dbpedia"", ""stratum:factor:temperature"": 0.9, ""stratum:factor:top_p"": 0.8, ""stratum:prompt_id"": ""open_news_v1""}",845c7f0235d84acdc6a836ef6629c5ff4fc58a4ce996dc248d15a3b08768f29a,fbd_vs_mauve_kendall_sensitivity,0.0,__meta__,open_news_v1,6,71,complete,__meta__
__none__,evaluator_minilm__evaluator_mpnet,evaluator_minilm__evaluator_mpnet,"{""encoder_pair"": ""evaluator_minilm__evaluator_mpnet"", ""rank_difference"": ""fbd - mauve_reference"", ""rank_entity_fields"": ""model_id"", ""rank_method"": ""kendall_tau_b"", ""stratum:factor:corpus"": ""imdb_reviews"", ""stratum:factor:temperature"": 0.6, ""stratum:factor:top_p"": 0.95, ""stratum:prompt_id"": ""open_news_v1""}",a8499159603b0f199dfc73b16ae20bb808b6a2f2c0e18a0e4a16c78b9f8d6b35,fbd_vs_mauve_kendall_sensitivity,0.5333333333333332,__meta__,open_news_v1,6,71,complete,__meta__
__none__,evaluator_minilm__evaluator_mpnet,evaluator_minilm__evaluator_mpnet,"{""encoder_pair"": ""evaluator_minilm__evaluator_mpnet"", ""rank_difference"": ""fbd - mauve_reference"", ""rank_entity_fields"": ""model_id"", ""rank_method"": ""kendall_tau_b"", ""stratum:factor:corpus"": ""amazon_reviews"", ""stratum:factor:temperature"": 0.6, ""stratum:factor:top_p"": 0.95, ""stratum:prompt_id"": ""open_news_v1""}",706dde006e94b4a9c9417c6bab4006f8a04ad108b562be3b99f61541e3aef7f1,fbd_vs_mauve_kendall_sensitivity,0.5333333333333332,__meta__,open_news_v1,6,71,complete,__meta__
__none__,evaluator_minilm__evaluator_mpnet,evaluator_minilm__evaluator_mpnet,"{""encoder_pair"": ""evaluator_minilm__evaluator_mpnet"", ""rank_difference"": ""fbd - mauve_reference"", ""rank_entity_fields"": ""model_id"", ""rank_method"": ""kendall_tau_b"", ""stratum:factor:corpus"": ""dbpedia"", ""stratum:factor:temperature"": 0.9, ""stratum:factor:top_p"": 0.95, ""stratum:prompt_id"": ""open_news_v1""}",9d5d123408b4c8e4ad0d7322ccbf97bbe51a1507bee2fee8422fdada5bf6ed99,fbd_vs_mauve_kendall_sensitivity,0.26666666666666666,__meta__,open_news_v1,6,71,complete,__meta__
__none__,evaluator_minilm__evaluator_mpnet,evaluator_minilm__evaluator_mpnet,"{""encoder_pair"": ""evaluator_minilm__evaluator_mpnet"", ""rank_difference"": ""fbd - mauve_reference"", ""rank_entity_fields"": ""model_id"", ""rank_method"": ""kendall_tau_b"", ""stratum:factor:corpus"": ""ag_news"", ""stratum:factor:temperature"": 0.3, ""stratum:factor:top_p"": 0.8, ""stratum:prompt_id"": ""open_news_v1""}",df8bf3c54adbf12ed69910539fd952e9a801402e4c7681e839db73174aa8e1e8,fbd_vs_mauve_kendall_sensitivity,-0.1333333333333333,__meta__,open_news_v1,6,71,complete,__meta__
__none__,evaluator_minilm__evaluator_mpnet,evaluator_minilm__evaluator_mpnet,"{""encoder_pair"": ""evaluator_minilm__evaluator_mpnet"", ""rank_difference"": ""fbd - mauve_reference"", ""rank_entity_fields"": ""model_id"", ""rank_method"": ""kendall_tau_b"", ""stratum:factor:corpus"": ""dbpedia"", ""stratum:factor:temperature"": 0.6, ""stratum:factor:top_p"": 0.95, ""stratum:prompt_id"": ""open_news_v1""}",2428c53023b61f024bf310d564267065f05c47e2022fc657b20be34f8a70e330,fbd_vs_mauve_kendall_sensitivity,0.3999999999999999,__meta__,open_news_v1,6,71,complete,__meta__
__none__,evaluator_minilm__evaluator_mpnet,evaluator_minilm__evaluator_mpnet,"{""encoder_pair"": ""evaluator_minilm__evaluator_mpnet"", ""rank_difference"": ""fbd - mauve_reference"", ""rank_entity_fields"": ""model_id"", ""rank_method"": ""kendall_tau_b"", ""stratum:factor:corpus"": ""amazon_reviews"", ""stratum:factor:temperature"": 0.3, ""stratum:factor:top_p"": 0.8, ""stratum:prompt_id"": ""open_news_v1""}",bc5315b16d0ea888652a01d229d0e1fe3e6a34f7c072f0a641e6ea3a8bfde543,fbd_vs_mauve_kendall_sensitivity,0.2221632800311769,__meta__,open_news_v1,6,71,complete,__meta__
__none__,evaluator_minilm__evaluator_mpnet,evaluator_minilm__evaluator_mpnet,"{""encoder_pair"": ""evaluator_minilm__evaluator_mpnet"", ""rank_difference"": ""fbd - mauve_reference"", ""rank_entity_fields"": ""model_id"", ""rank_method"": ""kendall_tau_b"", ""stratum:factor:corpus"": ""ag_news"", ""stratum:factor:temperature"": 0.6, ""stratum:factor:top_p"": 0.8, ""stratum:prompt_id"": ""open_news_v1""}",ffef4bddc9f5c29652e696126a1c896c4858ff6772ee64e4344bc57c9591350f,fbd_vs_mauve_kendall_sensitivity,0.39999999999999997,__meta__,open_news_v1,6,71,complete,__meta__
__none__,evaluator_minilm__evaluator_mpnet,evaluator_minilm__evaluator_mpnet,"{""encoder_pair"": ""evaluator_minilm__evaluator_mpnet"", ""rank_difference"": ""fbd - mauve_reference"", ""rank_entity_fields"": ""model_id"", ""rank_method"": ""kendall_tau_b"", ""stratum:factor:corpus"": ""imdb_reviews"", ""stratum:factor:temperature"": 0.6, ""stratum:factor:top_p"": 0.8, ""stratum:prompt_id"": ""open_news_v1""}",dd356ae3409ba7659a1674f5c50d4d1652bc728cf479cf1568fa432cc9539115,fbd_vs_mauve_kendall_sensitivity,0.5333333333333332,__meta__,open_news_v1,6,71,complete,__meta__
__none__,evaluator_minilm__evaluator_mpnet,evaluator_minilm__evaluator_mpnet,"{""encoder_pair"": ""evaluator_minilm__evaluator_mpnet"", ""rank_difference"": ""fbd - mauve_reference"", ""rank_entity_fields"": ""model_id"", ""rank_method"": ""kendall_tau_b"", ""stratum:factor:corpus"": ""amazon_reviews"", ""stratum:factor:temperature"": 0.9, ""stratum:factor:top_p"": 0.8, ""stratum:prompt_id"": ""open_news_v1""}",0af3894b34c1478f09ad082a7536857e84862f8dc50a96e62754860144477849,fbd_vs_mauve_kendall_sensitivity,0.2666666666666666,__meta__,open_news_v1,6,71,complete,__meta__
__none__,evaluator_minilm__evaluator_mpnet,evaluator_minilm__evaluator_mpnet,"{""encoder_pair"": ""evaluator_minilm__evaluator_mpnet"", ""rank_difference"": ""fbd - mauve_reference"", ""rank_entity_fields"": ""model_id"", ""rank_method"": ""kendall_tau_b"", ""stratum:factor:corpus"": ""imdb_reviews"", ""stratum:factor:temperature"": 0.9, ""stratum:factor:top_p"": 0.8, ""stratum:prompt_id"": ""open_news_v1""}",11a82b8ba3ce323f06eb491aa1f36cd00fa294674ede96cedd1bfabef6df4a81,fbd_vs_mauve_kendall_sensitivity,0.5333333333333332,__meta__,open_news_v1,6,71,complete,__meta__
__none__,evaluator_minilm__evaluator_mpnet,evaluator_minilm__evaluator_mpnet,"{""encoder_pair"": ""evaluator_minilm__evaluator_mpnet"", ""rank_difference"": ""fbd - mauve_reference"", ""rank_entity_fields"": ""model_id"", ""rank_method"": ""kendall_tau_b"", ""stratum:factor:corpus"": ""ag_news"", ""stratum:factor:temperature"": 0.6, ""stratum:factor:top_p"": 0.95, ""stratum:prompt_id"": ""open_news_v1""}",6e245c0d791ad869147628eeacc398b34800e40a65d8f5010fa01c6b24f6d6a8,fbd_vs_mauve_kendall_sensitivity,0.1333333333333333,__meta__,open_news_v1,6,71,complete,__meta__
__none__,evaluator_minilm__evaluator_mpnet,evaluator_minilm__evaluator_mpnet,"{""encoder_pair"": ""evaluator_minilm__evaluator_mpnet"", ""rank_difference"": ""fbd - mauve_reference"", ""rank_entity_fields"": ""model_id"", ""rank_method"": ""kendall_tau_b"", ""stratum:factor:corpus"": ""ag_news"", ""stratum:factor:temperature"": 0.9, ""stratum:factor:top_p"": 0.8, ""stratum:prompt_id"": ""open_news_v1""}",bad44452d7aa0f1cbb4fd5e248d4bb5c1a15dd79b0811b22c181bc554670e5af,fbd_vs_mauve_kendall_sensitivity,0.3999999999999999,__meta__,open_news_v1,6,71,complete,__meta__
__none__,evaluator_minilm__evaluator_mpnet,evaluator_minilm__evaluator_mpnet,"{""encoder_pair"": ""evaluator_minilm__evaluator_mpnet"", ""rank_difference"": ""fbd - mauve_reference"", ""rank_entity_fields"": ""model_id"", ""rank_method"": ""kendall_tau_b"", ""stratum:factor:corpus"": ""dbpedia"", ""stratum:factor:temperature"": 0.3, ""stratum:factor:top_p"": 0.95, ""stratum:prompt_id"": ""open_news_v1""}",9c01b257c3336e4284a6063f277a1d09635c5a7ebc0235ab3132d92c9e1c3241,fbd_vs_mauve_kendall_sensitivity,0.6666666666666666,__meta__,open_news_v1,6,71,complete,__meta__
__none__,evaluator_minilm__evaluator_mpnet,evaluator_minilm__evaluator_mpnet,"{""encoder_pair"": ""evaluator_minilm__evaluator_mpnet"", ""rank_difference"": ""fbd - mauve_reference"", ""rank_entity_fields"": ""model_id"", ""rank_method"": ""kendall_tau_b"", ""stratum:factor:corpus"": ""amazon_reviews"", ""stratum:factor:temperature"": 0.3, ""stratum:factor:top_p"": 0.95, ""stratum:prompt_id"": ""open_news_v1""}",468498d55b78a70a63ab0aed009425020a68770e3c7790118cc4ead11440e216,fbd_vs_mauve_kendall_sensitivity,0.5859606643945874,__meta__,open_news_v1,6,71,complete,__meta__
__none__,evaluator_minilm__evaluator_mpnet,evaluator_minilm__evaluator_mpnet,"{""encoder_pair"": ""evaluator_minilm__evaluator_mpnet"", ""rank_difference"": ""fbd - mauve_reference"", ""rank_entity_fields"": ""model_id"", ""rank_method"": ""kendall_tau_b"", ""stratum:factor:corpus"": ""yahoo_answers"", ""stratum:factor:temperature"": 0.9, ""stratum:factor:top_p"": 0.95, ""stratum:prompt_id"": ""open_news_v1""}",ed3a3ac1621b4033e3f8f369381e3bedb4c34547facf854d6f98e10e54f2d0af,fbd_vs_mauve_kendall_sensitivity,-0.3999999999999999,__meta__,open_news_v1,6,71,complete,__meta__
__none__,evaluator_minilm__evaluator_mpnet,evaluator_minilm__evaluator_mpnet,"{""encoder_pair"": ""evaluator_minilm__evaluator_mpnet"", ""rank_difference"": ""fbd - mauve_reference"", ""rank_entity_fields"": ""model_id"", ""rank_method"": ""kendall_tau_b"", ""stratum:factor:corpus"": ""yahoo_answers"", ""stratum:factor:temperature"": 0.3, ""stratum:factor:top_p"": 0.95, ""stratum:prompt_id"": ""open_news_v1""}",76be3bf49535ee0319e034a87cca69bf9cb6eb7acbc3a9b2485b33a8e32c9c58,fbd_vs_mauve_kendall_sensitivity,-0.22807867121082515,__meta__,open_news_v1,6,71,complete,__meta__
__none__,evaluator_minilm__evaluator_mpnet,evaluator_minilm__evaluator_mpnet,"{""encoder_pair"": ""evaluator_minilm__evaluator_mpnet"", ""rank_difference"": ""fbd - mauve_reference"", ""rank_entity_fields"": ""model_id"", ""rank_method"": ""kendall_tau_b"", ""stratum:factor:corpus"": ""ag_news"", ""stratum:factor:temperature"": 0.9, ""stratum:factor:top_p"": 0.95, ""stratum:prompt_id"": ""open_news_v1""}",1fb54f036758268082d6b414e8f7e459bcdb5d6d5792f32f66f5ad56fd507b68,fbd_vs_mauve_kendall_sensitivity,0.0,__meta__,open_news_v1,6,71,complete,__meta__
__none__,evaluator_minilm__evaluator_mpnet,evaluator_minilm__evaluator_mpnet,"{""encoder_pair"": ""evaluator_minilm__evaluator_mpnet"", ""rank_difference"": ""fbd - mauve_reference"", ""rank_entity_fields"": ""model_id"", ""rank_method"": ""kendall_tau_b"", ""stratum:factor:corpus"": ""imdb_reviews"", ""stratum:factor:temperature"": 0.9, ""stratum:factor:top_p"": 0.95, ""stratum:prompt_id"": ""open_news_v1""}",0187e3454669175ac6fcbfe176a36f4f57be56851d61765c24b1252f7738ea24,fbd_vs_mauve_kendall_sensitivity,1.3333333333333333,__meta__,open_news_v1,6,71,complete,__meta__
__none__,evaluator_minilm__evaluator_mpnet,evaluator_minilm__evaluator_mpnet,"{""encoder_pair"": ""evaluator_minilm__evaluator_mpnet"", ""rank_difference"": ""fbd - mauve_reference"", ""rank_entity_fields"": ""model_id"", ""rank_method"": ""kendall_tau_b"", ""stratum:factor:corpus"": ""dbpedia"", ""stratum:factor:temperature"": 0.3, ""stratum:factor:top_p"": 0.8, ""stratum:prompt_id"": ""open_news_v1""}",64846aa4e0b1b1b168982fe5ebdeaa94b92efd7e555b772c4435d38ba4b3685e,fbd_vs_mauve_kendall_sensitivity,0.3769850107834341,__meta__,open_news_v1,6,71,complete,__meta__
__none__,evaluator_minilm__evaluator_mpnet,evaluator_minilm__evaluator_mpnet,"{""encoder_pair"": ""evaluator_minilm__evaluator_mpnet"", ""rank_difference"": ""fbd - mauve_reference"", ""rank_entity_fields"": ""model_id"", ""rank_method"": ""kendall_tau_b"", ""stratum:factor:corpus"": ""imdb_reviews"", ""stratum:factor:temperature"": 0.3, ""stratum:factor:top_p"": 0.8, ""stratum:prompt_id"": ""open_news_v1""}",f3909412f37be3fe80823b947b6192966ad4afefe738af6d86bb39c91ea2f37f,fbd_vs_mauve_kendall_sensitivity,0.07417990022744836,__meta__,open_news_v1,6,71,complete,__meta__
__none__,evaluator_minilm__evaluator_mpnet,evaluator_minilm__evaluator_mpnet,"{""encoder_pair"": ""evaluator_minilm__evaluator_mpnet"", ""rank_difference"": ""fbd - mauve_reference"", ""rank_entity_fields"": ""model_id"", ""rank_method"": ""kendall_tau_b"", ""stratum:factor:corpus"": ""dbpedia"", ""stratum:factor:temperature"": 0.6, ""stratum:factor:top_p"": 0.8, ""stratum:prompt_id"": ""open_news_v1""}",77e9a7d67bd0d2b0537a19d90a90c6c59f5b875e316b324816873b4b868fb9d8,fbd_vs_mauve_kendall_sensitivity,-0.1333333333333333,__meta__,open_news_v1,6,83,complete,__meta__
__none__,evaluator_minilm__evaluator_mpnet,evaluator_minilm__evaluator_mpnet,"{""encoder_pair"": ""evaluator_minilm__evaluator_mpnet"", ""rank_difference"": ""fbd - mauve_reference"", ""rank_entity_fields"": ""model_id"", ""rank_method"": ""kendall_tau_b"", ""stratum:factor:corpus"": ""yahoo_answers"", ""stratum:factor:temperature"": 0.3, ""stratum:factor:top_p"": 0.8, ""stratum:prompt_id"": ""open_news_v1""}",fb94acff8b0599c98816dcbaf1705422e9efa93f0cedc61b7aac75208b007162,fbd_vs_mauve_kendall_sensitivity,0.6994182646652485,__meta__,open_news_v1,6,83,complete,__meta__
__none__,evaluator_minilm__evaluator_mpnet,evaluator_minilm__evaluator_mpnet,"{""encoder_pair"": ""evaluator_minilm__evaluator_mpnet"", ""rank_difference"": ""fbd - mauve_reference"", ""rank_entity_fields"": ""model_id"", ""rank_method"": ""kendall_tau_b"", ""stratum:factor:corpus"": ""yahoo_answers"", ""stratum:factor:temperature"": 0.6, ""stratum:factor:top_p"": 0.8, ""stratum:prompt_id"": ""open_news_v1""}",73db5cea6e859a5702f17397209b798715e0c7ce7b85ee978a8ce79e24a7f098,fbd_vs_mauve_kendall_sensitivity,0.0,__meta__,open_news_v1,6,83,complete,__meta__
__none__,evaluator_minilm__evaluator_mpnet,evaluator_minilm__evaluator_mpnet,"{""encoder_pair"": ""evaluator_minilm__evaluator_mpnet"", ""rank_difference"": ""fbd - mauve_reference"", ""rank_entity_fields"": ""model_id"", ""rank_method"": ""kendall_tau_b"", ""stratum:factor:corpus"": ""yahoo_answers"", ""stratum:factor:temperature"": 0.9, ""stratum:factor:top_p"": 0.8, ""stratum:prompt_id"": ""open_news_v1""}",db171c9c7909e0267619340cd76151e6a6d882430ae55eeb8b0fdffca64108dd,fbd_vs_mauve_kendall_sensitivity,0.1333333333333333,__meta__,open_news_v1,6,83,complete,__meta__
__none__,evaluator_minilm__evaluator_mpnet,evaluator_minilm__evaluator_mpnet,"{""encoder_pair"": ""evaluator_minilm__evaluator_mpnet"", ""rank_difference"": ""fbd - mauve_reference"", ""rank_entity_fields"": ""model_id"", ""rank_method"": ""kendall_tau_b"", ""stratum:factor:corpus"": ""imdb_reviews"", ""stratum:factor:temperature"": 0.3, ""stratum:factor:top_p"": 0.95, ""stratum:prompt_id"": ""open_news_v1""}",6807a994d0298033bbfed1e0ce65486c8a36d4eccb63c688bf24491239e8f906,fbd_vs_mauve_kendall_sensitivity,0.39999999999999997,__meta__,open_news_v1,6,83,complete,__meta__
__none__,evaluator_minilm__evaluator_mpnet,evaluator_minilm__evaluator_mpnet,"{""encoder_pair"": ""evaluator_minilm__evaluator_mpnet"", ""rank_difference"": ""fbd - mauve_reference"", ""rank_entity_fields"": ""model_id"", ""rank_method"": ""kendall_tau_b"", ""stratum:factor:corpus"": ""ag_news"", ""stratum:factor:temperature"": 0.3, ""stratum:factor:top_p"": 0.95, ""stratum:prompt_id"": ""open_news_v1""}",8e91d6173a4625993c8236f7ad281d9a74211f5311b98967d95fbc96b6230f8d,fbd_vs_mauve_kendall_sensitivity,0.1333333333333333,__meta__,open_news_v1,6,83,complete,__meta__
__none__,evaluator_minilm__evaluator_mpnet,evaluator_minilm__evaluator_mpnet,"{""encoder_pair"": ""evaluator_minilm__evaluator_mpnet"", ""rank_difference"": ""fbd - mauve_reference"", ""rank_entity_fields"": ""model_id"", ""rank_method"": ""kendall_tau_b"", ""stratum:factor:corpus"": ""amazon_reviews"", ""stratum:factor:temperature"": 0.9, ""stratum:factor:top_p"": 0.95, ""stratum:prompt_id"": ""open_news_v1""}",0aa3dedd7b74253fe4bd51582d406e2bc8de077e8856e07b5a49d56f8cf014a3,fbd_vs_mauve_kendall_sensitivity,0.0,__meta__,open_news_v1,6,83,complete,__meta__
__none__,evaluator_minilm__evaluator_mpnet,evaluator_minilm__evaluator_mpnet,"{""encoder_pair"": ""evaluator_minilm__evaluator_mpnet"", ""rank_difference"": ""fbd - mauve_reference"", ""rank_entity_fields"": ""model_id"", ""rank_method"": ""kendall_tau_b"", ""stratum:factor:corpus"": ""amazon_reviews"", ""stratum:factor:temperature"": 0.6, ""stratum:factor:top_p"": 0.8, ""stratum:prompt_id"": ""open_news_v1""}",d0077f3f3447d7fb6152d9ed572b8b9448bef583353a7c680249627b1ac27400,fbd_vs_mauve_kendall_sensitivity,0.7999999999999999,__meta__,open_news_v1,6,83,complete,__meta__
__none__,evaluator_minilm__evaluator_mpnet,evaluator_minilm__evaluator_mpnet,"{""encoder_pair"": ""evaluator_minilm__evaluator_mpnet"", ""rank_difference"": ""fbd - mauve_reference"", ""rank_entity_fields"": ""model_id"", ""rank_method"": ""kendall_tau_b"", ""stratum:factor:corpus"": ""yahoo_answers"", ""stratum:factor:temperature"": 0.6, ""stratum:factor:top_p"": 0.95, ""stratum:prompt_id"": ""open_news_v1""}",5264dea87aebe8e3dbda43980abc164169792a7e62f9ff5b4ea12636432b4250,fbd_vs_mauve_kendall_sensitivity,0.1333333333333333,__meta__,open_news_v1,6,83,complete,__meta__
__none__,evaluator_minilm__evaluator_mpnet,evaluator_minilm__evaluator_mpnet,"{""encoder_pair"": ""evaluator_minilm__evaluator_mpnet"", ""rank_difference"": ""fbd - mauve_reference"", ""rank_entity_fields"": ""model_id"", ""rank_method"": ""kendall_tau_b"", ""stratum:factor:corpus"": ""dbpedia"", ""stratum:factor:temperature"": 0.9, ""stratum:factor:top_p"": 0.8, ""stratum:prompt_id"": ""open_news_v1""}",5a4c353f980ff3a6520bcb082e15c8ee1cf9c3b365a06e83b58bbc6b157c27ff,fbd_vs_mauve_kendall_sensitivity,0.6666666666666666,__meta__,open_news_v1,6,83,complete,__meta__
__none__,evaluator_minilm__evaluator_mpnet,evaluator_minilm__evaluator_mpnet,"{""encoder_pair"": ""evaluator_minilm__evaluator_mpnet"", ""rank_difference"": ""fbd - mauve_reference"", ""rank_entity_fields"": ""model_id"", ""rank_method"": ""kendall_tau_b"", ""stratum:factor:corpus"": ""imdb_reviews"", ""stratum:factor:temperature"": 0.6, ""stratum:factor:top_p"": 0.95, ""stratum:prompt_id"": ""open_news_v1""}",de16071d5bb1574919024a03074afb3f37108bb51867bcb7b7efc575f1cb493f,fbd_vs_mauve_kendall_sensitivity,0.6666666666666665,__meta__,open_news_v1,6,83,complete,__meta__
__none__,evaluator_minilm__evaluator_mpnet,evaluator_minilm__evaluator_mpnet,"{""encoder_pair"": ""evaluator_minilm__evaluator_mpnet"", ""rank_difference"": ""fbd - mauve_reference"", ""rank_entity_fields"": ""model_id"", ""rank_method"": ""kendall_tau_b"", ""stratum:factor:corpus"": ""amazon_reviews"", ""stratum:factor:temperature"": 0.6, ""stratum:factor:top_p"": 0.95, ""stratum:prompt_id"": ""open_news_v1""}",9c27260292cb84e83df3661f85595a33942d6e7d854909fcd0d630dbc5c7693a,fbd_vs_mauve_kendall_sensitivity,0.1333333333333333,__meta__,open_news_v1,6,83,complete,__meta__
__none__,evaluator_minilm__evaluator_mpnet,evaluator_minilm__evaluator_mpnet,"{""encoder_pair"": ""evaluator_minilm__evaluator_mpnet"", ""rank_difference"": ""fbd - mauve_reference"", ""rank_entity_fields"": ""model_id"", ""rank_method"": ""kendall_tau_b"", ""stratum:factor:corpus"": ""dbpedia"", ""stratum:factor:temperature"": 0.9, ""stratum:factor:top_p"": 0.95, ""stratum:prompt_id"": ""open_news_v1""}",ffcd82e9bf3cf021b87bb9556f4d0e84ffc98bdac3aa442df86da81939b9c097,fbd_vs_mauve_kendall_sensitivity,0.3999999999999999,__meta__,open_news_v1,6,83,complete,__meta__
__none__,evaluator_minilm__evaluator_mpnet,evaluator_minilm__evaluator_mpnet,"{""encoder_pair"": ""evaluator_minilm__evaluator_mpnet"", ""rank_difference"": ""fbd - mauve_reference"", ""rank_entity_fields"": ""model_id"", ""rank_method"": ""kendall_tau_b"", ""stratum:factor:corpus"": ""ag_news"", ""stratum:factor:temperature"": 0.3, ""stratum:factor:top_p"": 0.8, ""stratum:prompt_id"": ""open_news_v1""}",9103e04db66ddb40b77c7bb0cbde90c5a5b7fd1a853ef0a409930ccddf9bec46,fbd_vs_mauve_kendall_sensitivity,0.2666666666666666,__meta__,open_news_v1,6,83,complete,__meta__
__none__,evaluator_minilm__evaluator_mpnet,evaluator_minilm__evaluator_mpnet,"{""encoder_pair"": ""evaluator_minilm__evaluator_mpnet"", ""rank_difference"": ""fbd - mauve_reference"", ""rank_entity_fields"": ""model_id"", ""rank_method"": ""kendall_tau_b"", ""stratum:factor:corpus"": ""dbpedia"", ""stratum:factor:temperature"": 0.6, ""stratum:factor:top_p"": 0.95, ""stratum:prompt_id"": ""open_news_v1""}",4f7d7296cfd2650e2140246ea39222a8997a708198ed17598c4c8d10fa40e14b,fbd_vs_mauve_kendall_sensitivity,0.0,__meta__,open_news_v1,6,83,complete,__meta__
__none__,evaluator_minilm__evaluator_mpnet,evaluator_minilm__evaluator_mpnet,"{""encoder_pair"": ""evaluator_minilm__evaluator_mpnet"", ""rank_difference"": ""fbd - mauve_reference"", ""rank_entity_fields"": ""model_id"", ""rank_method"": ""kendall_tau_b"", ""stratum:factor:corpus"": ""amazon_reviews"", ""stratum:factor:temperature"": 0.3, ""stratum:factor:top_p"": 0.8, ""stratum:prompt_id"": ""open_news_v1""}",1f06d0d93f6c17bdcbde0f0c158e86c59eb29b6f79608f61bea4eeec8d1b362e,fbd_vs_mauve_kendall_sensitivity,0.06905066374873714,__meta__,open_news_v1,6,83,complete,__meta__
__none__,evaluator_minilm__evaluator_mpnet,evaluator_minilm__evaluator_mpnet,"{""encoder_pair"": ""evaluator_minilm__evaluator_mpnet"", ""rank_difference"": ""fbd - mauve_reference"", ""rank_entity_fields"": ""model_id"", ""rank_method"": ""kendall_tau_b"", ""stratum:factor:corpus"": ""ag_news"", ""stratum:factor:temperature"": 0.6, ""stratum:factor:top_p"": 0.8, ""stratum:prompt_id"": ""open_news_v1""}",c44c08a815a9cf2869d3817770d19ff6457eacc4eb0d8140dc53a3c7e3a747fc,fbd_vs_mauve_kendall_sensitivity,0.2666666666666666,__meta__,open_news_v1,6,83,complete,__meta__
__none__,evaluator_minilm__evaluator_mpnet,evaluator_minilm__evaluator_mpnet,"{""encoder_pair"": ""evaluator_minilm__evaluator_mpnet"", ""rank_difference"": ""fbd - mauve_reference"", ""rank_entity_fields"": ""model_id"", ""rank_method"": ""kendall_tau_b"", ""stratum:factor:corpus"": ""imdb_reviews"", ""stratum:factor:temperature"": 0.6, ""stratum:factor:top_p"": 0.8, ""stratum:prompt_id"": ""open_news_v1""}",b7fd6a938b80725858538473071e0dfdeb092daa8409413b64d5881980bd8de8,fbd_vs_mauve_kendall_sensitivity,-0.1333333333333333,__meta__,open_news_v1,6,83,complete,__meta__
__none__,evaluator_minilm__evaluator_mpnet,evaluator_minilm__evaluator_mpnet,"{""encoder_pair"": ""evaluator_minilm__evaluator_mpnet"", ""rank_difference"": ""fbd - mauve_reference"", ""rank_entity_fields"": ""model_id"", ""rank_method"": ""kendall_tau_b"", ""stratum:factor:corpus"": ""amazon_reviews"", ""stratum:factor:temperature"": 0.9, ""stratum:factor:top_p"": 0.8, ""stratum:prompt_id"": ""open_news_v1""}",94c982a9215a0ba8b64259ad14d18e45da259f7ad3ce16dbc1d05531b0f11dae,fbd_vs_mauve_kendall_sensitivity,0.6666666666666665,__meta__,open_news_v1,6,83,complete,__meta__
__none__,evaluator_minilm__evaluator_mpnet,evaluator_minilm__evaluator_mpnet,"{""encoder_pair"": ""evaluator_minilm__evaluator_mpnet"", ""rank_difference"": ""fbd - mauve_reference"", ""rank_entity_fields"": ""model_id"", ""rank_method"": ""kendall_tau_b"", ""stratum:factor:corpus"": ""imdb_reviews"", ""stratum:factor:temperature"": 0.9, ""stratum:factor:top_p"": 0.8, ""stratum:prompt_id"": ""open_news_v1""}",e785bacec8d6b666c6a3da4d613c30f218420dcef3d13577870f3e70d4cee5de,fbd_vs_mauve_kendall_sensitivity,0.2666666666666666,__meta__,open_news_v1,6,83,complete,__meta__
__none__,evaluator_minilm__evaluator_mpnet,evaluator_minilm__evaluator_mpnet,"{""encoder_pair"": ""evaluator_minilm__evaluator_mpnet"", ""rank_difference"": ""fbd - mauve_reference"", ""rank_entity_fields"": ""model_id"", ""rank_method"": ""kendall_tau_b"", ""stratum:factor:corpus"": ""ag_news"", ""stratum:factor:temperature"": 0.6, ""stratum:factor:top_p"": 0.95, ""stratum:prompt_id"": ""open_news_v1""}",bc686850a297cc85d9d6274d0dd93a0eddbdb41e1b52154287b382849a246cc4,fbd_vs_mauve_kendall_sensitivity,0.2666666666666666,__meta__,open_news_v1,6,83,complete,__meta__
__none__,evaluator_minilm__evaluator_mpnet,evaluator_minilm__evaluator_mpnet,"{""encoder_pair"": ""evaluator_minilm__evaluator_mpnet"", ""rank_difference"": ""fbd - mauve_reference"", ""rank_entity_fields"": ""model_id"", ""rank_method"": ""kendall_tau_b"", ""stratum:factor:corpus"": ""ag_news"", ""stratum:factor:temperature"": 0.9, ""stratum:factor:top_p"": 0.8, ""stratum:prompt_id"": ""open_news_v1""}",1931a8f9823a83dd63ed77d52c79b01d0051bcef18ef90b55edc4c9b04faaf80,fbd_vs_mauve_kendall_sensitivity,0.1333333333333333,__meta__,open_news_v1,6,83,complete,__meta__
__none__,evaluator_minilm__evaluator_mpnet,evaluator_minilm__evaluator_mpnet,"{""encoder_pair"": ""evaluator_minilm__evaluator_mpnet"", ""rank_difference"": ""fbd - mauve_reference"", ""rank_entity_fields"": ""model_id"", ""rank_method"": ""kendall_tau_b"", ""stratum:factor:corpus"": ""dbpedia"", ""stratum:factor:temperature"": 0.3, ""stratum:factor:top_p"": 0.95, ""stratum:prompt_id"": ""open_news_v1""}",f3c1be3a9ee29fa208b88b7a6dec2117adeffbd91e76aa4e343cec3d22086db0,fbd_vs_mauve_kendall_sensitivity,0.0,__meta__,open_news_v1,6,83,complete,__meta__
__none__,evaluator_minilm__evaluator_mpnet,evaluator_minilm__evaluator_mpnet,"{""encoder_pair"": ""evaluator_minilm__evaluator_mpnet"", ""rank_difference"": ""fbd - mauve_reference"", ""rank_entity_fields"": ""model_id"", ""rank_method"": ""kendall_tau_b"", ""stratum:factor:corpus"": ""amazon_reviews"", ""stratum:factor:temperature"": 0.3, ""stratum:factor:top_p"": 0.95, ""stratum:prompt_id"": ""open_news_v1""}",9088d8dd0745360d65c4809b41e7c8b01096c0e66cffdf462a6498fa16a76c84,fbd_vs_mauve_kendall_sensitivity,0.6666666666666665,__meta__,open_news_v1,6,83,complete,__meta__
__none__,evaluator_minilm__evaluator_mpnet,evaluator_minilm__evaluator_mpnet,"{""encoder_pair"": ""evaluator_minilm__evaluator_mpnet"", ""rank_difference"": ""fbd - mauve_reference"", ""rank_entity_fields"": ""model_id"", ""rank_method"": ""kendall_tau_b"", ""stratum:factor:corpus"": ""yahoo_answers"", ""stratum:factor:temperature"": 0.9, ""stratum:factor:top_p"": 0.95, ""stratum:prompt_id"": ""open_news_v1""}",b108cabe2344da1991b95155fd667337417f80cfc45b93cdf97febeb246c524d,fbd_vs_mauve_kendall_sensitivity,0.1333333333333333,__meta__,open_news_v1,6,83,complete,__meta__
__none__,evaluator_minilm__evaluator_mpnet,evaluator_minilm__evaluator_mpnet,"{""encoder_pair"": ""evaluator_minilm__evaluator_mpnet"", ""rank_difference"": ""fbd - mauve_reference"", ""rank_entity_fields"": ""model_id"", ""rank_method"": ""kendall_tau_b"", ""stratum:factor:corpus"": ""yahoo_answers"", ""stratum:factor:temperature"": 0.3, ""stratum:factor:top_p"": 0.95, ""stratum:prompt_id"": ""open_news_v1""}",483fce2cc223b6053773a574a5bb5eb84665824d62803579237a8b86ac79448d,fbd_vs_mauve_kendall_sensitivity,-0.2327584497459626,__meta__,open_news_v1,6,83,complete,__meta__
__none__,evaluator_minilm__evaluator_mpnet,evaluator_minilm__evaluator_mpnet,"{""encoder_pair"": ""evaluator_minilm__evaluator_mpnet"", ""rank_difference"": ""fbd - mauve_reference"", ""rank_entity_fields"": ""model_id"", ""rank_method"": ""kendall_tau_b"", ""stratum:factor:corpus"": ""ag_news"", ""stratum:factor:temperature"": 0.9, ""stratum:factor:top_p"": 0.95, ""stratum:prompt_id"": ""open_news_v1""}",c6f36771c888d133728a83b2dfe7455e2807951136efa6c5a2d4a56112bdc5ce,fbd_vs_mauve_kendall_sensitivity,0.1333333333333333,__meta__,open_news_v1,6,83,complete,__meta__
__none__,evaluator_minilm__evaluator_mpnet,evaluator_minilm__evaluator_mpnet,"{""encoder_pair"": ""evaluator_minilm__evaluator_mpnet"", ""rank_difference"": ""fbd - mauve_reference"", ""rank_entity_fields"": ""model_id"", ""rank_method"": ""kendall_tau_b"", ""stratum:factor:corpus"": ""imdb_reviews"", ""stratum:factor:temperature"": 0.9, ""stratum:factor:top_p"": 0.95, ""stratum:prompt_id"": ""open_news_v1""}",77476322ee62e9bac075971c5e4820fe6ece55dcbd54ee82d0dc1e3f22b70a41,fbd_vs_mauve_kendall_sensitivity,0.39999999999999997,__meta__,open_news_v1,6,83,complete,__meta__
__none__,evaluator_minilm__evaluator_mpnet,evaluator_minilm__evaluator_mpnet,"{""encoder_pair"": ""evaluator_minilm__evaluator_mpnet"", ""rank_difference"": ""fbd - mauve_reference"", ""rank_entity_fields"": ""model_id"", ""rank_method"": ""kendall_tau_b"", ""stratum:factor:corpus"": ""dbpedia"", ""stratum:factor:temperature"": 0.3, ""stratum:factor:top_p"": 0.8, ""stratum:prompt_id"": ""open_news_v1""}",b48e02bea28fe8d5db87ea7a41236a370ea17150a9bc53d28dea71a470568bba,fbd_vs_mauve_kendall_sensitivity,1.0220084679281463,__meta__,open_news_v1,6,83,complete,__meta__
__none__,evaluator_minilm__evaluator_mpnet,evaluator_minilm__evaluator_mpnet,"{""encoder_pair"": ""evaluator_minilm__evaluator_mpnet"", ""rank_difference"": ""fbd - mauve_reference"", ""rank_entity_fields"": ""model_id"", ""rank_method"": ""kendall_tau_b"", ""stratum:factor:corpus"": ""imdb_reviews"", ""stratum:factor:temperature"": 0.3, ""stratum:factor:top_p"": 0.8, ""stratum:prompt_id"": ""open_news_v1""}",868015c270114b30e2cfc85c66f25ad13ee926d2b0bf5d17a221722a6012b6cb,fbd_vs_mauve_kendall_sensitivity,0.033333333333333104,__meta__,open_news_v1,6,83,complete,__meta__
__none__,evaluator_minilm__evaluator_mpnet,evaluator_minilm__evaluator_mpnet,"{""encoder_pair"": ""evaluator_minilm__evaluator_mpnet"", ""rank_difference"": ""fbd - mauve_reference"", ""rank_entity_fields"": ""model_id"", ""rank_method"": ""kendall_tau_b"", ""stratum:factor:corpus"": ""dbpedia"", ""stratum:factor:temperature"": 0.6, ""stratum:factor:top_p"": 0.8, ""stratum:prompt_id"": ""open_news_v1""}",e8e1fc134a80fccd2faebe422baa3569038b8134379f7c1d382545924e970427,fbd_vs_mauve_kendall_sensitivity,0.0,__meta__,open_news_v1,6,97,complete,__meta__
__none__,evaluator_minilm__evaluator_mpnet,evaluator_minilm__evaluator_mpnet,"{""encoder_pair"": ""evaluator_minilm__evaluator_mpnet"", ""rank_difference"": ""fbd - mauve_reference"", ""rank_entity_fields"": ""model_id"", ""rank_method"": ""kendall_tau_b"", ""stratum:factor:corpus"": ""yahoo_answers"", ""stratum:factor:temperature"": 0.3, ""stratum:factor:top_p"": 0.8, ""stratum:prompt_id"": ""open_news_v1""}",cc73021335267b76fee4ed9f8c451cebdb9fe273b606e17de89ccfbaa3b678ad,fbd_vs_mauve_kendall_sensitivity,0.9285714285714285,__meta__,open_news_v1,6,97,complete,__meta__
__none__,evaluator_minilm__evaluator_mpnet,evaluator_minilm__evaluator_mpnet,"{""encoder_pair"": ""evaluator_minilm__evaluator_mpnet"", ""rank_difference"": ""fbd - mauve_reference"", ""rank_entity_fields"": ""model_id"", ""rank_method"": ""kendall_tau_b"", ""stratum:factor:corpus"": ""yahoo_answers"", ""stratum:factor:temperature"": 0.6, ""stratum:factor:top_p"": 0.8, ""stratum:prompt_id"": ""open_news_v1""}",5e21f391bb58499db24156437b7ff4a39153978826497fce66b0acc9c97ee7c6,fbd_vs_mauve_kendall_sensitivity,0.39999999999999997,__meta__,open_news_v1,6,97,complete,__meta__
__none__,evaluator_minilm__evaluator_mpnet,evaluator_minilm__evaluator_mpnet,"{""encoder_pair"": ""evaluator_minilm__evaluator_mpnet"", ""rank_difference"": ""fbd - mauve_reference"", ""rank_entity_fields"": ""model_id"", ""rank_method"": ""kendall_tau_b"", ""stratum:factor:corpus"": ""yahoo_answers"", ""stratum:factor:temperature"": 0.9, ""stratum:factor:top_p"": 0.8, ""stratum:prompt_id"": ""open_news_v1""}",5f3e88116ad24c6910104baf24a0777078f09948419a054c6ab8747b4eacbb39,fbd_vs_mauve_kendall_sensitivity,-0.1333333333333333,__meta__,open_news_v1,6,97,complete,__meta__
__none__,evaluator_minilm__evaluator_mpnet,evaluator_minilm__evaluator_mpnet,"{""encoder_pair"": ""evaluator_minilm__evaluator_mpnet"", ""rank_difference"": ""fbd - mauve_reference"", ""rank_entity_fields"": ""model_id"", ""rank_method"": ""kendall_tau_b"", ""stratum:factor:corpus"": ""imdb_reviews"", ""stratum:factor:temperature"": 0.3, ""stratum:factor:top_p"": 0.95, ""stratum:prompt_id"": ""open_news_v1""}",3631e0cdf5b7c8aa6069ddd760c2cee2424b99c1bb3e84da3307a4c4a52c6b51,fbd_vs_mauve_kendall_sensitivity,0.26666666666666666,__meta__,open_news_v1,6,97,complete,__meta__
__none__,evaluator_minilm__evaluator_mpnet,evaluator_minilm__evaluator_mpnet,"{""encoder_pair"": ""evaluator_minilm__evaluator_mpnet"", ""rank_difference"": ""fbd - mauve_reference"", ""rank_entity_fields"": ""model_id"", ""rank_method"": ""kendall_tau_b"", ""stratum:factor:corpus"": ""ag_news"", ""stratum:factor:temperature"": 0.3, ""stratum:factor:top_p"": 0.95, ""stratum:prompt_id"": ""open_news_v1""}",48646c22b65aab4da3ca66236f77ca4aa195540af303ca315298efbcff6f293e,fbd_vs_mauve_kendall_sensitivity,0.2666666666666666,__meta__,open_news_v1,6,97,complete,__meta__
__none__,evaluator_minilm__evaluator_mpnet,evaluator_minilm__evaluator_mpnet,"{""encoder_pair"": ""evaluator_minilm__evaluator_mpnet"", ""rank_difference"": ""fbd - mauve_reference"", ""rank_entity_fields"": ""model_id"", ""rank_method"": ""kendall_tau_b"", ""stratum:factor:corpus"": ""amazon_reviews"", ""stratum:factor:temperature"": 0.9, ""stratum:factor:top_p"": 0.95, ""stratum:prompt_id"": ""open_news_v1""}",6f9cabd9d418fac5f131ba1425c0c8654299f6278bd6c683612d09b12cbddaad,fbd_vs_mauve_kendall_sensitivity,0.7999999999999998,__meta__,open_news_v1,6,97,complete,__meta__
__none__,evaluator_minilm__evaluator_mpnet,evaluator_minilm__evaluator_mpnet,"{""encoder_pair"": ""evaluator_minilm__evaluator_mpnet"", ""rank_difference"": ""fbd - mauve_reference"", ""rank_entity_fields"": ""model_id"", ""rank_method"": ""kendall_tau_b"", ""stratum:factor:corpus"": ""amazon_reviews"", ""stratum:factor:temperature"": 0.6, ""stratum:factor:top_p"": 0.8, ""stratum:prompt_id"": ""open_news_v1""}",2e65e313f3f02ea8a76487a0fbf89ea832fe004983211b59a0ef25dff466b227,fbd_vs_mauve_kendall_sensitivity,0.6666666666666665,__meta__,open_news_v1,6,97,complete,__meta__
__none__,evaluator_minilm__evaluator_mpnet,evaluator_minilm__evaluator_mpnet,"{""encoder_pair"": ""evaluator_minilm__evaluator_mpnet"", ""rank_difference"": ""fbd - mauve_reference"", ""rank_entity_fields"": ""model_id"", ""rank_method"": ""kendall_tau_b"", ""stratum:factor:corpus"": ""yahoo_answers"", ""stratum:factor:temperature"": 0.6, ""stratum:factor:top_p"": 0.95, ""stratum:prompt_id"": ""open_news_v1""}",5344690f63f9b6367cca322f06c9060a88f64bc77f8910e6ae404e6aa5bde2eb,fbd_vs_mauve_kendall_sensitivity,0.2666666666666666,__meta__,open_news_v1,6,97,complete,__meta__
__none__,evaluator_minilm__evaluator_mpnet,evaluator_minilm__evaluator_mpnet,"{""encoder_pair"": ""evaluator_minilm__evaluator_mpnet"", ""rank_difference"": ""fbd - mauve_reference"", ""rank_entity_fields"": ""model_id"", ""rank_method"": ""kendall_tau_b"", ""stratum:factor:corpus"": ""dbpedia"", ""stratum:factor:temperature"": 0.9, ""stratum:factor:top_p"": 0.8, ""stratum:prompt_id"": ""open_news_v1""}",ff71e40c7d4c5c5923d7bb843abf4392b329db8b0d9649760c16639d0e84ef71,fbd_vs_mauve_kendall_sensitivity,0.0,__meta__,open_news_v1,6,97,complete,__meta__
__none__,evaluator_minilm__evaluator_mpnet,evaluator_minilm__evaluator_mpnet,"{""encoder_pair"": ""evaluator_minilm__evaluator_mpnet"", ""rank_difference"": ""fbd - mauve_reference"", ""rank_entity_fields"": ""model_id"", ""rank_method"": ""kendall_tau_b"", ""stratum:factor:corpus"": ""imdb_reviews"", ""stratum:factor:temperature"": 0.6, ""stratum:factor:top_p"": 0.95, ""stratum:prompt_id"": ""open_news_v1""}",d42ef044d707c790a049156e20bf425d03fcb63c632d8e98fa8ea38c2a03fc87,fbd_vs_mauve_kendall_sensitivity,0.2666666666666666,__meta__,open_news_v1,6,97,complete,__meta__
__none__,evaluator_minilm__evaluator_mpnet,evaluator_minilm__evaluator_mpnet,"{""encoder_pair"": ""evaluator_minilm__evaluator_mpnet"", ""rank_difference"": ""fbd - mauve_reference"", ""rank_entity_fields"": ""model_id"", ""rank_method"": ""kendall_tau_b"", ""stratum:factor:corpus"": ""amazon_reviews"", ""stratum:factor:temperature"": 0.6, ""stratum:factor:top_p"": 0.95, ""stratum:prompt_id"": ""open_news_v1""}",b5b79bfd94e36117454b1b5a569812cccfb02e47c04dc15c35342596098bd5d8,fbd_vs_mauve_kendall_sensitivity,0.39999999999999997,__meta__,open_news_v1,6,97,complete,__meta__
__none__,evaluator_minilm__evaluator_mpnet,evaluator_minilm__evaluator_mpnet,"{""encoder_pair"": ""evaluator_minilm__evaluator_mpnet"", ""rank_difference"": ""fbd - mauve_reference"", ""rank_entity_fields"": ""model_id"", ""rank_method"": ""kendall_tau_b"", ""stratum:factor:corpus"": ""dbpedia"", ""stratum:factor:temperature"": 0.9, ""stratum:factor:top_p"": 0.95, ""stratum:prompt_id"": ""open_news_v1""}",95a9a49ca6720fd3dac32d0dda540c9e0e957ee4b353d4cb8efb1870b3bbcbb2,fbd_vs_mauve_kendall_sensitivity,0.1333333333333333,__meta__,open_news_v1,6,97,complete,__meta__
__none__,evaluator_minilm__evaluator_mpnet,evaluator_minilm__evaluator_mpnet,"{""encoder_pair"": ""evaluator_minilm__evaluator_mpnet"", ""rank_difference"": ""fbd - mauve_reference"", ""rank_entity_fields"": ""model_id"", ""rank_method"": ""kendall_tau_b"", ""stratum:factor:corpus"": ""ag_news"", ""stratum:factor:temperature"": 0.3, ""stratum:factor:top_p"": 0.8, ""stratum:prompt_id"": ""open_news_v1""}",237080ea509bf0ecabf09d529fe6bada392f133df5600b40c88a12c98757cc79,fbd_vs_mauve_kendall_sensitivity,0.1333333333333333,__meta__,open_news_v1,6,97,complete,__meta__
__none__,evaluator_minilm__evaluator_mpnet,evaluator_minilm__evaluator_mpnet,"{""encoder_pair"": ""evaluator_minilm__evaluator_mpnet"", ""rank_difference"": ""fbd - mauve_reference"", ""rank_entity_fields"": ""model_id"", ""rank_method"": ""kendall_tau_b"", ""stratum:factor:corpus"": ""dbpedia"", ""stratum:factor:temperature"": 0.6, ""stratum:factor:top_p"": 0.95, ""stratum:prompt_id"": ""open_news_v1""}",b7386cfaa77bc6418dbc409831219cf9668ada50d8e830519e2d6da9c672656c,fbd_vs_mauve_kendall_sensitivity,0.3999999999999999,__meta__,open_news_v1,6,97,complete,__meta__
__none__,evaluator_minilm__evaluator_mpnet,evaluator_minilm__evaluator_mpnet,"{""encoder_pair"": ""evaluator_minilm__evaluator_mpnet"", ""rank_difference"": ""fbd - mauve_reference"", ""rank_entity_fields"": ""model_id"", ""rank_method"": ""kendall_tau_b"", ""stratum:factor:corpus"": ""amazon_reviews"", ""stratum:factor:temperature"": 0.3, ""stratum:factor:top_p"": 0.8, ""stratum:prompt_id"": ""open_news_v1""}",3304738ac94acadb006d8f4b66962ce18b892cee6751c13131c9c6a713557608,fbd_vs_mauve_kendall_sensitivity,0.5714285714285713,__meta__,open_news_v1,6,97,complete,__meta__
__none__,evaluator_minilm__evaluator_mpnet,evaluator_minilm__evaluator_mpnet,"{""encoder_pair"": ""evaluator_minilm__evaluator_mpnet"", ""rank_difference"": ""fbd - mauve_reference"", ""rank_entity_fields"": ""model_id"", ""rank_method"": ""kendall_tau_b"", ""stratum:factor:corpus"": ""ag_news"", ""stratum:factor:temperature"": 0.6, ""stratum:factor:top_p"": 0.8, ""stratum:prompt_id"": ""open_news_v1""}",9213a27c8b710a8219c6ca2abe8102b4be544cd6d4a5d199f8c8073f7c89896f,fbd_vs_mauve_kendall_sensitivity,0.7999999999999998,__meta__,open_news_v1,6,97,complete,__meta__
__none__,evaluator_minilm__evaluator_mpnet,evaluator_minilm__evaluator_mpnet,"{""encoder_pair"": ""evaluator_minilm__evaluator_mpnet"", ""rank_difference"": ""fbd - mauve_reference"", ""rank_entity_fields"": ""model_id"", ""rank_method"": ""kendall_tau_b"", ""stratum:factor:corpus"": ""imdb_reviews"", ""stratum:factor:temperature"": 0.6, ""stratum:factor:top_p"": 0.8, ""stratum:prompt_id"": ""open_news_v1""}",89ec5a6a0f4af298512c49aa7842b8059c5fb3afc6a84df6e761aa93ef9c78de,fbd_vs_mauve_kendall_sensitivity,0.1333333333333333,__meta__,open_news_v1,6,97,complete,__meta__
__none__,evaluator_minilm__evaluator_mpnet,evaluator_minilm__evaluator_mpnet,"{""encoder_pair"": ""evaluator_minilm__evaluator_mpnet"", ""rank_difference"": ""fbd - mauve_reference"", ""rank_entity_fields"": ""model_id"", ""rank_method"": ""kendall_tau_b"", ""stratum:factor:corpus"": ""amazon_reviews"", ""stratum:factor:temperature"": 0.9, ""stratum:factor:top_p"": 0.8, ""stratum:prompt_id"": ""open_news_v1""}",332fefe464a3b0f88fdb309f5e17e9060d6efcbed17597e96ddd020bd555cd8e,fbd_vs_mauve_kendall_sensitivity,0.0,__meta__,open_news_v1,6,97,complete,__meta__
__none__,evaluator_minilm__evaluator_mpnet,evaluator_minilm__evaluator_mpnet,"{""encoder_pair"": ""evaluator_minilm__evaluator_mpnet"", ""rank_difference"": ""fbd - mauve_reference"", ""rank_entity_fields"": ""model_id"", ""rank_method"": ""kendall_tau_b"", ""stratum:factor:corpus"": ""imdb_reviews"", ""stratum:factor:temperature"": 0.9, ""stratum:factor:top_p"": 0.8, ""stratum:prompt_id"": ""open_news_v1""}",9e530905016da743756fc1f6fd0d258ddddff462425c3965ea73f28eb3cd2e52,fbd_vs_mauve_kendall_sensitivity,0.5333333333333332,__meta__,open_news_v1,6,97,complete,__meta__
__none__,evaluator_minilm__evaluator_mpnet,evaluator_minilm__evaluator_mpnet,"{""encoder_pair"": ""evaluator_minilm__evaluator_mpnet"", ""rank_difference"": ""fbd - mauve_reference"", ""rank_entity_fields"": ""model_id"", ""rank_method"": ""kendall_tau_b"", ""stratum:factor:corpus"": ""ag_news"", ""stratum:factor:temperature"": 0.6, ""stratum:factor:top_p"": 0.95, ""stratum:prompt_id"": ""open_news_v1""}",2bf459e1d49165737ee1f920f8ed223f97675af188be17efc2fe7bf68efe04e9,fbd_vs_mauve_kendall_sensitivity,0.0,__meta__,open_news_v1,6,97,complete,__meta__
__none__,evaluator_minilm__evaluator_mpnet,evaluator_minilm__evaluator_mpnet,"{""encoder_pair"": ""evaluator_minilm__evaluator_mpnet"", ""rank_difference"": ""fbd - mauve_reference"", ""rank_entity_fields"": ""model_id"", ""rank_method"": ""kendall_tau_b"", ""stratum:factor:corpus"": ""ag_news"", ""stratum:factor:temperature"": 0.9, ""stratum:factor:top_p"": 0.8, ""stratum:prompt_id"": ""open_news_v1""}",a320674ca41b2e03c2bfb9c75f2341491898c60f32a731c94c3419ed8347e466,fbd_vs_mauve_kendall_sensitivity,0.2666666666666666,__meta__,open_news_v1,6,97,complete,__meta__
__none__,evaluator_minilm__evaluator_mpnet,evaluator_minilm__evaluator_mpnet,"{""encoder_pair"": ""evaluator_minilm__evaluator_mpnet"", ""rank_difference"": ""fbd - mauve_reference"", ""rank_entity_fields"": ""model_id"", ""rank_method"": ""kendall_tau_b"", ""stratum:factor:corpus"": ""dbpedia"", ""stratum:factor:temperature"": 0.3, ""stratum:factor:top_p"": 0.95, ""stratum:prompt_id"": ""open_news_v1""}",e1647b3883a6c5c16048cd84c1c13317e76f15bfbd3c25595bbcf3717f5ebba7,fbd_vs_mauve_kendall_sensitivity,0.39999999999999997,__meta__,open_news_v1,6,97,complete,__meta__
__none__,evaluator_minilm__evaluator_mpnet,evaluator_minilm__evaluator_mpnet,"{""encoder_pair"": ""evaluator_minilm__evaluator_mpnet"", ""rank_difference"": ""fbd - mauve_reference"", ""rank_entity_fields"": ""model_id"", ""rank_method"": ""kendall_tau_b"", ""stratum:factor:corpus"": ""amazon_reviews"", ""stratum:factor:temperature"": 0.3, ""stratum:factor:top_p"": 0.95, ""stratum:prompt_id"": ""open_news_v1""}",06909d0ad4152c238c4ee522c227bc4d2230f9d396767dc4ef9608ec7c63cce5,fbd_vs_mauve_kendall_sensitivity,0.2861197378333753,__meta__,open_news_v1,6,97,complete,__meta__
__none__,evaluator_minilm__evaluator_mpnet,evaluator_minilm__evaluator_mpnet,"{""encoder_pair"": ""evaluator_minilm__evaluator_mpnet"", ""rank_difference"": ""fbd - mauve_reference"", ""rank_entity_fields"": ""model_id"", ""rank_method"": ""kendall_tau_b"", ""stratum:factor:corpus"": ""yahoo_answers"", ""stratum:factor:temperature"": 0.9, ""stratum:factor:top_p"": 0.95, ""stratum:prompt_id"": ""open_news_v1""}",a69a05a398a3bd1eb70c63fcb99266171bc07fe9d87e86c52960f8f2929f08d2,fbd_vs_mauve_kendall_sensitivity,0.0,__meta__,open_news_v1,6,97,complete,__meta__
__none__,evaluator_minilm__evaluator_mpnet,evaluator_minilm__evaluator_mpnet,"{""encoder_pair"": ""evaluator_minilm__evaluator_mpnet"", ""rank_difference"": ""fbd - mauve_reference"", ""rank_entity_fields"": ""model_id"", ""rank_method"": ""kendall_tau_b"", ""stratum:factor:corpus"": ""yahoo_answers"", ""stratum:factor:temperature"": 0.3, ""stratum:factor:top_p"": 0.95, ""stratum:prompt_id"": ""open_news_v1""}",dfdd28f1b89034d37ef1a9115a60eb9aeaa352592ce5f4394954c1d3b93d8f99,fbd_vs_mauve_kendall_sensitivity,0.39999999999999997,__meta__,open_news_v1,6,97,complete,__meta__
__none__,evaluator_minilm__evaluator_mpnet,evaluator_minilm__evaluator_mpnet,"{""encoder_pair"": ""evaluator_minilm__evaluator_mpnet"", ""rank_difference"": ""fbd - mauve_reference"", ""rank_entity_fields"": ""model_id"", ""rank_method"": ""kendall_tau_b"", ""stratum:factor:corpus"": ""ag_news"", ""stratum:factor:temperature"": 0.9, ""stratum:factor:top_p"": 0.95, ""stratum:prompt_id"": ""open_news_v1""}",7311ebebaba6fef15ff4c1ec1dbaa9dff8c16eb20e3feb27407124f223ffb875,fbd_vs_mauve_kendall_sensitivity,0.2666666666666666,__meta__,open_news_v1,6,97,complete,__meta__
__none__,evaluator_minilm__evaluator_mpnet,evaluator_minilm__evaluator_mpnet,"{""encoder_pair"": ""evaluator_minilm__evaluator_mpnet"", ""rank_difference"": ""fbd - mauve_reference"", ""rank_entity_fields"": ""model_id"", ""rank_method"": ""kendall_tau_b"", ""stratum:factor:corpus"": ""imdb_reviews"", ""stratum:factor:temperature"": 0.9, ""stratum:factor:top_p"": 0.95, ""stratum:prompt_id"": ""open_news_v1""}",d0bf0df569c96c0ab2d8ce20ec0523157a03660d52a168ccb957decc8624633d,fbd_vs_mauve_kendall_sensitivity,0.7999999999999998,__meta__,open_news_v1,6,97,complete,__meta__
__none__,evaluator_minilm__evaluator_mpnet,evaluator_minilm__evaluator_mpnet,"{""encoder_pair"": ""evaluator_minilm__evaluator_mpnet"", ""rank_difference"": ""fbd - mauve_reference"", ""rank_entity_fields"": ""model_id"", ""rank_method"": ""kendall_tau_b"", ""stratum:factor:corpus"": ""dbpedia"", ""stratum:factor:temperature"": 0.3, ""stratum:factor:top_p"": 0.8, ""stratum:prompt_id"": ""open_news_v1""}",bafb07a311d6122e84e575cb3d577b8ac50333b16cbd9ca52366a434f3e14ffc,fbd_vs_mauve_kendall_sensitivity,0.034616372328822864,__meta__,open_news_v1,6,97,complete,__meta__
__none__,evaluator_minilm__evaluator_mpnet,evaluator_minilm__evaluator_mpnet,"{""encoder_pair"": ""evaluator_minilm__evaluator_mpnet"", ""rank_difference"": ""fbd - mauve_reference"", ""rank_entity_fields"": ""model_id"", ""rank_method"": ""kendall_tau_b"", ""stratum:factor:corpus"": ""imdb_reviews"", ""stratum:factor:temperature"": 0.3, ""stratum:factor:top_p"": 0.8, ""stratum:prompt_id"": ""open_news_v1""}",21192e4672cf77148002844c07b8877e2acace71f99fa2638e2504cc114e3cea,fbd_vs_mauve_kendall_sensitivity,0.7999999999999998,__meta__,open_news_v1,6,97,complete,__meta__
__none__,evaluator_minilm__evaluator_mpnet,evaluator_minilm__evaluator_mpnet,"{""encoder_pair"": ""evaluator_minilm__evaluator_mpnet"", ""rank_entity_fields"": ""model_id"", ""rank_method"": ""spearman"", ""stratum:factor:corpus"": ""dbpedia"", ""stratum:factor:temperature"": 0.6, ""stratum:factor:top_p"": 0.8, ""stratum:prompt_id"": ""open_news_v1""}",372acd28e269eb0c9477953332365050eda5fdcef675c5fcfc55e83a490fe002,internal_mauve_rank_sensitivity,0.8857142857142858,__meta__,open_news_v1,6,109,complete,__meta__
__none__,evaluator_minilm__evaluator_mpnet,evaluator_minilm__evaluator_mpnet,"{""encoder_pair"": ""evaluator_minilm__evaluator_mpnet"", ""rank_entity_fields"": ""model_id"", ""rank_method"": ""spearman"", ""stratum:factor:corpus"": ""yahoo_answers"", ""stratum:factor:temperature"": 0.3, ""stratum:factor:top_p"": 0.8, ""stratum:prompt_id"": ""open_news_v1""}",2afa855cf199997db8a7062adbc625d1d6ba94650e890207ae2aa550a285951d,internal_mauve_rank_sensitivity,0.6,__meta__,open_news_v1,6,109,complete,__meta__
__none__,evaluator_minilm__evaluator_mpnet,evaluator_minilm__evaluator_mpnet,"{""encoder_pair"": ""evaluator_minilm__evaluator_mpnet"", ""rank_entity_fields"": ""model_id"", ""rank_method"": ""spearman"", ""stratum:factor:corpus"": ""yahoo_answers"", ""stratum:factor:temperature"": 0.6, ""stratum:factor:top_p"": 0.8, ""stratum:prompt_id"": ""open_news_v1""}",ed295f66e67239d7f58947e7c1c2da4478c88abe193fae1bad1e6cb1cb4e9c70,internal_mauve_rank_sensitivity,0.8857142857142858,__meta__,open_news_v1,6,109,complete,__meta__
__none__,evaluator_minilm__evaluator_mpnet,evaluator_minilm__evaluator_mpnet,"{""encoder_pair"": ""evaluator_minilm__evaluator_mpnet"", ""rank_entity_fields"": ""model_id"", ""rank_method"": ""spearman"", ""stratum:factor:corpus"": ""yahoo_answers"", ""stratum:factor:temperature"": 0.9, ""stratum:factor:top_p"": 0.8, ""stratum:prompt_id"": ""open_news_v1""}",707fdf832c6dc00436a85523e49b14d4501d327649a5981690f0c42107a6d53a,internal_mauve_rank_sensitivity,0.942857142857143,__meta__,open_news_v1,6,109,complete,__meta__
__none__,evaluator_minilm__evaluator_mpnet,evaluator_minilm__evaluator_mpnet,"{""encoder_pair"": ""evaluator_minilm__evaluator_mpnet"", ""rank_entity_fields"": ""model_id"", ""rank_method"": ""spearman"", ""stratum:factor:corpus"": ""imdb_reviews"", ""stratum:factor:temperature"": 0.3, ""stratum:factor:top_p"": 0.95, ""stratum:prompt_id"": ""open_news_v1""}",43759963df517fb689ba8e5a85a25d68646f96764e141cccdb8e200bd5868492,internal_mauve_rank_sensitivity,0.2571428571428572,__meta__,open_news_v1,6,109,complete,__meta__
__none__,evaluator_minilm__evaluator_mpnet,evaluator_minilm__evaluator_mpnet,"{""encoder_pair"": ""evaluator_minilm__evaluator_mpnet"", ""rank_entity_fields"": ""model_id"", ""rank_method"": ""spearman"", ""stratum:factor:corpus"": ""ag_news"", ""stratum:factor:temperature"": 0.3, ""stratum:factor:top_p"": 0.95, ""stratum:prompt_id"": ""open_news_v1""}",14198227211310001635fdc0711433792f4016a4fb2d495e32c6496f8ecc7e3f,internal_mauve_rank_sensitivity,0.6571428571428573,__meta__,open_news_v1,6,109,complete,__meta__
__none__,evaluator_minilm__evaluator_mpnet,evaluator_minilm__evaluator_mpnet,"{""encoder_pair"": ""evaluator_minilm__evaluator_mpnet"", ""rank_entity_fields"": ""model_id"", ""rank_method"": ""spearman"", ""stratum:factor:corpus"": ""amazon_reviews"", ""stratum:factor:temperature"": 0.9, ""stratum:factor:top_p"": 0.95, ""stratum:prompt_id"": ""open_news_v1""}",16d35abface89ca8f31bcdfec269903cfca76b87eb7203b4d09cca8ea6f9cbf1,internal_mauve_rank_sensitivity,0.942857142857143,__meta__,open_news_v1,6,109,complete,__meta__
__none__,evaluator_minilm__evaluator_mpnet,evaluator_minilm__evaluator_mpnet,"{""encoder_pair"": ""evaluator_minilm__evaluator_mpnet"", ""rank_entity_fields"": ""model_id"", ""rank_method"": ""spearman"", ""stratum:factor:corpus"": ""amazon_reviews"", ""stratum:factor:temperature"": 0.6, ""stratum:factor:top_p"": 0.8, ""stratum:prompt_id"": ""open_news_v1""}",be20237190675e533db13317e81a9de7e8a2c202f09f385be1457546ac8cccc1,internal_mauve_rank_sensitivity,0.8285714285714287,__meta__,open_news_v1,6,109,complete,__meta__
__none__,evaluator_minilm__evaluator_mpnet,evaluator_minilm__evaluator_mpnet,"{""encoder_pair"": ""evaluator_minilm__evaluator_mpnet"", ""rank_entity_fields"": ""model_id"", ""rank_method"": ""spearman"", ""stratum:factor:corpus"": ""yahoo_answers"", ""stratum:factor:temperature"": 0.6, ""stratum:factor:top_p"": 0.95, ""stratum:prompt_id"": ""open_news_v1""}",7d27d1c79edf5e3bf3d9730c5a14e3689804bc0ad91084c0b3b18202f713af78,internal_mauve_rank_sensitivity,0.942857142857143,__meta__,open_news_v1,6,109,complete,__meta__
__none__,evaluator_minilm__evaluator_mpnet,evaluator_minilm__evaluator_mpnet,"{""encoder_pair"": ""evaluator_minilm__evaluator_mpnet"", ""rank_entity_fields"": ""model_id"", ""rank_method"": ""spearman"", ""stratum:factor:corpus"": ""dbpedia"", ""stratum:factor:temperature"": 0.9, ""stratum:factor:top_p"": 0.8, ""stratum:prompt_id"": ""open_news_v1""}",b4908b148cad9f105b7d92ee69b19806bcc03da87c7ba27a37a8d73ef8af1405,internal_mauve_rank_sensitivity,0.8285714285714287,__meta__,open_news_v1,6,109,complete,__meta__
__none__,evaluator_minilm__evaluator_mpnet,evaluator_minilm__evaluator_mpnet,"{""encoder_pair"": ""evaluator_minilm__evaluator_mpnet"", ""rank_entity_fields"": ""model_id"", ""rank_method"": ""spearman"", ""stratum:factor:corpus"": ""imdb_reviews"", ""stratum:factor:temperature"": 0.6, ""stratum:factor:top_p"": 0.95, ""stratum:prompt_id"": ""open_news_v1""}",642df02fe04e3040838954d7bde13c7fa9de8e6f232bb39926335a587297f991,internal_mauve_rank_sensitivity,0.8285714285714287,__meta__,open_news_v1,6,109,complete,__meta__
__none__,evaluator_minilm__evaluator_mpnet,evaluator_minilm__evaluator_mpnet,"{""encoder_pair"": ""evaluator_minilm__evaluator_mpnet"", ""rank_entity_fields"": ""model_id"", ""rank_method"": ""spearman"", ""stratum:factor:corpus"": ""amazon_reviews"", ""stratum:factor:temperature"": 0.6, ""stratum:factor:top_p"": 0.95, ""stratum:prompt_id"": ""open_news_v1""}",0c6e329c56b537c5ffdffe89744581a4a8e167aebb584c008af363415d5fc301,internal_mauve_rank_sensitivity,0.8285714285714287,__meta__,open_news_v1,6,109,complete,__meta__
__none__,evaluator_minilm__evaluator_mpnet,evaluator_minilm__evaluator_mpnet,"{""encoder_pair"": ""evaluator_minilm__evaluator_mpnet"", ""rank_entity_fields"": ""model_id"", ""rank_method"": ""spearman"", ""stratum:factor:corpus"": ""dbpedia"", ""stratum:factor:temperature"": 0.9, ""stratum:factor:top_p"": 0.95, ""stratum:prompt_id"": ""open_news_v1""}",a8278ad0ab1cbcaa022278c5bfa8e49a1d179933d223c4ab7f126be5995bec08,internal_mauve_rank_sensitivity,0.6,__meta__,open_news_v1,6,109,complete,__meta__
__none__,evaluator_minilm__evaluator_mpnet,evaluator_minilm__evaluator_mpnet,"{""encoder_pair"": ""evaluator_minilm__evaluator_mpnet"", ""rank_entity_fields"": ""model_id"", ""rank_method"": ""spearman"", ""stratum:factor:corpus"": ""ag_news"", ""stratum:factor:temperature"": 0.3, ""stratum:factor:top_p"": 0.8, ""stratum:prompt_id"": ""open_news_v1""}",19aa2a5f5b21e865d0c2f3e66b4ced1b73067715226ac783d5f6e765a2c7a515,internal_mauve_rank_sensitivity,0.8285714285714287,__meta__,open_news_v1,6,109,complete,__meta__
__none__,evaluator_minilm__evaluator_mpnet,evaluator_minilm__evaluator_mpnet,"{""encoder_pair"": ""evaluator_minilm__evaluator_mpnet"", ""rank_entity_fields"": ""model_id"", ""rank_method"": ""spearman"", ""stratum:factor:corpus"": ""dbpedia"", ""stratum:factor:temperature"": 0.6, ""stratum:factor:top_p"": 0.95, ""stratum:prompt_id"": ""open_news_v1""}",858b1b71769cab0fcf697de41883102edcce14c965315f7941add049b5ca53d0,internal_mauve_rank_sensitivity,0.942857142857143,__meta__,open_news_v1,6,109,complete,__meta__
__none__,evaluator_minilm__evaluator_mpnet,evaluator_minilm__evaluator_mpnet,"{""encoder_pair"": ""evaluator_minilm__evaluator_mpnet"", ""rank_entity_fields"": ""model_id"", ""rank_method"": ""spearman"", ""stratum:factor:corpus"": ""amazon_reviews"", ""stratum:factor:temperature"": 0.3, ""stratum:factor:top_p"": 0.8, ""stratum:prompt_id"": ""open_news_v1""}",e3c93dcd3e0d642f763bc81da7ad52210693e531fcf19eac4d2e1720433c330f,internal_mauve_rank_sensitivity,0.3714285714285715,__meta__,open_news_v1,6,109,complete,__meta__
__none__,evaluator_minilm__evaluator_mpnet,evaluator_minilm__evaluator_mpnet,"{""encoder_pair"": ""evaluator_minilm__evaluator_mpnet"", ""rank_entity_fields"": ""model_id"", ""rank_method"": ""spearman"", ""stratum:factor:corpus"": ""ag_news"", ""stratum:factor:temperature"": 0.6, ""stratum:factor:top_p"": 0.8, ""stratum:prompt_id"": ""open_news_v1""}",e326df69606f5a2294ec91bdcebf6cc657058e2e93ff4090c85263c824a90617,internal_mauve_rank_sensitivity,0.7714285714285715,__meta__,open_news_v1,6,109,complete,__meta__
__none__,evaluator_minilm__evaluator_mpnet,evaluator_minilm__evaluator_mpnet,"{""encoder_pair"": ""evaluator_minilm__evaluator_mpnet"", ""rank_entity_fields"": ""model_id"", ""rank_method"": ""spearman"", ""stratum:factor:corpus"": ""imdb_reviews"", ""stratum:factor:temperature"": 0.6, ""stratum:factor:top_p"": 0.8, ""stratum:prompt_id"": ""open_news_v1""}",eb672682c2c2296f731c754dc366b17c10c11a1a0fca67746774fdffc2ba7230,internal_mauve_rank_sensitivity,0.7714285714285715,__meta__,open_news_v1,6,109,complete,__meta__
__none__,evaluator_minilm__evaluator_mpnet,evaluator_minilm__evaluator_mpnet,"{""encoder_pair"": ""evaluator_minilm__evaluator_mpnet"", ""rank_entity_fields"": ""model_id"", ""rank_method"": ""spearman"", ""stratum:factor:corpus"": ""amazon_reviews"", ""stratum:factor:temperature"": 0.9, ""stratum:factor:top_p"": 0.8, ""stratum:prompt_id"": ""open_news_v1""}",4eb4562780bf5b4b47f4744c0f63afad14635479b07768043b7818f66ad15206,internal_mauve_rank_sensitivity,0.8285714285714287,__meta__,open_news_v1,6,109,complete,__meta__
__none__,evaluator_minilm__evaluator_mpnet,evaluator_minilm__evaluator_mpnet,"{""encoder_pair"": ""evaluator_minilm__evaluator_mpnet"", ""rank_entity_fields"": ""model_id"", ""rank_method"": ""spearman"", ""stratum:factor:corpus"": ""imdb_reviews"", ""stratum:factor:temperature"": 0.9, ""stratum:factor:top_p"": 0.8, ""stratum:prompt_id"": ""open_news_v1""}",750d7b395cbce425234cbf5b788c7072fc0d7ce88d6a1e1c9e3799898d0afdb4,internal_mauve_rank_sensitivity,0.3142857142857143,__meta__,open_news_v1,6,109,complete,__meta__
__none__,evaluator_minilm__evaluator_mpnet,evaluator_minilm__evaluator_mpnet,"{""encoder_pair"": ""evaluator_minilm__evaluator_mpnet"", ""rank_entity_fields"": ""model_id"", ""rank_method"": ""spearman"", ""stratum:factor:corpus"": ""ag_news"", ""stratum:factor:temperature"": 0.6, ""stratum:factor:top_p"": 0.95, ""stratum:prompt_id"": ""open_news_v1""}",f701ed3f40cc4d9c35ac6f75c6d0bf02e565535369734750b82ec746d3f1b826,internal_mauve_rank_sensitivity,0.942857142857143,__meta__,open_news_v1,6,109,complete,__meta__
__none__,evaluator_minilm__evaluator_mpnet,evaluator_minilm__evaluator_mpnet,"{""encoder_pair"": ""evaluator_minilm__evaluator_mpnet"", ""rank_entity_fields"": ""model_id"", ""rank_method"": ""spearman"", ""stratum:factor:corpus"": ""ag_news"", ""stratum:factor:temperature"": 0.9, ""stratum:factor:top_p"": 0.8, ""stratum:prompt_id"": ""open_news_v1""}",93dad09b3255d9d4cadadec2d591767d397f7a0829111c9aca09acfbb2bf0741,internal_mauve_rank_sensitivity,0.6,__meta__,open_news_v1,6,109,complete,__meta__
__none__,evaluator_minilm__evaluator_mpnet,evaluator_minilm__evaluator_mpnet,"{""encoder_pair"": ""evaluator_minilm__evaluator_mpnet"", ""rank_entity_fields"": ""model_id"", ""rank_method"": ""spearman"", ""stratum:factor:corpus"": ""dbpedia"", ""stratum:factor:temperature"": 0.3, ""stratum:factor:top_p"": 0.95, ""stratum:prompt_id"": ""open_news_v1""}",2f3dc2cc93cd5b53dd91dff4d9caa13aaa507553921c7ec13e0a69b60a941958,internal_mauve_rank_sensitivity,0.48571428571428577,__meta__,open_news_v1,6,109,complete,__meta__
__none__,evaluator_minilm__evaluator_mpnet,evaluator_minilm__evaluator_mpnet,"{""encoder_pair"": ""evaluator_minilm__evaluator_mpnet"", ""rank_entity_fields"": ""model_id"", ""rank_method"": ""spearman"", ""stratum:factor:corpus"": ""amazon_reviews"", ""stratum:factor:temperature"": 0.3, ""stratum:factor:top_p"": 0.95, ""stratum:prompt_id"": ""open_news_v1""}",f57fccc27b0ca93f2fa755083646f66b5362184b23622442256b4e2c48c4697d,internal_mauve_rank_sensitivity,0.8285714285714287,__meta__,open_news_v1,6,109,complete,__meta__
__none__,evaluator_minilm__evaluator_mpnet,evaluator_minilm__evaluator_mpnet,"{""encoder_pair"": ""evaluator_minilm__evaluator_mpnet"", ""rank_entity_fields"": ""model_id"", ""rank_method"": ""spearman"", ""stratum:factor:corpus"": ""yahoo_answers"", ""stratum:factor:temperature"": 0.9, ""stratum:factor:top_p"": 0.95, ""stratum:prompt_id"": ""open_news_v1""}",2c4cb106d4997446821d58e1d6d6126e04e9e9200adb068b6eaa62073af75a42,internal_mauve_rank_sensitivity,0.8285714285714287,__meta__,open_news_v1,6,109,complete,__meta__
__none__,evaluator_minilm__evaluator_mpnet,evaluator_minilm__evaluator_mpnet,"{""encoder_pair"": ""evaluator_minilm__evaluator_mpnet"", ""rank_entity_fields"": ""model_id"", ""rank_method"": ""spearman"", ""stratum:factor:corpus"": ""yahoo_answers"", ""stratum:factor:temperature"": 0.3, ""stratum:factor:top_p"": 0.95, ""stratum:prompt_id"": ""open_news_v1""}",9720fa62e3aca544d09837df485da490b7e138474a01dbf36d986970aa7a4f53,internal_mauve_rank_sensitivity,0.6,__meta__,open_news_v1,6,109,complete,__meta__
__none__,evaluator_minilm__evaluator_mpnet,evaluator_minilm__evaluator_mpnet,"{""encoder_pair"": ""evaluator_minilm__evaluator_mpnet"", ""rank_entity_fields"": ""model_id"", ""rank_method"": ""spearman"", ""stratum:factor:corpus"": ""ag_news"", ""stratum:factor:temperature"": 0.9, ""stratum:factor:top_p"": 0.95, ""stratum:prompt_id"": ""open_news_v1""}",80a7d11520abc038d96cdf2c778e7d29220c81413f3888b37ab90338c983d038,internal_mauve_rank_sensitivity,0.8857142857142858,__meta__,open_news_v1,6,109,complete,__meta__
__none__,evaluator_minilm__evaluator_mpnet,evaluator_minilm__evaluator_mpnet,"{""encoder_pair"": ""evaluator_minilm__evaluator_mpnet"", ""rank_entity_fields"": ""model_id"", ""rank_method"": ""spearman"", ""stratum:factor:corpus"": ""imdb_reviews"", ""stratum:factor:temperature"": 0.9, ""stratum:factor:top_p"": 0.95, ""stratum:prompt_id"": ""open_news_v1""}",aefcd807bfa58fcb21fa3e52cc392ea5b2b091cd63e88bc639614a6b68270bc0,internal_mauve_rank_sensitivity,0.7714285714285715,__meta__,open_news_v1,6,109,complete,__meta__
__none__,evaluator_minilm__evaluator_mpnet,evaluator_minilm__evaluator_mpnet,"{""encoder_pair"": ""evaluator_minilm__evaluator_mpnet"", ""rank_entity_fields"": ""model_id"", ""rank_method"": ""spearman"", ""stratum:factor:corpus"": ""dbpedia"", ""stratum:factor:temperature"": 0.3, ""stratum:factor:top_p"": 0.8, ""stratum:prompt_id"": ""open_news_v1""}",847f5b936cb0301bd9dc8c6bd151b73e9b8ae4c73d5d411dd888b72049992c2e,internal_mauve_rank_sensitivity,0.08571428571428573,__meta__,open_news_v1,6,109,complete,__meta__
__none__,evaluator_minilm__evaluator_mpnet,evaluator_minilm__evaluator_mpnet,"{""encoder_pair"": ""evaluator_minilm__evaluator_mpnet"", ""rank_entity_fields"": ""model_id"", ""rank_method"": ""spearman"", ""stratum:factor:corpus"": ""imdb_reviews"", ""stratum:factor:temperature"": 0.3, ""stratum:factor:top_p"": 0.8, ""stratum:prompt_id"": ""open_news_v1""}",44f112ce4ca2c7f2eeb31846f733a47aca49c5e15016de18fa554c106d9ea8ae,internal_mauve_rank_sensitivity,1.0,__meta__,open_news_v1,6,109,complete,__meta__
__none__,evaluator_minilm__evaluator_mpnet,evaluator_minilm__evaluator_mpnet,"{""encoder_pair"": ""evaluator_minilm__evaluator_mpnet"", ""rank_entity_fields"": ""model_id"", ""rank_method"": ""spearman"", ""stratum:factor:corpus"": ""dbpedia"", ""stratum:factor:temperature"": 0.6, ""stratum:factor:top_p"": 0.8, ""stratum:prompt_id"": ""open_news_v1""}",22277aa0dd545900055fcaa61f591312f558c7574c2db3e7b053e88c8d70f864,internal_mauve_rank_sensitivity,0.8285714285714287,__meta__,open_news_v1,6,17,complete,__meta__
__none__,evaluator_minilm__evaluator_mpnet,evaluator_minilm__evaluator_mpnet,"{""encoder_pair"": ""evaluator_minilm__evaluator_mpnet"", ""rank_entity_fields"": ""model_id"", ""rank_method"": ""spearman"", ""stratum:factor:corpus"": ""yahoo_answers"", ""stratum:factor:temperature"": 0.3, ""stratum:factor:top_p"": 0.8, ""stratum:prompt_id"": ""open_news_v1""}",5724b4033457ce8fea8bd3d8ce5c79dd0c1193c81453b2e65fbc02759d3f1328,internal_mauve_rank_sensitivity,-0.028571428571428574,__meta__,open_news_v1,6,17,complete,__meta__
__none__,evaluator_minilm__evaluator_mpnet,evaluator_minilm__evaluator_mpnet,"{""encoder_pair"": ""evaluator_minilm__evaluator_mpnet"", ""rank_entity_fields"": ""model_id"", ""rank_method"": ""spearman"", ""stratum:factor:corpus"": ""yahoo_answers"", ""stratum:factor:temperature"": 0.6, ""stratum:factor:top_p"": 0.8, ""stratum:prompt_id"": ""open_news_v1""}",65c27577871ba2d326761847fa4e922aa704021f87322ebf6638ba6164bed5ba,internal_mauve_rank_sensitivity,0.8857142857142858,__meta__,open_news_v1,6,17,complete,__meta__
__none__,evaluator_minilm__evaluator_mpnet,evaluator_minilm__evaluator_mpnet,"{""encoder_pair"": ""evaluator_minilm__evaluator_mpnet"", ""rank_entity_fields"": ""model_id"", ""rank_method"": ""spearman"", ""stratum:factor:corpus"": ""yahoo_answers"", ""stratum:factor:temperature"": 0.9, ""stratum:factor:top_p"": 0.8, ""stratum:prompt_id"": ""open_news_v1""}",71f383d990c9cfda19481b4a47f093174d7406119e035e8f6c54b59f32f781c5,internal_mauve_rank_sensitivity,0.7142857142857143,__meta__,open_news_v1,6,17,complete,__meta__
__none__,evaluator_minilm__evaluator_mpnet,evaluator_minilm__evaluator_mpnet,"{""encoder_pair"": ""evaluator_minilm__evaluator_mpnet"", ""rank_entity_fields"": ""model_id"", ""rank_method"": ""spearman"", ""stratum:factor:corpus"": ""imdb_reviews"", ""stratum:factor:temperature"": 0.3, ""stratum:factor:top_p"": 0.95, ""stratum:prompt_id"": ""open_news_v1""}",a59df00701c7f258320ec71762ff8621ee2cb7112a93f7eccbc2ffb3a269a07c,internal_mauve_rank_sensitivity,0.8285714285714287,__meta__,open_news_v1,6,17,complete,__meta__
__none__,evaluator_minilm__evaluator_mpnet,evaluator_minilm__evaluator_mpnet,"{""encoder_pair"": ""evaluator_minilm__evaluator_mpnet"", ""rank_entity_fields"": ""model_id"", ""rank_method"": ""spearman"", ""stratum:factor:corpus"": ""ag_news"", ""stratum:factor:temperature"": 0.3, ""stratum:factor:top_p"": 0.95, ""stratum:prompt_id"": ""open_news_v1""}",39de981f7ce73c1bec666d6e569d5a5efaef7fdfac9851306f211704dd175144,internal_mauve_rank_sensitivity,1.0,__meta__,open_news_v1,6,17,complete,__meta__
__none__,evaluator_minilm__evaluator_mpnet,evaluator_minilm__evaluator_mpnet,"{""encoder_pair"": ""evaluator_minilm__evaluator_mpnet"", ""rank_entity_fields"": ""model_id"", ""rank_method"": ""spearman"", ""stratum:factor:corpus"": ""amazon_reviews"", ""stratum:factor:temperature"": 0.9, ""stratum:factor:top_p"": 0.95, ""stratum:prompt_id"": ""open_news_v1""}",eed0dd99baba68c916bebda9d65f5b56c036a7e94f702212e8c6f78a24a56f39,internal_mauve_rank_sensitivity,0.8285714285714287,__meta__,open_news_v1,6,17,complete,__meta__
__none__,evaluator_minilm__evaluator_mpnet,evaluator_minilm__evaluator_mpnet,"{""encoder_pair"": ""evaluator_minilm__evaluator_mpnet"", ""rank_entity_fields"": ""model_id"", ""rank_method"": ""spearman"", ""stratum:factor:corpus"": ""amazon_reviews"", ""stratum:factor:temperature"": 0.6, ""stratum:factor:top_p"": 0.8, ""stratum:prompt_id"": ""open_news_v1""}",68f20405ea98456187726bee25ba5941a3724ed3783e45682544ceb4fb19a2a1,internal_mauve_rank_sensitivity,0.8285714285714287,__meta__,open_news_v1,6,17,complete,__meta__
__none__,evaluator_minilm__evaluator_mpnet,evaluator_minilm__evaluator_mpnet,"{""encoder_pair"": ""evaluator_minilm__evaluator_mpnet"", ""rank_entity_fields"": ""model_id"", ""rank_method"": ""spearman"", ""stratum:factor:corpus"": ""yahoo_answers"", ""stratum:factor:temperature"": 0.6, ""stratum:factor:top_p"": 0.95, ""stratum:prompt_id"": ""open_news_v1""}",fa0dde09110bd4d8ea3b72836b2b269f910fcd9baaa14fcb9d0889aec94aaa29,internal_mauve_rank_sensitivity,0.942857142857143,__meta__,open_news_v1,6,17,complete,__meta__
__none__,evaluator_minilm__evaluator_mpnet,evaluator_minilm__evaluator_mpnet,"{""encoder_pair"": ""evaluator_minilm__evaluator_mpnet"", ""rank_entity_fields"": ""model_id"", ""rank_method"": ""spearman"", ""stratum:factor:corpus"": ""dbpedia"", ""stratum:factor:temperature"": 0.9, ""stratum:factor:top_p"": 0.8, ""stratum:prompt_id"": ""open_news_v1""}",3bf0365aee0ace0d66aa46cc1c9f1405e38fb3639027cda26c3dcf570e3fd7bd,internal_mauve_rank_sensitivity,0.8285714285714287,__meta__,open_news_v1,6,17,complete,__meta__
__none__,evaluator_minilm__evaluator_mpnet,evaluator_minilm__evaluator_mpnet,"{""encoder_pair"": ""evaluator_minilm__evaluator_mpnet"", ""rank_entity_fields"": ""model_id"", ""rank_method"": ""spearman"", ""stratum:factor:corpus"": ""imdb_reviews"", ""stratum:factor:temperature"": 0.6, ""stratum:factor:top_p"": 0.95, ""stratum:prompt_id"": ""open_news_v1""}",83e3c18780352dfaee035df75b74c32b442dc57df21f4951a6d3ce62f7c4b42f,internal_mauve_rank_sensitivity,-0.14285714285714288,__meta__,open_news_v1,6,17,complete,__meta__
__none__,evaluator_minilm__evaluator_mpnet,evaluator_minilm__evaluator_mpnet,"{""encoder_pair"": ""evaluator_minilm__evaluator_mpnet"", ""rank_entity_fields"": ""model_id"", ""rank_method"": ""spearman"", ""stratum:factor:corpus"": ""amazon_reviews"", ""stratum:factor:temperature"": 0.6, ""stratum:factor:top_p"": 0.95, ""stratum:prompt_id"": ""open_news_v1""}",2c7984fcb5206b7e51703f7b2698622d430ec999181aff9abf3fe0ef7375ab96,internal_mauve_rank_sensitivity,0.8857142857142858,__meta__,open_news_v1,6,17,complete,__meta__
__none__,evaluator_minilm__evaluator_mpnet,evaluator_minilm__evaluator_mpnet,"{""encoder_pair"": ""evaluator_minilm__evaluator_mpnet"", ""rank_entity_fields"": ""model_id"", ""rank_method"": ""spearman"", ""stratum:factor:corpus"": ""dbpedia"", ""stratum:factor:temperature"": 0.9, ""stratum:factor:top_p"": 0.95, ""stratum:prompt_id"": ""open_news_v1""}",39f22eb8ac237db56d66b4324cdbdd2954c862c0779cc8d5c0597853cb9a8b11,internal_mauve_rank_sensitivity,0.942857142857143,__meta__,open_news_v1,6,17,complete,__meta__
__none__,evaluator_minilm__evaluator_mpnet,evaluator_minilm__evaluator_mpnet,"{""encoder_pair"": ""evaluator_minilm__evaluator_mpnet"", ""rank_entity_fields"": ""model_id"", ""rank_method"": ""spearman"", ""stratum:factor:corpus"": ""ag_news"", ""stratum:factor:temperature"": 0.3, ""stratum:factor:top_p"": 0.8, ""stratum:prompt_id"": ""open_news_v1""}",c76f856612e4f0207b70013ebc9e3c12b82c0de0bfa8c417edf396ee608e602a,internal_mauve_rank_sensitivity,0.7714285714285715,__meta__,open_news_v1,6,17,complete,__meta__
__none__,evaluator_minilm__evaluator_mpnet,evaluator_minilm__evaluator_mpnet,"{""encoder_pair"": ""evaluator_minilm__evaluator_mpnet"", ""rank_entity_fields"": ""model_id"", ""rank_method"": ""spearman"", ""stratum:factor:corpus"": ""dbpedia"", ""stratum:factor:temperature"": 0.6, ""stratum:factor:top_p"": 0.95, ""stratum:prompt_id"": ""open_news_v1""}",c901d4ad39b84f7d7473fb375aadec4034bcd5d469db3c88bc5e5ef5d3295328,internal_mauve_rank_sensitivity,0.6571428571428573,__meta__,open_news_v1,6,17,complete,__meta__
__none__,evaluator_minilm__evaluator_mpnet,evaluator_minilm__evaluator_mpnet,"{""encoder_pair"": ""evaluator_minilm__evaluator_mpnet"", ""rank_entity_fields"": ""model_id"", ""rank_method"": ""spearman"", ""stratum:factor:corpus"": ""amazon_reviews"", ""stratum:factor:temperature"": 0.3, ""stratum:factor:top_p"": 0.8, ""stratum:prompt_id"": ""open_news_v1""}",5520dc89f64cf20087aed95d4aea25ceb7af6430fe8aa760623a39a249043d73,internal_mauve_rank_sensitivity,0.7714285714285715,__meta__,open_news_v1,6,17,complete,__meta__
__none__,evaluator_minilm__evaluator_mpnet,evaluator_minilm__evaluator_mpnet,"{""encoder_pair"": ""evaluator_minilm__evaluator_mpnet"", ""rank_entity_fields"": ""model_id"", ""rank_method"": ""spearman"", ""stratum:factor:corpus"": ""ag_news"", ""stratum:factor:temperature"": 0.6, ""stratum:factor:top_p"": 0.8, ""stratum:prompt_id"": ""open_news_v1""}",0f1daae365046cd03b2f6ae116e21513ab11f22f381d5feef5653e8f3f2c4963,internal_mauve_rank_sensitivity,0.942857142857143,__meta__,open_news_v1,6,17,complete,__meta__
__none__,evaluator_minilm__evaluator_mpnet,evaluator_minilm__evaluator_mpnet,"{""encoder_pair"": ""evaluator_minilm__evaluator_mpnet"", ""rank_entity_fields"": ""model_id"", ""rank_method"": ""spearman"", ""stratum:factor:corpus"": ""imdb_reviews"", ""stratum:factor:temperature"": 0.6, ""stratum:factor:top_p"": 0.8, ""stratum:prompt_id"": ""open_news_v1""}",162aef732f3ee9e2d2e94829bd2f73547381facd4a6761aea73c5683e46ccdf8,internal_mauve_rank_sensitivity,0.7142857142857143,__meta__,open_news_v1,6,17,complete,__meta__
__none__,evaluator_minilm__evaluator_mpnet,evaluator_minilm__evaluator_mpnet,"{""encoder_pair"": ""evaluator_minilm__evaluator_mpnet"", ""rank_entity_fields"": ""model_id"", ""rank_method"": ""spearman"", ""stratum:factor:corpus"": ""amazon_reviews"", ""stratum:factor:temperature"": 0.9, ""stratum:factor:top_p"": 0.8, ""stratum:prompt_id"": ""open_news_v1""}",c98d9681aebbe0234ae47b01ce2a46cc744bc248f180dcbc443502dc2235e5ce,internal_mauve_rank_sensitivity,0.942857142857143,__meta__,open_news_v1,6,17,complete,__meta__
__none__,evaluator_minilm__evaluator_mpnet,evaluator_minilm__evaluator_mpnet,"{""encoder_pair"": ""evaluator_minilm__evaluator_mpnet"", ""rank_entity_fields"": ""model_id"", ""rank_method"": ""spearman"", ""stratum:factor:corpus"": ""imdb_reviews"", ""stratum:factor:temperature"": 0.9, ""stratum:factor:top_p"": 0.8, ""stratum:prompt_id"": ""open_news_v1""}",7098c6476dbbf491232690b2acea3e77cb22ed1735c2d817993aa0c05501a288,internal_mauve_rank_sensitivity,0.5428571428571429,__meta__,open_news_v1,6,17,complete,__meta__
__none__,evaluator_minilm__evaluator_mpnet,evaluator_minilm__evaluator_mpnet,"{""encoder_pair"": ""evaluator_minilm__evaluator_mpnet"", ""rank_entity_fields"": ""model_id"", ""rank_method"": ""spearman"", ""stratum:factor:corpus"": ""ag_news"", ""stratum:factor:temperature"": 0.6, ""stratum:factor:top_p"": 0.95, ""stratum:prompt_id"": ""open_news_v1""}",987bf36e0799a50aa76019c4ed5042cd498b8507f69e949afaed2df7950f2f25,internal_mauve_rank_sensitivity,1.0,__meta__,open_news_v1,6,17,complete,__meta__
__none__,evaluator_minilm__evaluator_mpnet,evaluator_minilm__evaluator_mpnet,"{""encoder_pair"": ""evaluator_minilm__evaluator_mpnet"", ""rank_entity_fields"": ""model_id"", ""rank_method"": ""spearman"", ""stratum:factor:corpus"": ""ag_news"", ""stratum:factor:temperature"": 0.9, ""stratum:factor:top_p"": 0.8, ""stratum:prompt_id"": ""open_news_v1""}",385b5a0347fdee2dacb730a1341710fc1dc3fe6b8a176815e536f3e433ede169,internal_mauve_rank_sensitivity,0.942857142857143,__meta__,open_news_v1,6,17,complete,__meta__
__none__,evaluator_minilm__evaluator_mpnet,evaluator_minilm__evaluator_mpnet,"{""encoder_pair"": ""evaluator_minilm__evaluator_mpnet"", ""rank_entity_fields"": ""model_id"", ""rank_method"": ""spearman"", ""stratum:factor:corpus"": ""dbpedia"", ""stratum:factor:temperature"": 0.3, ""stratum:factor:top_p"": 0.95, ""stratum:prompt_id"": ""open_news_v1""}",536fb44a5faf422161bf2ada3e18e1a79ed69591526a4a0584a5ae2685aa46a7,internal_mauve_rank_sensitivity,0.8857142857142858,__meta__,open_news_v1,6,17,complete,__meta__
__none__,evaluator_minilm__evaluator_mpnet,evaluator_minilm__evaluator_mpnet,"{""encoder_pair"": ""evaluator_minilm__evaluator_mpnet"", ""rank_entity_fields"": ""model_id"", ""rank_method"": ""spearman"", ""stratum:factor:corpus"": ""amazon_reviews"", ""stratum:factor:temperature"": 0.3, ""stratum:factor:top_p"": 0.95, ""stratum:prompt_id"": ""open_news_v1""}",df368f52a1d5ef8973082d5d86a1b98af1427e203d2ac1870270c1cc2cf05c32,internal_mauve_rank_sensitivity,0.942857142857143,__meta__,open_news_v1,6,17,complete,__meta__
__none__,evaluator_minilm__evaluator_mpnet,evaluator_minilm__evaluator_mpnet,"{""encoder_pair"": ""evaluator_minilm__evaluator_mpnet"", ""rank_entity_fields"": ""model_id"", ""rank_method"": ""spearman"", ""stratum:factor:corpus"": ""yahoo_answers"", ""stratum:factor:temperature"": 0.9, ""stratum:factor:top_p"": 0.95, ""stratum:prompt_id"": ""open_news_v1""}",2a7ac75a73366562b98a21a8039296dab4db71722fbd7af755a08d69e1871279,internal_mauve_rank_sensitivity,0.942857142857143,__meta__,open_news_v1,6,17,complete,__meta__
__none__,evaluator_minilm__evaluator_mpnet,evaluator_minilm__evaluator_mpnet,"{""encoder_pair"": ""evaluator_minilm__evaluator_mpnet"", ""rank_entity_fields"": ""model_id"", ""rank_method"": ""spearman"", ""stratum:factor:corpus"": ""yahoo_answers"", ""stratum:factor:temperature"": 0.3, ""stratum:factor:top_p"": 0.95, ""stratum:prompt_id"": ""open_news_v1""}",955c09b564646329edc58bd8ec930fd007cbbf8fd089fd9a306b82c738831b8f,internal_mauve_rank_sensitivity,0.8857142857142858,__meta__,open_news_v1,6,17,complete,__meta__
__none__,evaluator_minilm__evaluator_mpnet,evaluator_minilm__evaluator_mpnet,"{""encoder_pair"": ""evaluator_minilm__evaluator_mpnet"", ""rank_entity_fields"": ""model_id"", ""rank_method"": ""spearman"", ""stratum:factor:corpus"": ""ag_news"", ""stratum:factor:temperature"": 0.9, ""stratum:factor:top_p"": 0.95, ""stratum:prompt_id"": ""open_news_v1""}",8cfb77c9c55e1717c1f056868f2e51a9e20afc83c2dcc0fd1b0a3a8bf3bf3f9a,internal_mauve_rank_sensitivity,0.8285714285714287,__meta__,open_news_v1,6,17,complete,__meta__
__none__,evaluator_minilm__evaluator_mpnet,evaluator_minilm__evaluator_mpnet,"{""encoder_pair"": ""evaluator_minilm__evaluator_mpnet"", ""rank_entity_fields"": ""model_id"", ""rank_method"": ""spearman"", ""stratum:factor:corpus"": ""imdb_reviews"", ""stratum:factor:temperature"": 0.9, ""stratum:factor:top_p"": 0.95, ""stratum:prompt_id"": ""open_news_v1""}",8ecc1fc7766a478c3dc81e1c0ce2d6f906add755620cba7335af1edc2be5c1bb,internal_mauve_rank_sensitivity,0.48571428571428577,__meta__,open_news_v1,6,17,complete,__meta__
__none__,evaluator_minilm__evaluator_mpnet,evaluator_minilm__evaluator_mpnet,"{""encoder_pair"": ""evaluator_minilm__evaluator_mpnet"", ""rank_entity_fields"": ""model_id"", ""rank_method"": ""spearman"", ""stratum:factor:corpus"": ""dbpedia"", ""stratum:factor:temperature"": 0.3, ""stratum:factor:top_p"": 0.8, ""stratum:prompt_id"": ""open_news_v1""}",28d2ae940b939ffe77489d77a3a3c2157465922cc0c2ba4d12e2b80fc6e8953d,internal_mauve_rank_sensitivity,0.08571428571428573,__meta__,open_news_v1,6,17,complete,__meta__
__none__,evaluator_minilm__evaluator_mpnet,evaluator_minilm__evaluator_mpnet,"{""encoder_pair"": ""evaluator_minilm__evaluator_mpnet"", ""rank_entity_fields"": ""model_id"", ""rank_method"": ""spearman"", ""stratum:factor:corpus"": ""imdb_reviews"", ""stratum:factor:temperature"": 0.3, ""stratum:factor:top_p"": 0.8, ""stratum:prompt_id"": ""open_news_v1""}",e6ce32b1d676aed1d8cac74cc7550cbea4ef5c858a6c5a3b1546bb6ded63bd7b,internal_mauve_rank_sensitivity,0.5428571428571429,__meta__,open_news_v1,6,17,complete,__meta__
__none__,evaluator_minilm__evaluator_mpnet,evaluator_minilm__evaluator_mpnet,"{""encoder_pair"": ""evaluator_minilm__evaluator_mpnet"", ""rank_entity_fields"": ""model_id"", ""rank_method"": ""spearman"", ""stratum:factor:corpus"": ""dbpedia"", ""stratum:factor:temperature"": 0.6, ""stratum:factor:top_p"": 0.8, ""stratum:prompt_id"": ""open_news_v1""}",455a4fceb7381d150e7bb30d1a435e065fd3f5855942c093c1c48a6b14621957,internal_mauve_rank_sensitivity,0.942857142857143,__meta__,open_news_v1,6,29,complete,__meta__
__none__,evaluator_minilm__evaluator_mpnet,evaluator_minilm__evaluator_mpnet,"{""encoder_pair"": ""evaluator_minilm__evaluator_mpnet"", ""rank_entity_fields"": ""model_id"", ""rank_method"": ""spearman"", ""stratum:factor:corpus"": ""yahoo_answers"", ""stratum:factor:temperature"": 0.3, ""stratum:factor:top_p"": 0.8, ""stratum:prompt_id"": ""open_news_v1""}",b3a5c1c2d413ab1785a12086503c1f8e36e887222d80269a288a7f05de4222a9,internal_mauve_rank_sensitivity,0.7142857142857143,__meta__,open_news_v1,6,29,complete,__meta__
__none__,evaluator_minilm__evaluator_mpnet,evaluator_minilm__evaluator_mpnet,"{""encoder_pair"": ""evaluator_minilm__evaluator_mpnet"", ""rank_entity_fields"": ""model_id"", ""rank_method"": ""spearman"", ""stratum:factor:corpus"": ""yahoo_answers"", ""stratum:factor:temperature"": 0.6, ""stratum:factor:top_p"": 0.8, ""stratum:prompt_id"": ""open_news_v1""}",e9b5cd0649f7a77b4fb8c20cb3b75e8089a134a2d102c4805c2ea07ae46107ef,internal_mauve_rank_sensitivity,0.942857142857143,__meta__,open_news_v1,6,29,complete,__meta__
__none__,evaluator_minilm__evaluator_mpnet,evaluator_minilm__evaluator_mpnet,"{""encoder_pair"": ""evaluator_minilm__evaluator_mpnet"", ""rank_entity_fields"": ""model_id"", ""rank_method"": ""spearman"", ""stratum:factor:corpus"": ""yahoo_answers"", ""stratum:factor:temperature"": 0.9, ""stratum:factor:top_p"": 0.8, ""stratum:prompt_id"": ""open_news_v1""}",75555e37c39a32ddce08f8f2d570d4fa56da725a6602b357fa6a1c8e325c1d65,internal_mauve_rank_sensitivity,0.942857142857143,__meta__,open_news_v1,6,29,complete,__meta__
__none__,evaluator_minilm__evaluator_mpnet,evaluator_minilm__evaluator_mpnet,"{""encoder_pair"": ""evaluator_minilm__evaluator_mpnet"", ""rank_entity_fields"": ""model_id"", ""rank_method"": ""spearman"", ""stratum:factor:corpus"": ""imdb_reviews"", ""stratum:factor:temperature"": 0.3, ""stratum:factor:top_p"": 0.95, ""stratum:prompt_id"": ""open_news_v1""}",c57eb48d97c777de668172b351bdf7a39496f934e68384ceca67c5edcfcbf6c9,internal_mauve_rank_sensitivity,0.7714285714285715,__meta__,open_news_v1,6,29,complete,__meta__
__none__,evaluator_minilm__evaluator_mpnet,evaluator_minilm__evaluator_mpnet,"{""encoder_pair"": ""evaluator_minilm__evaluator_mpnet"", ""rank_entity_fields"": ""model_id"", ""rank_method"": ""spearman"", ""stratum:factor:corpus"": ""ag_news"", ""stratum:factor:temperature"": 0.3, ""stratum:factor:top_p"": 0.95, ""stratum:prompt_id"": ""open_news_v1""}",9ede50306915682afc3ef652a5c0bc4b3e0c247dad3d622f463a32e747fb1296,internal_mauve_rank_sensitivity,0.6571428571428573,__meta__,open_news_v1,6,29,complete,__meta__
__none__,evaluator_minilm__evaluator_mpnet,evaluator_minilm__evaluator_mpnet,"{""encoder_pair"": ""evaluator_minilm__evaluator_mpnet"", ""rank_entity_fields"": ""model_id"", ""rank_method"": ""spearman"", ""stratum:factor:corpus"": ""amazon_reviews"", ""stratum:factor:temperature"": 0.9, ""stratum:factor:top_p"": 0.95, ""stratum:prompt_id"": ""open_news_v1""}",0f4877e2b38220def6fd3504ccc34ed96d9aec6875de171820528e5cd5622bb9,internal_mauve_rank_sensitivity,0.8285714285714287,__meta__,open_news_v1,6,29,complete,__meta__
__none__,evaluator_minilm__evaluator_mpnet,evaluator_minilm__evaluator_mpnet,"{""encoder_pair"": ""evaluator_minilm__evaluator_mpnet"", ""rank_entity_fields"": ""model_id"", ""rank_method"": ""spearman"", ""stratum:factor:corpus"": ""amazon_reviews"", ""stratum:factor:temperature"": 0.6, ""stratum:factor:top_p"": 0.8, ""stratum:prompt_id"": ""open_news_v1""}",89b1d346f10055a99da2eefaaacb278c08a1983e4b97a35611920f45563163f2,internal_mauve_rank_sensitivity,0.7142857142857143,__meta__,open_news_v1,6,29,complete,__meta__
__none__,evaluator_minilm__evaluator_mpnet,evaluator_minilm__evaluator_mpnet,"{""encoder_pair"": ""evaluator_minilm__evaluator_mpnet"", ""rank_entity_fields"": ""model_id"", ""rank_method"": ""spearman"", ""stratum:factor:corpus"": ""yahoo_answers"", ""stratum:factor:temperature"": 0.6, ""stratum:factor:top_p"": 0.95, ""stratum:prompt_id"": ""open_news_v1""}",e3fa3cd98dd0997b5c09afc528051eb7595deb02fefa56b4e1fe0610251183e6,internal_mauve_rank_sensitivity,0.8857142857142858,__meta__,open_news_v1,6,29,complete,__meta__
__none__,evaluator_minilm__evaluator_mpnet,evaluator_minilm__evaluator_mpnet,"{""encoder_pair"": ""evaluator_minilm__evaluator_mpnet"", ""rank_entity_fields"": ""model_id"", ""rank_method"": ""spearman"", ""stratum:factor:corpus"": ""dbpedia"", ""stratum:factor:temperature"": 0.9, ""stratum:factor:top_p"": 0.8, ""stratum:prompt_id"": ""open_news_v1""}",72eff66579bf8de1a654669a095fa511fbb795b28885e752974668f7d542cbd3,internal_mauve_rank_sensitivity,0.6,__meta__,open_news_v1,6,29,complete,__meta__
__none__,evaluator_minilm__evaluator_mpnet,evaluator_minilm__evaluator_mpnet,"{""encoder_pair"": ""evaluator_minilm__evaluator_mpnet"", ""rank_entity_fields"": ""model_id"", ""rank_method"": ""spearman"", ""stratum:factor:corpus"": ""imdb_reviews"", ""stratum:factor:temperature"": 0.6, ""stratum:factor:top_p"": 0.95, ""stratum:prompt_id"": ""open_news_v1""}",133a7f6d42ff02f15248297d91a2427dfbef56b0a046898610bb52cfc5ba59eb,internal_mauve_rank_sensitivity,0.3714285714285715,__meta__,open_news_v1,6,29,complete,__meta__
__none__,evaluator_minilm__evaluator_mpnet,evaluator_minilm__evaluator_mpnet,"{""encoder_pair"": ""evaluator_minilm__evaluator_mpnet"", ""rank_entity_fields"": ""model_id"", ""rank_method"": ""spearman"", ""stratum:factor:corpus"": ""amazon_reviews"", ""stratum:factor:temperature"": 0.6, ""stratum:factor:top_p"": 0.95, ""stratum:prompt_id"": ""open_news_v1""}",7c059fb10839cd78d266d871096d4e91ca2b169509203ed8ff4131057584b3e4,internal_mauve_rank_sensitivity,0.8285714285714287,__meta__,open_news_v1,6,29,complete,__meta__
__none__,evaluator_minilm__evaluator_mpnet,evaluator_minilm__evaluator_mpnet,"{""encoder_pair"": ""evaluator_minilm__evaluator_mpnet"", ""rank_entity_fields"": ""model_id"", ""rank_method"": ""spearman"", ""stratum:factor:corpus"": ""dbpedia"", ""stratum:factor:temperature"": 0.9, ""stratum:factor:top_p"": 0.95, ""stratum:prompt_id"": ""open_news_v1""}",6446db674a2f8ea4f61a9b6b67cd12d2f4ce42b0d9192f7e678ce761ba18d4d3,internal_mauve_rank_sensitivity,0.7142857142857143,__meta__,open_news_v1,6,29,complete,__meta__
__none__,evaluator_minilm__evaluator_mpnet,evaluator_minilm__evaluator_mpnet,"{""encoder_pair"": ""evaluator_minilm__evaluator_mpnet"", ""rank_entity_fields"": ""model_id"", ""rank_method"": ""spearman"", ""stratum:factor:corpus"": ""ag_news"", ""stratum:factor:temperature"": 0.3, ""stratum:factor:top_p"": 0.8, ""stratum:prompt_id"": ""open_news_v1""}",707597e31c362d7ab2330fea70438fc3c94862f19f05a0ab85ab9d2c29095268,internal_mauve_rank_sensitivity,0.8857142857142858,__meta__,open_news_v1,6,29,complete,__meta__
__none__,evaluator_minilm__evaluator_mpnet,evaluator_minilm__evaluator_mpnet,"{""encoder_pair"": ""evaluator_minilm__evaluator_mpnet"", ""rank_entity_fields"": ""model_id"", ""rank_method"": ""spearman"", ""stratum:factor:corpus"": ""dbpedia"", ""stratum:factor:temperature"": 0.6, ""stratum:factor:top_p"": 0.95, ""stratum:prompt_id"": ""open_news_v1""}",977ac3f9d1d7f8a2fb66252e3a439eaadd815703fb3e1b6d7ab85fa2c03151e0,internal_mauve_rank_sensitivity,0.942857142857143,__meta__,open_news_v1,6,29,complete,__meta__
__none__,evaluator_minilm__evaluator_mpnet,evaluator_minilm__evaluator_mpnet,"{""encoder_pair"": ""evaluator_minilm__evaluator_mpnet"", ""rank_entity_fields"": ""model_id"", ""rank_method"": ""spearman"", ""stratum:factor:corpus"": ""amazon_reviews"", ""stratum:factor:temperature"": 0.3, ""stratum:factor:top_p"": 0.8, ""stratum:prompt_id"": ""open_news_v1""}",a587445fdc3409c6418068ff5517b6a76ac9efd5ddf4672f77b8f9eb38c6cc79,internal_mauve_rank_sensitivity,0.942857142857143,__meta__,open_news_v1,6,29,complete,__meta__
__none__,evaluator_minilm__evaluator_mpnet,evaluator_minilm__evaluator_mpnet,"{""encoder_pair"": ""evaluator_minilm__evaluator_mpnet"", ""rank_entity_fields"": ""model_id"", ""rank_method"": ""spearman"", ""stratum:factor:corpus"": ""ag_news"", ""stratum:factor:temperature"": 0.6, ""stratum:factor:top_p"": 0.8, ""stratum:prompt_id"": ""open_news_v1""}",f5f0845fbc417d870b186100f52f8663e5760e865a6131e645968aaa0148d4ae,internal_mauve_rank_sensitivity,0.942857142857143,__meta__,open_news_v1,6,29,complete,__meta__
__none__,evaluator_minilm__evaluator_mpnet,evaluator_minilm__evaluator_mpnet,"{""encoder_pair"": ""evaluator_minilm__evaluator_mpnet"", ""rank_entity_fields"": ""model_id"", ""rank_method"": ""spearman"", ""stratum:factor:corpus"": ""imdb_reviews"", ""stratum:factor:temperature"": 0.6, ""stratum:factor:top_p"": 0.8, ""stratum:prompt_id"": ""open_news_v1""}",44670b5e7bc02948f2be22f0fafe660309dd978b8ede058d7f47f2c69cf4b1e4,internal_mauve_rank_sensitivity,0.3714285714285715,__meta__,open_news_v1,6,29,complete,__meta__
__none__,evaluator_minilm__evaluator_mpnet,evaluator_minilm__evaluator_mpnet,"{""encoder_pair"": ""evaluator_minilm__evaluator_mpnet"", ""rank_entity_fields"": ""model_id"", ""rank_method"": ""spearman"", ""stratum:factor:corpus"": ""amazon_reviews"", ""stratum:factor:temperature"": 0.9, ""stratum:factor:top_p"": 0.8, ""stratum:prompt_id"": ""open_news_v1""}",5916df39f0abcb31db566d7972ff680e5b943297b1d35cc266cd3e5f527baecc,internal_mauve_rank_sensitivity,0.942857142857143,__meta__,open_news_v1,6,29,complete,__meta__
__none__,evaluator_minilm__evaluator_mpnet,evaluator_minilm__evaluator_mpnet,"{""encoder_pair"": ""evaluator_minilm__evaluator_mpnet"", ""rank_entity_fields"": ""model_id"", ""rank_method"": ""spearman"", ""stratum:factor:corpus"": ""imdb_reviews"", ""stratum:factor:temperature"": 0.9, ""stratum:factor:top_p"": 0.8, ""stratum:prompt_id"": ""open_news_v1""}",b37928711bd6c07be81067a3a34d40d3a687d751f99693315abba8c13506b07b,internal_mauve_rank_sensitivity,0.942857142857143,__meta__,open_news_v1,6,29,complete,__meta__
__none__,evaluator_minilm__evaluator_mpnet,evaluator_minilm__evaluator_mpnet,"{""encoder_pair"": ""evaluator_minilm__evaluator_mpnet"", ""rank_entity_fields"": ""model_id"", ""rank_method"": ""spearman"", ""stratum:factor:corpus"": ""ag_news"", ""stratum:factor:temperature"": 0.6, ""stratum:factor:top_p"": 0.95, ""stratum:prompt_id"": ""open_news_v1""}",8771f8d890cd8f2a0da3c6abd2e1fa5f4c5bb8af716d8c58f2722df741acbbcd,internal_mauve_rank_sensitivity,0.7714285714285715,__meta__,open_news_v1,6,29,complete,__meta__
__none__,evaluator_minilm__evaluator_mpnet,evaluator_minilm__evaluator_mpnet,"{""encoder_pair"": ""evaluator_minilm__evaluator_mpnet"", ""rank_entity_fields"": ""model_id"", ""rank_method"": ""spearman"", ""stratum:factor:corpus"": ""ag_news"", ""stratum:factor:temperature"": 0.9, ""stratum:factor:top_p"": 0.8, ""stratum:prompt_id"": ""open_news_v1""}",3c2cf0c482726897358d22eac70ee440cefafc797708bed39e4ff97c9c1afa0c,internal_mauve_rank_sensitivity,0.942857142857143,__meta__,open_news_v1,6,29,complete,__meta__
__none__,evaluator_minilm__evaluator_mpnet,evaluator_minilm__evaluator_mpnet,"{""encoder_pair"": ""evaluator_minilm__evaluator_mpnet"", ""rank_entity_fields"": ""model_id"", ""rank_method"": ""spearman"", ""stratum:factor:corpus"": ""dbpedia"", ""stratum:factor:temperature"": 0.3, ""stratum:factor:top_p"": 0.95, ""stratum:prompt_id"": ""open_news_v1""}",deae1b468fc882ed9c44b012b4a5857b05c533433816738e70fd8743043fd780,internal_mauve_rank_sensitivity,0.48571428571428577,__meta__,open_news_v1,6,29,complete,__meta__
__none__,evaluator_minilm__evaluator_mpnet,evaluator_minilm__evaluator_mpnet,"{""encoder_pair"": ""evaluator_minilm__evaluator_mpnet"", ""rank_entity_fields"": ""model_id"", ""rank_method"": ""spearman"", ""stratum:factor:corpus"": ""amazon_reviews"", ""stratum:factor:temperature"": 0.3, ""stratum:factor:top_p"": 0.95, ""stratum:prompt_id"": ""open_news_v1""}",fcea5ea5dfbbe5bc7b9b46987993265c851fcb7e54e54236f685a3b9c506a1fb,internal_mauve_rank_sensitivity,0.2571428571428572,__meta__,open_news_v1,6,29,complete,__meta__
__none__,evaluator_minilm__evaluator_mpnet,evaluator_minilm__evaluator_mpnet,"{""encoder_pair"": ""evaluator_minilm__evaluator_mpnet"", ""rank_entity_fields"": ""model_id"", ""rank_method"": ""spearman"", ""stratum:factor:corpus"": ""yahoo_answers"", ""stratum:factor:temperature"": 0.9, ""stratum:factor:top_p"": 0.95, ""stratum:prompt_id"": ""open_news_v1""}",533b8641f16675219a8bd1dd92e2388cbb96905136fc62bd3feda9e161b3ffa0,internal_mauve_rank_sensitivity,0.942857142857143,__meta__,open_news_v1,6,29,complete,__meta__
__none__,evaluator_minilm__evaluator_mpnet,evaluator_minilm__evaluator_mpnet,"{""encoder_pair"": ""evaluator_minilm__evaluator_mpnet"", ""rank_entity_fields"": ""model_id"", ""rank_method"": ""spearman"", ""stratum:factor:corpus"": ""yahoo_answers"", ""stratum:factor:temperature"": 0.3, ""stratum:factor:top_p"": 0.95, ""stratum:prompt_id"": ""open_news_v1""}",6280cef4b0928e5e9fb5f6c9fb35bfc8a9e6fcb73542de589446ed1212e64c3a,internal_mauve_rank_sensitivity,0.2571428571428572,__meta__,open_news_v1,6,29,complete,__meta__
__none__,evaluator_minilm__evaluator_mpnet,evaluator_minilm__evaluator_mpnet,"{""encoder_pair"": ""evaluator_minilm__evaluator_mpnet"", ""rank_entity_fields"": ""model_id"", ""rank_method"": ""spearman"", ""stratum:factor:corpus"": ""ag_news"", ""stratum:factor:temperature"": 0.9, ""stratum:factor:top_p"": 0.95, ""stratum:prompt_id"": ""open_news_v1""}",f3eccf9d62ecc2ec2c4b6bc6feb34f9fb2374f5c750a729a5b4b6ccf66423033,internal_mauve_rank_sensitivity,0.942857142857143,__meta__,open_news_v1,6,29,complete,__meta__
__none__,evaluator_minilm__evaluator_mpnet,evaluator_minilm__evaluator_mpnet,"{""encoder_pair"": ""evaluator_minilm__evaluator_mpnet"", ""rank_entity_fields"": ""model_id"", ""rank_method"": ""spearman"", ""stratum:factor:corpus"": ""imdb_reviews"", ""stratum:factor:temperature"": 0.9, ""stratum:factor:top_p"": 0.95, ""stratum:prompt_id"": ""open_news_v1""}",3ea839cb84e7cdd61acca12d827f987dd96c98f20917cbe7768cc6a6c6c72568,internal_mauve_rank_sensitivity,0.2571428571428572,__meta__,open_news_v1,6,29,complete,__meta__
__none__,evaluator_minilm__evaluator_mpnet,evaluator_minilm__evaluator_mpnet,"{""encoder_pair"": ""evaluator_minilm__evaluator_mpnet"", ""rank_entity_fields"": ""model_id"", ""rank_method"": ""spearman"", ""stratum:factor:corpus"": ""dbpedia"", ""stratum:factor:temperature"": 0.3, ""stratum:factor:top_p"": 0.8, ""stratum:prompt_id"": ""open_news_v1""}",74a8f9ffcd1e510fc97fb4f2f230a71885683735a1b284d90d37d22d65501ac4,internal_mauve_rank_sensitivity,0.8857142857142858,__meta__,open_news_v1,6,29,complete,__meta__
__none__,evaluator_minilm__evaluator_mpnet,evaluator_minilm__evaluator_mpnet,"{""encoder_pair"": ""evaluator_minilm__evaluator_mpnet"", ""rank_entity_fields"": ""model_id"", ""rank_method"": ""spearman"", ""stratum:factor:corpus"": ""imdb_reviews"", ""stratum:factor:temperature"": 0.3, ""stratum:factor:top_p"": 0.8, ""stratum:prompt_id"": ""open_news_v1""}",377676a54828d6f862c2c97ee3c0e5be24e4b981ef30cd8c5dddbd985b555931,internal_mauve_rank_sensitivity,0.6571428571428573,__meta__,open_news_v1,6,29,complete,__meta__
__none__,evaluator_minilm__evaluator_mpnet,evaluator_minilm__evaluator_mpnet,"{""encoder_pair"": ""evaluator_minilm__evaluator_mpnet"", ""rank_entity_fields"": ""model_id"", ""rank_method"": ""spearman"", ""stratum:factor:corpus"": ""dbpedia"", ""stratum:factor:temperature"": 0.6, ""stratum:factor:top_p"": 0.8, ""stratum:prompt_id"": ""open_news_v1""}",60d2bf8a46b79f8722d5ee7a77ca7ebc7e9d26873a647c60f87bb9391d3f1e55,internal_mauve_rank_sensitivity,0.7714285714285715,__meta__,open_news_v1,6,43,complete,__meta__
__none__,evaluator_minilm__evaluator_mpnet,evaluator_minilm__evaluator_mpnet,"{""encoder_pair"": ""evaluator_minilm__evaluator_mpnet"", ""rank_entity_fields"": ""model_id"", ""rank_method"": ""spearman"", ""stratum:factor:corpus"": ""yahoo_answers"", ""stratum:factor:temperature"": 0.3, ""stratum:factor:top_p"": 0.8, ""stratum:prompt_id"": ""open_news_v1""}",c8406da129e3f0c36ee455492b1c3adedb6b8429d5dd63b10dba45d1ffd3785f,internal_mauve_rank_sensitivity,0.7142857142857143,__meta__,open_news_v1,6,43,complete,__meta__
__none__,evaluator_minilm__evaluator_mpnet,evaluator_minilm__evaluator_mpnet,"{""encoder_pair"": ""evaluator_minilm__evaluator_mpnet"", ""rank_entity_fields"": ""model_id"", ""rank_method"": ""spearman"", ""stratum:factor:corpus"": ""yahoo_answers"", ""stratum:factor:temperature"": 0.6, ""stratum:factor:top_p"": 0.8, ""stratum:prompt_id"": ""open_news_v1""}",d6e8c9c26f884583e47b9f7aa6706a9b861f2b79161949231fea3ca4054e2531,internal_mauve_rank_sensitivity,0.6,__meta__,open_news_v1,6,43,complete,__meta__
__none__,evaluator_minilm__evaluator_mpnet,evaluator_minilm__evaluator_mpnet,"{""encoder_pair"": ""evaluator_minilm__evaluator_mpnet"", ""rank_entity_fields"": ""model_id"", ""rank_method"": ""spearman"", ""stratum:factor:corpus"": ""yahoo_answers"", ""stratum:factor:temperature"": 0.9, ""stratum:factor:top_p"": 0.8, ""stratum:prompt_id"": ""open_news_v1""}",5b066502b0d3064ebc13a648e3cefb6a9f608ec502e2c8ce5dd302887fab4274,internal_mauve_rank_sensitivity,0.942857142857143,__meta__,open_news_v1,6,43,complete,__meta__
__none__,evaluator_minilm__evaluator_mpnet,evaluator_minilm__evaluator_mpnet,"{""encoder_pair"": ""evaluator_minilm__evaluator_mpnet"", ""rank_entity_fields"": ""model_id"", ""rank_method"": ""spearman"", ""stratum:factor:corpus"": ""imdb_reviews"", ""stratum:factor:temperature"": 0.3, ""stratum:factor:top_p"": 0.95, ""stratum:prompt_id"": ""open_news_v1""}",13c3de08651f2cc6a8f79aba18cb30002facd15b95daf6859c11878b54c92a5e,internal_mauve_rank_sensitivity,0.5428571428571429,__meta__,open_news_v1,6,43,complete,__meta__
__none__,evaluator_minilm__evaluator_mpnet,evaluator_minilm__evaluator_mpnet,"{""encoder_pair"": ""evaluator_minilm__evaluator_mpnet"", ""rank_entity_fields"": ""model_id"", ""rank_method"": ""spearman"", ""stratum:factor:corpus"": ""ag_news"", ""stratum:factor:temperature"": 0.3, ""stratum:factor:top_p"": 0.95, ""stratum:prompt_id"": ""open_news_v1""}",d036d88bbf660bbefde529b9f2d47e0d65007e9c053a464f38b14368a41571ed,internal_mauve_rank_sensitivity,1.0,__meta__,open_news_v1,6,43,complete,__meta__
__none__,evaluator_minilm__evaluator_mpnet,evaluator_minilm__evaluator_mpnet,"{""encoder_pair"": ""evaluator_minilm__evaluator_mpnet"", ""rank_entity_fields"": ""model_id"", ""rank_method"": ""spearman"", ""stratum:factor:corpus"": ""amazon_reviews"", ""stratum:factor:temperature"": 0.9, ""stratum:factor:top_p"": 0.95, ""stratum:prompt_id"": ""open_news_v1""}",fd597d3401791bf51e3a82f7928ffc82fa0c63fbd951cf971f6ae08229309cdf,internal_mauve_rank_sensitivity,0.942857142857143,__meta__,open_news_v1,6,43,complete,__meta__
__none__,evaluator_minilm__evaluator_mpnet,evaluator_minilm__evaluator_mpnet,"{""encoder_pair"": ""evaluator_minilm__evaluator_mpnet"", ""rank_entity_fields"": ""model_id"", ""rank_method"": ""spearman"", ""stratum:factor:corpus"": ""amazon_reviews"", ""stratum:factor:temperature"": 0.6, ""stratum:factor:top_p"": 0.8, ""stratum:prompt_id"": ""open_news_v1""}",a1184616c3f39c56a73aa91575228564d0ffbdfecc06c98f526da6fa23b253c9,internal_mauve_rank_sensitivity,0.942857142857143,__meta__,open_news_v1,6,43,complete,__meta__
__none__,evaluator_minilm__evaluator_mpnet,evaluator_minilm__evaluator_mpnet,"{""encoder_pair"": ""evaluator_minilm__evaluator_mpnet"", ""rank_entity_fields"": ""model_id"", ""rank_method"": ""spearman"", ""stratum:factor:corpus"": ""yahoo_answers"", ""stratum:factor:temperature"": 0.6, ""stratum:factor:top_p"": 0.95, ""stratum:prompt_id"": ""open_news_v1""}",59af5a35bfe5c8fc660d20029e80d8fb014861cb4a7ad49551541fe6f7be6d08,internal_mauve_rank_sensitivity,0.942857142857143,__meta__,open_news_v1,6,43,complete,__meta__
__none__,evaluator_minilm__evaluator_mpnet,evaluator_minilm__evaluator_mpnet,"{""encoder_pair"": ""evaluator_minilm__evaluator_mpnet"", ""rank_entity_fields"": ""model_id"", ""rank_method"": ""spearman"", ""stratum:factor:corpus"": ""dbpedia"", ""stratum:factor:temperature"": 0.9, ""stratum:factor:top_p"": 0.8, ""stratum:prompt_id"": ""open_news_v1""}",fda1a13034628f20adf426856dd88e9380c03b25c9ebc9bf106bf6c67a2ef85b,internal_mauve_rank_sensitivity,0.6571428571428573,__meta__,open_news_v1,6,43,complete,__meta__
__none__,evaluator_minilm__evaluator_mpnet,evaluator_minilm__evaluator_mpnet,"{""encoder_pair"": ""evaluator_minilm__evaluator_mpnet"", ""rank_entity_fields"": ""model_id"", ""rank_method"": ""spearman"", ""stratum:factor:corpus"": ""imdb_reviews"", ""stratum:factor:temperature"": 0.6, ""stratum:factor:top_p"": 0.95, ""stratum:prompt_id"": ""open_news_v1""}",1a004b07337bda9eed3ddfaa6d7ee4b9b7e3c12dfb21ff579d08e8310850ad98,internal_mauve_rank_sensitivity,0.028571428571428574,__meta__,open_news_v1,6,43,complete,__meta__
__none__,evaluator_minilm__evaluator_mpnet,evaluator_minilm__evaluator_mpnet,"{""encoder_pair"": ""evaluator_minilm__evaluator_mpnet"", ""rank_entity_fields"": ""model_id"", ""rank_method"": ""spearman"", ""stratum:factor:corpus"": ""amazon_reviews"", ""stratum:factor:temperature"": 0.6, ""stratum:factor:top_p"": 0.95, ""stratum:prompt_id"": ""open_news_v1""}",ee6156378050d9170b6a2020f2f0ca9a2b251169c40a16330ef3bd68b1c3870f,internal_mauve_rank_sensitivity,0.8857142857142858,__meta__,open_news_v1,6,43,complete,__meta__
__none__,evaluator_minilm__evaluator_mpnet,evaluator_minilm__evaluator_mpnet,"{""encoder_pair"": ""evaluator_minilm__evaluator_mpnet"", ""rank_entity_fields"": ""model_id"", ""rank_method"": ""spearman"", ""stratum:factor:corpus"": ""dbpedia"", ""stratum:factor:temperature"": 0.9, ""stratum:factor:top_p"": 0.95, ""stratum:prompt_id"": ""open_news_v1""}",daeffe57660963a4ca6e75940e5669302987b902f4f512608cdddc82b81b1dec,internal_mauve_rank_sensitivity,0.3714285714285715,__meta__,open_news_v1,6,43,complete,__meta__
__none__,evaluator_minilm__evaluator_mpnet,evaluator_minilm__evaluator_mpnet,"{""encoder_pair"": ""evaluator_minilm__evaluator_mpnet"", ""rank_entity_fields"": ""model_id"", ""rank_method"": ""spearman"", ""stratum:factor:corpus"": ""ag_news"", ""stratum:factor:temperature"": 0.3, ""stratum:factor:top_p"": 0.8, ""stratum:prompt_id"": ""open_news_v1""}",5441d5dde714d08add62f4c0921de07ef8cf3c10bb0699d0f97c568797dde7aa,internal_mauve_rank_sensitivity,0.942857142857143,__meta__,open_news_v1,6,43,complete,__meta__
__none__,evaluator_minilm__evaluator_mpnet,evaluator_minilm__evaluator_mpnet,"{""encoder_pair"": ""evaluator_minilm__evaluator_mpnet"", ""rank_entity_fields"": ""model_id"", ""rank_method"": ""spearman"", ""stratum:factor:corpus"": ""dbpedia"", ""stratum:factor:temperature"": 0.6, ""stratum:factor:top_p"": 0.95, ""stratum:prompt_id"": ""open_news_v1""}",1577d70402baf3f3d55259c40a1211e506cfeb6cb448ab939891745f59285b24,internal_mauve_rank_sensitivity,0.8285714285714287,__meta__,open_news_v1,6,43,complete,__meta__
__none__,evaluator_minilm__evaluator_mpnet,evaluator_minilm__evaluator_mpnet,"{""encoder_pair"": ""evaluator_minilm__evaluator_mpnet"", ""rank_entity_fields"": ""model_id"", ""rank_method"": ""spearman"", ""stratum:factor:corpus"": ""amazon_reviews"", ""stratum:factor:temperature"": 0.3, ""stratum:factor:top_p"": 0.8, ""stratum:prompt_id"": ""open_news_v1""}",bc569fb9afbe7cc99cad35e115d198c017054690bb6b279283c059a5a81343c9,internal_mauve_rank_sensitivity,0.942857142857143,__meta__,open_news_v1,6,43,complete,__meta__
__none__,evaluator_minilm__evaluator_mpnet,evaluator_minilm__evaluator_mpnet,"{""encoder_pair"": ""evaluator_minilm__evaluator_mpnet"", ""rank_entity_fields"": ""model_id"", ""rank_method"": ""spearman"", ""stratum:factor:corpus"": ""ag_news"", ""stratum:factor:temperature"": 0.6, ""stratum:factor:top_p"": 0.8, ""stratum:prompt_id"": ""open_news_v1""}",62659c9fe9b13ca658c8b54a11d178b24aebdf005665808706c0834205c459bb,internal_mauve_rank_sensitivity,0.5428571428571429,__meta__,open_news_v1,6,43,complete,__meta__
__none__,evaluator_minilm__evaluator_mpnet,evaluator_minilm__evaluator_mpnet,"{""encoder_pair"": ""evaluator_minilm__evaluator_mpnet"", ""rank_entity_fields"": ""model_id"", ""rank_method"": ""spearman"", ""stratum:factor:corpus"": ""imdb_reviews"", ""stratum:factor:temperature"": 0.6, ""stratum:factor:top_p"": 0.8, ""stratum:prompt_id"": ""open_news_v1""}",eefb5493988a043dc250f991bff513fd958996577f728c1aeefd5ede27078ca2,internal_mauve_rank_sensitivity,0.028571428571428574,__meta__,open_news_v1,6,43,complete,__meta__
__none__,evaluator_minilm__evaluator_mpnet,evaluator_minilm__evaluator_mpnet,"{""encoder_pair"": ""evaluator_minilm__evaluator_mpnet"", ""rank_entity_fields"": ""model_id"", ""rank_method"": ""spearman"", ""stratum:factor:corpus"": ""amazon_reviews"", ""stratum:factor:temperature"": 0.9, ""stratum:factor:top_p"": 0.8, ""stratum:prompt_id"": ""open_news_v1""}",d35293c3b219407cc53b03fe3cc3d26ba42392f7f74d7181f52f6b217ba0185b,internal_mauve_rank_sensitivity,0.942857142857143,__meta__,open_news_v1,6,43,complete,__meta__
__none__,evaluator_minilm__evaluator_mpnet,evaluator_minilm__evaluator_mpnet,"{""encoder_pair"": ""evaluator_minilm__evaluator_mpnet"", ""rank_entity_fields"": ""model_id"", ""rank_method"": ""spearman"", ""stratum:factor:corpus"": ""imdb_reviews"", ""stratum:factor:temperature"": 0.9, ""stratum:factor:top_p"": 0.8, ""stratum:prompt_id"": ""open_news_v1""}",5a97d1ad08329d2e9e965d593ad4a1b5d00b41f729c6aca1f337e2b182adb093,internal_mauve_rank_sensitivity,0.3142857142857143,__meta__,open_news_v1,6,43,complete,__meta__
__none__,evaluator_minilm__evaluator_mpnet,evaluator_minilm__evaluator_mpnet,"{""encoder_pair"": ""evaluator_minilm__evaluator_mpnet"", ""rank_entity_fields"": ""model_id"", ""rank_method"": ""spearman"", ""stratum:factor:corpus"": ""ag_news"", ""stratum:factor:temperature"": 0.6, ""stratum:factor:top_p"": 0.95, ""stratum:prompt_id"": ""open_news_v1""}",cde9f34f028c9891591dfc03e6ceaa5cef928d0b33bd7d6eafda92392a6c59af,internal_mauve_rank_sensitivity,0.8857142857142858,__meta__,open_news_v1,6,43,complete,__meta__
__none__,evaluator_minilm__evaluator_mpnet,evaluator_minilm__evaluator_mpnet,"{""encoder_pair"": ""evaluator_minilm__evaluator_mpnet"", ""rank_entity_fields"": ""model_id"", ""rank_method"": ""spearman"", ""stratum:factor:corpus"": ""ag_news"", ""stratum:factor:temperature"": 0.9, ""stratum:factor:top_p"": 0.8, ""stratum:prompt_id"": ""open_news_v1""}",370c999ddd358519be7f9c47f5f091f207f67dded528aceeb9e96f6cb63b1306,internal_mauve_rank_sensitivity,1.0,__meta__,open_news_v1,6,43,complete,__meta__
__none__,evaluator_minilm__evaluator_mpnet,evaluator_minilm__evaluator_mpnet,"{""encoder_pair"": ""evaluator_minilm__evaluator_mpnet"", ""rank_entity_fields"": ""model_id"", ""rank_method"": ""spearman"", ""stratum:factor:corpus"": ""dbpedia"", ""stratum:factor:temperature"": 0.3, ""stratum:factor:top_p"": 0.95, ""stratum:prompt_id"": ""open_news_v1""}",945ecb1ad3aac96f2d9c2057a942a670c17f300200002b4b27faae0562406e55,internal_mauve_rank_sensitivity,0.7714285714285715,__meta__,open_news_v1,6,43,complete,__meta__
__none__,evaluator_minilm__evaluator_mpnet,evaluator_minilm__evaluator_mpnet,"{""encoder_pair"": ""evaluator_minilm__evaluator_mpnet"", ""rank_entity_fields"": ""model_id"", ""rank_method"": ""spearman"", ""stratum:factor:corpus"": ""amazon_reviews"", ""stratum:factor:temperature"": 0.3, ""stratum:factor:top_p"": 0.95, ""stratum:prompt_id"": ""open_news_v1""}",f3b8628bc5a4072198427de6af2ed3312c7041b56ff1366489e4e0a7281b3708,internal_mauve_rank_sensitivity,0.4285714285714286,__meta__,open_news_v1,6,43,complete,__meta__
__none__,evaluator_minilm__evaluator_mpnet,evaluator_minilm__evaluator_mpnet,"{""encoder_pair"": ""evaluator_minilm__evaluator_mpnet"", ""rank_entity_fields"": ""model_id"", ""rank_method"": ""spearman"", ""stratum:factor:corpus"": ""yahoo_answers"", ""stratum:factor:temperature"": 0.9, ""stratum:factor:top_p"": 0.95, ""stratum:prompt_id"": ""open_news_v1""}",f8b0715e09b5a1a716c67a225ab65899f6cb9d4ca881060c8fa6963954eb3e4c,internal_mauve_rank_sensitivity,0.8857142857142858,__meta__,open_news_v1,6,43,complete,__meta__
__none__,evaluator_minilm__evaluator_mpnet,evaluator_minilm__evaluator_mpnet,"{""encoder_pair"": ""evaluator_minilm__evaluator_mpnet"", ""rank_entity_fields"": ""model_id"", ""rank_method"": ""spearman"", ""stratum:factor:corpus"": ""yahoo_answers"", ""stratum:factor:temperature"": 0.3, ""stratum:factor:top_p"": 0.95, ""stratum:prompt_id"": ""open_news_v1""}",349e9965331044118cd13a0bd11376f94faadfb0b9c4b05af414039cbd001af5,internal_mauve_rank_sensitivity,0.5428571428571429,__meta__,open_news_v1,6,43,complete,__meta__
__none__,evaluator_minilm__evaluator_mpnet,evaluator_minilm__evaluator_mpnet,"{""encoder_pair"": ""evaluator_minilm__evaluator_mpnet"", ""rank_entity_fields"": ""model_id"", ""rank_method"": ""spearman"", ""stratum:factor:corpus"": ""ag_news"", ""stratum:factor:temperature"": 0.9, ""stratum:factor:top_p"": 0.95, ""stratum:prompt_id"": ""open_news_v1""}",2ddff6940d85d7746d2d0ea7f9d412de81d762fb0aaf1b6c491f0d4b83eca778,internal_mauve_rank_sensitivity,0.7714285714285715,__meta__,open_news_v1,6,43,complete,__meta__
__none__,evaluator_minilm__evaluator_mpnet,evaluator_minilm__evaluator_mpnet,"{""encoder_pair"": ""evaluator_minilm__evaluator_mpnet"", ""rank_entity_fields"": ""model_id"", ""rank_method"": ""spearman"", ""stratum:factor:corpus"": ""imdb_reviews"", ""stratum:factor:temperature"": 0.9, ""stratum:factor:top_p"": 0.95, ""stratum:prompt_id"": ""open_news_v1""}",e0977d745ac3b8b2977de622fabab5d08d0fb1b35d173f0ea29710ee75fe2d4b,internal_mauve_rank_sensitivity,0.7714285714285715,__meta__,open_news_v1,6,43,complete,__meta__
__none__,evaluator_minilm__evaluator_mpnet,evaluator_minilm__evaluator_mpnet,"{""encoder_pair"": ""evaluator_minilm__evaluator_mpnet"", ""rank_entity_fields"": ""model_id"", ""rank_method"": ""spearman"", ""stratum:factor:corpus"": ""dbpedia"", ""stratum:factor:temperature"": 0.3, ""stratum:factor:top_p"": 0.8, ""stratum:prompt_id"": ""open_news_v1""}",842e840e5b19093dddc7fbcf6a236172fab14e7e7e706360e370a590654e63d0,internal_mauve_rank_sensitivity,0.8285714285714287,__meta__,open_news_v1,6,43,complete,__meta__
__none__,evaluator_minilm__evaluator_mpnet,evaluator_minilm__evaluator_mpnet,"{""encoder_pair"": ""evaluator_minilm__evaluator_mpnet"", ""rank_entity_fields"": ""model_id"", ""rank_method"": ""spearman"", ""stratum:factor:corpus"": ""imdb_reviews"", ""stratum:factor:temperature"": 0.3, ""stratum:factor:top_p"": 0.8, ""stratum:prompt_id"": ""open_news_v1""}",7b45b8a514fdb41c9db81481e6cdcbb3154fcb3187ae2b7399b2ae7a7ccae65c,internal_mauve_rank_sensitivity,0.7714285714285715,__meta__,open_news_v1,6,43,complete,__meta__
__none__,evaluator_minilm__evaluator_mpnet,evaluator_minilm__evaluator_mpnet,"{""encoder_pair"": ""evaluator_minilm__evaluator_mpnet"", ""rank_entity_fields"": ""model_id"", ""rank_method"": ""spearman"", ""stratum:factor:corpus"": ""dbpedia"", ""stratum:factor:temperature"": 0.6, ""stratum:factor:top_p"": 0.8, ""stratum:prompt_id"": ""open_news_v1""}",e3113b8f93270531b2837ecf8f92c058a8120757f2a0c7c2142745c7f5cb16dc,internal_mauve_rank_sensitivity,0.8857142857142858,__meta__,open_news_v1,6,59,complete,__meta__
__none__,evaluator_minilm__evaluator_mpnet,evaluator_minilm__evaluator_mpnet,"{""encoder_pair"": ""evaluator_minilm__evaluator_mpnet"", ""rank_entity_fields"": ""model_id"", ""rank_method"": ""spearman"", ""stratum:factor:corpus"": ""yahoo_answers"", ""stratum:factor:temperature"": 0.3, ""stratum:factor:top_p"": 0.8, ""stratum:prompt_id"": ""open_news_v1""}",7c2a9c711e31bd1de0b23ecc67044f143ae1b12e570d05623a823ff0a39b14ac,internal_mauve_rank_sensitivity,0.7714285714285715,__meta__,open_news_v1,6,59,complete,__meta__
__none__,evaluator_minilm__evaluator_mpnet,evaluator_minilm__evaluator_mpnet,"{""encoder_pair"": ""evaluator_minilm__evaluator_mpnet"", ""rank_entity_fields"": ""model_id"", ""rank_method"": ""spearman"", ""stratum:factor:corpus"": ""yahoo_answers"", ""stratum:factor:temperature"": 0.6, ""stratum:factor:top_p"": 0.8, ""stratum:prompt_id"": ""open_news_v1""}",a7141b37585c7c43f99cd266a60d337670701048a564fe360d2ab0cf74d3a54a,internal_mauve_rank_sensitivity,0.942857142857143,__meta__,open_news_v1,6,59,complete,__meta__
__none__,evaluator_minilm__evaluator_mpnet,evaluator_minilm__evaluator_mpnet,"{""encoder_pair"": ""evaluator_minilm__evaluator_mpnet"", ""rank_entity_fields"": ""model_id"", ""rank_method"": ""spearman"", ""stratum:factor:corpus"": ""yahoo_answers"", ""stratum:factor:temperature"": 0.9, ""stratum:factor:top_p"": 0.8, ""stratum:prompt_id"": ""open_news_v1""}",0c1ef57afd2861c2dd41a6ee85aae1d9affb486b420d215eded4695bc440fabe,internal_mauve_rank_sensitivity,0.8285714285714287,__meta__,open_news_v1,6,59,complete,__meta__
__none__,evaluator_minilm__evaluator_mpnet,evaluator_minilm__evaluator_mpnet,"{""encoder_pair"": ""evaluator_minilm__evaluator_mpnet"", ""rank_entity_fields"": ""model_id"", ""rank_method"": ""spearman"", ""stratum:factor:corpus"": ""imdb_reviews"", ""stratum:factor:temperature"": 0.3, ""stratum:factor:top_p"": 0.95, ""stratum:prompt_id"": ""open_news_v1""}",ad83d0e379daeeffbd1dd3d3bc8eff8a0e1e5d51245c602390af46647e12b2b8,internal_mauve_rank_sensitivity,0.7714285714285715,__meta__,open_news_v1,6,59,complete,__meta__
__none__,evaluator_minilm__evaluator_mpnet,evaluator_minilm__evaluator_mpnet,"{""encoder_pair"": ""evaluator_minilm__evaluator_mpnet"", ""rank_entity_fields"": ""model_id"", ""rank_method"": ""spearman"", ""stratum:factor:corpus"": ""ag_news"", ""stratum:factor:temperature"": 0.3, ""stratum:factor:top_p"": 0.95, ""stratum:prompt_id"": ""open_news_v1""}",77a559bea607d27d062347a947ce7d091d05b9aee31eab50a197097507d007b8,internal_mauve_rank_sensitivity,0.8285714285714287,__meta__,open_news_v1,6,59,complete,__meta__
__none__,evaluator_minilm__evaluator_mpnet,evaluator_minilm__evaluator_mpnet,"{""encoder_pair"": ""evaluator_minilm__evaluator_mpnet"", ""rank_entity_fields"": ""model_id"", ""rank_method"": ""spearman"", ""stratum:factor:corpus"": ""amazon_reviews"", ""stratum:factor:temperature"": 0.9, ""stratum:factor:top_p"": 0.95, ""stratum:prompt_id"": ""open_news_v1""}",9e0d039b35c01ef64921ec0ee48cde5d4c682a586e59476638ed77bc0a4f7ea2,internal_mauve_rank_sensitivity,0.7714285714285715,__meta__,open_news_v1,6,59,complete,__meta__
__none__,evaluator_minilm__evaluator_mpnet,evaluator_minilm__evaluator_mpnet,"{""encoder_pair"": ""evaluator_minilm__evaluator_mpnet"", ""rank_entity_fields"": ""model_id"", ""rank_method"": ""spearman"", ""stratum:factor:corpus"": ""amazon_reviews"", ""stratum:factor:temperature"": 0.6, ""stratum:factor:top_p"": 0.8, ""stratum:prompt_id"": ""open_news_v1""}",48f4535da5ffcf56aa88cd729835cae72b4bdeb5f764c91d4d42da4f7eb15b24,internal_mauve_rank_sensitivity,0.48571428571428577,__meta__,open_news_v1,6,59,complete,__meta__
__none__,evaluator_minilm__evaluator_mpnet,evaluator_minilm__evaluator_mpnet,"{""encoder_pair"": ""evaluator_minilm__evaluator_mpnet"", ""rank_entity_fields"": ""model_id"", ""rank_method"": ""spearman"", ""stratum:factor:corpus"": ""yahoo_answers"", ""stratum:factor:temperature"": 0.6, ""stratum:factor:top_p"": 0.95, ""stratum:prompt_id"": ""open_news_v1""}",60d1ae2b1052fb7e5d242af9617083f81e6dc4635c149e9ce063a5a0f0c550b0,internal_mauve_rank_sensitivity,0.942857142857143,__meta__,open_news_v1,6,59,complete,__meta__
__none__,evaluator_minilm__evaluator_mpnet,evaluator_minilm__evaluator_mpnet,"{""encoder_pair"": ""evaluator_minilm__evaluator_mpnet"", ""rank_entity_fields"": ""model_id"", ""rank_method"": ""spearman"", ""stratum:factor:corpus"": ""dbpedia"", ""stratum:factor:temperature"": 0.9, ""stratum:factor:top_p"": 0.8, ""stratum:prompt_id"": ""open_news_v1""}",641ffd4177d87d01d4b5b9e27cd1bf56a62846cc7ebeebf08c649ca6af7f43c4,internal_mauve_rank_sensitivity,0.7142857142857143,__meta__,open_news_v1,6,59,complete,__meta__
__none__,evaluator_minilm__evaluator_mpnet,evaluator_minilm__evaluator_mpnet,"{""encoder_pair"": ""evaluator_minilm__evaluator_mpnet"", ""rank_entity_fields"": ""model_id"", ""rank_method"": ""spearman"", ""stratum:factor:corpus"": ""imdb_reviews"", ""stratum:factor:temperature"": 0.6, ""stratum:factor:top_p"": 0.95, ""stratum:prompt_id"": ""open_news_v1""}",c8645e184379fceba8822d7db4e3864cdfae7ed8ca4e1a1c8a4c5bf198f557bc,internal_mauve_rank_sensitivity,0.8285714285714287,__meta__,open_news_v1,6,59,complete,__meta__
__none__,evaluator_minilm__evaluator_mpnet,evaluator_minilm__evaluator_mpnet,"{""encoder_pair"": ""evaluator_minilm__evaluator_mpnet"", ""rank_entity_fields"": ""model_id"", ""rank_method"": ""spearman"", ""stratum:factor:corpus"": ""amazon_reviews"", ""stratum:factor:temperature"": 0.6, ""stratum:factor:top_p"": 0.95, ""stratum:prompt_id"": ""open_news_v1""}",716711c14b1c21e9272d44742deefbfc87576323d9095e58d078de04ce98d67b,internal_mauve_rank_sensitivity,0.8857142857142858,__meta__,open_news_v1,6,59,complete,__meta__
__none__,evaluator_minilm__evaluator_mpnet,evaluator_minilm__evaluator_mpnet,"{""encoder_pair"": ""evaluator_minilm__evaluator_mpnet"", ""rank_entity_fields"": ""model_id"", ""rank_method"": ""spearman"", ""stratum:factor:corpus"": ""dbpedia"", ""stratum:factor:temperature"": 0.9, ""stratum:factor:top_p"": 0.95, ""stratum:prompt_id"": ""open_news_v1""}",633ca0e5ea96f0f6f917579ccf8639ed6ec6a9b54e813b24d86fc35e717ae2e5,internal_mauve_rank_sensitivity,0.8285714285714287,__meta__,open_news_v1,6,59,complete,__meta__
__none__,evaluator_minilm__evaluator_mpnet,evaluator_minilm__evaluator_mpnet,"{""encoder_pair"": ""evaluator_minilm__evaluator_mpnet"", ""rank_entity_fields"": ""model_id"", ""rank_method"": ""spearman"", ""stratum:factor:corpus"": ""ag_news"", ""stratum:factor:temperature"": 0.3, ""stratum:factor:top_p"": 0.8, ""stratum:prompt_id"": ""open_news_v1""}",780332253f34c8c56090a6ad117230375868f8a83179ee100fc76eda0db6c141,internal_mauve_rank_sensitivity,0.942857142857143,__meta__,open_news_v1,6,59,complete,__meta__
__none__,evaluator_minilm__evaluator_mpnet,evaluator_minilm__evaluator_mpnet,"{""encoder_pair"": ""evaluator_minilm__evaluator_mpnet"", ""rank_entity_fields"": ""model_id"", ""rank_method"": ""spearman"", ""stratum:factor:corpus"": ""dbpedia"", ""stratum:factor:temperature"": 0.6, ""stratum:factor:top_p"": 0.95, ""stratum:prompt_id"": ""open_news_v1""}",e19b70da2a70fbd89b4946d23e55204a4cc81a8a92951c64819f418e9529aafd,internal_mauve_rank_sensitivity,0.7142857142857143,__meta__,open_news_v1,6,59,complete,__meta__
__none__,evaluator_minilm__evaluator_mpnet,evaluator_minilm__evaluator_mpnet,"{""encoder_pair"": ""evaluator_minilm__evaluator_mpnet"", ""rank_entity_fields"": ""model_id"", ""rank_method"": ""spearman"", ""stratum:factor:corpus"": ""amazon_reviews"", ""stratum:factor:temperature"": 0.3, ""stratum:factor:top_p"": 0.8, ""stratum:prompt_id"": ""open_news_v1""}",cd20a10cb74df6074380f566decc16906a1190d70c6c0b3011c3b86e3d8abbdc,internal_mauve_rank_sensitivity,0.8857142857142858,__meta__,open_news_v1,6,59,complete,__meta__
__none__,evaluator_minilm__evaluator_mpnet,evaluator_minilm__evaluator_mpnet,"{""encoder_pair"": ""evaluator_minilm__evaluator_mpnet"", ""rank_entity_fields"": ""model_id"", ""rank_method"": ""spearman"", ""stratum:factor:corpus"": ""ag_news"", ""stratum:factor:temperature"": 0.6, ""stratum:factor:top_p"": 0.8, ""stratum:prompt_id"": ""open_news_v1""}",53710551da3ac6ce6a0f3cc230e8d50519bf91607554349fe7f068b666e8ea9f,internal_mauve_rank_sensitivity,0.7714285714285715,__meta__,open_news_v1,6,59,complete,__meta__
__none__,evaluator_minilm__evaluator_mpnet,evaluator_minilm__evaluator_mpnet,"{""encoder_pair"": ""evaluator_minilm__evaluator_mpnet"", ""rank_entity_fields"": ""model_id"", ""rank_method"": ""spearman"", ""stratum:factor:corpus"": ""imdb_reviews"", ""stratum:factor:temperature"": 0.6, ""stratum:factor:top_p"": 0.8, ""stratum:prompt_id"": ""open_news_v1""}",9d9d7fbceb25b899be7c016b863135c4cd7bbc265d9c172760e4ddb8e6406324,internal_mauve_rank_sensitivity,0.4285714285714286,__meta__,open_news_v1,6,59,complete,__meta__
__none__,evaluator_minilm__evaluator_mpnet,evaluator_minilm__evaluator_mpnet,"{""encoder_pair"": ""evaluator_minilm__evaluator_mpnet"", ""rank_entity_fields"": ""model_id"", ""rank_method"": ""spearman"", ""stratum:factor:corpus"": ""amazon_reviews"", ""stratum:factor:temperature"": 0.9, ""stratum:factor:top_p"": 0.8, ""stratum:prompt_id"": ""open_news_v1""}",0ddb80edfd6e9dbfcf84286ff605b9b46f8cdf2b7376deb76408200424062b4f,internal_mauve_rank_sensitivity,0.48571428571428577,__meta__,open_news_v1,6,59,complete,__meta__
__none__,evaluator_minilm__evaluator_mpnet,evaluator_minilm__evaluator_mpnet,"{""encoder_pair"": ""evaluator_minilm__evaluator_mpnet"", ""rank_entity_fields"": ""model_id"", ""rank_method"": ""spearman"", ""stratum:factor:corpus"": ""imdb_reviews"", ""stratum:factor:temperature"": 0.9, ""stratum:factor:top_p"": 0.8, ""stratum:prompt_id"": ""open_news_v1""}",f21f2ec0d640f58b6fb83844d0b7d8a2cc503bfc9fb3baa3cfd8d48afde192e6,internal_mauve_rank_sensitivity,0.6571428571428573,__meta__,open_news_v1,6,59,complete,__meta__
__none__,evaluator_minilm__evaluator_mpnet,evaluator_minilm__evaluator_mpnet,"{""encoder_pair"": ""evaluator_minilm__evaluator_mpnet"", ""rank_entity_fields"": ""model_id"", ""rank_method"": ""spearman"", ""stratum:factor:corpus"": ""ag_news"", ""stratum:factor:temperature"": 0.6, ""stratum:factor:top_p"": 0.95, ""stratum:prompt_id"": ""open_news_v1""}",7feac66d114c6b034ebb3accf6f4802d9f2513be83ded665f15077ab83614ff3,internal_mauve_rank_sensitivity,0.942857142857143,__meta__,open_news_v1,6,59,complete,__meta__
__none__,evaluator_minilm__evaluator_mpnet,evaluator_minilm__evaluator_mpnet,"{""encoder_pair"": ""evaluator_minilm__evaluator_mpnet"", ""rank_entity_fields"": ""model_id"", ""rank_method"": ""spearman"", ""stratum:factor:corpus"": ""ag_news"", ""stratum:factor:temperature"": 0.9, ""stratum:factor:top_p"": 0.8, ""stratum:prompt_id"": ""open_news_v1""}",5f2f8970d1d25e1b8e5c645ba3ff69c71b577f39c2eb8f62c7b9a0d86e538b2d,internal_mauve_rank_sensitivity,0.8857142857142858,__meta__,open_news_v1,6,59,complete,__meta__
__none__,evaluator_minilm__evaluator_mpnet,evaluator_minilm__evaluator_mpnet,"{""encoder_pair"": ""evaluator_minilm__evaluator_mpnet"", ""rank_entity_fields"": ""model_id"", ""rank_method"": ""spearman"", ""stratum:factor:corpus"": ""dbpedia"", ""stratum:factor:temperature"": 0.3, ""stratum:factor:top_p"": 0.95, ""stratum:prompt_id"": ""open_news_v1""}",68f07c717a6d82f3ebe674876280dbe804a4661f22c23be94b210ae4b97cbf39,internal_mauve_rank_sensitivity,0.942857142857143,__meta__,open_news_v1,6,59,complete,__meta__
__none__,evaluator_minilm__evaluator_mpnet,evaluator_minilm__evaluator_mpnet,"{""encoder_pair"": ""evaluator_minilm__evaluator_mpnet"", ""rank_entity_fields"": ""model_id"", ""rank_method"": ""spearman"", ""stratum:factor:corpus"": ""amazon_reviews"", ""stratum:factor:temperature"": 0.3, ""stratum:factor:top_p"": 0.95, ""stratum:prompt_id"": ""open_news_v1""}",11024cb9783e511f8be2f3678b846abe57517c04130a1c0d4b671b69212ecab4,internal_mauve_rank_sensitivity,0.942857142857143,__meta__,open_news_v1,6,59,complete,__meta__
__none__,evaluator_minilm__evaluator_mpnet,evaluator_minilm__evaluator_mpnet,"{""encoder_pair"": ""evaluator_minilm__evaluator_mpnet"", ""rank_entity_fields"": ""model_id"", ""rank_method"": ""spearman"", ""stratum:factor:corpus"": ""yahoo_answers"", ""stratum:factor:temperature"": 0.9, ""stratum:factor:top_p"": 0.95, ""stratum:prompt_id"": ""open_news_v1""}",c25300852d6ac8b89bd302d8b5529fc902bee651c09e5c878ff74234c6099b59,internal_mauve_rank_sensitivity,1.0,__meta__,open_news_v1,6,59,complete,__meta__
__none__,evaluator_minilm__evaluator_mpnet,evaluator_minilm__evaluator_mpnet,"{""encoder_pair"": ""evaluator_minilm__evaluator_mpnet"", ""rank_entity_fields"": ""model_id"", ""rank_method"": ""spearman"", ""stratum:factor:corpus"": ""yahoo_answers"", ""stratum:factor:temperature"": 0.3, ""stratum:factor:top_p"": 0.95, ""stratum:prompt_id"": ""open_news_v1""}",337ffbf48d4a6d1c3448d32eea46968fb1bf996d671481d84aca873784f1a762,internal_mauve_rank_sensitivity,0.8285714285714287,__meta__,open_news_v1,6,59,complete,__meta__
__none__,evaluator_minilm__evaluator_mpnet,evaluator_minilm__evaluator_mpnet,"{""encoder_pair"": ""evaluator_minilm__evaluator_mpnet"", ""rank_entity_fields"": ""model_id"", ""rank_method"": ""spearman"", ""stratum:factor:corpus"": ""ag_news"", ""stratum:factor:temperature"": 0.9, ""stratum:factor:top_p"": 0.95, ""stratum:prompt_id"": ""open_news_v1""}",a006ecd9c1716a062bcbf4bdacfa80a9211ffc50f1532e50283336b169725894,internal_mauve_rank_sensitivity,1.0,__meta__,open_news_v1,6,59,complete,__meta__
__none__,evaluator_minilm__evaluator_mpnet,evaluator_minilm__evaluator_mpnet,"{""encoder_pair"": ""evaluator_minilm__evaluator_mpnet"", ""rank_entity_fields"": ""model_id"", ""rank_method"": ""spearman"", ""stratum:factor:corpus"": ""imdb_reviews"", ""stratum:factor:temperature"": 0.9, ""stratum:factor:top_p"": 0.95, ""stratum:prompt_id"": ""open_news_v1""}",6e7cccbad387fa045ff564373448b1ae93b652a809c650dc9f94947fecf29178,internal_mauve_rank_sensitivity,0.942857142857143,__meta__,open_news_v1,6,59,complete,__meta__
__none__,evaluator_minilm__evaluator_mpnet,evaluator_minilm__evaluator_mpnet,"{""encoder_pair"": ""evaluator_minilm__evaluator_mpnet"", ""rank_entity_fields"": ""model_id"", ""rank_method"": ""spearman"", ""stratum:factor:corpus"": ""dbpedia"", ""stratum:factor:temperature"": 0.3, ""stratum:factor:top_p"": 0.8, ""stratum:prompt_id"": ""open_news_v1""}",378f05362c5b2763650005e67b7e52a4a07f77e851860da6c471d420d99e7d4e,internal_mauve_rank_sensitivity,0.028571428571428574,__meta__,open_news_v1,6,59,complete,__meta__
__none__,evaluator_minilm__evaluator_mpnet,evaluator_minilm__evaluator_mpnet,"{""encoder_pair"": ""evaluator_minilm__evaluator_mpnet"", ""rank_entity_fields"": ""model_id"", ""rank_method"": ""spearman"", ""stratum:factor:corpus"": ""imdb_reviews"", ""stratum:factor:temperature"": 0.3, ""stratum:factor:top_p"": 0.8, ""stratum:prompt_id"": ""open_news_v1""}",7dcffb6b4ea8785c398717b32d5a366c259993ff0c4a191f3c29d60c9ddc456d,internal_mauve_rank_sensitivity,0.8285714285714287,__meta__,open_news_v1,6,59,complete,__meta__
__none__,evaluator_minilm__evaluator_mpnet,evaluator_minilm__evaluator_mpnet,"{""encoder_pair"": ""evaluator_minilm__evaluator_mpnet"", ""rank_entity_fields"": ""model_id"", ""rank_method"": ""spearman"", ""stratum:factor:corpus"": ""dbpedia"", ""stratum:factor:temperature"": 0.6, ""stratum:factor:top_p"": 0.8, ""stratum:prompt_id"": ""open_news_v1""}",a0121219f02dd457955dddebd6025a1995145e166aafe49edbaf159bba68238e,internal_mauve_rank_sensitivity,0.942857142857143,__meta__,open_news_v1,6,71,complete,__meta__
__none__,evaluator_minilm__evaluator_mpnet,evaluator_minilm__evaluator_mpnet,"{""encoder_pair"": ""evaluator_minilm__evaluator_mpnet"", ""rank_entity_fields"": ""model_id"", ""rank_method"": ""spearman"", ""stratum:factor:corpus"": ""yahoo_answers"", ""stratum:factor:temperature"": 0.3, ""stratum:factor:top_p"": 0.8, ""stratum:prompt_id"": ""open_news_v1""}",830924ce7670acd7b57a05a51968ae3bab74771cf72f918fd84a596a6c74eb4c,internal_mauve_rank_sensitivity,1.0,__meta__,open_news_v1,6,71,complete,__meta__
__none__,evaluator_minilm__evaluator_mpnet,evaluator_minilm__evaluator_mpnet,"{""encoder_pair"": ""evaluator_minilm__evaluator_mpnet"", ""rank_entity_fields"": ""model_id"", ""rank_method"": ""spearman"", ""stratum:factor:corpus"": ""yahoo_answers"", ""stratum:factor:temperature"": 0.6, ""stratum:factor:top_p"": 0.8, ""stratum:prompt_id"": ""open_news_v1""}",31ba93e8db13bc19eba5e7bd348a9ac61bc927ff88e469ae5af6874622500b11,internal_mauve_rank_sensitivity,0.8285714285714287,__meta__,open_news_v1,6,71,complete,__meta__
__none__,evaluator_minilm__evaluator_mpnet,evaluator_minilm__evaluator_mpnet,"{""encoder_pair"": ""evaluator_minilm__evaluator_mpnet"", ""rank_entity_fields"": ""model_id"", ""rank_method"": ""spearman"", ""stratum:factor:corpus"": ""yahoo_answers"", ""stratum:factor:temperature"": 0.9, ""stratum:factor:top_p"": 0.8, ""stratum:prompt_id"": ""open_news_v1""}",83dfbcb985bc6523e6799f8ce52fdaa0fd089fd71e2c2f9ea5a780f85b4f41f3,internal_mauve_rank_sensitivity,0.942857142857143,__meta__,open_news_v1,6,71,complete,__meta__
__none__,evaluator_minilm__evaluator_mpnet,evaluator_minilm__evaluator_mpnet,"{""encoder_pair"": ""evaluator_minilm__evaluator_mpnet"", ""rank_entity_fields"": ""model_id"", ""rank_method"": ""spearman"", ""stratum:factor:corpus"": ""imdb_reviews"", ""stratum:factor:temperature"": 0.3, ""stratum:factor:top_p"": 0.95, ""stratum:prompt_id"": ""open_news_v1""}",319de8e28fc74b5535f566b4ba00ac355d6cb23d3c0e0a4902266202a200896e,internal_mauve_rank_sensitivity,0.8285714285714287,__meta__,open_news_v1,6,71,complete,__meta__
__none__,evaluator_minilm__evaluator_mpnet,evaluator_minilm__evaluator_mpnet,"{""encoder_pair"": ""evaluator_minilm__evaluator_mpnet"", ""rank_entity_fields"": ""model_id"", ""rank_method"": ""spearman"", ""stratum:factor:corpus"": ""ag_news"", ""stratum:factor:temperature"": 0.3, ""stratum:factor:top_p"": 0.95, ""stratum:prompt_id"": ""open_news_v1""}",e30af5ec8f12f359f83410d09b02e6c9137202027ac9ef8f91823628fbbfb5cd,internal_mauve_rank_sensitivity,0.8857142857142858,__meta__,open_news_v1,6,71,complete,__meta__
__none__,evaluator_minilm__evaluator_mpnet,evaluator_minilm__evaluator_mpnet,"{""encoder_pair"": ""evaluator_minilm__evaluator_mpnet"", ""rank_entity_fields"": ""model_id"", ""rank_method"": ""spearman"", ""stratum:factor:corpus"": ""amazon_reviews"", ""stratum:factor:temperature"": 0.9, ""stratum:factor:top_p"": 0.95, ""stratum:prompt_id"": ""open_news_v1""}",c7d33b861aa64c5e30bbd0c8538ace5dec38fa16f8080187eec05d6e543b9bf5,internal_mauve_rank_sensitivity,0.942857142857143,__meta__,open_news_v1,6,71,complete,__meta__
__none__,evaluator_minilm__evaluator_mpnet,evaluator_minilm__evaluator_mpnet,"{""encoder_pair"": ""evaluator_minilm__evaluator_mpnet"", ""rank_entity_fields"": ""model_id"", ""rank_method"": ""spearman"", ""stratum:factor:corpus"": ""amazon_reviews"", ""stratum:factor:temperature"": 0.6, ""stratum:factor:top_p"": 0.8, ""stratum:prompt_id"": ""open_news_v1""}",af6ed9cd81218ec692d1c3b3eae70c1f0fd5836589d54e9911245ca48807143f,internal_mauve_rank_sensitivity,0.8285714285714287,__meta__,open_news_v1,6,71,complete,__meta__
__none__,evaluator_minilm__evaluator_mpnet,evaluator_minilm__evaluator_mpnet,"{""encoder_pair"": ""evaluator_minilm__evaluator_mpnet"", ""rank_entity_fields"": ""model_id"", ""rank_method"": ""spearman"", ""stratum:factor:corpus"": ""yahoo_answers"", ""stratum:factor:temperature"": 0.6, ""stratum:factor:top_p"": 0.95, ""stratum:prompt_id"": ""open_news_v1""}",dbd67143cbf4158033b071a313ddce71575450bb209c6a0782690dd610792ef6,internal_mauve_rank_sensitivity,1.0,__meta__,open_news_v1,6,71,complete,__meta__
__none__,evaluator_minilm__evaluator_mpnet,evaluator_minilm__evaluator_mpnet,"{""encoder_pair"": ""evaluator_minilm__evaluator_mpnet"", ""rank_entity_fields"": ""model_id"", ""rank_method"": ""spearman"", ""stratum:factor:corpus"": ""dbpedia"", ""stratum:factor:temperature"": 0.9, ""stratum:factor:top_p"": 0.8, ""stratum:prompt_id"": ""open_news_v1""}",9144524b5b1c469cf317736f2e425b8234471d935352fb165794e45acbddbb03,internal_mauve_rank_sensitivity,0.7714285714285715,__meta__,open_news_v1,6,71,complete,__meta__
__none__,evaluator_minilm__evaluator_mpnet,evaluator_minilm__evaluator_mpnet,"{""encoder_pair"": ""evaluator_minilm__evaluator_mpnet"", ""rank_entity_fields"": ""model_id"", ""rank_method"": ""spearman"", ""stratum:factor:corpus"": ""imdb_reviews"", ""stratum:factor:temperature"": 0.6, ""stratum:factor:top_p"": 0.95, ""stratum:prompt_id"": ""open_news_v1""}",eff372c5c3b1a60262f61b66066412ecf587eff3b58daade0be60e8fd913ae1d,internal_mauve_rank_sensitivity,-0.08571428571428573,__meta__,open_news_v1,6,71,complete,__meta__
__none__,evaluator_minilm__evaluator_mpnet,evaluator_minilm__evaluator_mpnet,"{""encoder_pair"": ""evaluator_minilm__evaluator_mpnet"", ""rank_entity_fields"": ""model_id"", ""rank_method"": ""spearman"", ""stratum:factor:corpus"": ""amazon_reviews"", ""stratum:factor:temperature"": 0.6, ""stratum:factor:top_p"": 0.95, ""stratum:prompt_id"": ""open_news_v1""}",bb0bbd7767701b77e150eafb706f223931b7dc8ce62fbe446e0000a748f4bf24,internal_mauve_rank_sensitivity,0.6,__meta__,open_news_v1,6,71,complete,__meta__
__none__,evaluator_minilm__evaluator_mpnet,evaluator_minilm__evaluator_mpnet,"{""encoder_pair"": ""evaluator_minilm__evaluator_mpnet"", ""rank_entity_fields"": ""model_id"", ""rank_method"": ""spearman"", ""stratum:factor:corpus"": ""dbpedia"", ""stratum:factor:temperature"": 0.9, ""stratum:factor:top_p"": 0.95, ""stratum:prompt_id"": ""open_news_v1""}",4c847563b7f26e44a94af198d837178cbb27039315ab81a45df5c768da5b13f4,internal_mauve_rank_sensitivity,0.8285714285714287,__meta__,open_news_v1,6,71,complete,__meta__
__none__,evaluator_minilm__evaluator_mpnet,evaluator_minilm__evaluator_mpnet,"{""encoder_pair"": ""evaluator_minilm__evaluator_mpnet"", ""rank_entity_fields"": ""model_id"", ""rank_method"": ""spearman"", ""stratum:factor:corpus"": ""ag_news"", ""stratum:factor:temperature"": 0.3, ""stratum:factor:top_p"": 0.8, ""stratum:prompt_id"": ""open_news_v1""}",b6e1237b7b8b7e3c2cd78bdf02ed4b79b02e251477617dff56b51093100e1869,internal_mauve_rank_sensitivity,0.942857142857143,__meta__,open_news_v1,6,71,complete,__meta__
__none__,evaluator_minilm__evaluator_mpnet,evaluator_minilm__evaluator_mpnet,"{""encoder_pair"": ""evaluator_minilm__evaluator_mpnet"", ""rank_entity_fields"": ""model_id"", ""rank_method"": ""spearman"", ""stratum:factor:corpus"": ""dbpedia"", ""stratum:factor:temperature"": 0.6, ""stratum:factor:top_p"": 0.95, ""stratum:prompt_id"": ""open_news_v1""}",0542c91737abc827de12d742bbc77c38650c01bb67c668caac5618f593208872,internal_mauve_rank_sensitivity,0.4285714285714286,__meta__,open_news_v1,6,71,complete,__meta__
__none__,evaluator_minilm__evaluator_mpnet,evaluator_minilm__evaluator_mpnet,"{""encoder_pair"": ""evaluator_minilm__evaluator_mpnet"", ""rank_entity_fields"": ""model_id"", ""rank_method"": ""spearman"", ""stratum:factor:corpus"": ""amazon_reviews"", ""stratum:factor:temperature"": 0.3, ""stratum:factor:top_p"": 0.8, ""stratum:prompt_id"": ""open_news_v1""}",818dbd5bb737b9eb15877b032f7a5e80ccccf42797c79a01b8899a06481c3025,internal_mauve_rank_sensitivity,1.0,__meta__,open_news_v1,6,71,complete,__meta__
__none__,evaluator_minilm__evaluator_mpnet,evaluator_minilm__evaluator_mpnet,"{""encoder_pair"": ""evaluator_minilm__evaluator_mpnet"", ""rank_entity_fields"": ""model_id"", ""rank_method"": ""spearman"", ""stratum:factor:corpus"": ""ag_news"", ""stratum:factor:temperature"": 0.6, ""stratum:factor:top_p"": 0.8, ""stratum:prompt_id"": ""open_news_v1""}",9bd610def2fc178a5a019c74a2d83f34531880782d6762c33be4fd049cb35dee,internal_mauve_rank_sensitivity,-0.028571428571428574,__meta__,open_news_v1,6,71,complete,__meta__
__none__,evaluator_minilm__evaluator_mpnet,evaluator_minilm__evaluator_mpnet,"{""encoder_pair"": ""evaluator_minilm__evaluator_mpnet"", ""rank_entity_fields"": ""model_id"", ""rank_method"": ""spearman"", ""stratum:factor:corpus"": ""imdb_reviews"", ""stratum:factor:temperature"": 0.6, ""stratum:factor:top_p"": 0.8, ""stratum:prompt_id"": ""open_news_v1""}",106e52acebb014970ec4f3397d49df43de53db586dfa1cf84397441ab7bba471,internal_mauve_rank_sensitivity,0.2571428571428572,__meta__,open_news_v1,6,71,complete,__meta__
__none__,evaluator_minilm__evaluator_mpnet,evaluator_minilm__evaluator_mpnet,"{""encoder_pair"": ""evaluator_minilm__evaluator_mpnet"", ""rank_entity_fields"": ""model_id"", ""rank_method"": ""spearman"", ""stratum:factor:corpus"": ""amazon_reviews"", ""stratum:factor:temperature"": 0.9, ""stratum:factor:top_p"": 0.8, ""stratum:prompt_id"": ""open_news_v1""}",8bde20691c22bbe7b858ed25b5c60ae57edd6490eacd3b5bd8ef5ddb1a6c34f6,internal_mauve_rank_sensitivity,0.7142857142857143,__meta__,open_news_v1,6,71,complete,__meta__
__none__,evaluator_minilm__evaluator_mpnet,evaluator_minilm__evaluator_mpnet,"{""encoder_pair"": ""evaluator_minilm__evaluator_mpnet"", ""rank_entity_fields"": ""model_id"", ""rank_method"": ""spearman"", ""stratum:factor:corpus"": ""imdb_reviews"", ""stratum:factor:temperature"": 0.9, ""stratum:factor:top_p"": 0.8, ""stratum:prompt_id"": ""open_news_v1""}",60de93d4873e1323691a8b1d521a24b3c9932907fd7d551ce39f8fdf94ad0b38,internal_mauve_rank_sensitivity,0.6,__meta__,open_news_v1,6,71,complete,__meta__
__none__,evaluator_minilm__evaluator_mpnet,evaluator_minilm__evaluator_mpnet,"{""encoder_pair"": ""evaluator_minilm__evaluator_mpnet"", ""rank_entity_fields"": ""model_id"", ""rank_method"": ""spearman"", ""stratum:factor:corpus"": ""ag_news"", ""stratum:factor:temperature"": 0.6, ""stratum:factor:top_p"": 0.95, ""stratum:prompt_id"": ""open_news_v1""}",b0007d39216aad82c017f65000d162f5d5174f04fe77c6c778aad9b17778d617,internal_mauve_rank_sensitivity,0.8857142857142858,__meta__,open_news_v1,6,71,complete,__meta__
__none__,evaluator_minilm__evaluator_mpnet,evaluator_minilm__evaluator_mpnet,"{""encoder_pair"": ""evaluator_minilm__evaluator_mpnet"", ""rank_entity_fields"": ""model_id"", ""rank_method"": ""spearman"", ""stratum:factor:corpus"": ""ag_news"", ""stratum:factor:temperature"": 0.9, ""stratum:factor:top_p"": 0.8, ""stratum:prompt_id"": ""open_news_v1""}",e6997a6f1b049bc74eca215bfcb4b94ad710be4ec2a1fb15d6f04ba1fe759d8b,internal_mauve_rank_sensitivity,0.8857142857142858,__meta__,open_news_v1,6,71,complete,__meta__
__none__,evaluator_minilm__evaluator_mpnet,evaluator_minilm__evaluator_mpnet,"{""encoder_pair"": ""evaluator_minilm__evaluator_mpnet"", ""rank_entity_fields"": ""model_id"", ""rank_method"": ""spearman"", ""stratum:factor:corpus"": ""dbpedia"", ""stratum:factor:temperature"": 0.3, ""stratum:factor:top_p"": 0.95, ""stratum:prompt_id"": ""open_news_v1""}",480944d705a321e95c6261d6dc3547c8f59e8c30a6a04f035e957bab6b898819,internal_mauve_rank_sensitivity,0.48571428571428577,__meta__,open_news_v1,6,71,complete,__meta__
__none__,evaluator_minilm__evaluator_mpnet,evaluator_minilm__evaluator_mpnet,"{""encoder_pair"": ""evaluator_minilm__evaluator_mpnet"", ""rank_entity_fields"": ""model_id"", ""rank_method"": ""spearman"", ""stratum:factor:corpus"": ""amazon_reviews"", ""stratum:factor:temperature"": 0.3, ""stratum:factor:top_p"": 0.95, ""stratum:prompt_id"": ""open_news_v1""}",c42df85cb1e155b71d09cde33dc68ef63a8983301f1c968b2d359319d3ba3da4,internal_mauve_rank_sensitivity,0.6,__meta__,open_news_v1,6,71,complete,__meta__
__none__,evaluator_minilm__evaluator_mpnet,evaluator_minilm__evaluator_mpnet,"{""encoder_pair"": ""evaluator_minilm__evaluator_mpnet"", ""rank_entity_fields"": ""model_id"", ""rank_method"": ""spearman"", ""stratum:factor:corpus"": ""yahoo_answers"", ""stratum:factor:temperature"": 0.9, ""stratum:factor:top_p"": 0.95, ""stratum:prompt_id"": ""open_news_v1""}",4a8cd8e855c1068435bdd35ce5acbbf5ba73b4ae2f6e8807bd5b8b42b237d0b6,internal_mauve_rank_sensitivity,0.8857142857142858,__meta__,open_news_v1,6,71,complete,__meta__
__none__,evaluator_minilm__evaluator_mpnet,evaluator_minilm__evaluator_mpnet,"{""encoder_pair"": ""evaluator_minilm__evaluator_mpnet"", ""rank_entity_fields"": ""model_id"", ""rank_method"": ""spearman"", ""stratum:factor:corpus"": ""yahoo_answers"", ""stratum:factor:temperature"": 0.3, ""stratum:factor:top_p"": 0.95, ""stratum:prompt_id"": ""open_news_v1""}",8a186ced298570e59310152e72ffa69cb2f67d7b03d562bb9bcab36acc9ed51e,internal_mauve_rank_sensitivity,0.942857142857143,__meta__,open_news_v1,6,71,complete,__meta__
__none__,evaluator_minilm__evaluator_mpnet,evaluator_minilm__evaluator_mpnet,"{""encoder_pair"": ""evaluator_minilm__evaluator_mpnet"", ""rank_entity_fields"": ""model_id"", ""rank_method"": ""spearman"", ""stratum:factor:corpus"": ""ag_news"", ""stratum:factor:temperature"": 0.9, ""stratum:factor:top_p"": 0.95, ""stratum:prompt_id"": ""open_news_v1""}",71a8dc3c9a3f9b7e6bd840bb4727b05ece26cfcb016574abc9495d82ee83bdcb,internal_mauve_rank_sensitivity,0.942857142857143,__meta__,open_news_v1,6,71,complete,__meta__
__none__,evaluator_minilm__evaluator_mpnet,evaluator_minilm__evaluator_mpnet,"{""encoder_pair"": ""evaluator_minilm__evaluator_mpnet"", ""rank_entity_fields"": ""model_id"", ""rank_method"": ""spearman"", ""stratum:factor:corpus"": ""imdb_reviews"", ""stratum:factor:temperature"": 0.9, ""stratum:factor:top_p"": 0.95, ""stratum:prompt_id"": ""open_news_v1""}",6e227a945d1f732318baea61dc978b17d837800a40fce8c46c0a9c82f0b185c7,internal_mauve_rank_sensitivity,-0.14285714285714288,__meta__,open_news_v1,6,71,complete,__meta__
__none__,evaluator_minilm__evaluator_mpnet,evaluator_minilm__evaluator_mpnet,"{""encoder_pair"": ""evaluator_minilm__evaluator_mpnet"", ""rank_entity_fields"": ""model_id"", ""rank_method"": ""spearman"", ""stratum:factor:corpus"": ""dbpedia"", ""stratum:factor:temperature"": 0.3, ""stratum:factor:top_p"": 0.8, ""stratum:prompt_id"": ""open_news_v1""}",0062ec342d292d40cd44e27c6b7628c170f5c8bc555cd5c22fb7e42a1375b324,internal_mauve_rank_sensitivity,-0.028571428571428574,__meta__,open_news_v1,6,71,complete,__meta__
__none__,evaluator_minilm__evaluator_mpnet,evaluator_minilm__evaluator_mpnet,"{""encoder_pair"": ""evaluator_minilm__evaluator_mpnet"", ""rank_entity_fields"": ""model_id"", ""rank_method"": ""spearman"", ""stratum:factor:corpus"": ""imdb_reviews"", ""stratum:factor:temperature"": 0.3, ""stratum:factor:top_p"": 0.8, ""stratum:prompt_id"": ""open_news_v1""}",72cf8a34aeefdd67f9493053ab7eafd56a79ba004bd0f02512459166a26c1dc1,internal_mauve_rank_sensitivity,0.7714285714285715,__meta__,open_news_v1,6,71,complete,__meta__
__none__,evaluator_minilm__evaluator_mpnet,evaluator_minilm__evaluator_mpnet,"{""encoder_pair"": ""evaluator_minilm__evaluator_mpnet"", ""rank_entity_fields"": ""model_id"", ""rank_method"": ""spearman"", ""stratum:factor:corpus"": ""dbpedia"", ""stratum:factor:temperature"": 0.6, ""stratum:factor:top_p"": 0.8, ""stratum:prompt_id"": ""open_news_v1""}",1f522797323d5347794d0ea4e6252e5ed984bf0d0ccecaaa0d1bc16999ade1ce,internal_mauve_rank_sensitivity,0.942857142857143,__meta__,open_news_v1,6,83,complete,__meta__
__none__,evaluator_minilm__evaluator_mpnet,evaluator_minilm__evaluator_mpnet,"{""encoder_pair"": ""evaluator_minilm__evaluator_mpnet"", ""rank_entity_fields"": ""model_id"", ""rank_method"": ""spearman"", ""stratum:factor:corpus"": ""yahoo_answers"", ""stratum:factor:temperature"": 0.3, ""stratum:factor:top_p"": 0.8, ""stratum:prompt_id"": ""open_news_v1""}",be765d3147faf5f98542923b73eca0c3b62df88c2ac00bc393cff124951d088a,internal_mauve_rank_sensitivity,0.3142857142857143,__meta__,open_news_v1,6,83,complete,__meta__
__none__,evaluator_minilm__evaluator_mpnet,evaluator_minilm__evaluator_mpnet,"{""encoder_pair"": ""evaluator_minilm__evaluator_mpnet"", ""rank_entity_fields"": ""model_id"", ""rank_method"": ""spearman"", ""stratum:factor:corpus"": ""yahoo_answers"", ""stratum:factor:temperature"": 0.6, ""stratum:factor:top_p"": 0.8, ""stratum:prompt_id"": ""open_news_v1""}",bd1380fadf23aeac9957dc6056f8b238150554d4d118ade8306704ef75352422,internal_mauve_rank_sensitivity,0.8857142857142858,__meta__,open_news_v1,6,83,complete,__meta__
__none__,evaluator_minilm__evaluator_mpnet,evaluator_minilm__evaluator_mpnet,"{""encoder_pair"": ""evaluator_minilm__evaluator_mpnet"", ""rank_entity_fields"": ""model_id"", ""rank_method"": ""spearman"", ""stratum:factor:corpus"": ""yahoo_answers"", ""stratum:factor:temperature"": 0.9, ""stratum:factor:top_p"": 0.8, ""stratum:prompt_id"": ""open_news_v1""}",281fb8eef9bdddd32e5c659f7788a2b294ea3a1d10faf13338dab8962cff443c,internal_mauve_rank_sensitivity,0.942857142857143,__meta__,open_news_v1,6,83,complete,__meta__
__none__,evaluator_minilm__evaluator_mpnet,evaluator_minilm__evaluator_mpnet,"{""encoder_pair"": ""evaluator_minilm__evaluator_mpnet"", ""rank_entity_fields"": ""model_id"", ""rank_method"": ""spearman"", ""stratum:factor:corpus"": ""imdb_reviews"", ""stratum:factor:temperature"": 0.3, ""stratum:factor:top_p"": 0.95, ""stratum:prompt_id"": ""open_news_v1""}",c686e95c06657b7c2c5c3975afe040b6eefe31058c7c40b2fc0ab325939a2995,internal_mauve_rank_sensitivity,0.2571428571428572,__meta__,open_news_v1,6,83,complete,__meta__
__none__,evaluator_minilm__evaluator_mpnet,evaluator_minilm__evaluator_mpnet,"{""encoder_pair"": ""evaluator_minilm__evaluator_mpnet"", ""rank_entity_fields"": ""model_id"", ""rank_method"": ""spearman"", ""stratum:factor:corpus"": ""ag_news"", ""stratum:factor:temperature"": 0.3, ""stratum:factor:top_p"": 0.95, ""stratum:prompt_id"": ""open_news_v1""}",e8d682dfb7795a33b3449aa8a7c66beb03a9f8955b2a4ac2d27774d82c42a5c6,internal_mauve_rank_sensitivity,0.8285714285714287,__meta__,open_news_v1,6,83,complete,__meta__
__none__,evaluator_minilm__evaluator_mpnet,evaluator_minilm__evaluator_mpnet,"{""encoder_pair"": ""evaluator_minilm__evaluator_mpnet"", ""rank_entity_fields"": ""model_id"", ""rank_method"": ""spearman"", ""stratum:factor:corpus"": ""amazon_reviews"", ""stratum:factor:temperature"": 0.9, ""stratum:factor:top_p"": 0.95, ""stratum:prompt_id"": ""open_news_v1""}",2b04210d05f7462810902a0d7d9e222372723bb81f01603469bd3d3ca2998af7,internal_mauve_rank_sensitivity,0.8857142857142858,__meta__,open_news_v1,6,83,complete,__meta__
__none__,evaluator_minilm__evaluator_mpnet,evaluator_minilm__evaluator_mpnet,"{""encoder_pair"": ""evaluator_minilm__evaluator_mpnet"", ""rank_entity_fields"": ""model_id"", ""rank_method"": ""spearman"", ""stratum:factor:corpus"": ""amazon_reviews"", ""stratum:factor:temperature"": 0.6, ""stratum:factor:top_p"": 0.8, ""stratum:prompt_id"": ""open_news_v1""}",f37e31666137466a8a595e13c4c5e2de5a0661da563df0b1073eed3b0b2757f0,internal_mauve_rank_sensitivity,0.5428571428571429,__meta__,open_news_v1,6,83,complete,__meta__
__none__,evaluator_minilm__evaluator_mpnet,evaluator_minilm__evaluator_mpnet,"{""encoder_pair"": ""evaluator_minilm__evaluator_mpnet"", ""rank_entity_fields"": ""model_id"", ""rank_method"": ""spearman"", ""stratum:factor:corpus"": ""yahoo_answers"", ""stratum:factor:temperature"": 0.6, ""stratum:factor:top_p"": 0.95, ""stratum:prompt_id"": ""open_news_v1""}",ce94786de2122760c61ff1a037e878ff2c269975c084402bf9e4a67c3a011691,internal_mauve_rank_sensitivity,1.0,__meta__,open_news_v1,6,83,complete,__meta__
__none__,evaluator_minilm__evaluator_mpnet,evaluator_minilm__evaluator_mpnet,"{""encoder_pair"": ""evaluator_minilm__evaluator_mpnet"", ""rank_entity_fields"": ""model_id"", ""rank_method"": ""spearman"", ""stratum:factor:corpus"": ""dbpedia"", ""stratum:factor:temperature"": 0.9, ""stratum:factor:top_p"": 0.8, ""stratum:prompt_id"": ""open_news_v1""}",3e687821256849e62182a41c8f608665a2c9b88e681371db19fcd8f092ed53f7,internal_mauve_rank_sensitivity,0.4285714285714286,__meta__,open_news_v1,6,83,complete,__meta__
__none__,evaluator_minilm__evaluator_mpnet,evaluator_minilm__evaluator_mpnet,"{""encoder_pair"": ""evaluator_minilm__evaluator_mpnet"", ""rank_entity_fields"": ""model_id"", ""rank_method"": ""spearman"", ""stratum:factor:corpus"": ""imdb_reviews"", ""stratum:factor:temperature"": 0.6, ""stratum:factor:top_p"": 0.95, ""stratum:prompt_id"": ""open_news_v1""}",f0c2f060bad51fee93c14809daac39c39390d9a6b7f36605e13d9031442a057a,internal_mauve_rank_sensitivity,-0.14285714285714288,__meta__,open_news_v1,6,83,complete,__meta__
__none__,evaluator_minilm__evaluator_mpnet,evaluator_minilm__evaluator_mpnet,"{""encoder_pair"": ""evaluator_minilm__evaluator_mpnet"", ""rank_entity_fields"": ""model_id"", ""rank_method"": ""spearman"", ""stratum:factor:corpus"": ""amazon_reviews"", ""stratum:factor:temperature"": 0.6, ""stratum:factor:top_p"": 0.95, ""stratum:prompt_id"": ""open_news_v1""}",ccd34ecb09ce0854c7d1c4efe64399cfa2ca17c2194000413001af553c0d5edd,internal_mauve_rank_sensitivity,0.7714285714285715,__meta__,open_news_v1,6,83,complete,__meta__
__none__,evaluator_minilm__evaluator_mpnet,evaluator_minilm__evaluator_mpnet,"{""encoder_pair"": ""evaluator_minilm__evaluator_mpnet"", ""rank_entity_fields"": ""model_id"", ""rank_method"": ""spearman"", ""stratum:factor:corpus"": ""dbpedia"", ""stratum:factor:temperature"": 0.9, ""stratum:factor:top_p"": 0.95, ""stratum:prompt_id"": ""open_news_v1""}",93f04fa4e368d1caa2ebb3bdef35e63ad1bbe8c38948ced85f041220f3b47fde,internal_mauve_rank_sensitivity,0.7714285714285715,__meta__,open_news_v1,6,83,complete,__meta__
__none__,evaluator_minilm__evaluator_mpnet,evaluator_minilm__evaluator_mpnet,"{""encoder_pair"": ""evaluator_minilm__evaluator_mpnet"", ""rank_entity_fields"": ""model_id"", ""rank_method"": ""spearman"", ""stratum:factor:corpus"": ""ag_news"", ""stratum:factor:temperature"": 0.3, ""stratum:factor:top_p"": 0.8, ""stratum:prompt_id"": ""open_news_v1""}",93f576e30e117eef188deb35e762e08342e5b7dbb542b0ea866b1bdad30b3a72,internal_mauve_rank_sensitivity,0.942857142857143,__meta__,open_news_v1,6,83,complete,__meta__
__none__,evaluator_minilm__evaluator_mpnet,evaluator_minilm__evaluator_mpnet,"{""encoder_pair"": ""evaluator_minilm__evaluator_mpnet"", ""rank_entity_fields"": ""model_id"", ""rank_method"": ""spearman"", ""stratum:factor:corpus"": ""dbpedia"", ""stratum:factor:temperature"": 0.6, ""stratum:factor:top_p"": 0.95, ""stratum:prompt_id"": ""open_news_v1""}",cdb2fa57039c8943757f64ba638e2c19a20ecdb820ce9949f8a73915237f25aa,internal_mauve_rank_sensitivity,1.0,__meta__,open_news_v1,6,83,complete,__meta__
__none__,evaluator_minilm__evaluator_mpnet,evaluator_minilm__evaluator_mpnet,"{""encoder_pair"": ""evaluator_minilm__evaluator_mpnet"", ""rank_entity_fields"": ""model_id"", ""rank_method"": ""spearman"", ""stratum:factor:corpus"": ""amazon_reviews"", ""stratum:factor:temperature"": 0.3, ""stratum:factor:top_p"": 0.8, ""stratum:prompt_id"": ""open_news_v1""}",42fee7722fd7f8af15a5c5f681504059d318dd710f0e4f4882b3f1bcc30a6fb4,internal_mauve_rank_sensitivity,0.942857142857143,__meta__,open_news_v1,6,83,complete,__meta__
__none__,evaluator_minilm__evaluator_mpnet,evaluator_minilm__evaluator_mpnet,"{""encoder_pair"": ""evaluator_minilm__evaluator_mpnet"", ""rank_entity_fields"": ""model_id"", ""rank_method"": ""spearman"", ""stratum:factor:corpus"": ""ag_news"", ""stratum:factor:temperature"": 0.6, ""stratum:factor:top_p"": 0.8, ""stratum:prompt_id"": ""open_news_v1""}",98224baf084cb6eeb33c8ca6dfd3b4194a87b9ddb580d701f792a78f0163534a,internal_mauve_rank_sensitivity,1.0,__meta__,open_news_v1,6,83,complete,__meta__
__none__,evaluator_minilm__evaluator_mpnet,evaluator_minilm__evaluator_mpnet,"{""encoder_pair"": ""evaluator_minilm__evaluator_mpnet"", ""rank_entity_fields"": ""model_id"", ""rank_method"": ""spearman"", ""stratum:factor:corpus"": ""imdb_reviews"", ""stratum:factor:temperature"": 0.6, ""stratum:factor:top_p"": 0.8, ""stratum:prompt_id"": ""open_news_v1""}",6f485a20fae27f9c423dbcc8aaa3d6447d15192ab1daad7709778d2cf781c012,internal_mauve_rank_sensitivity,0.3714285714285715,__meta__,open_news_v1,6,83,complete,__meta__
__none__,evaluator_minilm__evaluator_mpnet,evaluator_minilm__evaluator_mpnet,"{""encoder_pair"": ""evaluator_minilm__evaluator_mpnet"", ""rank_entity_fields"": ""model_id"", ""rank_method"": ""spearman"", ""stratum:factor:corpus"": ""amazon_reviews"", ""stratum:factor:temperature"": 0.9, ""stratum:factor:top_p"": 0.8, ""stratum:prompt_id"": ""open_news_v1""}",0e748c56976f1968d431d930f4e30ebe457d0322fa98340e3976c91d1458945d,internal_mauve_rank_sensitivity,0.8857142857142858,__meta__,open_news_v1,6,83,complete,__meta__
__none__,evaluator_minilm__evaluator_mpnet,evaluator_minilm__evaluator_mpnet,"{""encoder_pair"": ""evaluator_minilm__evaluator_mpnet"", ""rank_entity_fields"": ""model_id"", ""rank_method"": ""spearman"", ""stratum:factor:corpus"": ""imdb_reviews"", ""stratum:factor:temperature"": 0.9, ""stratum:factor:top_p"": 0.8, ""stratum:prompt_id"": ""open_news_v1""}",418d1848732c5ec72fedb2ca74005aaad9ac16393f07a97c40583b380306f8c4,internal_mauve_rank_sensitivity,0.6,__meta__,open_news_v1,6,83,complete,__meta__
__none__,evaluator_minilm__evaluator_mpnet,evaluator_minilm__evaluator_mpnet,"{""encoder_pair"": ""evaluator_minilm__evaluator_mpnet"", ""rank_entity_fields"": ""model_id"", ""rank_method"": ""spearman"", ""stratum:factor:corpus"": ""ag_news"", ""stratum:factor:temperature"": 0.6, ""stratum:factor:top_p"": 0.95, ""stratum:prompt_id"": ""open_news_v1""}",a1b0e6c95786309cbd55a366b716b37f0deb77263d525b01cd4e20b9b1d956d0,internal_mauve_rank_sensitivity,0.8857142857142858,__meta__,open_news_v1,6,83,complete,__meta__
__none__,evaluator_minilm__evaluator_mpnet,evaluator_minilm__evaluator_mpnet,"{""encoder_pair"": ""evaluator_minilm__evaluator_mpnet"", ""rank_entity_fields"": ""model_id"", ""rank_method"": ""spearman"", ""stratum:factor:corpus"": ""ag_news"", ""stratum:factor:temperature"": 0.9, ""stratum:factor:top_p"": 0.8, ""stratum:prompt_id"": ""open_news_v1""}",c6a751e127bc71c02de41200ccf3e74db119591e976d166a64ccc106e3f648f5,internal_mauve_rank_sensitivity,0.7142857142857143,__meta__,open_news_v1,6,83,complete,__meta__
__none__,evaluator_minilm__evaluator_mpnet,evaluator_minilm__evaluator_mpnet,"{""encoder_pair"": ""evaluator_minilm__evaluator_mpnet"", ""rank_entity_fields"": ""model_id"", ""rank_method"": ""spearman"", ""stratum:factor:corpus"": ""dbpedia"", ""stratum:factor:temperature"": 0.3, ""stratum:factor:top_p"": 0.95, ""stratum:prompt_id"": ""open_news_v1""}",000d066873e0568b4a0e18e18ba4b9de9613d0e3ab6dbe284cb8d846a77270bd,internal_mauve_rank_sensitivity,0.7714285714285715,__meta__,open_news_v1,6,83,complete,__meta__
__none__,evaluator_minilm__evaluator_mpnet,evaluator_minilm__evaluator_mpnet,"{""encoder_pair"": ""evaluator_minilm__evaluator_mpnet"", ""rank_entity_fields"": ""model_id"", ""rank_method"": ""spearman"", ""stratum:factor:corpus"": ""amazon_reviews"", ""stratum:factor:temperature"": 0.3, ""stratum:factor:top_p"": 0.95, ""stratum:prompt_id"": ""open_news_v1""}",f5716b8e294a380a000fb509a137f897f65c6f19304ac764fbd0d364cedf58cb,internal_mauve_rank_sensitivity,0.942857142857143,__meta__,open_news_v1,6,83,complete,__meta__
__none__,evaluator_minilm__evaluator_mpnet,evaluator_minilm__evaluator_mpnet,"{""encoder_pair"": ""evaluator_minilm__evaluator_mpnet"", ""rank_entity_fields"": ""model_id"", ""rank_method"": ""spearman"", ""stratum:factor:corpus"": ""yahoo_answers"", ""stratum:factor:temperature"": 0.9, ""stratum:factor:top_p"": 0.95, ""stratum:prompt_id"": ""open_news_v1""}",31c317b7021232bc4b4531bbb0f50afb1471faa372f703bf543c97320ef5277b,internal_mauve_rank_sensitivity,0.942857142857143,__meta__,open_news_v1,6,83,complete,__meta__
__none__,evaluator_minilm__evaluator_mpnet,evaluator_minilm__evaluator_mpnet,"{""encoder_pair"": ""evaluator_minilm__evaluator_mpnet"", ""rank_entity_fields"": ""model_id"", ""rank_method"": ""spearman"", ""stratum:factor:corpus"": ""yahoo_answers"", ""stratum:factor:temperature"": 0.3, ""stratum:factor:top_p"": 0.95, ""stratum:prompt_id"": ""open_news_v1""}",53ceb9495c410aeade263427b49ecfb686c1fdbaa6348bc65ff37ae5e7437e6f,internal_mauve_rank_sensitivity,0.4285714285714286,__meta__,open_news_v1,6,83,complete,__meta__
__none__,evaluator_minilm__evaluator_mpnet,evaluator_minilm__evaluator_mpnet,"{""encoder_pair"": ""evaluator_minilm__evaluator_mpnet"", ""rank_entity_fields"": ""model_id"", ""rank_method"": ""spearman"", ""stratum:factor:corpus"": ""ag_news"", ""stratum:factor:temperature"": 0.9, ""stratum:factor:top_p"": 0.95, ""stratum:prompt_id"": ""open_news_v1""}",7a378042c7146ed8fdcefcfcf80b3d4797f84cd7f68c1208cad65b9a61729018,internal_mauve_rank_sensitivity,1.0,__meta__,open_news_v1,6,83,complete,__meta__
__none__,evaluator_minilm__evaluator_mpnet,evaluator_minilm__evaluator_mpnet,"{""encoder_pair"": ""evaluator_minilm__evaluator_mpnet"", ""rank_entity_fields"": ""model_id"", ""rank_method"": ""spearman"", ""stratum:factor:corpus"": ""imdb_reviews"", ""stratum:factor:temperature"": 0.9, ""stratum:factor:top_p"": 0.95, ""stratum:prompt_id"": ""open_news_v1""}",ada949cefe3322b895660f590c22539fae02e42a089a1dc9217e8afcef8faae1,internal_mauve_rank_sensitivity,0.6,__meta__,open_news_v1,6,83,complete,__meta__
__none__,evaluator_minilm__evaluator_mpnet,evaluator_minilm__evaluator_mpnet,"{""encoder_pair"": ""evaluator_minilm__evaluator_mpnet"", ""rank_entity_fields"": ""model_id"", ""rank_method"": ""spearman"", ""stratum:factor:corpus"": ""dbpedia"", ""stratum:factor:temperature"": 0.3, ""stratum:factor:top_p"": 0.8, ""stratum:prompt_id"": ""open_news_v1""}",64dde81ad74192ca67e72bee0120366336047c1dee87b60ed3f8be729ffa632c,internal_mauve_rank_sensitivity,1.0,__meta__,open_news_v1,6,83,complete,__meta__
__none__,evaluator_minilm__evaluator_mpnet,evaluator_minilm__evaluator_mpnet,"{""encoder_pair"": ""evaluator_minilm__evaluator_mpnet"", ""rank_entity_fields"": ""model_id"", ""rank_method"": ""spearman"", ""stratum:factor:corpus"": ""imdb_reviews"", ""stratum:factor:temperature"": 0.3, ""stratum:factor:top_p"": 0.8, ""stratum:prompt_id"": ""open_news_v1""}",63c1da37ab3247e165e34b40bd3ba88d9b99b650076e9357507cf9fa608b54a1,internal_mauve_rank_sensitivity,0.7714285714285715,__meta__,open_news_v1,6,83,complete,__meta__
__none__,evaluator_minilm__evaluator_mpnet,evaluator_minilm__evaluator_mpnet,"{""encoder_pair"": ""evaluator_minilm__evaluator_mpnet"", ""rank_entity_fields"": ""model_id"", ""rank_method"": ""spearman"", ""stratum:factor:corpus"": ""dbpedia"", ""stratum:factor:temperature"": 0.6, ""stratum:factor:top_p"": 0.8, ""stratum:prompt_id"": ""open_news_v1""}",b390192cfbcfbe4d7d007e9eab9dffcbb04eeb21e9bea803a409a11ac550ddba,internal_mauve_rank_sensitivity,0.942857142857143,__meta__,open_news_v1,6,97,complete,__meta__
__none__,evaluator_minilm__evaluator_mpnet,evaluator_minilm__evaluator_mpnet,"{""encoder_pair"": ""evaluator_minilm__evaluator_mpnet"", ""rank_entity_fields"": ""model_id"", ""rank_method"": ""spearman"", ""stratum:factor:corpus"": ""yahoo_answers"", ""stratum:factor:temperature"": 0.3, ""stratum:factor:top_p"": 0.8, ""stratum:prompt_id"": ""open_news_v1""}",3cec5d6e396e10d50afe626275a2a436e85c9640e91af693e5e65df291bb960b,internal_mauve_rank_sensitivity,0.6,__meta__,open_news_v1,6,97,complete,__meta__
__none__,evaluator_minilm__evaluator_mpnet,evaluator_minilm__evaluator_mpnet,"{""encoder_pair"": ""evaluator_minilm__evaluator_mpnet"", ""rank_entity_fields"": ""model_id"", ""rank_method"": ""spearman"", ""stratum:factor:corpus"": ""yahoo_answers"", ""stratum:factor:temperature"": 0.6, ""stratum:factor:top_p"": 0.8, ""stratum:prompt_id"": ""open_news_v1""}",75b37e8e0f48b9f25bf48c699217d649a8174904624c675c17f21b0d35bf9dcd,internal_mauve_rank_sensitivity,1.0,__meta__,open_news_v1,6,97,complete,__meta__
__none__,evaluator_minilm__evaluator_mpnet,evaluator_minilm__evaluator_mpnet,"{""encoder_pair"": ""evaluator_minilm__evaluator_mpnet"", ""rank_entity_fields"": ""model_id"", ""rank_method"": ""spearman"", ""stratum:factor:corpus"": ""yahoo_answers"", ""stratum:factor:temperature"": 0.9, ""stratum:factor:top_p"": 0.8, ""stratum:prompt_id"": ""open_news_v1""}",ea1b33c42c743644f0ad3a7b8ebea83771cd3ccfd70d3cf77dcad3097ed4ea87,internal_mauve_rank_sensitivity,0.8857142857142858,__meta__,open_news_v1,6,97,complete,__meta__
__none__,evaluator_minilm__evaluator_mpnet,evaluator_minilm__evaluator_mpnet,"{""encoder_pair"": ""evaluator_minilm__evaluator_mpnet"", ""rank_entity_fields"": ""model_id"", ""rank_method"": ""spearman"", ""stratum:factor:corpus"": ""imdb_reviews"", ""stratum:factor:temperature"": 0.3, ""stratum:factor:top_p"": 0.95, ""stratum:prompt_id"": ""open_news_v1""}",717f846214b2b130bed0a3631e6a39919a77bf06508de813ab301704506769ab,internal_mauve_rank_sensitivity,0.7714285714285715,__meta__,open_news_v1,6,97,complete,__meta__
__none__,evaluator_minilm__evaluator_mpnet,evaluator_minilm__evaluator_mpnet,"{""encoder_pair"": ""evaluator_minilm__evaluator_mpnet"", ""rank_entity_fields"": ""model_id"", ""rank_method"": ""spearman"", ""stratum:factor:corpus"": ""ag_news"", ""stratum:factor:temperature"": 0.3, ""stratum:factor:top_p"": 0.95, ""stratum:prompt_id"": ""open_news_v1""}",21026711d443f9531fd73f69878117b6cb1b6e0f339196d562db039a272ceb0a,internal_mauve_rank_sensitivity,0.4285714285714286,__meta__,open_news_v1,6,97,complete,__meta__
__none__,evaluator_minilm__evaluator_mpnet,evaluator_minilm__evaluator_mpnet,"{""encoder_pair"": ""evaluator_minilm__evaluator_mpnet"", ""rank_entity_fields"": ""model_id"", ""rank_method"": ""spearman"", ""stratum:factor:corpus"": ""amazon_reviews"", ""stratum:factor:temperature"": 0.9, ""stratum:factor:top_p"": 0.95, ""stratum:prompt_id"": ""open_news_v1""}",36d2bbbde245e208e70906c52ab460ac4fbb512c75397dac65608b0c0736a820,internal_mauve_rank_sensitivity,0.7714285714285715,__meta__,open_news_v1,6,97,complete,__meta__
__none__,evaluator_minilm__evaluator_mpnet,evaluator_minilm__evaluator_mpnet,"{""encoder_pair"": ""evaluator_minilm__evaluator_mpnet"", ""rank_entity_fields"": ""model_id"", ""rank_method"": ""spearman"", ""stratum:factor:corpus"": ""amazon_reviews"", ""stratum:factor:temperature"": 0.6, ""stratum:factor:top_p"": 0.8, ""stratum:prompt_id"": ""open_news_v1""}",4386a1297f0fcf3cbad367996b1ad977054662508ee063a8d9dc88eaf17e4ca6,internal_mauve_rank_sensitivity,0.942857142857143,__meta__,open_news_v1,6,97,complete,__meta__
__none__,evaluator_minilm__evaluator_mpnet,evaluator_minilm__evaluator_mpnet,"{""encoder_pair"": ""evaluator_minilm__evaluator_mpnet"", ""rank_entity_fields"": ""model_id"", ""rank_method"": ""spearman"", ""stratum:factor:corpus"": ""yahoo_answers"", ""stratum:factor:temperature"": 0.6, ""stratum:factor:top_p"": 0.95, ""stratum:prompt_id"": ""open_news_v1""}",a08a11cb2f15ba00e082d350cd81b2b814247e1ff64d38ce199333107a99efcd,internal_mauve_rank_sensitivity,1.0,__meta__,open_news_v1,6,97,complete,__meta__
__none__,evaluator_minilm__evaluator_mpnet,evaluator_minilm__evaluator_mpnet,"{""encoder_pair"": ""evaluator_minilm__evaluator_mpnet"", ""rank_entity_fields"": ""model_id"", ""rank_method"": ""spearman"", ""stratum:factor:corpus"": ""dbpedia"", ""stratum:factor:temperature"": 0.9, ""stratum:factor:top_p"": 0.8, ""stratum:prompt_id"": ""open_news_v1""}",eba5dc3dc41a531ba3e0b3e9a25ccb3690d14183c79e81fa4a17f6337ce0134b,internal_mauve_rank_sensitivity,0.7714285714285715,__meta__,open_news_v1,6,97,complete,__meta__
__none__,evaluator_minilm__evaluator_mpnet,evaluator_minilm__evaluator_mpnet,"{""encoder_pair"": ""evaluator_minilm__evaluator_mpnet"", ""rank_entity_fields"": ""model_id"", ""rank_method"": ""spearman"", ""stratum:factor:corpus"": ""imdb_reviews"", ""stratum:factor:temperature"": 0.6, ""stratum:factor:top_p"": 0.95, ""stratum:prompt_id"": ""open_news_v1""}",b896a3af397d33d75171d9fbf71ff29cc355dd533f20f1d7dcdbaf199e63dc41,internal_mauve_rank_sensitivity,0.08571428571428573,__meta__,open_news_v1,6,97,complete,__meta__
__none__,evaluator_minilm__evaluator_mpnet,evaluator_minilm__evaluator_mpnet,"{""encoder_pair"": ""evaluator_minilm__evaluator_mpnet"", ""rank_entity_fields"": ""model_id"", ""rank_method"": ""spearman"", ""stratum:factor:corpus"": ""amazon_reviews"", ""stratum:factor:temperature"": 0.6, ""stratum:factor:top_p"": 0.95, ""stratum:prompt_id"": ""open_news_v1""}",9e28cd586712612f3c8e579a22f88b7d3d99e1f2c23c50ae7dcdf3f014cae827,internal_mauve_rank_sensitivity,0.942857142857143,__meta__,open_news_v1,6,97,complete,__meta__
__none__,evaluator_minilm__evaluator_mpnet,evaluator_minilm__evaluator_mpnet,"{""encoder_pair"": ""evaluator_minilm__evaluator_mpnet"", ""rank_entity_fields"": ""model_id"", ""rank_method"": ""spearman"", ""stratum:factor:corpus"": ""dbpedia"", ""stratum:factor:temperature"": 0.9, ""stratum:factor:top_p"": 0.95, ""stratum:prompt_id"": ""open_news_v1""}",44bc0130f9ac8edda7793f1a416fdc21eb67616d0b05644a723efc8ab138ae66,internal_mauve_rank_sensitivity,0.48571428571428577,__meta__,open_news_v1,6,97,complete,__meta__
__none__,evaluator_minilm__evaluator_mpnet,evaluator_minilm__evaluator_mpnet,"{""encoder_pair"": ""evaluator_minilm__evaluator_mpnet"", ""rank_entity_fields"": ""model_id"", ""rank_method"": ""spearman"", ""stratum:factor:corpus"": ""ag_news"", ""stratum:factor:temperature"": 0.3, ""stratum:factor:top_p"": 0.8, ""stratum:prompt_id"": ""open_news_v1""}",4aa42b426fbbf0e7caf6bb433f2de5ec07fe03b475c98bc7fde21c2199fef524,internal_mauve_rank_sensitivity,0.8285714285714287,__meta__,open_news_v1,6,97,complete,__meta__
__none__,evaluator_minilm__evaluator_mpnet,evaluator_minilm__evaluator_mpnet,"{""encoder_pair"": ""evaluator_minilm__evaluator_mpnet"", ""rank_entity_fields"": ""model_id"", ""rank_method"": ""spearman"", ""stratum:factor:corpus"": ""dbpedia"", ""stratum:factor:temperature"": 0.6, ""stratum:factor:top_p"": 0.95, ""stratum:prompt_id"": ""open_news_v1""}",412a8fc15476e3b19097e0b9416b7f32f75f886e768dc6d9e6e438d8a08cd71d,internal_mauve_rank_sensitivity,0.8285714285714287,__meta__,open_news_v1,6,97,complete,__meta__
__none__,evaluator_minilm__evaluator_mpnet,evaluator_minilm__evaluator_mpnet,"{""encoder_pair"": ""evaluator_minilm__evaluator_mpnet"", ""rank_entity_fields"": ""model_id"", ""rank_method"": ""spearman"", ""stratum:factor:corpus"": ""amazon_reviews"", ""stratum:factor:temperature"": 0.3, ""stratum:factor:top_p"": 0.8, ""stratum:prompt_id"": ""open_news_v1""}",3e2e3bf61e9357f8c422294ba182a5a8806bf9922e5fb905cb3673ebfb169830,internal_mauve_rank_sensitivity,0.942857142857143,__meta__,open_news_v1,6,97,complete,__meta__
__none__,evaluator_minilm__evaluator_mpnet,evaluator_minilm__evaluator_mpnet,"{""encoder_pair"": ""evaluator_minilm__evaluator_mpnet"", ""rank_entity_fields"": ""model_id"", ""rank_method"": ""spearman"", ""stratum:factor:corpus"": ""ag_news"", ""stratum:factor:temperature"": 0.6, ""stratum:factor:top_p"": 0.8, ""stratum:prompt_id"": ""open_news_v1""}",02249f056c0da84a322a62522a41739e35def3569e1223c49c7d5c2f80d32991,internal_mauve_rank_sensitivity,0.48571428571428577,__meta__,open_news_v1,6,97,complete,__meta__
__none__,evaluator_minilm__evaluator_mpnet,evaluator_minilm__evaluator_mpnet,"{""encoder_pair"": ""evaluator_minilm__evaluator_mpnet"", ""rank_entity_fields"": ""model_id"", ""rank_method"": ""spearman"", ""stratum:factor:corpus"": ""imdb_reviews"", ""stratum:factor:temperature"": 0.6, ""stratum:factor:top_p"": 0.8, ""stratum:prompt_id"": ""open_news_v1""}",906ac12dc6c4a431625aa6ec54b5ed3cc2819a18af2a2d30448b0ebadfcb557a,internal_mauve_rank_sensitivity,0.4285714285714286,__meta__,open_news_v1,6,97,complete,__meta__
__none__,evaluator_minilm__evaluator_mpnet,evaluator_minilm__evaluator_mpnet,"{""encoder_pair"": ""evaluator_minilm__evaluator_mpnet"", ""rank_entity_fields"": ""model_id"", ""rank_method"": ""spearman"", ""stratum:factor:corpus"": ""amazon_reviews"", ""stratum:factor:temperature"": 0.9, ""stratum:factor:top_p"": 0.8, ""stratum:prompt_id"": ""open_news_v1""}",a0d002f2a3d41f9e0fa6890668877bd40c16b74f9b05803c83fc9b6fef8c030f,internal_mauve_rank_sensitivity,0.5428571428571429,__meta__,open_news_v1,6,97,complete,__meta__
__none__,evaluator_minilm__evaluator_mpnet,evaluator_minilm__evaluator_mpnet,"{""encoder_pair"": ""evaluator_minilm__evaluator_mpnet"", ""rank_entity_fields"": ""model_id"", ""rank_method"": ""spearman"", ""stratum:factor:corpus"": ""imdb_reviews"", ""stratum:factor:temperature"": 0.9, ""stratum:factor:top_p"": 0.8, ""stratum:prompt_id"": ""open_news_v1""}",5fba78a2f7792152454f7c79e614f967f7406e6d4d1a52187c71b362def066a7,internal_mauve_rank_sensitivity,0.48571428571428577,__meta__,open_news_v1,6,97,complete,__meta__
__none__,evaluator_minilm__evaluator_mpnet,evaluator_minilm__evaluator_mpnet,"{""encoder_pair"": ""evaluator_minilm__evaluator_mpnet"", ""rank_entity_fields"": ""model_id"", ""rank_method"": ""spearman"", ""stratum:factor:corpus"": ""ag_news"", ""stratum:factor:temperature"": 0.6, ""stratum:factor:top_p"": 0.95, ""stratum:prompt_id"": ""open_news_v1""}",fbcca3bc983ccebb3c7d06afc59ceaf255495707fb2eb00d914da7d86fbb6e27,internal_mauve_rank_sensitivity,0.942857142857143,__meta__,open_news_v1,6,97,complete,__meta__
__none__,evaluator_minilm__evaluator_mpnet,evaluator_minilm__evaluator_mpnet,"{""encoder_pair"": ""evaluator_minilm__evaluator_mpnet"", ""rank_entity_fields"": ""model_id"", ""rank_method"": ""spearman"", ""stratum:factor:corpus"": ""ag_news"", ""stratum:factor:temperature"": 0.9, ""stratum:factor:top_p"": 0.8, ""stratum:prompt_id"": ""open_news_v1""}",8ceafe05cc042fe62b64d31410fb8d26c7336539e33ff3f268d05866170e2d7c,internal_mauve_rank_sensitivity,1.0,__meta__,open_news_v1,6,97,complete,__meta__
__none__,evaluator_minilm__evaluator_mpnet,evaluator_minilm__evaluator_mpnet,"{""encoder_pair"": ""evaluator_minilm__evaluator_mpnet"", ""rank_entity_fields"": ""model_id"", ""rank_method"": ""spearman"", ""stratum:factor:corpus"": ""dbpedia"", ""stratum:factor:temperature"": 0.3, ""stratum:factor:top_p"": 0.95, ""stratum:prompt_id"": ""open_news_v1""}",0ea4598116daae7d2bcbc22e6211ea4c192b8ad14d19f1029c9f1b8fe8e45eef,internal_mauve_rank_sensitivity,0.8857142857142858,__meta__,open_news_v1,6,97,complete,__meta__
__none__,evaluator_minilm__evaluator_mpnet,evaluator_minilm__evaluator_mpnet,"{""encoder_pair"": ""evaluator_minilm__evaluator_mpnet"", ""rank_entity_fields"": ""model_id"", ""rank_method"": ""spearman"", ""stratum:factor:corpus"": ""amazon_reviews"", ""stratum:factor:temperature"": 0.3, ""stratum:factor:top_p"": 0.95, ""stratum:prompt_id"": ""open_news_v1""}",8f1d1a39b4bc8074439df52a494bd46cdfc0e6349ec3a0989303524741a8a443,internal_mauve_rank_sensitivity,0.5428571428571429,__meta__,open_news_v1,6,97,complete,__meta__
__none__,evaluator_minilm__evaluator_mpnet,evaluator_minilm__evaluator_mpnet,"{""encoder_pair"": ""evaluator_minilm__evaluator_mpnet"", ""rank_entity_fields"": ""model_id"", ""rank_method"": ""spearman"", ""stratum:factor:corpus"": ""yahoo_answers"", ""stratum:factor:temperature"": 0.9, ""stratum:factor:top_p"": 0.95, ""stratum:prompt_id"": ""open_news_v1""}",29e25d6c12da876916e4d89df52a83ae8ce5338687f41f692e59d29d10bb7154,internal_mauve_rank_sensitivity,1.0,__meta__,open_news_v1,6,97,complete,__meta__
__none__,evaluator_minilm__evaluator_mpnet,evaluator_minilm__evaluator_mpnet,"{""encoder_pair"": ""evaluator_minilm__evaluator_mpnet"", ""rank_entity_fields"": ""model_id"", ""rank_method"": ""spearman"", ""stratum:factor:corpus"": ""yahoo_answers"", ""stratum:factor:temperature"": 0.3, ""stratum:factor:top_p"": 0.95, ""stratum:prompt_id"": ""open_news_v1""}",6f3ad02553e919ab1098adcdfcfc5a9892088c203f89bc8bd26d761444fba628,internal_mauve_rank_sensitivity,0.8285714285714287,__meta__,open_news_v1,6,97,complete,__meta__
__none__,evaluator_minilm__evaluator_mpnet,evaluator_minilm__evaluator_mpnet,"{""encoder_pair"": ""evaluator_minilm__evaluator_mpnet"", ""rank_entity_fields"": ""model_id"", ""rank_method"": ""spearman"", ""stratum:factor:corpus"": ""ag_news"", ""stratum:factor:temperature"": 0.9, ""stratum:factor:top_p"": 0.95, ""stratum:prompt_id"": ""open_news_v1""}",3ab0954d5fc90c603d1a29e8002e505ddb6b6f79e7863c5e4192f233b4e9d423,internal_mauve_rank_sensitivity,0.942857142857143,__meta__,open_news_v1,6,97,complete,__meta__
__none__,evaluator_minilm__evaluator_mpnet,evaluator_minilm__evaluator_mpnet,"{""encoder_pair"": ""evaluator_minilm__evaluator_mpnet"", ""rank_entity_fields"": ""model_id"", ""rank_method"": ""spearman"", ""stratum:factor:corpus"": ""imdb_reviews"", ""stratum:factor:temperature"": 0.9, ""stratum:factor:top_p"": 0.95, ""stratum:prompt_id"": ""open_news_v1""}",71158ac5b65e1f0e26307f83c9bc5250f941cad7f47550f5b0aa8cccb8404cbb,internal_mauve_rank_sensitivity,0.08571428571428573,__meta__,open_news_v1,6,97,complete,__meta__
__none__,evaluator_minilm__evaluator_mpnet,evaluator_minilm__evaluator_mpnet,"{""encoder_pair"": ""evaluator_minilm__evaluator_mpnet"", ""rank_entity_fields"": ""model_id"", ""rank_method"": ""spearman"", ""stratum:factor:corpus"": ""dbpedia"", ""stratum:factor:temperature"": 0.3, ""stratum:factor:top_p"": 0.8, ""stratum:prompt_id"": ""open_news_v1""}",05a9e438958d0edcce2ecd208c9a6c8fc5a5551197a16b0517562efdae3b36ce,internal_mauve_rank_sensitivity,0.2571428571428572,__meta__,open_news_v1,6,97,complete,__meta__
__none__,evaluator_minilm__evaluator_mpnet,evaluator_minilm__evaluator_mpnet,"{""encoder_pair"": ""evaluator_minilm__evaluator_mpnet"", ""rank_entity_fields"": ""model_id"", ""rank_method"": ""spearman"", ""stratum:factor:corpus"": ""imdb_reviews"", ""stratum:factor:temperature"": 0.3, ""stratum:factor:top_p"": 0.8, ""stratum:prompt_id"": ""open_news_v1""}",aafb8eeca0d67a97820e7e89639958a9e52244100ae5a6e836c9fe105972e3ae,internal_mauve_rank_sensitivity,0.7142857142857143,__meta__,open_news_v1,6,97,complete,__meta__
